problem_id	clase_cesion	identificador	tiene_figura	n_figuras	lado
a005bd5real1	RESOLUBLE	CC-BY-4.0	NO	0	OPENSTAX
a005bd5real10	RESOLUBLE	CC-BY-4.0	NO	0	OPENSTAX
a005bd5real11	RESOLUBLE	CC-BY-4.0	NO	0	OPENSTAX
a005bd5real12	RESOLUBLE	CC-BY-4.0	NO	0	OPENSTAX
a005bd5real13	RESOLUBLE	CC-BY-4.0	NO	0	OPENSTAX
a005bd5real14	RESOLUBLE	CC-BY-4.0	NO	0	OPENSTAX
a005bd5real15	RESOLUBLE	CC-BY-4.0	NO	0	OPENSTAX
a005bd5real17	RESOLUBLE	CC-BY-4.0	NO	0	OPENSTAX
a005bd5real18	RESOLUBLE	CC-BY-4.0	NO	0	OPENSTAX
a005bd5real19	RESOLUBLE	CC-BY-4.0	NO	0	OPENSTAX
a005bd5real2	RESOLUBLE	CC-BY-4.0	NO	0	OPENSTAX
a005bd5real20	RESOLUBLE	CC-BY-4.0	NO	0	OPENSTAX
a005bd5real21	RESOLUBLE	CC-BY-4.0	NO	0	OPENSTAX
a005bd5real23	RESOLUBLE	CC-BY-4.0	NO	0	OPENSTAX
a005bd5real24	RESOLUBLE	CC-BY-4.0	NO	0	OPENSTAX
a005bd5real25	RESOLUBLE	CC-BY-4.0	NO	0	OPENSTAX
a005bd5real26	RESOLUBLE	CC-BY-4.0	NO	0	OPENSTAX
a005bd5real27	RESOLUBLE	CC-BY-4.0	NO	0	OPENSTAX
a005bd5real3	RESOLUBLE	CC-BY-4.0	NO	0	OPENSTAX
a005bd5real5	RESOLUBLE	CC-BY-4.0	NO	0	OPENSTAX
a005bd5real6	RESOLUBLE	CC-BY-4.0	NO	0	OPENSTAX
a005bd5real8	RESOLUBLE	CC-BY-4.0	NO	0	OPENSTAX
a005bd5real9	RESOLUBLE	CC-BY-4.0	NO	0	OPENSTAX
a0098c7realnumbers1	RESOLUBLE	CC-BY-4.0	NO	0	OPENSTAX
a0098c7realnumbers10	RESOLUBLE	CC-BY-4.0	NO	0	OPENSTAX
a0098c7realnumbers11	RESOLUBLE	CC-BY-4.0	NO	0	OPENSTAX
a0098c7realnumbers12	RESOLUBLE	CC-BY-4.0	NO	0	OPENSTAX
a0098c7realnumbers13	RESOLUBLE	CC-BY-4.0	NO	0	OPENSTAX
a0098c7realnumbers14	RESOLUBLE	CC-BY-4.0	NO	0	OPENSTAX
a0098c7realnumbers15	RESOLUBLE	CC-BY-4.0	NO	0	OPENSTAX
a0098c7realnumbers16	RESOLUBLE	CC-BY-4.0	NO	0	OPENSTAX
a0098c7realnumbers17	RESOLUBLE	CC-BY-4.0	NO	0	OPENSTAX
a0098c7realnumbers18	RESOLUBLE	CC-BY-4.0	SI	1	OPENSTAX
a0098c7realnumbers19	RESOLUBLE	CC-BY-4.0	SI	1	OPENSTAX
a0098c7realnumbers2	RESOLUBLE	CC-BY-4.0	NO	0	OPENSTAX
a0098c7realnumbers20	RESOLUBLE	CC-BY-4.0	SI	1	OPENSTAX
a0098c7realnumbers21	RESOLUBLE	CC-BY-4.0	SI	1	OPENSTAX
a0098c7realnumbers22	RESOLUBLE	CC-BY-4.0	SI	1	OPENSTAX
a0098c7realnumbers23	RESOLUBLE	CC-BY-4.0	SI	1	OPENSTAX
a0098c7realnumbers24	RESOLUBLE	CC-BY-4.0	SI	1	OPENSTAX
a0098c7realnumbers25	RESOLUBLE	CC-BY-4.0	SI	1	OPENSTAX
a0098c7realnumbers26	RESOLUBLE	CC-BY-4.0	SI	1	OPENSTAX
a0098c7realnumbers27	RESOLUBLE	CC-BY-4.0	SI	1	OPENSTAX
a0098c7realnumbers28	RESOLUBLE	CC-BY-4.0	SI	1	OPENSTAX
a0098c7realnumbers29	RESOLUBLE	CC-BY-4.0	SI	1	OPENSTAX
a0098c7realnumbers3	RESOLUBLE	CC-BY-4.0	NO	0	OPENSTAX
a0098c7realnumbers30	RESOLUBLE	CC-BY-4.0	SI	1	OPENSTAX
a0098c7realnumbers4	RESOLUBLE	CC-BY-4.0	NO	0	OPENSTAX
a0098c7realnumbers5	RESOLUBLE	CC-BY-4.0	NO	0	OPENSTAX
a0098c7realnumbers6	RESOLUBLE	CC-BY-4.0	NO	0	OPENSTAX
a0098c7realnumbers7	RESOLUBLE	CC-BY-4.0	NO	0	OPENSTAX
a0098c7realnumbers8	RESOLUBLE	CC-BY-4.0	NO	0	OPENSTAX
a0098c7realnumbers9	RESOLUBLE	CC-BY-4.0	NO	0	OPENSTAX
a01186bfit16	RESOLUBLE	CC-BY-4.0	NO	0	OPENSTAX
a01186bfit2	RESOLUBLE	CC-BY-4.0	NO	0	OPENSTAX
a01186breal10	RESOLUBLE	CC-BY-4.0	NO	0	OPENSTAX
a01186breal11	RESOLUBLE	CC-BY-4.0	NO	0	OPENSTAX
a01186breal12	RESOLUBLE	CC-BY-4.0	NO	0	OPENSTAX
a01186breal13	RESOLUBLE	CC-BY-4.0	NO	0	OPENSTAX
a01186breal14	RESOLUBLE	CC-BY-4.0	NO	0	OPENSTAX
a01186breal15	RESOLUBLE	CC-BY-4.0	NO	0	OPENSTAX
a01186breal17	RESOLUBLE	CC-BY-4.0	NO	0	OPENSTAX
a01186breal18	RESOLUBLE	CC-BY-4.0	NO	0	OPENSTAX
a01186breal19	RESOLUBLE	CC-BY-4.0	NO	0	OPENSTAX
a01186breal20	RESOLUBLE	CC-BY-4.0	NO	0	OPENSTAX
a01186breal21	RESOLUBLE	CC-BY-4.0	NO	0	OPENSTAX
a01186breal22	RESOLUBLE	CC-BY-4.0	SI	2	OPENSTAX
a01186breal23	RESOLUBLE	CC-BY-4.0	SI	2	OPENSTAX
a01186breal24	RESOLUBLE	CC-BY-4.0	SI	2	OPENSTAX
a01186breal25	RESOLUBLE	CC-BY-4.0	SI	2	OPENSTAX
a01186breal26	RESOLUBLE	CC-BY-4.0	NO	0	OPENSTAX
a01186breal27	RESOLUBLE	CC-BY-4.0	NO	0	OPENSTAX
a01186breal28	RESOLUBLE	CC-BY-4.0	NO	0	OPENSTAX
a01186breal29	RESOLUBLE	CC-BY-4.0	NO	0	OPENSTAX
a01186breal3	RESOLUBLE	CC-BY-4.0	NO	0	OPENSTAX
a01186breal30	RESOLUBLE	CC-BY-4.0	NO	0	OPENSTAX
a01186breal4	RESOLUBLE	CC-BY-4.0	NO	0	OPENSTAX
a01186breal5	RESOLUBLE	CC-BY-4.0	NO	0	OPENSTAX
a01186breal6	RESOLUBLE	CC-BY-4.0	NO	0	OPENSTAX
a01186breal7	RESOLUBLE	CC-BY-4.0	NO	0	OPENSTAX
a01186breal9	RESOLUBLE	CC-BY-4.0	NO	0	OPENSTAX
a012999exa1	RESOLUBLE	CC-BY-4.0	NO	0	OPENSTAX
a012999exa10	RESOLUBLE	CC-BY-4.0	NO	0	OPENSTAX
a012999exa11	RESOLUBLE	CC-BY-4.0	NO	0	OPENSTAX
a012999exa12	RESOLUBLE	CC-BY-4.0	NO	0	OPENSTAX
a012999exa13	RESOLUBLE	CC-BY-4.0	NO	0	OPENSTAX
a012999exa14	RESOLUBLE	CC-BY-4.0	NO	0	OPENSTAX
a012999exa15	RESOLUBLE	CC-BY-4.0	NO	0	OPENSTAX
a012999exa16	RESOLUBLE	CC-BY-4.0	NO	0	OPENSTAX
a012999exa17	RESOLUBLE	CC-BY-4.0	NO	0	OPENSTAX
a012999exa18	RESOLUBLE	CC-BY-4.0	NO	0	OPENSTAX
a012999exa19	RESOLUBLE	CC-BY-4.0	NO	0	OPENSTAX
a012999exa2	RESOLUBLE	CC-BY-4.0	NO	0	OPENSTAX
a012999exa20	RESOLUBLE	CC-BY-4.0	NO	0	OPENSTAX
a012999exa21	RESOLUBLE	CC-BY-4.0	NO	0	OPENSTAX
a012999exa22	RESOLUBLE	CC-BY-4.0	NO	0	OPENSTAX
a012999exa23	RESOLUBLE	CC-BY-4.0	NO	0	OPENSTAX
a012999exa24	RESOLUBLE	CC-BY-4.0	NO	0	OPENSTAX
a012999exa25	RESOLUBLE	CC-BY-4.0	NO	0	OPENSTAX
a012999exa26	RESOLUBLE	CC-BY-4.0	NO	0	OPENSTAX
a012999exa27	RESOLUBLE	CC-BY-4.0	NO	0	OPENSTAX
a012999exa28	RESOLUBLE	CC-BY-4.0	NO	0	OPENSTAX
a012999exa29	RESOLUBLE	CC-BY-4.0	NO	0	OPENSTAX
a012999exa3	RESOLUBLE	CC-BY-4.0	NO	0	OPENSTAX
a012999exa30	RESOLUBLE	CC-BY-4.0	NO	0	OPENSTAX
a012999exa4	RESOLUBLE	CC-BY-4.0	NO	0	OPENSTAX
a012999exa5	RESOLUBLE	CC-BY-4.0	NO	0	OPENSTAX
a012999exa6	RESOLUBLE	CC-BY-4.0	NO	0	OPENSTAX
a012999exa7	RESOLUBLE	CC-BY-4.0	NO	0	OPENSTAX
a012999exa8	RESOLUBLE	CC-BY-4.0	NO	0	OPENSTAX
a012999exa9	RESOLUBLE	CC-BY-4.0	NO	0	OPENSTAX
a016b54LinEqua27	RESOLUBLE	CC-BY-4.0	NO	0	OPENSTAX
a016b54LinEqua28	RESOLUBLE	CC-BY-4.0	NO	0	OPENSTAX
a016b54LinEqua31	RESOLUBLE	CC-BY-4.0	NO	0	OPENSTAX
a016b54slope23	RESOLUBLE	CC-BY-4.0	NO	0	OPENSTAX
a016b54slope24	RESOLUBLE	CC-BY-4.0	NO	0	OPENSTAX
a016b54slope25	RESOLUBLE	CC-BY-4.0	NO	0	OPENSTAX
a016b54slope26	RESOLUBLE	CC-BY-4.0	NO	0	OPENSTAX
a016b54slope27	RESOLUBLE	CC-BY-4.0	NO	0	OPENSTAX
a016b54slope28	RESOLUBLE	CC-BY-4.0	NO	0	OPENSTAX
a016b54slope29	RESOLUBLE	CC-BY-4.0	NO	0	OPENSTAX
a016b54slope30	RESOLUBLE	CC-BY-4.0	NO	0	OPENSTAX
a01e792probsolve1	RESOLUBLE	CC-BY-4.0	NO	0	OPENSTAX
a01e792probsolve10	RESOLUBLE	CC-BY-4.0	NO	0	OPENSTAX
a01e792probsolve11	RESOLUBLE	CC-BY-4.0	NO	0	OPENSTAX
a01e792probsolve12	RESOLUBLE	CC-BY-4.0	NO	0	OPENSTAX
a01e792probsolve13	RESOLUBLE	CC-BY-4.0	NO	0	OPENSTAX
a01e792probsolve14	RESOLUBLE	CC-BY-4.0	NO	0	OPENSTAX
a01e792probsolve15	RESOLUBLE	CC-BY-4.0	NO	0	OPENSTAX
a01e792probsolve16	RESOLUBLE	CC-BY-4.0	NO	0	OPENSTAX
a01e792probsolve17	RESOLUBLE	CC-BY-4.0	NO	0	OPENSTAX
a01e792probsolve18	RESOLUBLE	CC-BY-4.0	NO	0	OPENSTAX
a01e792probsolve19	RESOLUBLE	CC-BY-4.0	NO	0	OPENSTAX
a01e792probsolve2	RESOLUBLE	CC-BY-4.0	NO	0	OPENSTAX
a01e792probsolve20	RESOLUBLE	CC-BY-4.0	NO	0	OPENSTAX
a01e792probsolve21	RESOLUBLE	CC-BY-4.0	NO	0	OPENSTAX
a01e792probsolve22	RESOLUBLE	CC-BY-4.0	NO	0	OPENSTAX
a01e792probsolve23	RESOLUBLE	CC-BY-4.0	NO	0	OPENSTAX
a01e792probsolve24	RESOLUBLE	CC-BY-4.0	NO	0	OPENSTAX
a01e792probsolve25	RESOLUBLE	CC-BY-4.0	NO	0	OPENSTAX
a01e792probsolve26	RESOLUBLE	CC-BY-4.0	NO	0	OPENSTAX
a01e792probsolve27	RESOLUBLE	CC-BY-4.0	NO	0	OPENSTAX
a01e792probsolve28	RESOLUBLE	CC-BY-4.0	NO	0	OPENSTAX
a01e792probsolve29	RESOLUBLE	CC-BY-4.0	NO	0	OPENSTAX
a01e792probsolve3	RESOLUBLE	CC-BY-4.0	NO	0	OPENSTAX
a01e792probsolve30	RESOLUBLE	CC-BY-4.0	NO	0	OPENSTAX
a01e792probsolve4	RESOLUBLE	CC-BY-4.0	NO	0	OPENSTAX
a01e792probsolve5	RESOLUBLE	CC-BY-4.0	NO	0	OPENSTAX
a01e792probsolve6	RESOLUBLE	CC-BY-4.0	NO	0	OPENSTAX
a01e792probsolve7	RESOLUBLE	CC-BY-4.0	NO	0	OPENSTAX
a01e792probsolve8	RESOLUBLE	CC-BY-4.0	NO	0	OPENSTAX
a01e792probsolve9	RESOLUBLE	CC-BY-4.0	NO	0	OPENSTAX
a02046bA122-zeroprod-P01	VERSION-SIN-VARIANTE	CC4.0	NO	0	NO-OPENSTAX
a02046bA122-zeroprod-P02	VERSION-SIN-VARIANTE	CC4.0	NO	0	NO-OPENSTAX
a02046bA122-zeroprod-P03	VERSION-SIN-VARIANTE	CC4.0	NO	0	NO-OPENSTAX
a028737sound1	AUSENTE	-	NO	0	OPENSTAX
a028737sound10	AUSENTE	-	NO	0	OPENSTAX
a028737sound11	AUSENTE	-	NO	0	OPENSTAX
a028737sound12	AUSENTE	-	NO	0	OPENSTAX
a028737sound13	AUSENTE	-	NO	0	OPENSTAX
a028737sound14	AUSENTE	-	NO	0	OPENSTAX
a028737sound15	AUSENTE	-	NO	0	OPENSTAX
a028737sound16	AUSENTE	-	NO	0	OPENSTAX
a028737sound17	AUSENTE	-	NO	0	OPENSTAX
a028737sound18	AUSENTE	-	NO	0	OPENSTAX
a028737sound19	AUSENTE	-	NO	0	OPENSTAX
a028737sound2	AUSENTE	-	NO	0	OPENSTAX
a028737sound20	AUSENTE	-	NO	0	OPENSTAX
a028737sound21	AUSENTE	-	NO	0	OPENSTAX
a028737sound22	AUSENTE	-	NO	0	OPENSTAX
a028737sound23	AUSENTE	-	NO	0	OPENSTAX
a028737sound24	AUSENTE	-	NO	0	OPENSTAX
a028737sound25	AUSENTE	-	NO	0	OPENSTAX
a028737sound26	AUSENTE	-	NO	0	OPENSTAX
a028737sound27	AUSENTE	-	NO	0	OPENSTAX
a028737sound28	AUSENTE	-	NO	0	OPENSTAX
a028737sound29	AUSENTE	-	NO	0	OPENSTAX
a028737sound3	AUSENTE	-	NO	0	OPENSTAX
a028737sound30	AUSENTE	-	NO	0	OPENSTAX
a028737sound4	AUSENTE	-	NO	0	OPENSTAX
a028737sound5	AUSENTE	-	NO	0	OPENSTAX
a028737sound6	AUSENTE	-	NO	0	OPENSTAX
a028737sound7	AUSENTE	-	NO	0	OPENSTAX
a028737sound8	AUSENTE	-	NO	0	OPENSTAX
a028737sound9	AUSENTE	-	NO	0	OPENSTAX
a02e810proportions1	RESOLUBLE	CC-BY-4.0	NO	0	OPENSTAX
a02e810proportions10	RESOLUBLE	CC-BY-4.0	NO	0	OPENSTAX
a02e810proportions11	RESOLUBLE	CC-BY-4.0	NO	0	OPENSTAX
a02e810proportions12	RESOLUBLE	CC-BY-4.0	NO	0	OPENSTAX
a02e810proportions13	RESOLUBLE	CC-BY-4.0	NO	0	OPENSTAX
a02e810proportions14	RESOLUBLE	CC-BY-4.0	NO	0	OPENSTAX
a02e810proportions15	RESOLUBLE	CC-BY-4.0	NO	0	OPENSTAX
a02e810proportions16	RESOLUBLE	CC-BY-4.0	NO	0	OPENSTAX
a02e810proportions17	RESOLUBLE	CC-BY-4.0	NO	0	OPENSTAX
a02e810proportions18	RESOLUBLE	CC-BY-4.0	NO	0	OPENSTAX
a02e810proportions19	RESOLUBLE	CC-BY-4.0	NO	0	OPENSTAX
a02e810proportions2	RESOLUBLE	CC-BY-4.0	NO	0	OPENSTAX
a02e810proportions20	RESOLUBLE	CC-BY-4.0	NO	0	OPENSTAX
a02e810proportions21	RESOLUBLE	CC-BY-4.0	NO	0	OPENSTAX
a02e810proportions22	RESOLUBLE	CC-BY-4.0	NO	0	OPENSTAX
a02e810proportions23	RESOLUBLE	CC-BY-4.0	NO	0	OPENSTAX
a02e810proportions24	RESOLUBLE	CC-BY-4.0	NO	0	OPENSTAX
a02e810proportions25	RESOLUBLE	CC-BY-4.0	NO	0	OPENSTAX
a02e810proportions26	RESOLUBLE	CC-BY-4.0	NO	0	OPENSTAX
a02e810proportions27	RESOLUBLE	CC-BY-4.0	NO	0	OPENSTAX
a02e810proportions28	RESOLUBLE	CC-BY-4.0	NO	0	OPENSTAX
a02e810proportions29	RESOLUBLE	CC-BY-4.0	NO	0	OPENSTAX
a02e810proportions3	RESOLUBLE	CC-BY-4.0	NO	0	OPENSTAX
a02e810proportions30	RESOLUBLE	CC-BY-4.0	NO	0	OPENSTAX
a02e810proportions4	RESOLUBLE	CC-BY-4.0	NO	0	OPENSTAX
a02e810proportions5	RESOLUBLE	CC-BY-4.0	NO	0	OPENSTAX
a02e810proportions6	RESOLUBLE	CC-BY-4.0	NO	0	OPENSTAX
a02e810proportions7	RESOLUBLE	CC-BY-4.0	NO	0	OPENSTAX
a02e810proportions8	RESOLUBLE	CC-BY-4.0	NO	0	OPENSTAX
a02e810proportions9	RESOLUBLE	CC-BY-4.0	NO	0	OPENSTAX
a0351f0parabola1	RESOLUBLE	CC-BY-4.0	NO	0	OPENSTAX
a0351f0parabola10	RESOLUBLE	CC-BY-4.0	NO	0	OPENSTAX
a0351f0parabola11	RESOLUBLE	CC-BY-4.0	NO	0	OPENSTAX
a0351f0parabola12	RESOLUBLE	CC-BY-4.0	NO	0	OPENSTAX
a0351f0parabola13	RESOLUBLE	CC-BY-4.0	NO	0	OPENSTAX
a0351f0parabola14	RESOLUBLE	CC-BY-4.0	NO	0	OPENSTAX
a0351f0parabola15	RESOLUBLE	CC-BY-4.0	NO	0	OPENSTAX
a0351f0parabola2	RESOLUBLE	CC-BY-4.0	NO	0	OPENSTAX
a0351f0parabola3	RESOLUBLE	CC-BY-4.0	NO	0	OPENSTAX
a0351f0parabola4	RESOLUBLE	CC-BY-4.0	NO	0	OPENSTAX
a0351f0parabola5	RESOLUBLE	CC-BY-4.0	NO	0	OPENSTAX
a0351f0parabola6	RESOLUBLE	CC-BY-4.0	NO	0	OPENSTAX
a0351f0parabola7	RESOLUBLE	CC-BY-4.0	NO	0	OPENSTAX
a0351f0parabola8	RESOLUBLE	CC-BY-4.0	NO	0	OPENSTAX
a0351f0parabola9	RESOLUBLE	CC-BY-4.0	NO	0	OPENSTAX
a0351f0theparabola11	RESOLUBLE	CC-BY-4.0	NO	0	OPENSTAX
a0351f0theparabola12	RESOLUBLE	CC-BY-4.0	NO	0	OPENSTAX
a0351f0theparabola13	RESOLUBLE	CC-BY-4.0	NO	0	OPENSTAX
a0351f0theparabola14	RESOLUBLE	CC-BY-4.0	NO	0	OPENSTAX
a0351f0theparabola15	RESOLUBLE	CC-BY-4.0	NO	0	OPENSTAX
a0351f0theparabola16	RESOLUBLE	CC-BY-4.0	NO	0	OPENSTAX
a0351f0theparabola17	RESOLUBLE	CC-BY-4.0	NO	0	OPENSTAX
a0351f0theparabola18	RESOLUBLE	CC-BY-4.0	NO	0	OPENSTAX
a0351f0theparabola19	RESOLUBLE	CC-BY-4.0	NO	0	OPENSTAX
a0351f0theparabola20	RESOLUBLE	CC-BY-4.0	NO	0	OPENSTAX
a0351f0theparabola21	RESOLUBLE	CC-BY-4.0	NO	0	OPENSTAX
a0351f0theparabola22	RESOLUBLE	CC-BY-4.0	NO	0	OPENSTAX
a0351f0theparabola31	RESOLUBLE	CC-BY-4.0	NO	0	OPENSTAX
a03ad6fT214-trigeq-P01	VERSION-SIN-VARIANTE	CC4.0	NO	0	NO-OPENSTAX
a03ad6fT214-trigeq-P02	AUSENTE	-	NO	0	NO-OPENSTAX
a03ad6fT214-trigeq-P03	AUSENTE	-	NO	0	NO-OPENSTAX
a03ad6fT214-trigeq-P04	AUSENTE	-	NO	0	NO-OPENSTAX
a03ad6fT214-trigeq-P05	AUSENTE	-	NO	0	NO-OPENSTAX
a03ad6fT214-trigeq-P06	AUSENTE	-	NO	0	NO-OPENSTAX
a042107clt1	RESOLUBLE	CC-BY-4.0	NO	0	OPENSTAX
a042107clt10	RESOLUBLE	CC-BY-4.0	NO	0	OPENSTAX
a042107clt11	RESOLUBLE	CC-BY-4.0	NO	0	OPENSTAX
a042107clt12	RESOLUBLE	CC-BY-4.0	NO	0	OPENSTAX
a042107clt13	RESOLUBLE	CC-BY-4.0	NO	0	OPENSTAX
a042107clt14	RESOLUBLE	CC-BY-4.0	NO	0	OPENSTAX
a042107clt15	RESOLUBLE	CC-BY-4.0	NO	0	OPENSTAX
a042107clt2	RESOLUBLE	CC-BY-4.0	NO	0	OPENSTAX
a042107clt3	RESOLUBLE	CC-BY-4.0	NO	0	OPENSTAX
a042107clt4	RESOLUBLE	CC-BY-4.0	NO	0	OPENSTAX
a042107clt5	RESOLUBLE	CC-BY-4.0	NO	0	OPENSTAX
a042107clt6	RESOLUBLE	CC-BY-4.0	NO	0	OPENSTAX
a042107clt7	RESOLUBLE	CC-BY-4.0	NO	0	OPENSTAX
a042107clt8	RESOLUBLE	CC-BY-4.0	NO	0	OPENSTAX
a042107clt9	RESOLUBLE	CC-BY-4.0	NO	0	OPENSTAX
a046eedintegrals1	AUSENTE	-	NO	0	OPENSTAX
a046eedintegrals10	AUSENTE	-	NO	0	OPENSTAX
a046eedintegrals11	AUSENTE	-	NO	0	OPENSTAX
a046eedintegrals12	AUSENTE	-	NO	0	OPENSTAX
a046eedintegrals13	AUSENTE	-	NO	0	OPENSTAX
a046eedintegrals14	AUSENTE	-	NO	0	OPENSTAX
a046eedintegrals15	AUSENTE	-	NO	0	OPENSTAX
a046eedintegrals2	AUSENTE	-	NO	0	OPENSTAX
a046eedintegrals3	AUSENTE	-	NO	0	OPENSTAX
a046eedintegrals4	AUSENTE	-	NO	0	OPENSTAX
a046eedintegrals5	AUSENTE	-	NO	0	OPENSTAX
a046eedintegrals6	AUSENTE	-	NO	0	OPENSTAX
a046eedintegrals7	AUSENTE	-	NO	0	OPENSTAX
a046eedintegrals8	AUSENTE	-	NO	0	OPENSTAX
a046eedintegrals9	AUSENTE	-	NO	0	OPENSTAX
a059929form	RESOLUBLE	CC-BY-4.0	NO	0	NO-OPENSTAX
a06269afundamental1	AUSENTE	-	SI	1	OPENSTAX
a06269afundamental11	AUSENTE	-	NO	0	OPENSTAX
a06269afundamental12	AUSENTE	-	NO	0	OPENSTAX
a06269afundamental14	AUSENTE	-	NO	0	OPENSTAX
a06269afundamental15	AUSENTE	-	NO	0	OPENSTAX
a06269afundamental2	AUSENTE	-	NO	0	OPENSTAX
a06269afundamental3	AUSENTE	-	NO	0	OPENSTAX
a06269afundamental5	AUSENTE	-	NO	0	OPENSTAX
a06269afundamental6	AUSENTE	-	NO	0	OPENSTAX
a06269afundamental7	AUSENTE	-	NO	0	OPENSTAX
a06269afundamental8	AUSENTE	-	NO	0	OPENSTAX
a06269afundamental9	AUSENTE	-	NO	0	OPENSTAX
a065c43Rare1	RESOLUBLE	CC-BY-4.0	NO	0	OPENSTAX
a065c43Rare2	RESOLUBLE	CC-BY-4.0	NO	0	OPENSTAX
a078685popu1	RESOLUBLE	CC-BY-4.0	NO	0	OPENSTAX
a078685popu10	RESOLUBLE	CC-BY-4.0	NO	0	OPENSTAX
a078685popu11	RESOLUBLE	CC-BY-4.0	NO	0	OPENSTAX
a078685popu12	RESOLUBLE	CC-BY-4.0	NO	0	OPENSTAX
a078685popu13	RESOLUBLE	CC-BY-4.0	NO	0	OPENSTAX
a078685popu14	RESOLUBLE	CC-BY-4.0	NO	0	OPENSTAX
a078685popu15	RESOLUBLE	CC-BY-4.0	NO	0	OPENSTAX
a078685popu2	RESOLUBLE	CC-BY-4.0	NO	0	OPENSTAX
a078685popu3	RESOLUBLE	CC-BY-4.0	NO	0	OPENSTAX
a078685popu4	RESOLUBLE	CC-BY-4.0	NO	0	OPENSTAX
a078685popu5	RESOLUBLE	CC-BY-4.0	NO	0	OPENSTAX
a078685popu6	RESOLUBLE	CC-BY-4.0	NO	0	OPENSTAX
a078685popu7	RESOLUBLE	CC-BY-4.0	NO	0	OPENSTAX
a078685popu8	RESOLUBLE	CC-BY-4.0	NO	0	OPENSTAX
a078685popu9	RESOLUBLE	CC-BY-4.0	NO	0	OPENSTAX
a082a6bGraLiIneq1	RESOLUBLE	CC-BY-4.0	NO	0	OPENSTAX
a082a6bGraLiIneq10	RESOLUBLE	CC-BY-4.0	NO	0	OPENSTAX
a082a6bGraLiIneq11	RESOLUBLE	CC-BY-4.0	NO	0	OPENSTAX
a082a6bGraLiIneq12	RESOLUBLE	CC-BY-4.0	NO	0	OPENSTAX
a082a6bGraLiIneq13	RESOLUBLE	CC-BY-4.0	NO	0	OPENSTAX
a082a6bGraLiIneq14	RESOLUBLE	CC-BY-4.0	NO	0	OPENSTAX
a082a6bGraLiIneq15	RESOLUBLE	CC-BY-4.0	NO	0	OPENSTAX
a082a6bGraLiIneq2	RESOLUBLE	CC-BY-4.0	NO	0	OPENSTAX
a082a6bGraLiIneq3	RESOLUBLE	CC-BY-4.0	NO	0	OPENSTAX
a082a6bGraLiIneq4	RESOLUBLE	CC-BY-4.0	NO	0	OPENSTAX
a082a6bGraLiIneq5	RESOLUBLE	CC-BY-4.0	NO	0	OPENSTAX
a082a6bGraLiIneq6	RESOLUBLE	CC-BY-4.0	NO	0	OPENSTAX
a082a6bGraLiIneq7	RESOLUBLE	CC-BY-4.0	NO	0	OPENSTAX
a082a6bGraLiIneq8	RESOLUBLE	CC-BY-4.0	NO	0	OPENSTAX
a082a6bGraLiIneq9	RESOLUBLE	CC-BY-4.0	NO	0	OPENSTAX
a08a388line1	RESOLUBLE	CC-BY-4.0	NO	0	OPENSTAX
a08a388line10	RESOLUBLE	CC-BY-4.0	NO	0	OPENSTAX
a08a388line11	RESOLUBLE	CC-BY-4.0	NO	0	OPENSTAX
a08a388line12	RESOLUBLE	CC-BY-4.0	NO	0	OPENSTAX
a08a388line13	RESOLUBLE	CC-BY-4.0	NO	0	OPENSTAX
a08a388line14	RESOLUBLE	CC-BY-4.0	NO	0	OPENSTAX
a08a388line15	RESOLUBLE	CC-BY-4.0	NO	0	OPENSTAX
a08a388line16	RESOLUBLE	CC-BY-4.0	NO	0	OPENSTAX
a08a388line17	RESOLUBLE	CC-BY-4.0	NO	0	OPENSTAX
a08a388line18	RESOLUBLE	CC-BY-4.0	NO	0	OPENSTAX
a08a388line19	RESOLUBLE	CC-BY-4.0	SI	1	OPENSTAX
a08a388line2	RESOLUBLE	CC-BY-4.0	NO	0	OPENSTAX
a08a388line20	RESOLUBLE	CC-BY-4.0	SI	1	OPENSTAX
a08a388line21	RESOLUBLE	CC-BY-4.0	SI	1	OPENSTAX
a08a388line22	RESOLUBLE	CC-BY-4.0	NO	0	OPENSTAX
a08a388line23	RESOLUBLE	CC-BY-4.0	NO	0	OPENSTAX
a08a388line24	RESOLUBLE	CC-BY-4.0	NO	0	OPENSTAX
a08a388line25	RESOLUBLE	CC-BY-4.0	NO	0	OPENSTAX
a08a388line26	RESOLUBLE	CC-BY-4.0	NO	0	OPENSTAX
a08a388line27	RESOLUBLE	CC-BY-4.0	NO	0	OPENSTAX
a08a388line28	RESOLUBLE	CC-BY-4.0	NO	0	OPENSTAX
a08a388line29	RESOLUBLE	CC-BY-4.0	NO	0	OPENSTAX
a08a388line3	RESOLUBLE	CC-BY-4.0	NO	0	OPENSTAX
a08a388line30	RESOLUBLE	CC-BY-4.0	NO	0	OPENSTAX
a08a388line4	RESOLUBLE	CC-BY-4.0	NO	0	OPENSTAX
a08a388line5	RESOLUBLE	CC-BY-4.0	NO	0	OPENSTAX
a08a388line6	RESOLUBLE	CC-BY-4.0	NO	0	OPENSTAX
a08a388line7	RESOLUBLE	CC-BY-4.0	NO	0	OPENSTAX
a08a388line8	RESOLUBLE	CC-BY-4.0	NO	0	OPENSTAX
a08a388line9	RESOLUBLE	CC-BY-4.0	NO	0	OPENSTAX
a08d293Rational1	RESOLUBLE	CC-BY-4.0	NO	0	OPENSTAX
a08d293Rational10	RESOLUBLE	CC-BY-4.0	NO	0	OPENSTAX
a08d293Rational11	RESOLUBLE	CC-BY-4.0	NO	0	OPENSTAX
a08d293Rational12	RESOLUBLE	CC-BY-4.0	NO	0	OPENSTAX
a08d293Rational13	RESOLUBLE	CC-BY-4.0	NO	0	OPENSTAX
a08d293Rational14	RESOLUBLE	CC-BY-4.0	NO	0	OPENSTAX
a08d293Rational15	RESOLUBLE	CC-BY-4.0	NO	0	OPENSTAX
a08d293Rational16	RESOLUBLE	CC-BY-4.0	NO	0	OPENSTAX
a08d293Rational17	RESOLUBLE	CC-BY-4.0	NO	0	OPENSTAX
a08d293Rational18	RESOLUBLE	CC-BY-4.0	NO	0	OPENSTAX
a08d293Rational19	RESOLUBLE	CC-BY-4.0	NO	0	OPENSTAX
a08d293Rational2	RESOLUBLE	CC-BY-4.0	NO	0	OPENSTAX
a08d293Rational22	RESOLUBLE	CC-BY-4.0	NO	0	OPENSTAX
a08d293Rational23	RESOLUBLE	CC-BY-4.0	NO	0	OPENSTAX
a08d293Rational24	RESOLUBLE	CC-BY-4.0	NO	0	OPENSTAX
a08d293Rational25	RESOLUBLE	CC-BY-4.0	NO	0	OPENSTAX
a08d293Rational3	RESOLUBLE	CC-BY-4.0	NO	0	OPENSTAX
a08d293Rational4	RESOLUBLE	CC-BY-4.0	NO	0	OPENSTAX
a08d293Rational5	RESOLUBLE	CC-BY-4.0	NO	0	OPENSTAX
a08d293Rational6	RESOLUBLE	CC-BY-4.0	NO	0	OPENSTAX
a08d293Rational7	RESOLUBLE	CC-BY-4.0	NO	0	OPENSTAX
a08d293Rational8	RESOLUBLE	CC-BY-4.0	NO	0	OPENSTAX
a08d293Rational9	RESOLUBLE	CC-BY-4.0	NO	0	OPENSTAX
a090400Poisson1	RESOLUBLE	CC-BY-4.0	NO	0	OPENSTAX
a090400Poisson10	RESOLUBLE	CC-BY-4.0	NO	0	OPENSTAX
a090400Poisson11	RESOLUBLE	CC-BY-4.0	NO	0	OPENSTAX
a090400Poisson12	RESOLUBLE	CC-BY-4.0	NO	0	OPENSTAX
a090400Poisson13	RESOLUBLE	CC-BY-4.0	NO	0	OPENSTAX
a090400Poisson14	RESOLUBLE	CC-BY-4.0	NO	0	OPENSTAX
a090400Poisson15	RESOLUBLE	CC-BY-4.0	NO	0	OPENSTAX
a090400Poisson16	RESOLUBLE	CC-BY-4.0	NO	0	OPENSTAX
a090400Poisson2	RESOLUBLE	CC-BY-4.0	NO	0	OPENSTAX
a090400Poisson3	RESOLUBLE	CC-BY-4.0	NO	0	OPENSTAX
a090400Poisson4	RESOLUBLE	CC-BY-4.0	NO	0	OPENSTAX
a090400Poisson5	RESOLUBLE	CC-BY-4.0	NO	0	OPENSTAX
a090400Poisson6	RESOLUBLE	CC-BY-4.0	NO	0	OPENSTAX
a090400Poisson7	RESOLUBLE	CC-BY-4.0	NO	0	OPENSTAX
a090400Poisson8	RESOLUBLE	CC-BY-4.0	NO	0	OPENSTAX
a090400Poisson9	RESOLUBLE	CC-BY-4.0	NO	0	OPENSTAX
a090e21alginequal1	AUSENTE	-	NO	0	NO-OPENSTAX
a090e21alginequal10	AUSENTE	-	NO	0	NO-OPENSTAX
a090e21alginequal102	AUSENTE	-	NO	0	NO-OPENSTAX
a090e21alginequal103	AUSENTE	-	NO	0	NO-OPENSTAX
a090e21alginequal11	AUSENTE	-	NO	0	NO-OPENSTAX
a090e21alginequal12	AUSENTE	-	NO	0	NO-OPENSTAX
a090e21alginequal2	AUSENTE	-	NO	0	NO-OPENSTAX
a090e21alginequal3	AUSENTE	-	NO	0	NO-OPENSTAX
a095e7dlog1	RESOLUBLE	CC-BY-4.0	NO	0	OPENSTAX
a095e7dlog10	RESOLUBLE	CC-BY-4.0	NO	0	OPENSTAX
a095e7dlog11	RESOLUBLE	CC-BY-4.0	NO	0	OPENSTAX
a095e7dlog12	RESOLUBLE	CC-BY-4.0	NO	0	OPENSTAX
a095e7dlog13	RESOLUBLE	CC-BY-4.0	NO	0	OPENSTAX
a095e7dlog14	RESOLUBLE	CC-BY-4.0	NO	0	OPENSTAX
a095e7dlog15	RESOLUBLE	CC-BY-4.0	NO	0	OPENSTAX
a095e7dlog16	RESOLUBLE	CC-BY-4.0	NO	0	OPENSTAX
a095e7dlog17	RESOLUBLE	CC-BY-4.0	NO	0	OPENSTAX
a095e7dlog18	RESOLUBLE	CC-BY-4.0	NO	0	OPENSTAX
a095e7dlog19	RESOLUBLE	CC-BY-4.0	NO	0	OPENSTAX
a095e7dlog2	RESOLUBLE	CC-BY-4.0	NO	0	OPENSTAX
a095e7dlog20	RESOLUBLE	CC-BY-4.0	NO	0	OPENSTAX
a095e7dlog21	RESOLUBLE	CC-BY-4.0	NO	0	OPENSTAX
a095e7dlog22	RESOLUBLE	CC-BY-4.0	NO	0	OPENSTAX
a095e7dlog23	RESOLUBLE	CC-BY-4.0	NO	0	OPENSTAX
a095e7dlog24	RESOLUBLE	CC-BY-4.0	NO	0	OPENSTAX
a095e7dlog25	RESOLUBLE	CC-BY-4.0	NO	0	OPENSTAX
a095e7dlog26	RESOLUBLE	CC-BY-4.0	NO	0	OPENSTAX
a095e7dlog27	RESOLUBLE	CC-BY-4.0	NO	0	OPENSTAX
a095e7dlog28	RESOLUBLE	CC-BY-4.0	NO	0	OPENSTAX
a095e7dlog29	RESOLUBLE	CC-BY-4.0	NO	0	OPENSTAX
a095e7dlog3	RESOLUBLE	CC-BY-4.0	NO	0	OPENSTAX
a095e7dlog30	RESOLUBLE	CC-BY-4.0	NO	0	OPENSTAX
a095e7dlog4	RESOLUBLE	CC-BY-4.0	NO	0	OPENSTAX
a095e7dlog5	RESOLUBLE	CC-BY-4.0	NO	0	OPENSTAX
a095e7dlog6	RESOLUBLE	CC-BY-4.0	NO	0	OPENSTAX
a095e7dlog7	RESOLUBLE	CC-BY-4.0	NO	0	OPENSTAX
a095e7dlog8	RESOLUBLE	CC-BY-4.0	NO	0	OPENSTAX
a095e7dlog9	RESOLUBLE	CC-BY-4.0	NO	0	OPENSTAX
a09f25fmotion1	AUSENTE	-	NO	0	OPENSTAX
a09f25fmotion10	AUSENTE	-	NO	0	OPENSTAX
a09f25fmotion11	AUSENTE	-	NO	0	OPENSTAX
a09f25fmotion12	AUSENTE	-	NO	0	OPENSTAX
a09f25fmotion13	AUSENTE	-	NO	0	OPENSTAX
a09f25fmotion14	AUSENTE	-	NO	0	OPENSTAX
a09f25fmotion15	AUSENTE	-	NO	0	OPENSTAX
a09f25fmotion16	AUSENTE	-	NO	0	OPENSTAX
a09f25fmotion17	AUSENTE	-	NO	0	OPENSTAX
a09f25fmotion18	AUSENTE	-	NO	0	OPENSTAX
a09f25fmotion2	AUSENTE	-	NO	0	OPENSTAX
a09f25fmotion3	AUSENTE	-	NO	0	OPENSTAX
a09f25fmotion4	AUSENTE	-	NO	0	OPENSTAX
a09f25fmotion5	AUSENTE	-	NO	0	OPENSTAX
a09f25fmotion6	AUSENTE	-	NO	0	OPENSTAX
a09f25fmotion7	AUSENTE	-	NO	0	OPENSTAX
a09f25fmotion8	AUSENTE	-	NO	0	OPENSTAX
a09f25fmotion9	AUSENTE	-	NO	0	OPENSTAX
a0a04b1divmonomial1	RESOLUBLE	CC-BY-4.0	NO	0	OPENSTAX
a0a04b1divmonomial10	RESOLUBLE	CC-BY-4.0	NO	0	OPENSTAX
a0a04b1divmonomial11	RESOLUBLE	CC-BY-4.0	NO	0	OPENSTAX
a0a04b1divmonomial12	RESOLUBLE	CC-BY-4.0	NO	0	OPENSTAX
a0a04b1divmonomial13	RESOLUBLE	CC-BY-4.0	NO	0	OPENSTAX
a0a04b1divmonomial14	RESOLUBLE	CC-BY-4.0	NO	0	OPENSTAX
a0a04b1divmonomial15	RESOLUBLE	CC-BY-4.0	NO	0	OPENSTAX
a0a04b1divmonomial16	RESOLUBLE	CC-BY-4.0	NO	0	OPENSTAX
a0a04b1divmonomial17	RESOLUBLE	CC-BY-4.0	NO	0	OPENSTAX
a0a04b1divmonomial18	RESOLUBLE	CC-BY-4.0	NO	0	OPENSTAX
a0a04b1divmonomial19	RESOLUBLE	CC-BY-4.0	NO	0	OPENSTAX
a0a04b1divmonomial2	RESOLUBLE	CC-BY-4.0	NO	0	OPENSTAX
a0a04b1divmonomial20	RESOLUBLE	CC-BY-4.0	NO	0	OPENSTAX
a0a04b1divmonomial3	RESOLUBLE	CC-BY-4.0	NO	0	OPENSTAX
a0a04b1divmonomial4	RESOLUBLE	CC-BY-4.0	NO	0	OPENSTAX
a0a04b1divmonomial5	RESOLUBLE	CC-BY-4.0	NO	0	OPENSTAX
a0a04b1divmonomial6	RESOLUBLE	CC-BY-4.0	NO	0	OPENSTAX
a0a04b1divmonomial7	RESOLUBLE	CC-BY-4.0	NO	0	OPENSTAX
a0a04b1divmonomial8	RESOLUBLE	CC-BY-4.0	NO	0	OPENSTAX
a0a04b1divmonomial9	RESOLUBLE	CC-BY-4.0	NO	0	OPENSTAX
a0afc81chem1	AUSENTE	-	NO	0	NO-OPENSTAX
a0afc81chem10	AUSENTE	-	NO	0	NO-OPENSTAX
a0afc81chem11	AUSENTE	-	NO	0	NO-OPENSTAX
a0afc81chem12	AUSENTE	-	NO	0	NO-OPENSTAX
a0afc81chem13	AUSENTE	-	NO	0	NO-OPENSTAX
a0afc81chem14	AUSENTE	-	NO	0	NO-OPENSTAX
a0afc81chem15	AUSENTE	-	SI	1	NO-OPENSTAX
a0afc81chem16	AUSENTE	-	NO	0	NO-OPENSTAX
a0afc81chem17	AUSENTE	-	NO	0	NO-OPENSTAX
a0afc81chem18	AUSENTE	-	NO	0	NO-OPENSTAX
a0afc81chem19	AUSENTE	-	NO	0	NO-OPENSTAX
a0afc81chem2	AUSENTE	-	NO	0	NO-OPENSTAX
a0afc81chem20	AUSENTE	-	NO	0	NO-OPENSTAX
a0afc81chem3	AUSENTE	-	NO	0	NO-OPENSTAX
a0afc81chem4	AUSENTE	-	NO	0	NO-OPENSTAX
a0afc81chem5	AUSENTE	-	NO	0	NO-OPENSTAX
a0afc81chem6	AUSENTE	-	NO	0	NO-OPENSTAX
a0afc81chem7	AUSENTE	-	NO	0	NO-OPENSTAX
a0afc81chem8	AUSENTE	-	SI	1	NO-OPENSTAX
a0afc81chem9	AUSENTE	-	NO	0	NO-OPENSTAX
a0bf68dadd1	RESOLUBLE	CC-BY-4.0	NO	0	OPENSTAX
a0bf68dadd10	RESOLUBLE	CC-BY-4.0	NO	0	OPENSTAX
a0bf68dadd11	RESOLUBLE	CC-BY-4.0	NO	0	OPENSTAX
a0bf68dadd12	RESOLUBLE	CC-BY-4.0	NO	0	OPENSTAX
a0bf68dadd13	RESOLUBLE	CC-BY-4.0	NO	0	OPENSTAX
a0bf68dadd14	RESOLUBLE	CC-BY-4.0	NO	0	OPENSTAX
a0bf68dadd15	RESOLUBLE	CC-BY-4.0	NO	0	OPENSTAX
a0bf68dadd16	RESOLUBLE	CC-BY-4.0	NO	0	OPENSTAX
a0bf68dadd17	RESOLUBLE	CC-BY-4.0	NO	0	OPENSTAX
a0bf68dadd18	RESOLUBLE	CC-BY-4.0	NO	0	OPENSTAX
a0bf68dadd19	RESOLUBLE	CC-BY-4.0	NO	0	OPENSTAX
a0bf68dadd2	RESOLUBLE	CC-BY-4.0	NO	0	OPENSTAX
a0bf68dadd20	RESOLUBLE	CC-BY-4.0	NO	0	OPENSTAX
a0bf68dadd21	RESOLUBLE	CC-BY-4.0	NO	0	OPENSTAX
a0bf68dadd22	RESOLUBLE	CC-BY-4.0	NO	0	OPENSTAX
a0bf68dadd23	RESOLUBLE	CC-BY-4.0	NO	0	OPENSTAX
a0bf68dadd24	RESOLUBLE	CC-BY-4.0	NO	0	OPENSTAX
a0bf68dadd25	RESOLUBLE	CC-BY-4.0	NO	0	OPENSTAX
a0bf68dadd26	RESOLUBLE	CC-BY-4.0	NO	0	OPENSTAX
a0bf68dadd27	RESOLUBLE	CC-BY-4.0	NO	0	OPENSTAX
a0bf68dadd28	RESOLUBLE	CC-BY-4.0	NO	0	OPENSTAX
a0bf68dadd29	RESOLUBLE	CC-BY-4.0	NO	0	OPENSTAX
a0bf68dadd30	RESOLUBLE	CC-BY-4.0	NO	0	OPENSTAX
a0bf68dadd5	RESOLUBLE	CC-BY-4.0	NO	0	OPENSTAX
a0bf68dadd6	RESOLUBLE	CC-BY-4.0	NO	0	OPENSTAX
a0bf68dadd7	RESOLUBLE	CC-BY-4.0	NO	0	OPENSTAX
a0bf68dadd8	RESOLUBLE	CC-BY-4.0	NO	0	OPENSTAX
a0bf68dadd9	RESOLUBLE	CC-BY-4.0	NO	0	OPENSTAX
a0ca101exe1	RESOLUBLE	CC-BY-4.0	NO	0	OPENSTAX
a0ca101exe10	RESOLUBLE	CC-BY-4.0	NO	0	OPENSTAX
a0ca101exe11	RESOLUBLE	CC-BY-4.0	NO	0	OPENSTAX
a0ca101exe12	RESOLUBLE	CC-BY-4.0	NO	0	OPENSTAX
a0ca101exe13	RESOLUBLE	CC-BY-4.0	NO	0	OPENSTAX
a0ca101exe14	RESOLUBLE	CC-BY-4.0	NO	0	OPENSTAX
a0ca101exe15	RESOLUBLE	CC-BY-4.0	NO	0	OPENSTAX
a0ca101exe16	RESOLUBLE	CC-BY-4.0	NO	0	OPENSTAX
a0ca101exe17	RESOLUBLE	CC-BY-4.0	NO	0	OPENSTAX
a0ca101exe18	RESOLUBLE	CC-BY-4.0	NO	0	OPENSTAX
a0ca101exe19	RESOLUBLE	CC-BY-4.0	NO	0	OPENSTAX
a0ca101exe2	RESOLUBLE	CC-BY-4.0	NO	0	OPENSTAX
a0ca101exe20	RESOLUBLE	CC-BY-4.0	NO	0	OPENSTAX
a0ca101exe21	RESOLUBLE	CC-BY-4.0	NO	0	OPENSTAX
a0ca101exe22	RESOLUBLE	CC-BY-4.0	NO	0	OPENSTAX
a0ca101exe23	RESOLUBLE	CC-BY-4.0	NO	0	OPENSTAX
a0ca101exe24	RESOLUBLE	CC-BY-4.0	NO	0	OPENSTAX
a0ca101exe25	RESOLUBLE	CC-BY-4.0	NO	0	OPENSTAX
a0ca101exe26	RESOLUBLE	CC-BY-4.0	NO	0	OPENSTAX
a0ca101exe27	RESOLUBLE	CC-BY-4.0	NO	0	OPENSTAX
a0ca101exe28	RESOLUBLE	CC-BY-4.0	NO	0	OPENSTAX
a0ca101exe29	RESOLUBLE	CC-BY-4.0	NO	0	OPENSTAX
a0ca101exe3	RESOLUBLE	CC-BY-4.0	NO	0	OPENSTAX
a0ca101exe30	RESOLUBLE	CC-BY-4.0	NO	0	OPENSTAX
a0ca101exe4	RESOLUBLE	CC-BY-4.0	NO	0	OPENSTAX
a0ca101exe5	RESOLUBLE	CC-BY-4.0	NO	0	OPENSTAX
a0ca101exe6	RESOLUBLE	CC-BY-4.0	NO	0	OPENSTAX
a0ca101exe7	RESOLUBLE	CC-BY-4.0	NO	0	OPENSTAX
a0ca101exe8	RESOLUBLE	CC-BY-4.0	NO	0	OPENSTAX
a0ca101exe9	RESOLUBLE	CC-BY-4.0	NO	0	OPENSTAX
a0cc26bpoly1	RESOLUBLE	CC-BY-4.0	NO	0	OPENSTAX
a0cc26bpoly10	RESOLUBLE	CC-BY-4.0	NO	0	OPENSTAX
a0cc26bpoly11	RESOLUBLE	CC-BY-4.0	NO	0	OPENSTAX
a0cc26bpoly12	RESOLUBLE	CC-BY-4.0	NO	0	OPENSTAX
a0cc26bpoly13	RESOLUBLE	CC-BY-4.0	NO	0	OPENSTAX
a0cc26bpoly14	RESOLUBLE	CC-BY-4.0	NO	0	OPENSTAX
a0cc26bpoly15	RESOLUBLE	CC-BY-4.0	NO	0	OPENSTAX
a0cc26bpoly16	RESOLUBLE	CC-BY-4.0	NO	0	OPENSTAX
a0cc26bpoly17	RESOLUBLE	CC-BY-4.0	NO	0	OPENSTAX
a0cc26bpoly18	RESOLUBLE	CC-BY-4.0	NO	0	OPENSTAX
a0cc26bpoly19	RESOLUBLE	CC-BY-4.0	NO	0	OPENSTAX
a0cc26bpoly2	RESOLUBLE	CC-BY-4.0	NO	0	OPENSTAX
a0cc26bpoly20	RESOLUBLE	CC-BY-4.0	NO	0	OPENSTAX
a0cc26bpoly21	RESOLUBLE	CC-BY-4.0	NO	0	OPENSTAX
a0cc26bpoly22	RESOLUBLE	CC-BY-4.0	NO	0	OPENSTAX
a0cc26bpoly23	RESOLUBLE	CC-BY-4.0	NO	0	OPENSTAX
a0cc26bpoly24	RESOLUBLE	CC-BY-4.0	NO	0	OPENSTAX
a0cc26bpoly25	RESOLUBLE	CC-BY-4.0	NO	0	OPENSTAX
a0cc26bpoly26	RESOLUBLE	CC-BY-4.0	NO	0	OPENSTAX
a0cc26bpoly27	RESOLUBLE	CC-BY-4.0	NO	0	OPENSTAX
a0cc26bpoly28	RESOLUBLE	CC-BY-4.0	NO	0	OPENSTAX
a0cc26bpoly29	RESOLUBLE	CC-BY-4.0	NO	0	OPENSTAX
a0cc26bpoly3	RESOLUBLE	CC-BY-4.0	NO	0	OPENSTAX
a0cc26bpoly30	RESOLUBLE	CC-BY-4.0	NO	0	OPENSTAX
a0cc26bpoly31	RESOLUBLE	CC-BY-4.0	NO	0	OPENSTAX
a0cc26bpoly4	RESOLUBLE	CC-BY-4.0	NO	0	OPENSTAX
a0cc26bpoly5	RESOLUBLE	CC-BY-4.0	NO	0	OPENSTAX
a0cc26bpoly6	RESOLUBLE	CC-BY-4.0	NO	0	OPENSTAX
a0cc26bpoly7	RESOLUBLE	CC-BY-4.0	NO	0	OPENSTAX
a0cc26bpoly8	RESOLUBLE	CC-BY-4.0	NO	0	OPENSTAX
a0cc26bpoly9	RESOLUBLE	CC-BY-4.0	NO	0	OPENSTAX
a0cdd78Fraction13	RESOLUBLE	CC-BY-4.0	NO	0	OPENSTAX
a0cdd78Visualize10	RESOLUBLE	CC-BY-4.0	NO	0	OPENSTAX
a0cdd78Visualize11	RESOLUBLE	CC-BY-4.0	NO	0	OPENSTAX
a0cdd78Visualize12	RESOLUBLE	CC-BY-4.0	NO	0	OPENSTAX
a0cdd78Visualize13	RESOLUBLE	CC-BY-4.0	NO	0	OPENSTAX
a0cdd78Visualize14	RESOLUBLE	CC-BY-4.0	NO	0	OPENSTAX
a0cdd78Visualize15	RESOLUBLE	CC-BY-4.0	NO	0	OPENSTAX
a0cdd78Visualize16	RESOLUBLE	CC-BY-4.0	NO	0	OPENSTAX
a0cdd78Visualize17	RESOLUBLE	CC-BY-4.0	NO	0	OPENSTAX
a0cdd78Visualize18	RESOLUBLE	CC-BY-4.0	NO	0	OPENSTAX
a0cdd78Visualize19	RESOLUBLE	CC-BY-4.0	NO	0	OPENSTAX
a0cdd78Visualize20	RESOLUBLE	CC-BY-4.0	NO	0	OPENSTAX
a0cdd78Visualize21	RESOLUBLE	CC-BY-4.0	NO	0	OPENSTAX
a0cdd78Visualize6	RESOLUBLE	CC-BY-4.0	NO	0	OPENSTAX
a0cdd78Visualize7	RESOLUBLE	CC-BY-4.0	NO	0	OPENSTAX
a0cdd78Visualize8	RESOLUBLE	CC-BY-4.0	NO	0	OPENSTAX
a0cdd78Visualize9	RESOLUBLE	CC-BY-4.0	NO	0	OPENSTAX
a0cdd78fractions10	RESOLUBLE	CC-BY-4.0	NO	0	OPENSTAX
a0cdd78fractions11	RESOLUBLE	CC-BY-4.0	NO	0	OPENSTAX
a0cdd78fractions12	RESOLUBLE	CC-BY-4.0	NO	0	OPENSTAX
a0cdd78fractions13	RESOLUBLE	CC-BY-4.0	NO	0	OPENSTAX
a0cdd78fractions14	RESOLUBLE	CC-BY-4.0	NO	0	OPENSTAX
a0cdd78fractions15	RESOLUBLE	CC-BY-4.0	NO	0	OPENSTAX
a0cdd78fractions5	RESOLUBLE	CC-BY-4.0	NO	0	OPENSTAX
a0cdd78fractions6	RESOLUBLE	CC-BY-4.0	NO	0	OPENSTAX
a0cdd78fractions7	RESOLUBLE	CC-BY-4.0	NO	0	OPENSTAX
a0cdd78fractions8	RESOLUBLE	CC-BY-4.0	NO	0	OPENSTAX
a0cdd78fractions9	RESOLUBLE	CC-BY-4.0	NO	0	OPENSTAX
a0d19dcInd1	RESOLUBLE	CC-BY-4.0	NO	0	OPENSTAX
a0d19dcInd10	RESOLUBLE	CC-BY-4.0	NO	0	OPENSTAX
a0d19dcInd11	RESOLUBLE	CC-BY-4.0	NO	0	OPENSTAX
a0d19dcInd12	RESOLUBLE	CC-BY-4.0	NO	0	OPENSTAX
a0d19dcInd13	RESOLUBLE	CC-BY-4.0	NO	0	OPENSTAX
a0d19dcInd14	RESOLUBLE	CC-BY-4.0	NO	0	OPENSTAX
a0d19dcInd15	RESOLUBLE	CC-BY-4.0	NO	0	OPENSTAX
a0d19dcInd16	RESOLUBLE	CC-BY-4.0	NO	0	OPENSTAX
a0d19dcInd17	RESOLUBLE	CC-BY-4.0	NO	0	OPENSTAX
a0d19dcInd18	RESOLUBLE	CC-BY-4.0	NO	0	OPENSTAX
a0d19dcInd19	RESOLUBLE	CC-BY-4.0	NO	0	OPENSTAX
a0d19dcInd2	RESOLUBLE	CC-BY-4.0	NO	0	OPENSTAX
a0d19dcInd20	RESOLUBLE	CC-BY-4.0	NO	0	OPENSTAX
a0d19dcInd21	RESOLUBLE	CC-BY-4.0	NO	0	OPENSTAX
a0d19dcInd22	RESOLUBLE	CC-BY-4.0	NO	0	OPENSTAX
a0d19dcInd23	RESOLUBLE	CC-BY-4.0	NO	0	OPENSTAX
a0d19dcInd24	RESOLUBLE	CC-BY-4.0	NO	0	OPENSTAX
a0d19dcInd25	RESOLUBLE	CC-BY-4.0	NO	0	OPENSTAX
a0d19dcInd3	RESOLUBLE	CC-BY-4.0	NO	0	OPENSTAX
a0d19dcInd4	RESOLUBLE	CC-BY-4.0	NO	0	OPENSTAX
a0d19dcInd5	RESOLUBLE	CC-BY-4.0	NO	0	OPENSTAX
a0d19dcInd6	RESOLUBLE	CC-BY-4.0	NO	0	OPENSTAX
a0d19dcInd7	RESOLUBLE	CC-BY-4.0	NO	0	OPENSTAX
a0d19dcInd8	RESOLUBLE	CC-BY-4.0	NO	0	OPENSTAX
a0d19dcInd9	RESOLUBLE	CC-BY-4.0	NO	0	OPENSTAX
a0dd0e7corepoly1	AUSENTE	-	NO	0	NO-OPENSTAX
a0dd0e7corepoly10	AUSENTE	-	NO	0	NO-OPENSTAX
a0dd0e7corepoly100	AUSENTE	-	NO	0	NO-OPENSTAX
a0dd0e7corepoly101	AUSENTE	-	NO	0	NO-OPENSTAX
a0dd0e7corepoly1012	AUSENTE	-	NO	0	NO-OPENSTAX
a0dd0e7corepoly10b	AUSENTE	-	NO	0	NO-OPENSTAX
a0dd0e7corepoly11	AUSENTE	-	NO	0	NO-OPENSTAX
a0dd0e7corepoly110	AUSENTE	-	NO	0	NO-OPENSTAX
a0dd0e7corepoly111	AUSENTE	-	NO	0	NO-OPENSTAX
a0dd0e7corepoly112	AUSENTE	-	NO	0	NO-OPENSTAX
a0dd0e7corepoly1b	AUSENTE	-	NO	0	NO-OPENSTAX
a0dd0e7corepoly2	AUSENTE	-	NO	0	NO-OPENSTAX
a0dd0e7corepoly211	AUSENTE	-	NO	0	NO-OPENSTAX
a0e4683PlotCorrelation	RESOLUBLE	CC-BY-4.0	SI	1	OPENSTAX
a0e4683PlotDirection	RESOLUBLE	CC-BY-4.0	SI	1	OPENSTAX
a0e4683PlotShape	RESOLUBLE	CC-BY-4.0	SI	1	OPENSTAX
a0e4683regr1	RESOLUBLE	CC-BY-4.0	NO	0	OPENSTAX
a0e4683regr10	RESOLUBLE	CC-BY-4.0	NO	0	OPENSTAX
a0e4683regr11	RESOLUBLE	CC-BY-4.0	NO	0	OPENSTAX
a0e4683regr12	RESOLUBLE	CC-BY-4.0	NO	0	OPENSTAX
a0e4683regr13	RESOLUBLE	CC-BY-4.0	NO	0	OPENSTAX
a0e4683regr14	RESOLUBLE	CC-BY-4.0	NO	0	OPENSTAX
a0e4683regr15	RESOLUBLE	CC-BY-4.0	NO	0	OPENSTAX
a0e4683regr16	RESOLUBLE	CC-BY-4.0	NO	0	OPENSTAX
a0e4683regr2	RESOLUBLE	CC-BY-4.0	SI	1	OPENSTAX
a0e4683regr3	RESOLUBLE	CC-BY-4.0	NO	0	OPENSTAX
a0e4683regr4	RESOLUBLE	CC-BY-4.0	NO	0	OPENSTAX
a0e4683regr5	RESOLUBLE	CC-BY-4.0	NO	0	OPENSTAX
a0e4683regr6	RESOLUBLE	CC-BY-4.0	NO	0	OPENSTAX
a0e4683regr7	RESOLUBLE	CC-BY-4.0	NO	0	OPENSTAX
a0e4683regr8	RESOLUBLE	CC-BY-4.0	NO	0	OPENSTAX
a0e4683regr9	RESOLUBLE	CC-BY-4.0	NO	0	OPENSTAX
a0ec58fterminology1	RESOLUBLE	CC-BY-4.0	NO	0	OPENSTAX
a0ec58fterminology10	RESOLUBLE	CC-BY-4.0	NO	0	OPENSTAX
a0ec58fterminology11	RESOLUBLE	CC-BY-4.0	NO	0	OPENSTAX
a0ec58fterminology12	RESOLUBLE	CC-BY-4.0	NO	0	OPENSTAX
a0ec58fterminology13	RESOLUBLE	CC-BY-4.0	NO	0	OPENSTAX
a0ec58fterminology14	RESOLUBLE	CC-BY-4.0	NO	0	OPENSTAX
a0ec58fterminology15	RESOLUBLE	CC-BY-4.0	NO	0	OPENSTAX
a0ec58fterminology16	RESOLUBLE	CC-BY-4.0	NO	0	OPENSTAX
a0ec58fterminology17	RESOLUBLE	CC-BY-4.0	NO	0	OPENSTAX
a0ec58fterminology18	RESOLUBLE	CC-BY-4.0	NO	0	OPENSTAX
a0ec58fterminology19	RESOLUBLE	CC-BY-4.0	NO	0	OPENSTAX
a0ec58fterminology2	RESOLUBLE	CC-BY-4.0	NO	0	OPENSTAX
a0ec58fterminology20	RESOLUBLE	CC-BY-4.0	NO	0	OPENSTAX
a0ec58fterminology21	RESOLUBLE	CC-BY-4.0	NO	0	OPENSTAX
a0ec58fterminology22	RESOLUBLE	CC-BY-4.0	NO	0	OPENSTAX
a0ec58fterminology23	RESOLUBLE	CC-BY-4.0	NO	0	OPENSTAX
a0ec58fterminology24	RESOLUBLE	CC-BY-4.0	NO	0	OPENSTAX
a0ec58fterminology25	RESOLUBLE	CC-BY-4.0	SI	1	OPENSTAX
a0ec58fterminology3	RESOLUBLE	CC-BY-4.0	NO	0	OPENSTAX
a0ec58fterminology4	RESOLUBLE	CC-BY-4.0	NO	0	OPENSTAX
a0ec58fterminology5	RESOLUBLE	CC-BY-4.0	NO	0	OPENSTAX
a0ec58fterminology6	RESOLUBLE	CC-BY-4.0	NO	0	OPENSTAX
a0ec58fterminology7	RESOLUBLE	CC-BY-4.0	NO	0	OPENSTAX
a0ec58fterminology8	RESOLUBLE	CC-BY-4.0	NO	0	OPENSTAX
a0ec58fterminology9	RESOLUBLE	CC-BY-4.0	NO	0	OPENSTAX
a0f69c4conic1	RESOLUBLE	CC-BY-4.0	NO	0	OPENSTAX
a0f69c4conic10	RESOLUBLE	CC-BY-4.0	NO	0	OPENSTAX
a0f69c4conic11	RESOLUBLE	CC-BY-4.0	NO	0	OPENSTAX
a0f69c4conic12	RESOLUBLE	CC-BY-4.0	NO	0	OPENSTAX
a0f69c4conic13	RESOLUBLE	CC-BY-4.0	NO	0	OPENSTAX
a0f69c4conic14	RESOLUBLE	CC-BY-4.0	NO	0	OPENSTAX
a0f69c4conic15	RESOLUBLE	CC-BY-4.0	NO	0	OPENSTAX
a0f69c4conic16	RESOLUBLE	CC-BY-4.0	NO	0	OPENSTAX
a0f69c4conic17	RESOLUBLE	CC-BY-4.0	NO	0	OPENSTAX
a0f69c4conic18	RESOLUBLE	CC-BY-4.0	NO	0	OPENSTAX
a0f69c4conic19	RESOLUBLE	CC-BY-4.0	NO	0	OPENSTAX
a0f69c4conic2	RESOLUBLE	CC-BY-4.0	NO	0	OPENSTAX
a0f69c4conic20	RESOLUBLE	CC-BY-4.0	NO	0	OPENSTAX
a0f69c4conic21	RESOLUBLE	CC-BY-4.0	NO	0	OPENSTAX
a0f69c4conic3	RESOLUBLE	CC-BY-4.0	NO	0	OPENSTAX
a0f69c4conic4	RESOLUBLE	CC-BY-4.0	NO	0	OPENSTAX
a0f69c4conic5	RESOLUBLE	CC-BY-4.0	NO	0	OPENSTAX
a0f69c4conic6	RESOLUBLE	CC-BY-4.0	NO	0	OPENSTAX
a0f69c4conic7	RESOLUBLE	CC-BY-4.0	NO	0	OPENSTAX
a0f69c4conic8	RESOLUBLE	CC-BY-4.0	NO	0	OPENSTAX
a0f69c4conic9	RESOLUBLE	CC-BY-4.0	NO	0	OPENSTAX
a0f69c4conics1	RESOLUBLE	CC-BY-4.0	NO	0	OPENSTAX
a0f69c4conics2	RESOLUBLE	CC-BY-4.0	NO	0	OPENSTAX
a0f69c4conics3	RESOLUBLE	CC-BY-4.0	NO	0	OPENSTAX
a0f69c4conics4	RESOLUBLE	CC-BY-4.0	NO	0	OPENSTAX
a0f69c4conics5	RESOLUBLE	CC-BY-4.0	NO	0	OPENSTAX
a0f69c4conics6	RESOLUBLE	CC-BY-4.0	NO	0	OPENSTAX
a0f69c4conics7	RESOLUBLE	CC-BY-4.0	NO	0	OPENSTAX
a0fd0bapolynomial1	RESOLUBLE	CC-BY-4.0	NO	0	OPENSTAX
a0fd0bapolynomial10	RESOLUBLE	CC-BY-4.0	NO	0	OPENSTAX
a0fd0bapolynomial11	RESOLUBLE	CC-BY-4.0	NO	0	OPENSTAX
a0fd0bapolynomial12	RESOLUBLE	CC-BY-4.0	NO	0	OPENSTAX
a0fd0bapolynomial13	RESOLUBLE	CC-BY-4.0	NO	0	OPENSTAX
a0fd0bapolynomial14	RESOLUBLE	CC-BY-4.0	NO	0	OPENSTAX
a0fd0bapolynomial15	RESOLUBLE	CC-BY-4.0	NO	0	OPENSTAX
a0fd0bapolynomial16	RESOLUBLE	CC-BY-4.0	NO	0	OPENSTAX
a0fd0bapolynomial17	RESOLUBLE	CC-BY-4.0	NO	0	OPENSTAX
a0fd0bapolynomial18	RESOLUBLE	CC-BY-4.0	NO	0	OPENSTAX
a0fd0bapolynomial19	RESOLUBLE	CC-BY-4.0	NO	0	OPENSTAX
a0fd0bapolynomial2	RESOLUBLE	CC-BY-4.0	NO	0	OPENSTAX
a0fd0bapolynomial20	RESOLUBLE	CC-BY-4.0	NO	0	OPENSTAX
a0fd0bapolynomial21	RESOLUBLE	CC-BY-4.0	NO	0	OPENSTAX
a0fd0bapolynomial22	RESOLUBLE	CC-BY-4.0	NO	0	OPENSTAX
a0fd0bapolynomial23	RESOLUBLE	CC-BY-4.0	NO	0	OPENSTAX
a0fd0bapolynomial24	RESOLUBLE	CC-BY-4.0	NO	0	OPENSTAX
a0fd0bapolynomial25	RESOLUBLE	CC-BY-4.0	NO	0	OPENSTAX
a0fd0bapolynomial26	RESOLUBLE	CC-BY-4.0	NO	0	OPENSTAX
a0fd0bapolynomial27	RESOLUBLE	CC-BY-4.0	NO	0	OPENSTAX
a0fd0bapolynomial28	RESOLUBLE	CC-BY-4.0	NO	0	OPENSTAX
a0fd0bapolynomial29	RESOLUBLE	CC-BY-4.0	NO	0	OPENSTAX
a0fd0bapolynomial3	RESOLUBLE	CC-BY-4.0	NO	0	OPENSTAX
a0fd0bapolynomial30	RESOLUBLE	CC-BY-4.0	NO	0	OPENSTAX
a0fd0bapolynomial4	RESOLUBLE	CC-BY-4.0	NO	0	OPENSTAX
a0fd0bapolynomial5	RESOLUBLE	CC-BY-4.0	NO	0	OPENSTAX
a0fd0bapolynomial6	RESOLUBLE	CC-BY-4.0	NO	0	OPENSTAX
a0fd0bapolynomial7	RESOLUBLE	CC-BY-4.0	NO	0	OPENSTAX
a0fd0bapolynomial8	RESOLUBLE	CC-BY-4.0	NO	0	OPENSTAX
a0fd0bapolynomial9	RESOLUBLE	CC-BY-4.0	NO	0	OPENSTAX
a104861trifactor1	RESOLUBLE	CC-BY-4.0	NO	0	OPENSTAX
a104861trifactor10	RESOLUBLE	CC-BY-4.0	NO	0	OPENSTAX
a104861trifactor11	RESOLUBLE	CC-BY-4.0	NO	0	OPENSTAX
a104861trifactor12	RESOLUBLE	CC-BY-4.0	NO	0	OPENSTAX
a104861trifactor13	RESOLUBLE	CC-BY-4.0	NO	0	OPENSTAX
a104861trifactor14	RESOLUBLE	CC-BY-4.0	NO	0	OPENSTAX
a104861trifactor15	RESOLUBLE	CC-BY-4.0	NO	0	OPENSTAX
a104861trifactor16	RESOLUBLE	CC-BY-4.0	NO	0	OPENSTAX
a104861trifactor17	RESOLUBLE	CC-BY-4.0	NO	0	OPENSTAX
a104861trifactor18	RESOLUBLE	CC-BY-4.0	NO	0	OPENSTAX
a104861trifactor19	RESOLUBLE	CC-BY-4.0	NO	0	OPENSTAX
a104861trifactor2	RESOLUBLE	CC-BY-4.0	NO	0	OPENSTAX
a104861trifactor20	RESOLUBLE	CC-BY-4.0	NO	0	OPENSTAX
a104861trifactor21	RESOLUBLE	CC-BY-4.0	NO	0	OPENSTAX
a104861trifactor22	RESOLUBLE	CC-BY-4.0	NO	0	OPENSTAX
a104861trifactor23	RESOLUBLE	CC-BY-4.0	NO	0	OPENSTAX
a104861trifactor24	RESOLUBLE	CC-BY-4.0	NO	0	OPENSTAX
a104861trifactor25	RESOLUBLE	CC-BY-4.0	NO	0	OPENSTAX
a104861trifactor26	RESOLUBLE	CC-BY-4.0	NO	0	OPENSTAX
a104861trifactor27	RESOLUBLE	CC-BY-4.0	NO	0	OPENSTAX
a104861trifactor28	RESOLUBLE	CC-BY-4.0	NO	0	OPENSTAX
a104861trifactor29	RESOLUBLE	CC-BY-4.0	NO	0	OPENSTAX
a104861trifactor3	RESOLUBLE	CC-BY-4.0	NO	0	OPENSTAX
a104861trifactor30	RESOLUBLE	CC-BY-4.0	NO	0	OPENSTAX
a104861trifactor4	RESOLUBLE	CC-BY-4.0	NO	0	OPENSTAX
a104861trifactor5	RESOLUBLE	CC-BY-4.0	NO	0	OPENSTAX
a104861trifactor6	RESOLUBLE	CC-BY-4.0	NO	0	OPENSTAX
a104861trifactor7	RESOLUBLE	CC-BY-4.0	NO	0	OPENSTAX
a104861trifactor8	RESOLUBLE	CC-BY-4.0	NO	0	OPENSTAX
a104861trifactor9	RESOLUBLE	CC-BY-4.0	NO	0	OPENSTAX
a106ef7vector1	RESOLUBLE	CC-BY-4.0	NO	0	OPENSTAX
a106ef7vector10	RESOLUBLE	CC-BY-4.0	NO	0	OPENSTAX
a106ef7vector11	RESOLUBLE	CC-BY-4.0	NO	0	OPENSTAX
a106ef7vector12	RESOLUBLE	CC-BY-4.0	NO	0	OPENSTAX
a106ef7vector13	RESOLUBLE	CC-BY-4.0	NO	0	OPENSTAX
a106ef7vector14	RESOLUBLE	CC-BY-4.0	NO	0	OPENSTAX
a106ef7vector15	RESOLUBLE	CC-BY-4.0	NO	0	OPENSTAX
a106ef7vector16	RESOLUBLE	CC-BY-4.0	NO	0	OPENSTAX
a106ef7vector17	RESOLUBLE	CC-BY-4.0	NO	0	OPENSTAX
a106ef7vector18	RESOLUBLE	CC-BY-4.0	NO	0	OPENSTAX
a106ef7vector19	RESOLUBLE	CC-BY-4.0	NO	0	OPENSTAX
a106ef7vector2	RESOLUBLE	CC-BY-4.0	NO	0	OPENSTAX
a106ef7vector20	RESOLUBLE	CC-BY-4.0	NO	0	OPENSTAX
a106ef7vector21	RESOLUBLE	CC-BY-4.0	NO	0	OPENSTAX
a106ef7vector22	RESOLUBLE	CC-BY-4.0	NO	0	OPENSTAX
a106ef7vector23	RESOLUBLE	CC-BY-4.0	NO	0	OPENSTAX
a106ef7vector24	RESOLUBLE	CC-BY-4.0	NO	0	OPENSTAX
a106ef7vector25	RESOLUBLE	CC-BY-4.0	NO	0	OPENSTAX
a106ef7vector26	RESOLUBLE	CC-BY-4.0	NO	0	OPENSTAX
a106ef7vector27	RESOLUBLE	CC-BY-4.0	NO	0	OPENSTAX
a106ef7vector28	RESOLUBLE	CC-BY-4.0	NO	0	OPENSTAX
a106ef7vector29	RESOLUBLE	CC-BY-4.0	NO	0	OPENSTAX
a106ef7vector3	RESOLUBLE	CC-BY-4.0	NO	0	OPENSTAX
a106ef7vector30	RESOLUBLE	CC-BY-4.0	NO	0	OPENSTAX
a106ef7vector31	RESOLUBLE	CC-BY-4.0	NO	0	OPENSTAX
a106ef7vector4	RESOLUBLE	CC-BY-4.0	SI	1	OPENSTAX
a106ef7vector41	RESOLUBLE	CC-BY-4.0	SI	1	OPENSTAX
a106ef7vector42	RESOLUBLE	CC-BY-4.0	SI	1	OPENSTAX
a106ef7vector5	RESOLUBLE	CC-BY-4.0	NO	0	OPENSTAX
a106ef7vector6	RESOLUBLE	CC-BY-4.0	NO	0	OPENSTAX
a106ef7vector7	RESOLUBLE	CC-BY-4.0	NO	0	OPENSTAX
a106ef7vector8	RESOLUBLE	CC-BY-4.0	NO	0	OPENSTAX
a106ef7vector9	RESOLUBLE	CC-BY-4.0	NO	0	OPENSTAX
a10b60arealnumbers1	RESOLUBLE	CC-BY-4.0	NO	0	OPENSTAX
a10b60arealnumbers10	RESOLUBLE	CC-BY-4.0	NO	0	OPENSTAX
a10b60arealnumbers13	RESOLUBLE	CC-BY-4.0	NO	0	OPENSTAX
a10b60arealnumbers16	RESOLUBLE	CC-BY-4.0	NO	0	OPENSTAX
a10b60arealnumbers17	RESOLUBLE	CC-BY-4.0	NO	0	OPENSTAX
a10b60arealnumbers18	RESOLUBLE	CC-BY-4.0	NO	0	OPENSTAX
a10b60arealnumbers19	RESOLUBLE	CC-BY-4.0	NO	0	OPENSTAX
a10b60arealnumbers2	RESOLUBLE	CC-BY-4.0	NO	0	OPENSTAX
a10b60arealnumbers20	RESOLUBLE	CC-BY-4.0	NO	0	OPENSTAX
a10b60arealnumbers21	RESOLUBLE	CC-BY-4.0	NO	0	OPENSTAX
a10b60arealnumbers22	RESOLUBLE	CC-BY-4.0	NO	0	OPENSTAX
a10b60arealnumbers23	RESOLUBLE	CC-BY-4.0	NO	0	OPENSTAX
a10b60arealnumbers24	RESOLUBLE	CC-BY-4.0	NO	0	OPENSTAX
a10b60arealnumbers25	RESOLUBLE	CC-BY-4.0	NO	0	OPENSTAX
a10b60arealnumbers26	RESOLUBLE	CC-BY-4.0	NO	0	OPENSTAX
a10b60arealnumbers27	RESOLUBLE	CC-BY-4.0	NO	0	OPENSTAX
a10b60arealnumbers28	RESOLUBLE	CC-BY-4.0	NO	0	OPENSTAX
a10b60arealnumbers29	RESOLUBLE	CC-BY-4.0	NO	0	OPENSTAX
a10b60arealnumbers3	RESOLUBLE	CC-BY-4.0	NO	0	OPENSTAX
a10b60arealnumbers30	RESOLUBLE	CC-BY-4.0	NO	0	OPENSTAX
a10b60arealnumbers4	RESOLUBLE	CC-BY-4.0	NO	0	OPENSTAX
a10b60arealnumbers5	RESOLUBLE	CC-BY-4.0	NO	0	OPENSTAX
a10b60arealnumbers6	RESOLUBLE	CC-BY-4.0	NO	0	OPENSTAX
a10b60arealnumbers7	RESOLUBLE	CC-BY-4.0	NO	0	OPENSTAX
a10b60arealnumbers8	RESOLUBLE	CC-BY-4.0	NO	0	OPENSTAX
a10b60arealnumbers9	RESOLUBLE	CC-BY-4.0	NO	0	OPENSTAX
a1155e4row1	NO-ES-CESION	https://ds100.org/su26/assets/exams/fa25/fa25_mt1_sol.pdf	SI	1	NO-OPENSTAX
a1155e4row10_p1	NO-ES-CESION	https://ds100.org/su26/assets/exams/fa25/fa25_mt1_sol.pdf	SI	3	NO-OPENSTAX
a1155e4row10_p2	NO-ES-CESION	https://ds100.org/su26/assets/exams/fa25/fa25_mt1_sol.pdf	SI	3	NO-OPENSTAX
a1155e4row2	NO-ES-CESION	https://ds100.org/su26/assets/exams/fa25/fa25_mt1_sol.pdf	SI	1	NO-OPENSTAX
a1155e4row3_p1	NO-ES-CESION	https://ds100.org/su26/assets/exams/fa25/fa25_mt1_sol.pdf	SI	1	NO-OPENSTAX
a1155e4row3_p2	NO-ES-CESION	https://ds100.org/su26/assets/exams/fa25/fa25_mt1_sol.pdf	SI	4	NO-OPENSTAX
a1155e4row4	NO-ES-CESION	https://ds100.org/su26/assets/exams/fa25/fa25_mt1_sol.pdf	SI	12	NO-OPENSTAX
a1155e4row5_p1	NO-ES-CESION	https://ds100.org/su26/assets/exams/fa25/fa25_mt1_sol.pdf	SI	9	NO-OPENSTAX
a1155e4row5_p2	NO-ES-CESION	https://ds100.org/su26/assets/exams/fa25/fa25_mt1_sol.pdf	SI	3	NO-OPENSTAX
a1155e4row6	NO-ES-CESION	https://ds100.org/su26/assets/exams/fa25/fa25_mt1_sol.pdf	SI	5	NO-OPENSTAX
a1155e4row7_p1	NO-ES-CESION	https://ds100.org/su26/assets/exams/fa25/fa25_mt1_sol.pdf	SI	9	NO-OPENSTAX
a1155e4row7_p2	NO-ES-CESION	https://ds100.org/su26/assets/exams/fa25/fa25_mt1_sol.pdf	SI	5	NO-OPENSTAX
a1155e4row8	NO-ES-CESION	https://ds100.org/su26/assets/exams/fa25/fa25_mt1_sol.pdf	SI	2	NO-OPENSTAX
a1155e4row9	NO-ES-CESION	https://ds100.org/su26/assets/exams/fa25/fa25_mt1_sol.pdf	SI	2	NO-OPENSTAX
a11c719lang1	RESOLUBLE	CC-BY-4.0	NO	0	OPENSTAX
a11c719lang10	RESOLUBLE	CC-BY-4.0	NO	0	OPENSTAX
a11c719lang11	RESOLUBLE	CC-BY-4.0	NO	0	OPENSTAX
a11c719lang12	RESOLUBLE	CC-BY-4.0	NO	0	OPENSTAX
a11c719lang13	RESOLUBLE	CC-BY-4.0	NO	0	OPENSTAX
a11c719lang14	RESOLUBLE	CC-BY-4.0	NO	0	OPENSTAX
a11c719lang15	RESOLUBLE	CC-BY-4.0	NO	0	OPENSTAX
a11c719lang16	RESOLUBLE	CC-BY-4.0	NO	0	OPENSTAX
a11c719lang17	RESOLUBLE	CC-BY-4.0	NO	0	OPENSTAX
a11c719lang18	RESOLUBLE	CC-BY-4.0	NO	0	OPENSTAX
a11c719lang19	RESOLUBLE	CC-BY-4.0	NO	0	OPENSTAX
a11c719lang2	RESOLUBLE	CC-BY-4.0	NO	0	OPENSTAX
a11c719lang20	RESOLUBLE	CC-BY-4.0	NO	0	OPENSTAX
a11c719lang21	RESOLUBLE	CC-BY-4.0	NO	0	OPENSTAX
a11c719lang22	RESOLUBLE	CC-BY-4.0	NO	0	OPENSTAX
a11c719lang23	RESOLUBLE	CC-BY-4.0	NO	0	OPENSTAX
a11c719lang24	RESOLUBLE	CC-BY-4.0	NO	0	OPENSTAX
a11c719lang25	RESOLUBLE	CC-BY-4.0	NO	0	OPENSTAX
a11c719lang26	RESOLUBLE	CC-BY-4.0	NO	0	OPENSTAX
a11c719lang27	RESOLUBLE	CC-BY-4.0	NO	0	OPENSTAX
a11c719lang28	RESOLUBLE	CC-BY-4.0	NO	0	OPENSTAX
a11c719lang29	RESOLUBLE	CC-BY-4.0	NO	0	OPENSTAX
a11c719lang3	RESOLUBLE	CC-BY-4.0	NO	0	OPENSTAX
a11c719lang30	RESOLUBLE	CC-BY-4.0	NO	0	OPENSTAX
a11c719lang31	RESOLUBLE	CC-BY-4.0	NO	0	OPENSTAX
a11c719lang32	RESOLUBLE	CC-BY-4.0	NO	0	OPENSTAX
a11c719lang4	RESOLUBLE	CC-BY-4.0	NO	0	OPENSTAX
a11c719lang5	RESOLUBLE	CC-BY-4.0	NO	0	OPENSTAX
a11c719lang6	RESOLUBLE	CC-BY-4.0	NO	0	OPENSTAX
a11c719lang7	RESOLUBLE	CC-BY-4.0	NO	0	OPENSTAX
a11c719lang8	RESOLUBLE	CC-BY-4.0	NO	0	OPENSTAX
a11c719lang9	RESOLUBLE	CC-BY-4.0	NO	0	OPENSTAX
a11f6efA242-logsofquotients-P01	VERSION-SIN-VARIANTE	CC4.0	NO	0	NO-OPENSTAX
a11f6efA242-logsofquotients-P02	VERSION-SIN-VARIANTE	CC4.0	NO	0	NO-OPENSTAX
a11f6efA242-logsofquotients-P03	VERSION-SIN-VARIANTE	CC4.0	NO	0	NO-OPENSTAX
a11f6efA242-logsofquotients-P04	VERSION-SIN-VARIANTE	CC4.0	NO	0	NO-OPENSTAX
a11f6efA242-logsofquotients-P05	VERSION-SIN-VARIANTE	CC4.0	NO	0	NO-OPENSTAX
a11f6efA242-logsofquotients-P06	VERSION-SIN-VARIANTE	CC4.0	NO	0	NO-OPENSTAX
a11f6efA242-logsofquotients-P07	VERSION-SIN-VARIANTE	CC4.0	NO	0	NO-OPENSTAX
a11f6efA242-logsofquotients-P08	VERSION-SIN-VARIANTE	CC4.0	NO	0	NO-OPENSTAX
a11f6efA242-logsofquotients-P09	VERSION-SIN-VARIANTE	CC4.0	NO	0	NO-OPENSTAX
a11f6efA242-logsofquotients-P10	VERSION-SIN-VARIANTE	CC4.0	NO	0	NO-OPENSTAX
a11f6efA242-logsofquotients-P11	VERSION-SIN-VARIANTE	CC4.0	NO	0	NO-OPENSTAX
a1268beother1	RESOLUBLE	CC-BY-4.0	NO	0	OPENSTAX
a1268beother10	RESOLUBLE	CC-BY-4.0	NO	0	OPENSTAX
a1268beother11	RESOLUBLE	CC-BY-4.0	NO	0	OPENSTAX
a1268beother12	RESOLUBLE	CC-BY-4.0	NO	0	OPENSTAX
a1268beother13	RESOLUBLE	CC-BY-4.0	NO	0	OPENSTAX
a1268beother14	RESOLUBLE	CC-BY-4.0	NO	0	OPENSTAX
a1268beother15	RESOLUBLE	CC-BY-4.0	NO	0	OPENSTAX
a1268beother16	RESOLUBLE	CC-BY-4.0	NO	0	OPENSTAX
a1268beother17	RESOLUBLE	CC-BY-4.0	NO	0	OPENSTAX
a1268beother18	RESOLUBLE	CC-BY-4.0	NO	0	OPENSTAX
a1268beother19	RESOLUBLE	CC-BY-4.0	NO	0	OPENSTAX
a1268beother2	RESOLUBLE	CC-BY-4.0	NO	0	OPENSTAX
a1268beother20	RESOLUBLE	CC-BY-4.0	NO	0	OPENSTAX
a1268beother21	RESOLUBLE	CC-BY-4.0	NO	0	OPENSTAX
a1268beother22	RESOLUBLE	CC-BY-4.0	NO	0	OPENSTAX
a1268beother23	RESOLUBLE	CC-BY-4.0	NO	0	OPENSTAX
a1268beother3	RESOLUBLE	CC-BY-4.0	NO	0	OPENSTAX
a1268beother4	RESOLUBLE	CC-BY-4.0	NO	0	OPENSTAX
a1268beother5	RESOLUBLE	CC-BY-4.0	NO	0	OPENSTAX
a1268beother6	RESOLUBLE	CC-BY-4.0	NO	0	OPENSTAX
a1268beother7	RESOLUBLE	CC-BY-4.0	NO	0	OPENSTAX
a1268beother8	RESOLUBLE	CC-BY-4.0	NO	0	OPENSTAX
a1268beother9	RESOLUBLE	CC-BY-4.0	NO	0	OPENSTAX
a1279cdpowers1	RESOLUBLE	CC-BY-4.0	NO	0	OPENSTAX
a1279cdpowers10	RESOLUBLE	CC-BY-4.0	NO	0	OPENSTAX
a1279cdpowers11	RESOLUBLE	CC-BY-4.0	NO	0	OPENSTAX
a1279cdpowers12	RESOLUBLE	CC-BY-4.0	NO	0	OPENSTAX
a1279cdpowers13	RESOLUBLE	CC-BY-4.0	NO	0	OPENSTAX
a1279cdpowers14	RESOLUBLE	CC-BY-4.0	NO	0	OPENSTAX
a1279cdpowers15	RESOLUBLE	CC-BY-4.0	NO	0	OPENSTAX
a1279cdpowers16	RESOLUBLE	CC-BY-4.0	NO	0	OPENSTAX
a1279cdpowers17	RESOLUBLE	CC-BY-4.0	NO	0	OPENSTAX
a1279cdpowers18	RESOLUBLE	CC-BY-4.0	NO	0	OPENSTAX
a1279cdpowers19	RESOLUBLE	CC-BY-4.0	NO	0	OPENSTAX
a1279cdpowers2	RESOLUBLE	CC-BY-4.0	NO	0	OPENSTAX
a1279cdpowers20	RESOLUBLE	CC-BY-4.0	NO	0	OPENSTAX
a1279cdpowers21	RESOLUBLE	CC-BY-4.0	NO	0	OPENSTAX
a1279cdpowers22	RESOLUBLE	CC-BY-4.0	NO	0	OPENSTAX
a1279cdpowers23	RESOLUBLE	CC-BY-4.0	NO	0	OPENSTAX
a1279cdpowers24	RESOLUBLE	CC-BY-4.0	NO	0	OPENSTAX
a1279cdpowers25	RESOLUBLE	CC-BY-4.0	NO	0	OPENSTAX
a1279cdpowers26	RESOLUBLE	CC-BY-4.0	NO	0	OPENSTAX
a1279cdpowers27	RESOLUBLE	CC-BY-4.0	NO	0	OPENSTAX
a1279cdpowers28	RESOLUBLE	CC-BY-4.0	NO	0	OPENSTAX
a1279cdpowers29	RESOLUBLE	CC-BY-4.0	NO	0	OPENSTAX
a1279cdpowers3	RESOLUBLE	CC-BY-4.0	NO	0	OPENSTAX
a1279cdpowers30	RESOLUBLE	CC-BY-4.0	NO	0	OPENSTAX
a1279cdpowers4	RESOLUBLE	CC-BY-4.0	NO	0	OPENSTAX
a1279cdpowers5	RESOLUBLE	CC-BY-4.0	NO	0	OPENSTAX
a1279cdpowers6	RESOLUBLE	CC-BY-4.0	NO	0	OPENSTAX
a1279cdpowers7	RESOLUBLE	CC-BY-4.0	NO	0	OPENSTAX
a1279cdpowers8	RESOLUBLE	CC-BY-4.0	NO	0	OPENSTAX
a1279cdpowers9	RESOLUBLE	CC-BY-4.0	NO	0	OPENSTAX
a132811electro1	AUSENTE	-	NO	0	NO-OPENSTAX
a132811electro10	AUSENTE	-	SI	1	NO-OPENSTAX
a132811electro2	AUSENTE	-	NO	0	NO-OPENSTAX
a132811electro3	AUSENTE	-	NO	0	NO-OPENSTAX
a132811electro4	AUSENTE	-	NO	0	NO-OPENSTAX
a132811electro5	AUSENTE	-	SI	2	NO-OPENSTAX
a132811electro6	AUSENTE	-	SI	1	NO-OPENSTAX
a132811electro7	AUSENTE	-	SI	2	NO-OPENSTAX
a132811electro8	AUSENTE	-	SI	1	NO-OPENSTAX
a132811electro9	AUSENTE	-	NO	0	NO-OPENSTAX
a137dddgre1	RESOLUBLE	CC-BY-4.0	NO	0	OPENSTAX
a137dddgre10	RESOLUBLE	CC-BY-4.0	NO	0	OPENSTAX
a137dddgre11	RESOLUBLE	CC-BY-4.0	NO	0	OPENSTAX
a137dddgre12	RESOLUBLE	CC-BY-4.0	NO	0	OPENSTAX
a137dddgre13	RESOLUBLE	CC-BY-4.0	NO	0	OPENSTAX
a137dddgre14	RESOLUBLE	CC-BY-4.0	NO	0	OPENSTAX
a137dddgre15	RESOLUBLE	CC-BY-4.0	NO	0	OPENSTAX
a137dddgre16	RESOLUBLE	CC-BY-4.0	NO	0	OPENSTAX
a137dddgre17	RESOLUBLE	CC-BY-4.0	NO	0	OPENSTAX
a137dddgre18	RESOLUBLE	CC-BY-4.0	NO	0	OPENSTAX
a137dddgre19	RESOLUBLE	CC-BY-4.0	NO	0	OPENSTAX
a137dddgre2	RESOLUBLE	CC-BY-4.0	NO	0	OPENSTAX
a137dddgre20	RESOLUBLE	CC-BY-4.0	NO	0	OPENSTAX
a137dddgre21	RESOLUBLE	CC-BY-4.0	NO	0	OPENSTAX
a137dddgre22	RESOLUBLE	CC-BY-4.0	NO	0	OPENSTAX
a137dddgre23	RESOLUBLE	CC-BY-4.0	NO	0	OPENSTAX
a137dddgre24	RESOLUBLE	CC-BY-4.0	NO	0	OPENSTAX
a137dddgre25	RESOLUBLE	CC-BY-4.0	NO	0	OPENSTAX
a137dddgre26	RESOLUBLE	CC-BY-4.0	NO	0	OPENSTAX
a137dddgre27	RESOLUBLE	CC-BY-4.0	NO	0	OPENSTAX
a137dddgre28	RESOLUBLE	CC-BY-4.0	NO	0	OPENSTAX
a137dddgre29	RESOLUBLE	CC-BY-4.0	NO	0	OPENSTAX
a137dddgre3	RESOLUBLE	CC-BY-4.0	NO	0	OPENSTAX
a137dddgre30	RESOLUBLE	CC-BY-4.0	NO	0	OPENSTAX
a137dddgre4	RESOLUBLE	CC-BY-4.0	NO	0	OPENSTAX
a137dddgre5	RESOLUBLE	CC-BY-4.0	NO	0	OPENSTAX
a137dddgre6	RESOLUBLE	CC-BY-4.0	NO	0	OPENSTAX
a137dddgre7	RESOLUBLE	CC-BY-4.0	NO	0	OPENSTAX
a137dddgre8	RESOLUBLE	CC-BY-4.0	NO	0	OPENSTAX
a137dddgre9	RESOLUBLE	CC-BY-4.0	NO	0	OPENSTAX
a1435ed10.4AIDS	RESOLUBLE	CC-BY-4.0	NO	0	OPENSTAX
a1435ed10.4biofeedback	RESOLUBLE	CC-BY-4.0	NO	0	OPENSTAX
a1435ed10.4bloodpressure	RESOLUBLE	CC-BY-4.0	NO	0	OPENSTAX
a1435ed10.4coach	RESOLUBLE	CC-BY-4.0	SI	2	OPENSTAX
a1435ed10.4drugsP-value	RESOLUBLE	CC-BY-4.0	NO	0	OPENSTAX
a1435ed10.4golf	RESOLUBLE	CC-BY-4.0	SI	1	OPENSTAX
a1435ed10.4hypnotism	RESOLUBLE	CC-BY-4.0	SI	1	OPENSTAX
a14ffbcmodeling1	RESOLUBLE	CC-BY-4.0	NO	0	OPENSTAX
a14ffbcmodeling11	RESOLUBLE	CC-BY-4.0	NO	0	OPENSTAX
a14ffbcmodeling12	RESOLUBLE	CC-BY-4.0	NO	0	OPENSTAX
a14ffbcmodeling14	RESOLUBLE	CC-BY-4.0	NO	0	OPENSTAX
a14ffbcmodeling15	RESOLUBLE	CC-BY-4.0	NO	0	OPENSTAX
a14ffbcmodeling16	RESOLUBLE	CC-BY-4.0	NO	0	OPENSTAX
a14ffbcmodeling17	RESOLUBLE	CC-BY-4.0	NO	0	OPENSTAX
a14ffbcmodeling18	RESOLUBLE	CC-BY-4.0	NO	0	OPENSTAX
a14ffbcmodeling19	RESOLUBLE	CC-BY-4.0	NO	0	OPENSTAX
a14ffbcmodeling2	RESOLUBLE	CC-BY-4.0	NO	0	OPENSTAX
a14ffbcmodeling20	RESOLUBLE	CC-BY-4.0	NO	0	OPENSTAX
a14ffbcmodeling21	RESOLUBLE	CC-BY-4.0	NO	0	OPENSTAX
a14ffbcmodeling22	RESOLUBLE	CC-BY-4.0	NO	0	OPENSTAX
a14ffbcmodeling23	RESOLUBLE	CC-BY-4.0	NO	0	OPENSTAX
a14ffbcmodeling24	RESOLUBLE	CC-BY-4.0	NO	0	OPENSTAX
a14ffbcmodeling25	RESOLUBLE	CC-BY-4.0	NO	0	OPENSTAX
a14ffbcmodeling26	RESOLUBLE	CC-BY-4.0	NO	0	OPENSTAX
a14ffbcmodeling27	RESOLUBLE	CC-BY-4.0	NO	0	OPENSTAX
a14ffbcmodeling3	RESOLUBLE	CC-BY-4.0	NO	0	OPENSTAX
a14ffbcmodeling4	RESOLUBLE	CC-BY-4.0	NO	0	OPENSTAX
a14ffbcmodeling5	RESOLUBLE	CC-BY-4.0	NO	0	OPENSTAX
a14ffbcmodeling6	RESOLUBLE	CC-BY-4.0	NO	0	OPENSTAX
a14ffbcmodeling7	RESOLUBLE	CC-BY-4.0	NO	0	OPENSTAX
a14ffbcmodeling8	RESOLUBLE	CC-BY-4.0	NO	0	OPENSTAX
a14ffbcmodeling9	RESOLUBLE	CC-BY-4.0	NO	0	OPENSTAX
a150a865.3anniversary1	RESOLUBLE	CC-BY-4.0	NO	0	OPENSTAX
a150a865.3commuters1	RESOLUBLE	CC-BY-4.0	NO	0	OPENSTAX
a150a865.3computer1	RESOLUBLE	CC-BY-4.0	SI	1	OPENSTAX
a150a865.3highway1	RESOLUBLE	CC-BY-4.0	NO	0	OPENSTAX
a150a865.3intro1	RESOLUBLE	CC-BY-4.0	NO	0	OPENSTAX
a150a865.3intro2	RESOLUBLE	CC-BY-4.0	SI	3	OPENSTAX
a150a865.3phone1	RESOLUBLE	CC-BY-4.0	NO	0	OPENSTAX
a150a865.3police1	RESOLUBLE	CC-BY-4.0	SI	1	OPENSTAX
a150a865.3repair1	RESOLUBLE	CC-BY-4.0	NO	0	OPENSTAX
a150a865.3retire1	RESOLUBLE	CC-BY-4.0	NO	0	OPENSTAX
a150a865.3runner1	RESOLUBLE	CC-BY-4.0	NO	0	OPENSTAX
a150a865.3runningshoes1	RESOLUBLE	CC-BY-4.0	NO	0	OPENSTAX
a150a865.3store1	RESOLUBLE	CC-BY-4.0	SI	1	OPENSTAX
a150a865.3traveler1	RESOLUBLE	CC-BY-4.0	NO	0	OPENSTAX
a152fa9CompletingSqr1	RESOLUBLE	CC-BY-4.0	NO	0	OPENSTAX
a152fa9Square11	RESOLUBLE	CC-BY-4.0	NO	0	OPENSTAX
a152fa9Square18	RESOLUBLE	CC-BY-4.0	NO	0	OPENSTAX
a152fa9Square20	RESOLUBLE	CC-BY-4.0	NO	0	OPENSTAX
a152fa9gaussian28	RESOLUBLE	CC-BY-4.0	NO	0	OPENSTAX
a152fa9gaussian29	RESOLUBLE	CC-BY-4.0	NO	0	OPENSTAX
a15666breview1	AUSENTE	-	NO	0	OPENSTAX
a15666breview10	AUSENTE	-	NO	0	OPENSTAX
a15666breview11	AUSENTE	-	NO	0	OPENSTAX
a15666breview12	AUSENTE	-	NO	0	OPENSTAX
a15666breview13	AUSENTE	-	NO	0	OPENSTAX
a15666breview14	AUSENTE	-	NO	0	OPENSTAX
a15666breview15	AUSENTE	-	NO	0	OPENSTAX
a15666breview16	AUSENTE	-	NO	0	OPENSTAX
a15666breview17	AUSENTE	-	NO	0	OPENSTAX
a15666breview18	AUSENTE	-	NO	0	OPENSTAX
a15666breview19	AUSENTE	-	NO	0	OPENSTAX
a15666breview2	AUSENTE	-	NO	0	OPENSTAX
a15666breview20	AUSENTE	-	NO	0	OPENSTAX
a15666breview21	AUSENTE	-	NO	0	OPENSTAX
a15666breview22	AUSENTE	-	NO	0	OPENSTAX
a15666breview23	AUSENTE	-	NO	0	OPENSTAX
a15666breview24	AUSENTE	-	NO	0	OPENSTAX
a15666breview25	AUSENTE	-	NO	0	OPENSTAX
a15666breview3	AUSENTE	-	NO	0	OPENSTAX
a15666breview4	AUSENTE	-	NO	0	OPENSTAX
a15666breview5	AUSENTE	-	NO	0	OPENSTAX
a15666breview6	AUSENTE	-	NO	0	OPENSTAX
a15666breview7	AUSENTE	-	NO	0	OPENSTAX
a15666breview8	AUSENTE	-	NO	0	OPENSTAX
a15666breview9	AUSENTE	-	NO	0	OPENSTAX
a15cd07anov1	RESOLUBLE	CC-BY-4.0	SI	1	OPENSTAX
a15cd07anov2	RESOLUBLE	CC-BY-4.0	SI	1	OPENSTAX
a15cd07anov3	RESOLUBLE	CC-BY-4.0	SI	1	OPENSTAX
a15cd07anov4	RESOLUBLE	CC-BY-4.0	SI	1	OPENSTAX
a15cd07anov5	RESOLUBLE	CC-BY-4.0	SI	1	OPENSTAX
a161552dividing1	RESOLUBLE	CC-BY-4.0	NO	0	OPENSTAX
a161552dividing10	RESOLUBLE	CC-BY-4.0	NO	0	OPENSTAX
a161552dividing3	RESOLUBLE	CC-BY-4.0	NO	0	OPENSTAX
a161552dividing4	RESOLUBLE	CC-BY-4.0	NO	0	OPENSTAX
a161552dividing5	RESOLUBLE	CC-BY-4.0	NO	0	OPENSTAX
a161552dividing6	RESOLUBLE	CC-BY-4.0	NO	0	OPENSTAX
a161552dividing7	RESOLUBLE	CC-BY-4.0	NO	0	OPENSTAX
a161552dividing8	RESOLUBLE	CC-BY-4.0	NO	0	OPENSTAX
a161552dividing9	RESOLUBLE	CC-BY-4.0	NO	0	OPENSTAX
a161552dividingpoly1	RESOLUBLE	CC-BY-4.0	NO	0	OPENSTAX
a161552dividingpoly10	RESOLUBLE	CC-BY-4.0	NO	0	OPENSTAX
a161552dividingpoly2	RESOLUBLE	CC-BY-4.0	NO	0	OPENSTAX
a161552dividingpoly3	RESOLUBLE	CC-BY-4.0	NO	0	OPENSTAX
a161552dividingpoly4	RESOLUBLE	CC-BY-4.0	NO	0	OPENSTAX
a161552dividingpoly5	RESOLUBLE	CC-BY-4.0	NO	0	OPENSTAX
a161552dividingpoly6	RESOLUBLE	CC-BY-4.0	NO	0	OPENSTAX
a161552dividingpoly7	RESOLUBLE	CC-BY-4.0	NO	0	OPENSTAX
a161552dividingpoly8	RESOLUBLE	CC-BY-4.0	NO	0	OPENSTAX
a161552dividingpoly9	RESOLUBLE	CC-BY-4.0	NO	0	OPENSTAX
a161552divpoly1	RESOLUBLE	CC-BY-4.0	SI	1	OPENSTAX
a161552divpoly10	RESOLUBLE	CC-BY-4.0	SI	1	OPENSTAX
a161552divpoly11	RESOLUBLE	CC-BY-4.0	SI	1	OPENSTAX
a161552divpoly12	RESOLUBLE	CC-BY-4.0	SI	1	OPENSTAX
a161552divpoly13	RESOLUBLE	CC-BY-4.0	SI	1	OPENSTAX
a161552divpoly14	RESOLUBLE	CC-BY-4.0	SI	1	OPENSTAX
a161552divpoly15	RESOLUBLE	CC-BY-4.0	SI	1	OPENSTAX
a161552divpoly16	RESOLUBLE	CC-BY-4.0	SI	1	OPENSTAX
a161552divpoly17	RESOLUBLE	CC-BY-4.0	SI	1	OPENSTAX
a161552divpoly18	RESOLUBLE	CC-BY-4.0	SI	1	OPENSTAX
a161552divpoly19	RESOLUBLE	CC-BY-4.0	SI	1	OPENSTAX
a161552divpoly2	RESOLUBLE	CC-BY-4.0	SI	1	OPENSTAX
a161552divpoly20	RESOLUBLE	CC-BY-4.0	SI	1	OPENSTAX
a161552divpoly21	RESOLUBLE	CC-BY-4.0	NO	0	OPENSTAX
a161552divpoly22	RESOLUBLE	CC-BY-4.0	NO	0	OPENSTAX
a161552divpoly23	RESOLUBLE	CC-BY-4.0	NO	0	OPENSTAX
a161552divpoly24	RESOLUBLE	CC-BY-4.0	NO	0	OPENSTAX
a161552divpoly25	RESOLUBLE	CC-BY-4.0	NO	0	OPENSTAX
a161552divpoly26	RESOLUBLE	CC-BY-4.0	NO	0	OPENSTAX
a161552divpoly27	RESOLUBLE	CC-BY-4.0	NO	0	OPENSTAX
a161552divpoly28	RESOLUBLE	CC-BY-4.0	NO	0	OPENSTAX
a161552divpoly29	RESOLUBLE	CC-BY-4.0	NO	0	OPENSTAX
a161552divpoly3	RESOLUBLE	CC-BY-4.0	SI	3	OPENSTAX
a161552divpoly30	RESOLUBLE	CC-BY-4.0	NO	0	OPENSTAX
a161552divpoly4	RESOLUBLE	CC-BY-4.0	SI	1	OPENSTAX
a161552divpoly5	RESOLUBLE	CC-BY-4.0	SI	1	OPENSTAX
a161552divpoly6	RESOLUBLE	CC-BY-4.0	SI	2	OPENSTAX
a161552poly1	RESOLUBLE	CC-BY-4.0	NO	0	OPENSTAX
a161552poly10	RESOLUBLE	CC-BY-4.0	NO	0	OPENSTAX
a161552poly2	RESOLUBLE	CC-BY-4.0	NO	0	OPENSTAX
a161552poly3	RESOLUBLE	CC-BY-4.0	SI	7	OPENSTAX
a161552poly4	RESOLUBLE	CC-BY-4.0	NO	0	OPENSTAX
a161552poly5	RESOLUBLE	CC-BY-4.0	NO	0	OPENSTAX
a161552poly6	RESOLUBLE	CC-BY-4.0	NO	0	OPENSTAX
a161552poly7	RESOLUBLE	CC-BY-4.0	NO	0	OPENSTAX
a161552poly8	RESOLUBLE	CC-BY-4.0	NO	0	OPENSTAX
a161552poly9	RESOLUBLE	CC-BY-4.0	NO	0	OPENSTAX
a16200bc2_1	AUSENTE	-	SI	1	NO-OPENSTAX
a16200bc2_2	AUSENTE	-	SI	1	NO-OPENSTAX
a16200bc2_3	AUSENTE	-	NO	0	NO-OPENSTAX
a16200bc2_4	AUSENTE	-	SI	4	NO-OPENSTAX
a16200bc2_5	AUSENTE	-	SI	1	NO-OPENSTAX
a16200bc2_6	AUSENTE	-	NO	0	NO-OPENSTAX
a16200bc2_7	AUSENTE	-	SI	1	NO-OPENSTAX
a16200bc2_8	AUSENTE	-	SI	1	NO-OPENSTAX
a16200bchemC1	AUSENTE	-	NO	0	NO-OPENSTAX
a16200bchemC2	AUSENTE	-	NO	0	NO-OPENSTAX
a16200bchemC3	AUSENTE	-	NO	0	NO-OPENSTAX
a16200bchemC4	AUSENTE	-	NO	0	NO-OPENSTAX
a16200bchemC5	AUSENTE	-	NO	0	NO-OPENSTAX
a16200bchemC6	AUSENTE	-	SI	1	NO-OPENSTAX
a16200bchemC7	AUSENTE	-	NO	0	NO-OPENSTAX
a16200bchemC8	AUSENTE	-	NO	0	NO-OPENSTAX
a16844emotion2d1	AUSENTE	-	NO	0	OPENSTAX
a16844emotion2d10	AUSENTE	-	NO	0	OPENSTAX
a16844emotion2d11	AUSENTE	-	NO	0	OPENSTAX
a16844emotion2d12	AUSENTE	-	NO	0	OPENSTAX
a16844emotion2d14	AUSENTE	-	NO	0	OPENSTAX
a16844emotion2d15	AUSENTE	-	NO	0	OPENSTAX
a16844emotion2d16	AUSENTE	-	NO	0	OPENSTAX
a16844emotion2d17	AUSENTE	-	NO	0	OPENSTAX
a16844emotion2d18	AUSENTE	-	NO	0	OPENSTAX
a16844emotion2d19	AUSENTE	-	NO	0	OPENSTAX
a16844emotion2d2	AUSENTE	-	NO	0	OPENSTAX
a16844emotion2d20	AUSENTE	-	NO	0	OPENSTAX
a16844emotion2d21	AUSENTE	-	NO	0	OPENSTAX
a16844emotion2d22	AUSENTE	-	NO	0	OPENSTAX
a16844emotion2d23	AUSENTE	-	NO	0	OPENSTAX
a16844emotion2d24	AUSENTE	-	NO	0	OPENSTAX
a16844emotion2d26	AUSENTE	-	NO	0	OPENSTAX
a16844emotion2d27	AUSENTE	-	NO	0	OPENSTAX
a16844emotion2d28	AUSENTE	-	NO	0	OPENSTAX
a16844emotion2d29	AUSENTE	-	NO	0	OPENSTAX
a16844emotion2d3	AUSENTE	-	NO	0	OPENSTAX
a16844emotion2d30	AUSENTE	-	NO	0	OPENSTAX
a16844emotion2d4	AUSENTE	-	NO	0	OPENSTAX
a16844emotion2d5	AUSENTE	-	NO	0	OPENSTAX
a16844emotion2d7	AUSENTE	-	NO	0	OPENSTAX
a16844emotion2d8	AUSENTE	-	NO	0	OPENSTAX
a16844emotion2d9	AUSENTE	-	NO	0	OPENSTAX
a171b3arationals1	RESOLUBLE	CC-BY-4.0	NO	0	OPENSTAX
a171b3arationals10	RESOLUBLE	CC-BY-4.0	NO	0	OPENSTAX
a171b3arationals11	RESOLUBLE	CC-BY-4.0	NO	0	OPENSTAX
a171b3arationals12	RESOLUBLE	CC-BY-4.0	NO	0	OPENSTAX
a171b3arationals13	RESOLUBLE	CC-BY-4.0	NO	0	OPENSTAX
a171b3arationals14	RESOLUBLE	CC-BY-4.0	NO	0	OPENSTAX
a171b3arationals15	RESOLUBLE	CC-BY-4.0	NO	0	OPENSTAX
a171b3arationals16	RESOLUBLE	CC-BY-4.0	NO	0	OPENSTAX
a171b3arationals17	RESOLUBLE	CC-BY-4.0	NO	0	OPENSTAX
a171b3arationals18	RESOLUBLE	CC-BY-4.0	NO	0	OPENSTAX
a171b3arationals19	RESOLUBLE	CC-BY-4.0	NO	0	OPENSTAX
a171b3arationals2	RESOLUBLE	CC-BY-4.0	NO	0	OPENSTAX
a171b3arationals20	RESOLUBLE	CC-BY-4.0	NO	0	OPENSTAX
a171b3arationals21	RESOLUBLE	CC-BY-4.0	NO	0	OPENSTAX
a171b3arationals22	RESOLUBLE	CC-BY-4.0	NO	0	OPENSTAX
a171b3arationals23	RESOLUBLE	CC-BY-4.0	NO	0	OPENSTAX
a171b3arationals24	RESOLUBLE	CC-BY-4.0	NO	0	OPENSTAX
a171b3arationals25	RESOLUBLE	CC-BY-4.0	NO	0	OPENSTAX
a171b3arationals26	RESOLUBLE	CC-BY-4.0	NO	0	OPENSTAX
a171b3arationals27	RESOLUBLE	CC-BY-4.0	NO	0	OPENSTAX
a171b3arationals28	RESOLUBLE	CC-BY-4.0	NO	0	OPENSTAX
a171b3arationals29	RESOLUBLE	CC-BY-4.0	NO	0	OPENSTAX
a171b3arationals3	RESOLUBLE	CC-BY-4.0	NO	0	OPENSTAX
a171b3arationals4	RESOLUBLE	CC-BY-4.0	NO	0	OPENSTAX
a171b3arationals5	RESOLUBLE	CC-BY-4.0	NO	0	OPENSTAX
a171b3arationals6	RESOLUBLE	CC-BY-4.0	NO	0	OPENSTAX
a171b3arationals7	RESOLUBLE	CC-BY-4.0	NO	0	OPENSTAX
a171b3arationals8	RESOLUBLE	CC-BY-4.0	NO	0	OPENSTAX
a171b3arationals9	RESOLUBLE	CC-BY-4.0	NO	0	OPENSTAX
a1797b7chem10	AUSENTE	-	NO	0	NO-OPENSTAX
a1797b7chem11	AUSENTE	-	NO	0	NO-OPENSTAX
a1797b7chem12	AUSENTE	-	NO	0	NO-OPENSTAX
a1797b7chem13	AUSENTE	-	NO	0	NO-OPENSTAX
a1797b7chem14	AUSENTE	-	NO	0	NO-OPENSTAX
a1797b7chem15	AUSENTE	-	SI	1	NO-OPENSTAX
a1797b7chem16	AUSENTE	-	NO	0	NO-OPENSTAX
a1797b7chem17	AUSENTE	-	NO	0	NO-OPENSTAX
a1797b7chem18	AUSENTE	-	NO	0	NO-OPENSTAX
a1797b7chem19	AUSENTE	-	SI	1	NO-OPENSTAX
a1797b7chem2	AUSENTE	-	SI	1	NO-OPENSTAX
a1797b7chem20	AUSENTE	-	SI	4	NO-OPENSTAX
a1797b7chem21	AUSENTE	-	SI	1	NO-OPENSTAX
a1797b7chem3	AUSENTE	-	SI	1	NO-OPENSTAX
a1797b7chem4	AUSENTE	-	SI	1	NO-OPENSTAX
a1797b7chem5	AUSENTE	-	SI	1	NO-OPENSTAX
a1797b7chem6	AUSENTE	-	NO	0	NO-OPENSTAX
a1797b7chem7	AUSENTE	-	NO	0	NO-OPENSTAX
a1797b7chem8	AUSENTE	-	NO	0	NO-OPENSTAX
a1797b7chem9	AUSENTE	-	NO	0	NO-OPENSTAX
a17ac4finverse1	AUSENTE	-	NO	0	OPENSTAX
a17ac4finverse10	AUSENTE	-	NO	0	OPENSTAX
a17ac4finverse11	AUSENTE	-	NO	0	OPENSTAX
a17ac4finverse12	AUSENTE	-	NO	0	OPENSTAX
a17ac4finverse13	AUSENTE	-	NO	0	OPENSTAX
a17ac4finverse14	AUSENTE	-	NO	0	OPENSTAX
a17ac4finverse15	AUSENTE	-	NO	0	OPENSTAX
a17ac4finverse16	AUSENTE	-	NO	0	OPENSTAX
a17ac4finverse17	AUSENTE	-	NO	0	OPENSTAX
a17ac4finverse18	AUSENTE	-	NO	0	OPENSTAX
a17ac4finverse19	AUSENTE	-	NO	0	OPENSTAX
a17ac4finverse2	AUSENTE	-	NO	0	OPENSTAX
a17ac4finverse20	AUSENTE	-	NO	0	OPENSTAX
a17ac4finverse21	AUSENTE	-	NO	0	OPENSTAX
a17ac4finverse22	AUSENTE	-	NO	0	OPENSTAX
a17ac4finverse23	AUSENTE	-	NO	0	OPENSTAX
a17ac4finverse24	AUSENTE	-	NO	0	OPENSTAX
a17ac4finverse25	AUSENTE	-	NO	0	OPENSTAX
a17ac4finverse3	AUSENTE	-	NO	0	OPENSTAX
a17ac4finverse4	AUSENTE	-	NO	0	OPENSTAX
a17ac4finverse5	AUSENTE	-	NO	0	OPENSTAX
a17ac4finverse6	AUSENTE	-	NO	0	OPENSTAX
a17ac4finverse7	AUSENTE	-	NO	0	OPENSTAX
a17ac4finverse8	AUSENTE	-	NO	0	OPENSTAX
a17ac4finverse9	AUSENTE	-	NO	0	OPENSTAX
a18455cprediction1	RESOLUBLE	CC-BY-4.0	NO	0	OPENSTAX
a18455cprediction10	RESOLUBLE	CC-BY-4.0	SI	1	OPENSTAX
a18455cprediction11	RESOLUBLE	CC-BY-4.0	SI	1	OPENSTAX
a18455cprediction12	RESOLUBLE	CC-BY-4.0	SI	1	OPENSTAX
a18455cprediction2	RESOLUBLE	CC-BY-4.0	NO	0	OPENSTAX
a18455cprediction3	RESOLUBLE	CC-BY-4.0	NO	0	OPENSTAX
a18455cprediction4	RESOLUBLE	CC-BY-4.0	SI	1	OPENSTAX
a18455cprediction5	RESOLUBLE	CC-BY-4.0	SI	1	OPENSTAX
a18455cprediction6	RESOLUBLE	CC-BY-4.0	SI	1	OPENSTAX
a18455cprediction7	RESOLUBLE	CC-BY-4.0	SI	1	OPENSTAX
a18455cprediction8	RESOLUBLE	CC-BY-4.0	SI	1	OPENSTAX
a18455cprediction9	RESOLUBLE	CC-BY-4.0	SI	1	OPENSTAX
a184b1aQuadratic1	RESOLUBLE	CC-BY-4.0	NO	0	OPENSTAX
a184b1aQuadratic10	RESOLUBLE	CC-BY-4.0	NO	0	OPENSTAX
a184b1aQuadratic11	RESOLUBLE	CC-BY-4.0	NO	0	OPENSTAX
a184b1aQuadratic12	RESOLUBLE	CC-BY-4.0	NO	0	OPENSTAX
a184b1aQuadratic13	RESOLUBLE	CC-BY-4.0	NO	0	OPENSTAX
a184b1aQuadratic14	RESOLUBLE	CC-BY-4.0	NO	0	OPENSTAX
a184b1aQuadratic15	RESOLUBLE	CC-BY-4.0	NO	0	OPENSTAX
a184b1aQuadratic16	RESOLUBLE	CC-BY-4.0	NO	0	OPENSTAX
a184b1aQuadratic17	RESOLUBLE	CC-BY-4.0	NO	0	OPENSTAX
a184b1aQuadratic18	RESOLUBLE	CC-BY-4.0	NO	0	OPENSTAX
a184b1aQuadratic19	RESOLUBLE	CC-BY-4.0	NO	0	OPENSTAX
a184b1aQuadratic2	RESOLUBLE	CC-BY-4.0	NO	0	OPENSTAX
a184b1aQuadratic20	RESOLUBLE	CC-BY-4.0	NO	0	OPENSTAX
a184b1aQuadratic21	RESOLUBLE	CC-BY-4.0	NO	0	OPENSTAX
a184b1aQuadratic22	RESOLUBLE	CC-BY-4.0	NO	0	OPENSTAX
a184b1aQuadratic23	RESOLUBLE	CC-BY-4.0	NO	0	OPENSTAX
a184b1aQuadratic24	RESOLUBLE	CC-BY-4.0	NO	0	OPENSTAX
a184b1aQuadratic25	RESOLUBLE	CC-BY-4.0	NO	0	OPENSTAX
a184b1aQuadratic26	RESOLUBLE	CC-BY-4.0	NO	0	OPENSTAX
a184b1aQuadratic27	RESOLUBLE	CC-BY-4.0	NO	0	OPENSTAX
a184b1aQuadratic28	RESOLUBLE	CC-BY-4.0	NO	0	OPENSTAX
a184b1aQuadratic29	RESOLUBLE	CC-BY-4.0	NO	0	OPENSTAX
a184b1aQuadratic3	RESOLUBLE	CC-BY-4.0	NO	0	OPENSTAX
a184b1aQuadratic30	RESOLUBLE	CC-BY-4.0	NO	0	OPENSTAX
a184b1aQuadratic4	RESOLUBLE	CC-BY-4.0	NO	0	OPENSTAX
a184b1aQuadratic5	RESOLUBLE	CC-BY-4.0	NO	0	OPENSTAX
a184b1aQuadratic6	RESOLUBLE	CC-BY-4.0	NO	0	OPENSTAX
a184b1aQuadratic7	RESOLUBLE	CC-BY-4.0	NO	0	OPENSTAX
a184b1aQuadratic8	RESOLUBLE	CC-BY-4.0	NO	0	OPENSTAX
a184b1aQuadratic9	RESOLUBLE	CC-BY-4.0	NO	0	OPENSTAX
a18a5a6slope1	RESOLUBLE	CC-BY-4.0	SI	1	OPENSTAX
a18a5a6slope10	RESOLUBLE	CC-BY-4.0	SI	1	OPENSTAX
a18a5a6slope11	RESOLUBLE	CC-BY-4.0	SI	1	OPENSTAX
a18a5a6slope12	RESOLUBLE	CC-BY-4.0	SI	1	OPENSTAX
a18a5a6slope13	RESOLUBLE	CC-BY-4.0	SI	1	OPENSTAX
a18a5a6slope14	RESOLUBLE	CC-BY-4.0	SI	1	OPENSTAX
a18a5a6slope15	RESOLUBLE	CC-BY-4.0	SI	1	OPENSTAX
a18a5a6slope16	RESOLUBLE	CC-BY-4.0	SI	1	OPENSTAX
a18a5a6slope17	RESOLUBLE	CC-BY-4.0	SI	1	OPENSTAX
a18a5a6slope18	RESOLUBLE	CC-BY-4.0	SI	1	OPENSTAX
a18a5a6slope19	RESOLUBLE	CC-BY-4.0	SI	1	OPENSTAX
a18a5a6slope2	RESOLUBLE	CC-BY-4.0	SI	1	OPENSTAX
a18a5a6slope20	RESOLUBLE	CC-BY-4.0	SI	1	OPENSTAX
a18a5a6slope3	RESOLUBLE	CC-BY-4.0	SI	1	OPENSTAX
a18a5a6slope4	RESOLUBLE	CC-BY-4.0	SI	1	OPENSTAX
a18a5a6slope5	RESOLUBLE	CC-BY-4.0	SI	1	OPENSTAX
a18a5a6slope6	RESOLUBLE	CC-BY-4.0	SI	1	OPENSTAX
a18a5a6slope7	RESOLUBLE	CC-BY-4.0	SI	1	OPENSTAX
a18a5a6slope8	RESOLUBLE	CC-BY-4.0	SI	1	OPENSTAX
a18a5a6slope9	RESOLUBLE	CC-BY-4.0	SI	1	OPENSTAX
a18ab21limits1	AUSENTE	-	SI	1	OPENSTAX
a18ab21limits10	AUSENTE	-	NO	0	OPENSTAX
a18ab21limits11	AUSENTE	-	NO	0	OPENSTAX
a18ab21limits12	AUSENTE	-	NO	0	OPENSTAX
a18ab21limits13	AUSENTE	-	NO	0	OPENSTAX
a18ab21limits14	AUSENTE	-	NO	0	OPENSTAX
a18ab21limits15	AUSENTE	-	NO	0	OPENSTAX
a18ab21limits16	AUSENTE	-	NO	0	OPENSTAX
a18ab21limits17	AUSENTE	-	NO	0	OPENSTAX
a18ab21limits18	AUSENTE	-	NO	0	OPENSTAX
a18ab21limits19	AUSENTE	-	NO	0	OPENSTAX
a18ab21limits2	AUSENTE	-	SI	1	OPENSTAX
a18ab21limits20	AUSENTE	-	NO	0	OPENSTAX
a18ab21limits21	AUSENTE	-	NO	0	OPENSTAX
a18ab21limits22	AUSENTE	-	NO	0	OPENSTAX
a18ab21limits23	AUSENTE	-	NO	0	OPENSTAX
a18ab21limits24	AUSENTE	-	NO	0	OPENSTAX
a18ab21limits25	AUSENTE	-	NO	0	OPENSTAX
a18ab21limits3	AUSENTE	-	SI	1	OPENSTAX
a18ab21limits4	AUSENTE	-	SI	1	OPENSTAX
a18ab21limits5	AUSENTE	-	SI	1	OPENSTAX
a18ab21limits6	AUSENTE	-	NO	0	OPENSTAX
a18ab21limits7	AUSENTE	-	NO	0	OPENSTAX
a18ab21limits8	AUSENTE	-	NO	0	OPENSTAX
a18ab21limits9	AUSENTE	-	NO	0	OPENSTAX
a18d102geometric1	RESOLUBLE	CC-BY-4.0	NO	0	OPENSTAX
a18d102geometric10	RESOLUBLE	CC-BY-4.0	NO	0	OPENSTAX
a18d102geometric11	RESOLUBLE	CC-BY-4.0	NO	0	OPENSTAX
a18d102geometric12	RESOLUBLE	CC-BY-4.0	NO	0	OPENSTAX
a18d102geometric13	RESOLUBLE	CC-BY-4.0	NO	0	OPENSTAX
a18d102geometric14	RESOLUBLE	CC-BY-4.0	NO	0	OPENSTAX
a18d102geometric15	RESOLUBLE	CC-BY-4.0	NO	0	OPENSTAX
a18d102geometric16	RESOLUBLE	CC-BY-4.0	NO	0	OPENSTAX
a18d102geometric17	RESOLUBLE	CC-BY-4.0	NO	0	OPENSTAX
a18d102geometric18	RESOLUBLE	CC-BY-4.0	NO	0	OPENSTAX
a18d102geometric19	RESOLUBLE	CC-BY-4.0	NO	0	OPENSTAX
a18d102geometric2	RESOLUBLE	CC-BY-4.0	NO	0	OPENSTAX
a18d102geometric20	RESOLUBLE	CC-BY-4.0	NO	0	OPENSTAX
a18d102geometric21	RESOLUBLE	CC-BY-4.0	NO	0	OPENSTAX
a18d102geometric22	RESOLUBLE	CC-BY-4.0	NO	0	OPENSTAX
a18d102geometric23	RESOLUBLE	CC-BY-4.0	NO	0	OPENSTAX
a18d102geometric24	RESOLUBLE	CC-BY-4.0	NO	0	OPENSTAX
a18d102geometric25	RESOLUBLE	CC-BY-4.0	NO	0	OPENSTAX
a18d102geometric26	RESOLUBLE	CC-BY-4.0	NO	0	OPENSTAX
a18d102geometric27	RESOLUBLE	CC-BY-4.0	NO	0	OPENSTAX
a18d102geometric28	RESOLUBLE	CC-BY-4.0	NO	0	OPENSTAX
a18d102geometric29	RESOLUBLE	CC-BY-4.0	NO	0	OPENSTAX
a18d102geometric3	RESOLUBLE	CC-BY-4.0	NO	0	OPENSTAX
a18d102geometric30	RESOLUBLE	CC-BY-4.0	NO	0	OPENSTAX
a18d102geometric4	RESOLUBLE	CC-BY-4.0	NO	0	OPENSTAX
a18d102geometric5	RESOLUBLE	CC-BY-4.0	NO	0	OPENSTAX
a18d102geometric6	RESOLUBLE	CC-BY-4.0	NO	0	OPENSTAX
a18d102geometric7	RESOLUBLE	CC-BY-4.0	NO	0	OPENSTAX
a18d102geometric8	RESOLUBLE	CC-BY-4.0	NO	0	OPENSTAX
a18d102geometric9	RESOLUBLE	CC-BY-4.0	NO	0	OPENSTAX
a18dde9partfrac1	RESOLUBLE	CC-BY-4.0	NO	0	OPENSTAX
a18dde9partfrac10	RESOLUBLE	CC-BY-4.0	NO	0	OPENSTAX
a18dde9partfrac11	RESOLUBLE	CC-BY-4.0	NO	0	OPENSTAX
a18dde9partfrac14	RESOLUBLE	CC-BY-4.0	NO	0	OPENSTAX
a18dde9partfrac15	RESOLUBLE	CC-BY-4.0	NO	0	OPENSTAX
a18dde9partfrac17	RESOLUBLE	CC-BY-4.0	NO	0	OPENSTAX
a18dde9partfrac18	RESOLUBLE	CC-BY-4.0	NO	0	OPENSTAX
a18dde9partfrac19	RESOLUBLE	CC-BY-4.0	NO	0	OPENSTAX
a18dde9partfrac2	RESOLUBLE	CC-BY-4.0	NO	0	OPENSTAX
a18dde9partfrac20	RESOLUBLE	CC-BY-4.0	NO	0	OPENSTAX
a18dde9partfrac21	RESOLUBLE	CC-BY-4.0	NO	0	OPENSTAX
a18dde9partfrac22	RESOLUBLE	CC-BY-4.0	NO	0	OPENSTAX
a18dde9partfrac23	RESOLUBLE	CC-BY-4.0	NO	0	OPENSTAX
a18dde9partfrac24	RESOLUBLE	CC-BY-4.0	NO	0	OPENSTAX
a18dde9partfrac25	RESOLUBLE	CC-BY-4.0	NO	0	OPENSTAX
a18dde9partfrac26	RESOLUBLE	CC-BY-4.0	NO	0	OPENSTAX
a18dde9partfrac27	RESOLUBLE	CC-BY-4.0	NO	0	OPENSTAX
a18dde9partfrac28	RESOLUBLE	CC-BY-4.0	NO	0	OPENSTAX
a18dde9partfrac29	RESOLUBLE	CC-BY-4.0	NO	0	OPENSTAX
a18dde9partfrac3	RESOLUBLE	CC-BY-4.0	NO	0	OPENSTAX
a18dde9partfrac30	RESOLUBLE	CC-BY-4.0	NO	0	OPENSTAX
a18dde9partfrac4	RESOLUBLE	CC-BY-4.0	NO	0	OPENSTAX
a18dde9partfrac5	RESOLUBLE	CC-BY-4.0	NO	0	OPENSTAX
a18dde9partfrac6	RESOLUBLE	CC-BY-4.0	NO	0	OPENSTAX
a18dde9partfrac7	RESOLUBLE	CC-BY-4.0	NO	0	OPENSTAX
a18dde9partfrac8	RESOLUBLE	CC-BY-4.0	NO	0	OPENSTAX
a18dde9partfrac9	RESOLUBLE	CC-BY-4.0	NO	0	OPENSTAX
a18dde9partfract12	RESOLUBLE	CC-BY-4.0	NO	0	OPENSTAX
a18dde9partfract13	RESOLUBLE	CC-BY-4.0	NO	0	OPENSTAX
a18e27bvariation1	AUSENTE	-	NO	0	OPENSTAX
a18e27bvariation10	AUSENTE	-	NO	0	OPENSTAX
a18e27bvariation11	AUSENTE	-	NO	0	OPENSTAX
a18e27bvariation12	AUSENTE	-	NO	0	OPENSTAX
a18e27bvariation13	AUSENTE	-	NO	0	OPENSTAX
a18e27bvariation14	AUSENTE	-	NO	0	OPENSTAX
a18e27bvariation15	AUSENTE	-	NO	0	OPENSTAX
a18e27bvariation16	AUSENTE	-	NO	0	OPENSTAX
a18e27bvariation17	AUSENTE	-	NO	0	OPENSTAX
a18e27bvariation18	AUSENTE	-	NO	0	OPENSTAX
a18e27bvariation19	AUSENTE	-	NO	0	OPENSTAX
a18e27bvariation2	AUSENTE	-	NO	0	OPENSTAX
a18e27bvariation20	AUSENTE	-	NO	0	OPENSTAX
a18e27bvariation21	AUSENTE	-	NO	0	OPENSTAX
a18e27bvariation22	AUSENTE	-	NO	0	OPENSTAX
a18e27bvariation23	AUSENTE	-	NO	0	OPENSTAX
a18e27bvariation24	AUSENTE	-	NO	0	OPENSTAX
a18e27bvariation25	AUSENTE	-	NO	0	OPENSTAX
a18e27bvariation26	AUSENTE	-	NO	0	OPENSTAX
a18e27bvariation27	AUSENTE	-	NO	0	OPENSTAX
a18e27bvariation28	AUSENTE	-	NO	0	OPENSTAX
a18e27bvariation29	AUSENTE	-	NO	0	OPENSTAX
a18e27bvariation3	AUSENTE	-	NO	0	OPENSTAX
a18e27bvariation30	AUSENTE	-	NO	0	OPENSTAX
a18e27bvariation4	AUSENTE	-	NO	0	OPENSTAX
a18e27bvariation5	AUSENTE	-	NO	0	OPENSTAX
a18e27bvariation6	AUSENTE	-	NO	0	OPENSTAX
a18e27bvariation7	AUSENTE	-	NO	0	OPENSTAX
a18e27bvariation8	AUSENTE	-	NO	0	OPENSTAX
a18e27bvariation9	AUSENTE	-	NO	0	OPENSTAX
a19b4c7A251-simplifylogexpressions-P01	VERSION-SIN-VARIANTE	CC4.0	NO	0	NO-OPENSTAX
a19b4c7A251-simplifylogexpressions-P02	VERSION-SIN-VARIANTE	CC4.0	NO	0	NO-OPENSTAX
a19b4c7A251-simplifylogexpressions-P03	VERSION-SIN-VARIANTE	CC4.0	NO	0	NO-OPENSTAX
a19b4c7A251-simplifylogexpressions-P04	VERSION-SIN-VARIANTE	CC4.0	NO	0	NO-OPENSTAX
a19b4c7A251-simplifylogexpressions-P05	VERSION-SIN-VARIANTE	CC4.0	NO	0	NO-OPENSTAX
a19b4c7A251-simplifylogexpressions-P06	VERSION-SIN-VARIANTE	CC4.0	NO	0	NO-OPENSTAX
a19b4c7A251-simplifylogexpressions-P07	VERSION-SIN-VARIANTE	CC4.0	NO	0	NO-OPENSTAX
a19b4c7A251-simplifylogexpressions-P08	VERSION-SIN-VARIANTE	CC4.0	NO	0	NO-OPENSTAX
a19b4c7A251-simplifylogexpressions-P09	VERSION-SIN-VARIANTE	CC4.0	NO	0	NO-OPENSTAX
a19b4c7A251-simplifylogexpressions-P10	VERSION-SIN-VARIANTE	CC4.0	NO	0	NO-OPENSTAX
a19d043polysq1	AUSENTE	-	NO	0	OPENSTAX
a19d043polysq10	AUSENTE	-	NO	0	OPENSTAX
a19d043polysq11	AUSENTE	-	NO	0	OPENSTAX
a19d043polysq12	AUSENTE	-	NO	0	OPENSTAX
a19d043polysq13	AUSENTE	-	NO	0	OPENSTAX
a19d043polysq14	AUSENTE	-	NO	0	OPENSTAX
a19d043polysq15	AUSENTE	-	NO	0	OPENSTAX
a19d043polysq2	AUSENTE	-	NO	0	OPENSTAX
a19d043polysq3	AUSENTE	-	NO	0	OPENSTAX
a19d043polysq4	AUSENTE	-	NO	0	OPENSTAX
a19d043polysq5	AUSENTE	-	NO	0	OPENSTAX
a19d043polysq6	AUSENTE	-	NO	0	OPENSTAX
a19d043polysq7	AUSENTE	-	NO	0	OPENSTAX
a19d043polysq8	AUSENTE	-	NO	0	OPENSTAX
a19d043polysq9	AUSENTE	-	NO	0	OPENSTAX
a19dceanum1	RESOLUBLE	CC-BY-4.0	NO	0	NO-OPENSTAX
a19dceanum2	RESOLUBLE	CC-BY-4.0	NO	0	NO-OPENSTAX
a19dceanum3	RESOLUBLE	CC-BY-4.0	NO	0	NO-OPENSTAX
a19dceanum4	RESOLUBLE	CC-BY-4.0	NO	0	NO-OPENSTAX
a1a1ee1measure1	RESOLUBLE	CC-BY-4.0	NO	0	OPENSTAX
a1a1ee1measure10	RESOLUBLE	CC-BY-4.0	NO	0	OPENSTAX
a1a1ee1measure11	RESOLUBLE	CC-BY-4.0	NO	0	OPENSTAX
a1a1ee1measure12	RESOLUBLE	CC-BY-4.0	NO	0	OPENSTAX
a1a1ee1measure13	RESOLUBLE	CC-BY-4.0	NO	0	OPENSTAX
a1a1ee1measure14	RESOLUBLE	CC-BY-4.0	NO	0	OPENSTAX
a1a1ee1measure15	RESOLUBLE	CC-BY-4.0	NO	0	OPENSTAX
a1a1ee1measure16	RESOLUBLE	CC-BY-4.0	NO	0	OPENSTAX
a1a1ee1measure17	RESOLUBLE	CC-BY-4.0	NO	0	OPENSTAX
a1a1ee1measure18	RESOLUBLE	CC-BY-4.0	NO	0	OPENSTAX
a1a1ee1measure19	RESOLUBLE	CC-BY-4.0	NO	0	OPENSTAX
a1a1ee1measure2	RESOLUBLE	CC-BY-4.0	NO	0	OPENSTAX
a1a1ee1measure20	RESOLUBLE	CC-BY-4.0	NO	0	OPENSTAX
a1a1ee1measure21	RESOLUBLE	CC-BY-4.0	NO	0	OPENSTAX
a1a1ee1measure22	RESOLUBLE	CC-BY-4.0	NO	0	OPENSTAX
a1a1ee1measure23	RESOLUBLE	CC-BY-4.0	NO	0	OPENSTAX
a1a1ee1measure24	RESOLUBLE	CC-BY-4.0	NO	0	OPENSTAX
a1a1ee1measure25	RESOLUBLE	CC-BY-4.0	NO	0	OPENSTAX
a1a1ee1measure26	RESOLUBLE	CC-BY-4.0	NO	0	OPENSTAX
a1a1ee1measure27	RESOLUBLE	CC-BY-4.0	NO	0	OPENSTAX
a1a1ee1measure28	RESOLUBLE	CC-BY-4.0	NO	0	OPENSTAX
a1a1ee1measure29	RESOLUBLE	CC-BY-4.0	NO	0	OPENSTAX
a1a1ee1measure3	RESOLUBLE	CC-BY-4.0	NO	0	OPENSTAX
a1a1ee1measure30	RESOLUBLE	CC-BY-4.0	NO	0	OPENSTAX
a1a1ee1measure4	RESOLUBLE	CC-BY-4.0	NO	0	OPENSTAX
a1a1ee1measure5	RESOLUBLE	CC-BY-4.0	NO	0	OPENSTAX
a1a1ee1measure6	RESOLUBLE	CC-BY-4.0	NO	0	OPENSTAX
a1a1ee1measure7	RESOLUBLE	CC-BY-4.0	NO	0	OPENSTAX
a1a1ee1measure8	RESOLUBLE	CC-BY-4.0	NO	0	OPENSTAX
a1a1ee1measure9	RESOLUBLE	CC-BY-4.0	NO	0	OPENSTAX
a1a538fpairs1	RESOLUBLE	CC-BY-4.0	NO	0	OPENSTAX
a1a538fpairs10	RESOLUBLE	CC-BY-4.0	NO	0	OPENSTAX
a1a538fpairs11	RESOLUBLE	CC-BY-4.0	NO	0	OPENSTAX
a1a538fpairs12	RESOLUBLE	CC-BY-4.0	NO	0	OPENSTAX
a1a538fpairs13	RESOLUBLE	CC-BY-4.0	NO	0	OPENSTAX
a1a538fpairs14	RESOLUBLE	CC-BY-4.0	NO	0	OPENSTAX
a1a538fpairs2	RESOLUBLE	CC-BY-4.0	NO	0	OPENSTAX
a1a538fpairs3	RESOLUBLE	CC-BY-4.0	NO	0	OPENSTAX
a1a538fpairs4	RESOLUBLE	CC-BY-4.0	NO	0	OPENSTAX
a1a538fpairs5	RESOLUBLE	CC-BY-4.0	NO	0	OPENSTAX
a1a538fpairs6	RESOLUBLE	CC-BY-4.0	NO	0	OPENSTAX
a1a538fpairs7	RESOLUBLE	CC-BY-4.0	NO	0	OPENSTAX
a1a538fpairs8	RESOLUBLE	CC-BY-4.0	NO	0	OPENSTAX
a1a538fpairs9	RESOLUBLE	CC-BY-4.0	NO	0	OPENSTAX
a1a538fsystems1	RESOLUBLE	CC-BY-4.0	NO	0	OPENSTAX
a1a538fsystems10	RESOLUBLE	CC-BY-4.0	NO	0	OPENSTAX
a1a538fsystems2	RESOLUBLE	CC-BY-4.0	NO	0	OPENSTAX
a1a538fsystems3	RESOLUBLE	CC-BY-4.0	NO	0	OPENSTAX
a1a538fsystems4	RESOLUBLE	CC-BY-4.0	NO	0	OPENSTAX
a1a538fsystems5	RESOLUBLE	CC-BY-4.0	NO	0	OPENSTAX
a1a538fsystems6	RESOLUBLE	CC-BY-4.0	NO	0	OPENSTAX
a1a538fsystems7	RESOLUBLE	CC-BY-4.0	NO	0	OPENSTAX
a1a538fsystems8	RESOLUBLE	CC-BY-4.0	NO	0	OPENSTAX
a1a538fsystems9	RESOLUBLE	CC-BY-4.0	NO	0	OPENSTAX
a1a7c70log1	RESOLUBLE	CC-BY-4.0	NO	0	OPENSTAX
a1a7c70log10	RESOLUBLE	CC-BY-4.0	NO	0	OPENSTAX
a1a7c70log11	RESOLUBLE	CC-BY-4.0	NO	0	OPENSTAX
a1a7c70log12	RESOLUBLE	CC-BY-4.0	NO	0	OPENSTAX
a1a7c70log13	RESOLUBLE	CC-BY-4.0	NO	0	OPENSTAX
a1a7c70log14	RESOLUBLE	CC-BY-4.0	NO	0	OPENSTAX
a1a7c70log15	RESOLUBLE	CC-BY-4.0	NO	0	OPENSTAX
a1a7c70log16	RESOLUBLE	CC-BY-4.0	NO	0	OPENSTAX
a1a7c70log17	RESOLUBLE	CC-BY-4.0	NO	0	OPENSTAX
a1a7c70log18	RESOLUBLE	CC-BY-4.0	NO	0	OPENSTAX
a1a7c70log19	RESOLUBLE	CC-BY-4.0	NO	0	OPENSTAX
a1a7c70log2	RESOLUBLE	CC-BY-4.0	NO	0	OPENSTAX
a1a7c70log20	RESOLUBLE	CC-BY-4.0	NO	0	OPENSTAX
a1a7c70log21	RESOLUBLE	CC-BY-4.0	NO	0	OPENSTAX
a1a7c70log22	RESOLUBLE	CC-BY-4.0	NO	0	OPENSTAX
a1a7c70log23	RESOLUBLE	CC-BY-4.0	NO	0	OPENSTAX
a1a7c70log24	RESOLUBLE	CC-BY-4.0	NO	0	OPENSTAX
a1a7c70log25	RESOLUBLE	CC-BY-4.0	NO	0	OPENSTAX
a1a7c70log26	RESOLUBLE	CC-BY-4.0	NO	0	OPENSTAX
a1a7c70log27	RESOLUBLE	CC-BY-4.0	NO	0	OPENSTAX
a1a7c70log28	RESOLUBLE	CC-BY-4.0	NO	0	OPENSTAX
a1a7c70log29	RESOLUBLE	CC-BY-4.0	NO	0	OPENSTAX
a1a7c70log3	RESOLUBLE	CC-BY-4.0	NO	0	OPENSTAX
a1a7c70log30	RESOLUBLE	CC-BY-4.0	NO	0	OPENSTAX
a1a7c70log4	RESOLUBLE	CC-BY-4.0	NO	0	OPENSTAX
a1a7c70log5	RESOLUBLE	CC-BY-4.0	NO	0	OPENSTAX
a1a7c70log6	RESOLUBLE	CC-BY-4.0	NO	0	OPENSTAX
a1a7c70log7	RESOLUBLE	CC-BY-4.0	NO	0	OPENSTAX
a1a7c70log8	RESOLUBLE	CC-BY-4.0	NO	0	OPENSTAX
a1a7c70log9	RESOLUBLE	CC-BY-4.0	NO	0	OPENSTAX
a1a9374graphExp1	RESOLUBLE	CC-BY-4.0	NO	0	OPENSTAX
a1a9374graphExp10	RESOLUBLE	CC-BY-4.0	NO	0	OPENSTAX
a1a9374graphExp11	RESOLUBLE	CC-BY-4.0	SI	2	OPENSTAX
a1a9374graphExp12	RESOLUBLE	CC-BY-4.0	SI	2	OPENSTAX
a1a9374graphExp13	RESOLUBLE	CC-BY-4.0	SI	2	OPENSTAX
a1a9374graphExp14	RESOLUBLE	CC-BY-4.0	NO	0	OPENSTAX
a1a9374graphExp15	RESOLUBLE	CC-BY-4.0	NO	0	OPENSTAX
a1a9374graphExp2	RESOLUBLE	CC-BY-4.0	NO	0	OPENSTAX
a1a9374graphExp4	RESOLUBLE	CC-BY-4.0	NO	0	OPENSTAX
a1a9374graphExp5	RESOLUBLE	CC-BY-4.0	NO	0	OPENSTAX
a1a9374graphExp6	RESOLUBLE	CC-BY-4.0	NO	0	OPENSTAX
a1a9374graphExp7	RESOLUBLE	CC-BY-4.0	NO	0	OPENSTAX
a1a9374graphExp8	RESOLUBLE	CC-BY-4.0	NO	0	OPENSTAX
a1a9374graphExp9	RESOLUBLE	CC-BY-4.0	NO	0	OPENSTAX
a1b6be2stem1	RESOLUBLE	CC-BY-4.0	SI	1	OPENSTAX
a1b6be2stem10	RESOLUBLE	CC-BY-4.0	SI	2	OPENSTAX
a1b6be2stem11	RESOLUBLE	CC-BY-4.0	SI	2	OPENSTAX
a1b6be2stem12	RESOLUBLE	CC-BY-4.0	SI	2	OPENSTAX
a1b6be2stem13	RESOLUBLE	CC-BY-4.0	SI	2	OPENSTAX
a1b6be2stem14	RESOLUBLE	CC-BY-4.0	SI	2	OPENSTAX
a1b6be2stem15	RESOLUBLE	CC-BY-4.0	SI	2	OPENSTAX
a1b6be2stem2	RESOLUBLE	CC-BY-4.0	SI	1	OPENSTAX
a1b6be2stem3	RESOLUBLE	CC-BY-4.0	SI	1	OPENSTAX
a1b6be2stem4	RESOLUBLE	CC-BY-4.0	SI	1	OPENSTAX
a1b6be2stem5	RESOLUBLE	CC-BY-4.0	SI	1	OPENSTAX
a1b6be2stem6	RESOLUBLE	CC-BY-4.0	SI	1	OPENSTAX
a1b6be2stem7	RESOLUBLE	CC-BY-4.0	SI	1	OPENSTAX
a1b6be2stem8	RESOLUBLE	CC-BY-4.0	SI	2	OPENSTAX
a1b6be2stem9	RESOLUBLE	CC-BY-4.0	SI	2	OPENSTAX
a1bb75eds100-fa19-final-Q12c	NO-ES-CESION	https://ds100.org/su26/past-exams/	NO	0	NO-OPENSTAX
a1bb75eds100-fa19-final-Q5	NO-ES-CESION	https://ds100.org/su26/past-exams/	SI	1	NO-OPENSTAX
a1bb75eds100-fa19-final-Q6	NO-ES-CESION	https://ds100.org/su26/past-exams/	NO	0	NO-OPENSTAX
a1bb75eds100-fa19-final-Q7	NO-ES-CESION	https://ds100.org/su26/past-exams/	SI	1	NO-OPENSTAX
a1bb75eds100-fa19-mt2-Q7	NO-ES-CESION	https://ds100.org/su26/past-exams/	NO	0	NO-OPENSTAX
a1bb75eds100-fa20-final-Q9	NO-ES-CESION	https://ds100.org/su26/past-exams/	SI	3	NO-OPENSTAX
a1bb75eds100-fa24-final-Q6a	NO-ES-CESION	https://ds100.org/su26/past-exams/	NO	0	NO-OPENSTAX
a1bb75eds100-sp19-final-Q5a	NO-ES-CESION	https://ds100.org/su26/past-exams/	NO	0	NO-OPENSTAX
a1bb75eds100-sp21-final-Q4a,Q4b,Q4c	NO-ES-CESION	https://ds100.org/su26/past-exams/	SI	1	NO-OPENSTAX
a1bb75eds100-sp21-final-Q9	NO-ES-CESION	https://ds100.org/su26/past-exams/	SI	6	NO-OPENSTAX
a1bb75eds100-sp24-final-Q8	NO-ES-CESION	https://ds100.org/su26/past-exams/	SI	6	NO-OPENSTAX
a1bb75eds100-sp25-final-Q3e,Q3f	NO-ES-CESION	https://ds100.org/su26/past-exams/	NO	0	NO-OPENSTAX
a1bb75eds100-su19-final-Q7	NO-ES-CESION	https://ds100.org/su26/past-exams/	NO	0	NO-OPENSTAX
a1bb75eds100-su19-final-Q8	NO-ES-CESION	https://ds100.org/su26/past-exams/	SI	2	NO-OPENSTAX
a1bb75eds100-su20-final-Q6	NO-ES-CESION	https://ds100.org/su26/past-exams/	NO	0	NO-OPENSTAX
a1bb75eds100-su20-mt2-Q7	NO-ES-CESION	https://ds100.org/su26/past-exams/	SI	2	NO-OPENSTAX
a1bb75eds100-su20-mt2-Q8	NO-ES-CESION	https://ds100.org/su26/past-exams/	NO	0	NO-OPENSTAX
a1bb75eds100-su21-final-Q6	NO-ES-CESION	https://ds100.org/su26/past-exams/	NO	0	NO-OPENSTAX
a1bb75eds100-su21-final-Q7	NO-ES-CESION	https://ds100.org/su26/past-exams/	SI	5	NO-OPENSTAX
a1bb75eds100-su25-final-Q3a,Q3b,Q3c	NO-ES-CESION	https://ds100.org/su26/past-exams/	SI	1	NO-OPENSTAX
a1c9712Sim1	RESOLUBLE	CC-BY-4.0	NO	0	OPENSTAX
a1c9712Sim10	RESOLUBLE	CC-BY-4.0	NO	0	OPENSTAX
a1c9712Sim11	RESOLUBLE	CC-BY-4.0	NO	0	OPENSTAX
a1c9712Sim12	RESOLUBLE	CC-BY-4.0	NO	0	OPENSTAX
a1c9712Sim13	RESOLUBLE	CC-BY-4.0	NO	0	OPENSTAX
a1c9712Sim14	RESOLUBLE	CC-BY-4.0	NO	0	OPENSTAX
a1c9712Sim15	RESOLUBLE	CC-BY-4.0	NO	0	OPENSTAX
a1c9712Sim2	RESOLUBLE	CC-BY-4.0	NO	0	OPENSTAX
a1c9712Sim3	RESOLUBLE	CC-BY-4.0	NO	0	OPENSTAX
a1c9712Sim4	RESOLUBLE	CC-BY-4.0	NO	0	OPENSTAX
a1c9712Sim5	RESOLUBLE	CC-BY-4.0	NO	0	OPENSTAX
a1c9712Sim6	RESOLUBLE	CC-BY-4.0	NO	0	OPENSTAX
a1c9712Sim7	RESOLUBLE	CC-BY-4.0	NO	0	OPENSTAX
a1c9712Sim8	RESOLUBLE	CC-BY-4.0	NO	0	OPENSTAX
a1c9712Sim9	RESOLUBLE	CC-BY-4.0	NO	0	OPENSTAX
a1cc0dcareas1	AUSENTE	-	SI	1	OPENSTAX
a1cc0dcareas10	AUSENTE	-	NO	0	OPENSTAX
a1cc0dcareas11	AUSENTE	-	SI	1	OPENSTAX
a1cc0dcareas2	AUSENTE	-	SI	1	OPENSTAX
a1cc0dcareas3	AUSENTE	-	SI	1	OPENSTAX
a1cc0dcareas4	AUSENTE	-	SI	1	OPENSTAX
a1cc0dcareas5	AUSENTE	-	SI	1	OPENSTAX
a1cc0dcareas6	AUSENTE	-	SI	1	OPENSTAX
a1cc0dcareas7	AUSENTE	-	SI	1	OPENSTAX
a1cc0dcareas8	AUSENTE	-	SI	1	OPENSTAX
a1cc0dcareas9	AUSENTE	-	NO	0	OPENSTAX
a1dc8b2Rational13	RESOLUBLE	CC-BY-4.0	NO	0	OPENSTAX
a1dc8b2Rational14	RESOLUBLE	CC-BY-4.0	NO	0	OPENSTAX
a1def42clt1	RESOLUBLE	CC-BY-4.0	NO	0	OPENSTAX
a1def42clt10	RESOLUBLE	CC-BY-4.0	NO	0	OPENSTAX
a1def42clt11	RESOLUBLE	CC-BY-4.0	NO	0	OPENSTAX
a1def42clt12	RESOLUBLE	CC-BY-4.0	NO	0	OPENSTAX
a1def42clt13	RESOLUBLE	CC-BY-4.0	NO	0	OPENSTAX
a1def42clt14	RESOLUBLE	CC-BY-4.0	NO	0	OPENSTAX
a1def42clt15	RESOLUBLE	CC-BY-4.0	NO	0	OPENSTAX
a1def42clt2	RESOLUBLE	CC-BY-4.0	NO	0	OPENSTAX
a1def42clt3	RESOLUBLE	CC-BY-4.0	NO	0	OPENSTAX
a1def42clt4	RESOLUBLE	CC-BY-4.0	NO	0	OPENSTAX
a1def42clt5	RESOLUBLE	CC-BY-4.0	NO	0	OPENSTAX
a1def42clt6	RESOLUBLE	CC-BY-4.0	NO	0	OPENSTAX
a1def42clt7	RESOLUBLE	CC-BY-4.0	NO	0	OPENSTAX
a1def42clt8	RESOLUBLE	CC-BY-4.0	NO	0	OPENSTAX
a1def42clt9	RESOLUBLE	CC-BY-4.0	NO	0	OPENSTAX
a1ee7a8quadratics1	RESOLUBLE	CC-BY-4.0	NO	0	OPENSTAX
a1ee7a8quadratics10	RESOLUBLE	CC-BY-4.0	NO	0	OPENSTAX
a1ee7a8quadratics11	RESOLUBLE	CC-BY-4.0	NO	0	OPENSTAX
a1ee7a8quadratics12	RESOLUBLE	CC-BY-4.0	NO	0	OPENSTAX
a1ee7a8quadratics13	RESOLUBLE	CC-BY-4.0	NO	0	OPENSTAX
a1ee7a8quadratics14	RESOLUBLE	CC-BY-4.0	NO	0	OPENSTAX
a1ee7a8quadratics15	RESOLUBLE	CC-BY-4.0	NO	0	OPENSTAX
a1ee7a8quadratics16	RESOLUBLE	CC-BY-4.0	NO	0	OPENSTAX
a1ee7a8quadratics17	RESOLUBLE	CC-BY-4.0	NO	0	OPENSTAX
a1ee7a8quadratics18	RESOLUBLE	CC-BY-4.0	NO	0	OPENSTAX
a1ee7a8quadratics19	RESOLUBLE	CC-BY-4.0	NO	0	OPENSTAX
a1ee7a8quadratics2	RESOLUBLE	CC-BY-4.0	NO	0	OPENSTAX
a1ee7a8quadratics20	RESOLUBLE	CC-BY-4.0	NO	0	OPENSTAX
a1ee7a8quadratics21	RESOLUBLE	CC-BY-4.0	NO	0	OPENSTAX
a1ee7a8quadratics22	RESOLUBLE	CC-BY-4.0	NO	0	OPENSTAX
a1ee7a8quadratics23	RESOLUBLE	CC-BY-4.0	NO	0	OPENSTAX
a1ee7a8quadratics24	RESOLUBLE	CC-BY-4.0	NO	0	OPENSTAX
a1ee7a8quadratics25	RESOLUBLE	CC-BY-4.0	NO	0	OPENSTAX
a1ee7a8quadratics26	RESOLUBLE	CC-BY-4.0	NO	0	OPENSTAX
a1ee7a8quadratics27	RESOLUBLE	CC-BY-4.0	NO	0	OPENSTAX
a1ee7a8quadratics28	RESOLUBLE	CC-BY-4.0	NO	0	OPENSTAX
a1ee7a8quadratics29	RESOLUBLE	CC-BY-4.0	NO	0	OPENSTAX
a1ee7a8quadratics3	RESOLUBLE	CC-BY-4.0	NO	0	OPENSTAX
a1ee7a8quadratics30	RESOLUBLE	CC-BY-4.0	NO	0	OPENSTAX
a1ee7a8quadratics4	RESOLUBLE	CC-BY-4.0	NO	0	OPENSTAX
a1ee7a8quadratics5	RESOLUBLE	CC-BY-4.0	NO	0	OPENSTAX
a1ee7a8quadratics6	RESOLUBLE	CC-BY-4.0	NO	0	OPENSTAX
a1ee7a8quadratics7	RESOLUBLE	CC-BY-4.0	NO	0	OPENSTAX
a1ee7a8quadratics8	RESOLUBLE	CC-BY-4.0	NO	0	OPENSTAX
a1ee7a8quadratics9	RESOLUBLE	CC-BY-4.0	NO	0	OPENSTAX
a1f0162sequences1	RESOLUBLE	CC-BY-4.0	NO	0	OPENSTAX
a1f0162sequences10	RESOLUBLE	CC-BY-4.0	SI	1	OPENSTAX
a1f0162sequences11	RESOLUBLE	CC-BY-4.0	SI	1	OPENSTAX
a1f0162sequences12	RESOLUBLE	CC-BY-4.0	SI	1	OPENSTAX
a1f0162sequences13	RESOLUBLE	CC-BY-4.0	SI	1	OPENSTAX
a1f0162sequences14	RESOLUBLE	CC-BY-4.0	SI	1	OPENSTAX
a1f0162sequences15	RESOLUBLE	CC-BY-4.0	SI	1	OPENSTAX
a1f0162sequences16	RESOLUBLE	CC-BY-4.0	NO	0	OPENSTAX
a1f0162sequences17	RESOLUBLE	CC-BY-4.0	NO	0	OPENSTAX
a1f0162sequences18	RESOLUBLE	CC-BY-4.0	NO	0	OPENSTAX
a1f0162sequences19	RESOLUBLE	CC-BY-4.0	NO	0	OPENSTAX
a1f0162sequences2	RESOLUBLE	CC-BY-4.0	SI	1	OPENSTAX
a1f0162sequences20	RESOLUBLE	CC-BY-4.0	NO	0	OPENSTAX
a1f0162sequences21	RESOLUBLE	CC-BY-4.0	NO	0	OPENSTAX
a1f0162sequences22	RESOLUBLE	CC-BY-4.0	NO	0	OPENSTAX
a1f0162sequences23	RESOLUBLE	CC-BY-4.0	NO	0	OPENSTAX
a1f0162sequences24	RESOLUBLE	CC-BY-4.0	NO	0	OPENSTAX
a1f0162sequences25	RESOLUBLE	CC-BY-4.0	NO	0	OPENSTAX
a1f0162sequences26	RESOLUBLE	CC-BY-4.0	NO	0	OPENSTAX
a1f0162sequences27	RESOLUBLE	CC-BY-4.0	NO	0	OPENSTAX
a1f0162sequences28	RESOLUBLE	CC-BY-4.0	NO	0	OPENSTAX
a1f0162sequences29	RESOLUBLE	CC-BY-4.0	NO	0	OPENSTAX
a1f0162sequences3	RESOLUBLE	CC-BY-4.0	SI	1	OPENSTAX
a1f0162sequences30	RESOLUBLE	CC-BY-4.0	NO	0	OPENSTAX
a1f0162sequences4	RESOLUBLE	CC-BY-4.0	SI	1	OPENSTAX
a1f0162sequences5	AUSENTE	-	SI	1	OPENSTAX
a1f0162sequences6	AUSENTE	-	SI	1	OPENSTAX
a1f0162sequences7	RESOLUBLE	CC-BY-4.0	NO	0	OPENSTAX
a1f0162sequences8	RESOLUBLE	CC-BY-4.0	NO	0	OPENSTAX
a1f0162sequences9	RESOLUBLE	CC-BY-4.0	SI	1	OPENSTAX
a1f1064rev1	RESOLUBLE	CC-BY-4.0	SI	30	NO-OPENSTAX
a1f1064rev2	RESOLUBLE	CC-BY-4.0	SI	1	NO-OPENSTAX
a1f1064rev3	RESOLUBLE	CC-BY-4.0	NO	0	NO-OPENSTAX
a1f1064rev4	RESOLUBLE	CC-BY-4.0	NO	0	NO-OPENSTAX
a1f1064rev5	RESOLUBLE	CC-BY-4.0	SI	22	NO-OPENSTAX
a1f1064rev6	RESOLUBLE	CC-BY-4.0	SI	7	NO-OPENSTAX
a1f1064rev7	RESOLUBLE	CC-BY-4.0	SI	10	NO-OPENSTAX
a1f32dfFormula1	RESOLUBLE	CC-BY-4.0	NO	0	OPENSTAX
a1f32dfFormula10	RESOLUBLE	CC-BY-4.0	NO	0	OPENSTAX
a1f32dfFormula11	RESOLUBLE	CC-BY-4.0	NO	0	OPENSTAX
a1f32dfFormula12	RESOLUBLE	CC-BY-4.0	NO	0	OPENSTAX
a1f32dfFormula13	RESOLUBLE	CC-BY-4.0	NO	0	OPENSTAX
a1f32dfFormula14	RESOLUBLE	CC-BY-4.0	NO	0	OPENSTAX
a1f32dfFormula15	RESOLUBLE	CC-BY-4.0	NO	0	OPENSTAX
a1f32dfFormula16	RESOLUBLE	CC-BY-4.0	NO	0	OPENSTAX
a1f32dfFormula17	RESOLUBLE	CC-BY-4.0	NO	0	OPENSTAX
a1f32dfFormula18	RESOLUBLE	CC-BY-4.0	NO	0	OPENSTAX
a1f32dfFormula19	RESOLUBLE	CC-BY-4.0	NO	0	OPENSTAX
a1f32dfFormula2	RESOLUBLE	CC-BY-4.0	NO	0	OPENSTAX
a1f32dfFormula20	RESOLUBLE	CC-BY-4.0	NO	0	OPENSTAX
a1f32dfFormula21	RESOLUBLE	CC-BY-4.0	NO	0	OPENSTAX
a1f32dfFormula22	RESOLUBLE	CC-BY-4.0	NO	0	OPENSTAX
a1f32dfFormula23	RESOLUBLE	CC-BY-4.0	NO	0	OPENSTAX
a1f32dfFormula24	RESOLUBLE	CC-BY-4.0	NO	0	OPENSTAX
a1f32dfFormula25	RESOLUBLE	CC-BY-4.0	NO	0	OPENSTAX
a1f32dfFormula26	RESOLUBLE	CC-BY-4.0	NO	0	OPENSTAX
a1f32dfFormula27	RESOLUBLE	CC-BY-4.0	NO	0	OPENSTAX
a1f32dfFormula28	RESOLUBLE	CC-BY-4.0	NO	0	OPENSTAX
a1f32dfFormula29	RESOLUBLE	CC-BY-4.0	NO	0	OPENSTAX
a1f32dfFormula3	RESOLUBLE	CC-BY-4.0	NO	0	OPENSTAX
a1f32dfFormula30	RESOLUBLE	CC-BY-4.0	NO	0	OPENSTAX
a1f32dfFormula31	RESOLUBLE	CC-BY-4.0	NO	0	OPENSTAX
a1f32dfFormula4	RESOLUBLE	CC-BY-4.0	NO	0	OPENSTAX
a1f32dfFormula5	RESOLUBLE	CC-BY-4.0	NO	0	OPENSTAX
a1f32dfFormula6	RESOLUBLE	CC-BY-4.0	NO	0	OPENSTAX
a1f32dfFormula7	RESOLUBLE	CC-BY-4.0	NO	0	OPENSTAX
a1f32dfFormula8	RESOLUBLE	CC-BY-4.0	NO	0	OPENSTAX
a1f32dfFormula9	RESOLUBLE	CC-BY-4.0	NO	0	OPENSTAX
a1f74d6coordinates1	RESOLUBLE	CC-BY-4.0	NO	0	OPENSTAX
a1f74d6coordinates10	RESOLUBLE	CC-BY-4.0	NO	0	OPENSTAX
a1f74d6coordinates11	RESOLUBLE	CC-BY-4.0	NO	0	OPENSTAX
a1f74d6coordinates12	RESOLUBLE	CC-BY-4.0	NO	0	OPENSTAX
a1f74d6coordinates13	RESOLUBLE	CC-BY-4.0	NO	0	OPENSTAX
a1f74d6coordinates14	RESOLUBLE	CC-BY-4.0	NO	0	OPENSTAX
a1f74d6coordinates15	RESOLUBLE	CC-BY-4.0	NO	0	OPENSTAX
a1f74d6coordinates16	RESOLUBLE	CC-BY-4.0	NO	0	OPENSTAX
a1f74d6coordinates17	RESOLUBLE	CC-BY-4.0	NO	0	OPENSTAX
a1f74d6coordinates18	RESOLUBLE	CC-BY-4.0	NO	0	OPENSTAX
a1f74d6coordinates19	RESOLUBLE	CC-BY-4.0	NO	0	OPENSTAX
a1f74d6coordinates2	RESOLUBLE	CC-BY-4.0	NO	0	OPENSTAX
a1f74d6coordinates20	RESOLUBLE	CC-BY-4.0	NO	0	OPENSTAX
a1f74d6coordinates21	RESOLUBLE	CC-BY-4.0	NO	0	OPENSTAX
a1f74d6coordinates22	RESOLUBLE	CC-BY-4.0	NO	0	OPENSTAX
a1f74d6coordinates23	RESOLUBLE	CC-BY-4.0	NO	0	OPENSTAX
a1f74d6coordinates24	RESOLUBLE	CC-BY-4.0	NO	0	OPENSTAX
a1f74d6coordinates25	RESOLUBLE	CC-BY-4.0	NO	0	OPENSTAX
a1f74d6coordinates26	RESOLUBLE	CC-BY-4.0	NO	0	OPENSTAX
a1f74d6coordinates27	RESOLUBLE	CC-BY-4.0	NO	0	OPENSTAX
a1f74d6coordinates28	RESOLUBLE	CC-BY-4.0	NO	0	OPENSTAX
a1f74d6coordinates29	RESOLUBLE	CC-BY-4.0	NO	0	OPENSTAX
a1f74d6coordinates3	RESOLUBLE	CC-BY-4.0	NO	0	OPENSTAX
a1f74d6coordinates30	RESOLUBLE	CC-BY-4.0	NO	0	OPENSTAX
a1f74d6coordinates4	RESOLUBLE	CC-BY-4.0	NO	0	OPENSTAX
a1f74d6coordinates5	RESOLUBLE	CC-BY-4.0	NO	0	OPENSTAX
a1f74d6coordinates6	RESOLUBLE	CC-BY-4.0	NO	0	OPENSTAX
a1f74d6coordinates7	RESOLUBLE	CC-BY-4.0	NO	0	OPENSTAX
a1f74d6coordinates8	RESOLUBLE	CC-BY-4.0	NO	0	OPENSTAX
a1f74d6coordinates9	RESOLUBLE	CC-BY-4.0	NO	0	OPENSTAX
a1f9370SolvingFormul1	RESOLUBLE	CC-BY-4.0	NO	0	OPENSTAX
a1f9370SolvingFormul10	RESOLUBLE	CC-BY-4.0	NO	0	OPENSTAX
a1f9370SolvingFormul11	RESOLUBLE	CC-BY-4.0	NO	0	OPENSTAX
a1f9370SolvingFormul12	RESOLUBLE	CC-BY-4.0	NO	0	OPENSTAX
a1f9370SolvingFormul13	RESOLUBLE	CC-BY-4.0	NO	0	OPENSTAX
a1f9370SolvingFormul14	RESOLUBLE	CC-BY-4.0	NO	0	OPENSTAX
a1f9370SolvingFormul15	RESOLUBLE	CC-BY-4.0	NO	0	OPENSTAX
a1f9370SolvingFormul16	RESOLUBLE	CC-BY-4.0	NO	0	OPENSTAX
a1f9370SolvingFormul17	RESOLUBLE	CC-BY-4.0	NO	0	OPENSTAX
a1f9370SolvingFormul18	RESOLUBLE	CC-BY-4.0	NO	0	OPENSTAX
a1f9370SolvingFormul19	RESOLUBLE	CC-BY-4.0	NO	0	OPENSTAX
a1f9370SolvingFormul2	RESOLUBLE	CC-BY-4.0	NO	0	OPENSTAX
a1f9370SolvingFormul20	RESOLUBLE	CC-BY-4.0	NO	0	OPENSTAX
a1f9370SolvingFormul21	RESOLUBLE	CC-BY-4.0	NO	0	OPENSTAX
a1f9370SolvingFormul22	RESOLUBLE	CC-BY-4.0	NO	0	OPENSTAX
a1f9370SolvingFormul23	RESOLUBLE	CC-BY-4.0	NO	0	OPENSTAX
a1f9370SolvingFormul24	RESOLUBLE	CC-BY-4.0	NO	0	OPENSTAX
a1f9370SolvingFormul25	RESOLUBLE	CC-BY-4.0	NO	0	OPENSTAX
a1f9370SolvingFormul26	RESOLUBLE	CC-BY-4.0	NO	0	OPENSTAX
a1f9370SolvingFormul27	RESOLUBLE	CC-BY-4.0	NO	0	OPENSTAX
a1f9370SolvingFormul28	RESOLUBLE	CC-BY-4.0	NO	0	OPENSTAX
a1f9370SolvingFormul29	RESOLUBLE	CC-BY-4.0	NO	0	OPENSTAX
a1f9370SolvingFormul3	RESOLUBLE	CC-BY-4.0	NO	0	OPENSTAX
a1f9370SolvingFormul30	RESOLUBLE	CC-BY-4.0	NO	0	OPENSTAX
a1f9370SolvingFormul4	RESOLUBLE	CC-BY-4.0	NO	0	OPENSTAX
a1f9370SolvingFormul5	RESOLUBLE	CC-BY-4.0	NO	0	OPENSTAX
a1f9370SolvingFormul6	RESOLUBLE	CC-BY-4.0	NO	0	OPENSTAX
a1f9370SolvingFormul7	RESOLUBLE	CC-BY-4.0	NO	0	OPENSTAX
a1f9370SolvingFormul8	RESOLUBLE	CC-BY-4.0	NO	0	OPENSTAX
a1f9370SolvingFormul9	RESOLUBLE	CC-BY-4.0	NO	0	OPENSTAX
a1fac02a1cc0dcareas3	RESOLUBLE	CC-BY-4.0	SI	1	NO-OPENSTAX
a1fac02a1cc0dcareas4	RESOLUBLE	CC-BY-4.0	SI	1	NO-OPENSTAX
a20771equad1	RESOLUBLE	CC-BY-4.0	NO	0	OPENSTAX
a20771equad10	RESOLUBLE	CC-BY-4.0	NO	0	OPENSTAX
a20771equad11	RESOLUBLE	CC-BY-4.0	NO	0	OPENSTAX
a20771equad12	RESOLUBLE	CC-BY-4.0	NO	0	OPENSTAX
a20771equad13	RESOLUBLE	CC-BY-4.0	NO	0	OPENSTAX
a20771equad14	RESOLUBLE	CC-BY-4.0	NO	0	OPENSTAX
a20771equad15	RESOLUBLE	CC-BY-4.0	NO	0	OPENSTAX
a20771equad16	RESOLUBLE	CC-BY-4.0	NO	0	OPENSTAX
a20771equad17	RESOLUBLE	CC-BY-4.0	NO	0	OPENSTAX
a20771equad18	RESOLUBLE	CC-BY-4.0	NO	0	OPENSTAX
a20771equad19	RESOLUBLE	CC-BY-4.0	SI	1	OPENSTAX
a20771equad2	RESOLUBLE	CC-BY-4.0	NO	0	OPENSTAX
a20771equad20	RESOLUBLE	CC-BY-4.0	NO	0	OPENSTAX
a20771equad21	RESOLUBLE	CC-BY-4.0	NO	0	OPENSTAX
a20771equad22	RESOLUBLE	CC-BY-4.0	NO	0	OPENSTAX
a20771equad23	RESOLUBLE	CC-BY-4.0	NO	0	OPENSTAX
a20771equad24	RESOLUBLE	CC-BY-4.0	NO	0	OPENSTAX
a20771equad25	RESOLUBLE	CC-BY-4.0	NO	0	OPENSTAX
a20771equad26	RESOLUBLE	CC-BY-4.0	NO	0	OPENSTAX
a20771equad27	RESOLUBLE	CC-BY-4.0	NO	0	OPENSTAX
a20771equad28	RESOLUBLE	CC-BY-4.0	NO	0	OPENSTAX
a20771equad29	RESOLUBLE	CC-BY-4.0	NO	0	OPENSTAX
a20771equad3	RESOLUBLE	CC-BY-4.0	NO	0	OPENSTAX
a20771equad30	RESOLUBLE	CC-BY-4.0	NO	0	OPENSTAX
a20771equad31	RESOLUBLE	CC-BY-4.0	NO	0	OPENSTAX
a20771equad32	RESOLUBLE	CC-BY-4.0	NO	0	OPENSTAX
a20771equad33	RESOLUBLE	CC-BY-4.0	NO	0	OPENSTAX
a20771equad34	RESOLUBLE	CC-BY-4.0	NO	0	OPENSTAX
a20771equad35	RESOLUBLE	CC-BY-4.0	NO	0	OPENSTAX
a20771equad36	RESOLUBLE	CC-BY-4.0	NO	0	OPENSTAX
a20771equad37	RESOLUBLE	CC-BY-4.0	NO	0	OPENSTAX
a20771equad38	RESOLUBLE	CC-BY-4.0	NO	0	OPENSTAX
a20771equad39	RESOLUBLE	CC-BY-4.0	NO	0	OPENSTAX
a20771equad4	RESOLUBLE	CC-BY-4.0	NO	0	OPENSTAX
a20771equad40	RESOLUBLE	CC-BY-4.0	NO	0	OPENSTAX
a20771equad5	RESOLUBLE	CC-BY-4.0	NO	0	OPENSTAX
a20771equad6	RESOLUBLE	CC-BY-4.0	NO	0	OPENSTAX
a20771equad7	RESOLUBLE	CC-BY-4.0	NO	0	OPENSTAX
a20771equad8	RESOLUBLE	CC-BY-4.0	NO	0	OPENSTAX
a20771equad9	RESOLUBLE	CC-BY-4.0	NO	0	OPENSTAX
a2101f5T332-trigcomp-P01	VERSION-SIN-VARIANTE	CC4.0	SI	2	NO-OPENSTAX
a2101f5T332-trigcomp-P02	VERSION-SIN-VARIANTE	CC4.0	SI	2	NO-OPENSTAX
a2101f5T332-trigcomp-P03	VERSION-SIN-VARIANTE	CC4.0	SI	3	NO-OPENSTAX
a2101f5T332-trigcomp-P04	VERSION-SIN-VARIANTE	CC4.0	SI	3	NO-OPENSTAX
a2101f5T332-trigcomp-P05	VERSION-SIN-VARIANTE	CC4.0	SI	3	NO-OPENSTAX
a2101f5T332-trigcomp-P06	VERSION-SIN-VARIANTE	CC4.0	SI	3	NO-OPENSTAX
a23945econtingency1	RESOLUBLE	CC-BY-4.0	NO	0	OPENSTAX
a23945econtingency10	RESOLUBLE	CC-BY-4.0	NO	0	OPENSTAX
a23945econtingency11	RESOLUBLE	CC-BY-4.0	NO	0	OPENSTAX
a23945econtingency12	RESOLUBLE	CC-BY-4.0	NO	0	OPENSTAX
a23945econtingency13	RESOLUBLE	CC-BY-4.0	NO	0	OPENSTAX
a23945econtingency14	RESOLUBLE	CC-BY-4.0	NO	0	OPENSTAX
a23945econtingency15	RESOLUBLE	CC-BY-4.0	NO	0	OPENSTAX
a23945econtingency16	RESOLUBLE	CC-BY-4.0	NO	0	OPENSTAX
a23945econtingency17	RESOLUBLE	CC-BY-4.0	NO	0	OPENSTAX
a23945econtingency18	RESOLUBLE	CC-BY-4.0	NO	0	OPENSTAX
a23945econtingency19	RESOLUBLE	CC-BY-4.0	NO	0	OPENSTAX
a23945econtingency2	RESOLUBLE	CC-BY-4.0	NO	0	OPENSTAX
a23945econtingency20	RESOLUBLE	CC-BY-4.0	NO	0	OPENSTAX
a23945econtingency21	RESOLUBLE	CC-BY-4.0	NO	0	OPENSTAX
a23945econtingency22	RESOLUBLE	CC-BY-4.0	NO	0	OPENSTAX
a23945econtingency23	RESOLUBLE	CC-BY-4.0	NO	0	OPENSTAX
a23945econtingency24	RESOLUBLE	CC-BY-4.0	NO	0	OPENSTAX
a23945econtingency25	RESOLUBLE	CC-BY-4.0	NO	0	OPENSTAX
a23945econtingency3	RESOLUBLE	CC-BY-4.0	NO	0	OPENSTAX
a23945econtingency4	RESOLUBLE	CC-BY-4.0	NO	0	OPENSTAX
a23945econtingency5	RESOLUBLE	CC-BY-4.0	NO	0	OPENSTAX
a23945econtingency6	RESOLUBLE	CC-BY-4.0	NO	0	OPENSTAX
a23945econtingency7	RESOLUBLE	CC-BY-4.0	NO	0	OPENSTAX
a23945econtingency8	RESOLUBLE	CC-BY-4.0	NO	0	OPENSTAX
a23945econtingency9	RESOLUBLE	CC-BY-4.0	NO	0	OPENSTAX
a23b17fderiv1	AUSENTE	-	NO	0	OPENSTAX
a23b17fderiv10	AUSENTE	-	NO	0	OPENSTAX
a23b17fderiv11	AUSENTE	-	NO	0	OPENSTAX
a23b17fderiv12	AUSENTE	-	NO	0	OPENSTAX
a23b17fderiv13	AUSENTE	-	NO	0	OPENSTAX
a23b17fderiv14	AUSENTE	-	NO	0	OPENSTAX
a23b17fderiv15	AUSENTE	-	NO	0	OPENSTAX
a23b17fderiv16	AUSENTE	-	NO	0	OPENSTAX
a23b17fderiv17	AUSENTE	-	NO	0	OPENSTAX
a23b17fderiv18	AUSENTE	-	NO	0	OPENSTAX
a23b17fderiv19	AUSENTE	-	NO	0	OPENSTAX
a23b17fderiv2	AUSENTE	-	NO	0	OPENSTAX
a23b17fderiv20	AUSENTE	-	NO	0	OPENSTAX
a23b17fderiv21	AUSENTE	-	NO	0	OPENSTAX
a23b17fderiv22	AUSENTE	-	NO	0	OPENSTAX
a23b17fderiv23	AUSENTE	-	NO	0	OPENSTAX
a23b17fderiv24	AUSENTE	-	NO	0	OPENSTAX
a23b17fderiv25	AUSENTE	-	NO	0	OPENSTAX
a23b17fderiv3	AUSENTE	-	NO	0	OPENSTAX
a23b17fderiv4	AUSENTE	-	NO	0	OPENSTAX
a23b17fderiv5	AUSENTE	-	NO	0	OPENSTAX
a23b17fderiv6	AUSENTE	-	NO	0	OPENSTAX
a23b17fderiv7	AUSENTE	-	NO	0	OPENSTAX
a23b17fderiv8	AUSENTE	-	NO	0	OPENSTAX
a23b17fderiv9	AUSENTE	-	NO	0	OPENSTAX
a23b17fderivative1	AUSENTE	-	NO	0	OPENSTAX
a23b17fderivative2	AUSENTE	-	NO	0	OPENSTAX
a23b17fderivative3	AUSENTE	-	NO	0	OPENSTAX
a23b17fderivative4	AUSENTE	-	NO	0	OPENSTAX
a23b17fderivative5	AUSENTE	-	NO	0	OPENSTAX
a23b17fderivativetangent1	AUSENTE	-	NO	0	OPENSTAX
a23b17fderivativetangent2	AUSENTE	-	NO	0	OPENSTAX
a23b17fderivativetangent3	AUSENTE	-	NO	0	OPENSTAX
a23b17fderivativetangent4	AUSENTE	-	NO	0	OPENSTAX
a23b17ftangentline1	AUSENTE	-	NO	0	OPENSTAX
a23b17ftangentline2	AUSENTE	-	NO	0	OPENSTAX
a23b17ftangentline3	AUSENTE	-	NO	0	OPENSTAX
a23b17ftangentline4	AUSENTE	-	NO	0	OPENSTAX
a23b17ftangentline5	AUSENTE	-	NO	0	OPENSTAX
a23b17ftangentline6	AUSENTE	-	NO	0	OPENSTAX
a23b17ftangentline7	AUSENTE	-	NO	0	OPENSTAX
a23b17ftangentline8	AUSENTE	-	NO	0	OPENSTAX
a23b17fvelocity1	AUSENTE	-	NO	0	OPENSTAX
a23c2f8Fraction1	RESOLUBLE	CC-BY-4.0	NO	0	OPENSTAX
a23c2f8Fraction10	RESOLUBLE	CC-BY-4.0	NO	0	OPENSTAX
a23c2f8Fraction11	RESOLUBLE	CC-BY-4.0	NO	0	OPENSTAX
a23c2f8Fraction12	RESOLUBLE	CC-BY-4.0	NO	0	OPENSTAX
a23c2f8Fraction13	RESOLUBLE	CC-BY-4.0	NO	0	OPENSTAX
a23c2f8Fraction14	RESOLUBLE	CC-BY-4.0	NO	0	OPENSTAX
a23c2f8Fraction15	RESOLUBLE	CC-BY-4.0	NO	0	OPENSTAX
a23c2f8Fraction2	RESOLUBLE	CC-BY-4.0	NO	0	OPENSTAX
a23c2f8Fraction3	RESOLUBLE	CC-BY-4.0	NO	0	OPENSTAX
a23c2f8Fraction4	RESOLUBLE	CC-BY-4.0	NO	0	OPENSTAX
a23c2f8Fraction5	RESOLUBLE	CC-BY-4.0	NO	0	OPENSTAX
a23c2f8Fraction6	RESOLUBLE	CC-BY-4.0	NO	0	OPENSTAX
a23c2f8Fraction7	RESOLUBLE	CC-BY-4.0	NO	0	OPENSTAX
a23c2f8Fraction8	RESOLUBLE	CC-BY-4.0	NO	0	OPENSTAX
a23c2f8Fraction9	RESOLUBLE	CC-BY-4.0	NO	0	OPENSTAX
a23c2f8fractions1	RESOLUBLE	CC-BY-4.0	NO	0	OPENSTAX
a23c2f8fractions10	RESOLUBLE	CC-BY-4.0	NO	0	OPENSTAX
a23c2f8fractions11	RESOLUBLE	CC-BY-4.0	NO	0	OPENSTAX
a23c2f8fractions12	RESOLUBLE	CC-BY-4.0	NO	0	OPENSTAX
a23c2f8fractions13	RESOLUBLE	CC-BY-4.0	NO	0	OPENSTAX
a23c2f8fractions14	RESOLUBLE	CC-BY-4.0	NO	0	OPENSTAX
a23c2f8fractions15	RESOLUBLE	CC-BY-4.0	NO	0	OPENSTAX
a23c2f8fractions2	RESOLUBLE	CC-BY-4.0	NO	0	OPENSTAX
a23c2f8fractions3	RESOLUBLE	CC-BY-4.0	NO	0	OPENSTAX
a23c2f8fractions4	RESOLUBLE	CC-BY-4.0	NO	0	OPENSTAX
a23c2f8fractions5	RESOLUBLE	CC-BY-4.0	NO	0	OPENSTAX
a23c2f8fractions6	RESOLUBLE	CC-BY-4.0	NO	0	OPENSTAX
a23c2f8fractions7	RESOLUBLE	CC-BY-4.0	NO	0	OPENSTAX
a23c2f8fractions8	RESOLUBLE	CC-BY-4.0	NO	0	OPENSTAX
a23c2f8fractions9	RESOLUBLE	CC-BY-4.0	NO	0	OPENSTAX
a245b5cce1	RESOLUBLE	CC-BY-4.0	NO	0	OPENSTAX
a245b5cce2	RESOLUBLE	CC-BY-4.0	NO	0	OPENSTAX
a245b5cce3	RESOLUBLE	CC-BY-4.0	NO	0	OPENSTAX
a245b5cce4	RESOLUBLE	CC-BY-4.0	NO	0	OPENSTAX
a245b5cce5	RESOLUBLE	CC-BY-4.0	NO	0	OPENSTAX
a245b5cce6	RESOLUBLE	CC-BY-4.0	NO	0	OPENSTAX
a245b5cce7	RESOLUBLE	CC-BY-4.0	NO	0	OPENSTAX
a245b5cce8	RESOLUBLE	CC-BY-4.0	NO	0	OPENSTAX
a245b5ccons1	RESOLUBLE	CC-BY-4.0	NO	0	OPENSTAX
a245b5ccons2	RESOLUBLE	CC-BY-4.0	NO	0	OPENSTAX
a245b5ccons3	RESOLUBLE	CC-BY-4.0	NO	0	OPENSTAX
a245b5cnc1	RESOLUBLE	CC-BY-4.0	NO	0	OPENSTAX
a245b5cnc2	RESOLUBLE	CC-BY-4.0	NO	0	OPENSTAX
a245b5cpe1	RESOLUBLE	CC-BY-4.0	NO	0	OPENSTAX
a245b5cpe2	RESOLUBLE	CC-BY-4.0	NO	0	OPENSTAX
a245b5cpe3	RESOLUBLE	CC-BY-4.0	NO	0	OPENSTAX
a245b5cpe4	RESOLUBLE	CC-BY-4.0	NO	0	OPENSTAX
a245b5cpe5	RESOLUBLE	CC-BY-4.0	NO	0	OPENSTAX
a245b5cped1	RESOLUBLE	CC-BY-4.0	NO	0	OPENSTAX
a245b5cped2	RESOLUBLE	CC-BY-4.0	NO	0	OPENSTAX
a251a50MultiplyPoly1	RESOLUBLE	CC-BY-4.0	NO	0	OPENSTAX
a251a50MultiplyPoly10	RESOLUBLE	CC-BY-4.0	NO	0	OPENSTAX
a251a50MultiplyPoly11	RESOLUBLE	CC-BY-4.0	NO	0	OPENSTAX
a251a50MultiplyPoly12	RESOLUBLE	CC-BY-4.0	NO	0	OPENSTAX
a251a50MultiplyPoly13	RESOLUBLE	CC-BY-4.0	NO	0	OPENSTAX
a251a50MultiplyPoly14	RESOLUBLE	CC-BY-4.0	NO	0	OPENSTAX
a251a50MultiplyPoly15	RESOLUBLE	CC-BY-4.0	NO	0	OPENSTAX
a251a50MultiplyPoly2	RESOLUBLE	CC-BY-4.0	NO	0	OPENSTAX
a251a50MultiplyPoly3	RESOLUBLE	CC-BY-4.0	NO	0	OPENSTAX
a251a50MultiplyPoly4	RESOLUBLE	CC-BY-4.0	NO	0	OPENSTAX
a251a50MultiplyPoly5	RESOLUBLE	CC-BY-4.0	NO	0	OPENSTAX
a251a50MultiplyPoly6	RESOLUBLE	CC-BY-4.0	NO	0	OPENSTAX
a251a50MultiplyPoly7	RESOLUBLE	CC-BY-4.0	NO	0	OPENSTAX
a251a50MultiplyPoly8	RESOLUBLE	CC-BY-4.0	NO	0	OPENSTAX
a251a50MultiplyPoly9	RESOLUBLE	CC-BY-4.0	NO	0	OPENSTAX
a251a50multiplication1	RESOLUBLE	CC-BY-4.0	NO	0	OPENSTAX
a251a50multiplication10	RESOLUBLE	CC-BY-4.0	NO	0	OPENSTAX
a251a50multiplication11	RESOLUBLE	CC-BY-4.0	NO	0	OPENSTAX
a251a50multiplication12	RESOLUBLE	CC-BY-4.0	NO	0	OPENSTAX
a251a50multiplication13	RESOLUBLE	CC-BY-4.0	NO	0	OPENSTAX
a251a50multiplication14	RESOLUBLE	CC-BY-4.0	NO	0	OPENSTAX
a251a50multiplication15	RESOLUBLE	CC-BY-4.0	NO	0	OPENSTAX
a251a50multiplication2	RESOLUBLE	CC-BY-4.0	NO	0	OPENSTAX
a251a50multiplication3	RESOLUBLE	CC-BY-4.0	NO	0	OPENSTAX
a251a50multiplication4	RESOLUBLE	CC-BY-4.0	NO	0	OPENSTAX
a251a50multiplication5	RESOLUBLE	CC-BY-4.0	NO	0	OPENSTAX
a251a50multiplication6	RESOLUBLE	CC-BY-4.0	NO	0	OPENSTAX
a251a50multiplication7	RESOLUBLE	CC-BY-4.0	NO	0	OPENSTAX
a251a50multiplication8	RESOLUBLE	CC-BY-4.0	NO	0	OPENSTAX
a251a50multiplication9	RESOLUBLE	CC-BY-4.0	NO	0	OPENSTAX
a251b28mod1	RESOLUBLE	CC-BY-4.0	SI	6	NO-OPENSTAX
a251b28mod2	RESOLUBLE	CC-BY-4.0	SI	4	NO-OPENSTAX
a251b28mod3	RESOLUBLE	CC-BY-4.0	SI	1	NO-OPENSTAX
a251b28mod4	RESOLUBLE	CC-BY-4.0	SI	1	NO-OPENSTAX
a253a12exp1	RESOLUBLE	CC-BY-4.0	NO	0	OPENSTAX
a253a12exp10	RESOLUBLE	CC-BY-4.0	NO	0	OPENSTAX
a253a12exp11	RESOLUBLE	CC-BY-4.0	NO	0	OPENSTAX
a253a12exp12	RESOLUBLE	CC-BY-4.0	NO	0	OPENSTAX
a253a12exp13	RESOLUBLE	CC-BY-4.0	NO	0	OPENSTAX
a253a12exp14	RESOLUBLE	CC-BY-4.0	NO	0	OPENSTAX
a253a12exp15	RESOLUBLE	CC-BY-4.0	NO	0	OPENSTAX
a253a12exp16	RESOLUBLE	CC-BY-4.0	NO	0	OPENSTAX
a253a12exp17	RESOLUBLE	CC-BY-4.0	NO	0	OPENSTAX
a253a12exp18	RESOLUBLE	CC-BY-4.0	NO	0	OPENSTAX
a253a12exp19	RESOLUBLE	CC-BY-4.0	NO	0	OPENSTAX
a253a12exp2	RESOLUBLE	CC-BY-4.0	NO	0	OPENSTAX
a253a12exp20	RESOLUBLE	CC-BY-4.0	NO	0	OPENSTAX
a253a12exp21	RESOLUBLE	CC-BY-4.0	NO	0	OPENSTAX
a253a12exp22	RESOLUBLE	CC-BY-4.0	NO	0	OPENSTAX
a253a12exp23	RESOLUBLE	CC-BY-4.0	NO	0	OPENSTAX
a253a12exp24	RESOLUBLE	CC-BY-4.0	NO	0	OPENSTAX
a253a12exp25	RESOLUBLE	CC-BY-4.0	NO	0	OPENSTAX
a253a12exp3	RESOLUBLE	CC-BY-4.0	NO	0	OPENSTAX
a253a12exp4	RESOLUBLE	CC-BY-4.0	NO	0	OPENSTAX
a253a12exp5	RESOLUBLE	CC-BY-4.0	NO	0	OPENSTAX
a253a12exp6	RESOLUBLE	CC-BY-4.0	NO	0	OPENSTAX
a253a12exp7	RESOLUBLE	CC-BY-4.0	NO	0	OPENSTAX
a253a12exp8	RESOLUBLE	CC-BY-4.0	NO	0	OPENSTAX
a253a12exp9	RESOLUBLE	CC-BY-4.0	NO	0	OPENSTAX
a25b88enonlinear1	RESOLUBLE	CC-BY-4.0	NO	0	OPENSTAX
a25b88enonlinear10	RESOLUBLE	CC-BY-4.0	NO	0	OPENSTAX
a25b88enonlinear11	RESOLUBLE	CC-BY-4.0	NO	0	OPENSTAX
a25b88enonlinear12	RESOLUBLE	CC-BY-4.0	NO	0	OPENSTAX
a25b88enonlinear13	RESOLUBLE	CC-BY-4.0	NO	0	OPENSTAX
a25b88enonlinear14	RESOLUBLE	CC-BY-4.0	NO	0	OPENSTAX
a25b88enonlinear15	RESOLUBLE	CC-BY-4.0	NO	0	OPENSTAX
a25b88enonlinear16	RESOLUBLE	CC-BY-4.0	NO	0	OPENSTAX
a25b88enonlinear17	RESOLUBLE	CC-BY-4.0	NO	0	OPENSTAX
a25b88enonlinear18	RESOLUBLE	CC-BY-4.0	NO	0	OPENSTAX
a25b88enonlinear19	RESOLUBLE	CC-BY-4.0	NO	0	OPENSTAX
a25b88enonlinear2	RESOLUBLE	CC-BY-4.0	NO	0	OPENSTAX
a25b88enonlinear20	RESOLUBLE	CC-BY-4.0	NO	0	OPENSTAX
a25b88enonlinear21	RESOLUBLE	CC-BY-4.0	NO	0	OPENSTAX
a25b88enonlinear22	RESOLUBLE	CC-BY-4.0	NO	0	OPENSTAX
a25b88enonlinear23	RESOLUBLE	CC-BY-4.0	NO	0	OPENSTAX
a25b88enonlinear24	RESOLUBLE	CC-BY-4.0	NO	0	OPENSTAX
a25b88enonlinear25	RESOLUBLE	CC-BY-4.0	NO	0	OPENSTAX
a25b88enonlinear26	RESOLUBLE	CC-BY-4.0	NO	0	OPENSTAX
a25b88enonlinear27	RESOLUBLE	CC-BY-4.0	NO	0	OPENSTAX
a25b88enonlinear28	RESOLUBLE	CC-BY-4.0	NO	0	OPENSTAX
a25b88enonlinear29	RESOLUBLE	CC-BY-4.0	NO	0	OPENSTAX
a25b88enonlinear3	RESOLUBLE	CC-BY-4.0	NO	0	OPENSTAX
a25b88enonlinear30	RESOLUBLE	CC-BY-4.0	NO	0	OPENSTAX
a25b88enonlinear4	RESOLUBLE	CC-BY-4.0	NO	0	OPENSTAX
a25b88enonlinear5	RESOLUBLE	CC-BY-4.0	NO	0	OPENSTAX
a25b88enonlinear6	RESOLUBLE	CC-BY-4.0	NO	0	OPENSTAX
a25b88enonlinear7	RESOLUBLE	CC-BY-4.0	NO	0	OPENSTAX
a25b88enonlinear8	RESOLUBLE	CC-BY-4.0	NO	0	OPENSTAX
a25b88enonlinear9	RESOLUBLE	CC-BY-4.0	NO	0	OPENSTAX
a276c42SolveRational1	RESOLUBLE	CC-BY-4.0	NO	0	OPENSTAX
a276c42SolveRational10	RESOLUBLE	CC-BY-4.0	NO	0	OPENSTAX
a276c42SolveRational11	RESOLUBLE	CC-BY-4.0	NO	0	OPENSTAX
a276c42SolveRational12	RESOLUBLE	CC-BY-4.0	NO	0	OPENSTAX
a276c42SolveRational13	RESOLUBLE	CC-BY-4.0	NO	0	OPENSTAX
a276c42SolveRational14	RESOLUBLE	CC-BY-4.0	NO	0	OPENSTAX
a276c42SolveRational15	RESOLUBLE	CC-BY-4.0	NO	0	OPENSTAX
a276c42SolveRational16	RESOLUBLE	CC-BY-4.0	NO	0	OPENSTAX
a276c42SolveRational17	RESOLUBLE	CC-BY-4.0	NO	0	OPENSTAX
a276c42SolveRational18	RESOLUBLE	CC-BY-4.0	NO	0	OPENSTAX
a276c42SolveRational19	RESOLUBLE	CC-BY-4.0	NO	0	OPENSTAX
a276c42SolveRational2	RESOLUBLE	CC-BY-4.0	NO	0	OPENSTAX
a276c42SolveRational20	RESOLUBLE	CC-BY-4.0	NO	0	OPENSTAX
a276c42SolveRational21	RESOLUBLE	CC-BY-4.0	NO	0	OPENSTAX
a276c42SolveRational22	RESOLUBLE	CC-BY-4.0	NO	0	OPENSTAX
a276c42SolveRational23	RESOLUBLE	CC-BY-4.0	NO	0	OPENSTAX
a276c42SolveRational24	RESOLUBLE	CC-BY-4.0	NO	0	OPENSTAX
a276c42SolveRational25	RESOLUBLE	CC-BY-4.0	NO	0	OPENSTAX
a276c42SolveRational3	RESOLUBLE	CC-BY-4.0	NO	0	OPENSTAX
a276c42SolveRational4	RESOLUBLE	CC-BY-4.0	NO	0	OPENSTAX
a276c42SolveRational5	RESOLUBLE	CC-BY-4.0	NO	0	OPENSTAX
a276c42SolveRational6	RESOLUBLE	CC-BY-4.0	NO	0	OPENSTAX
a276c42SolveRational7	RESOLUBLE	CC-BY-4.0	NO	0	OPENSTAX
a276c42SolveRational8	RESOLUBLE	CC-BY-4.0	NO	0	OPENSTAX
a276c42SolveRational9	RESOLUBLE	CC-BY-4.0	NO	0	OPENSTAX
a28448cslope1	RESOLUBLE	CC-BY-4.0	SI	1	OPENSTAX
a28448cslope10	RESOLUBLE	CC-BY-4.0	NO	0	OPENSTAX
a28448cslope11	RESOLUBLE	CC-BY-4.0	NO	0	OPENSTAX
a28448cslope12	RESOLUBLE	CC-BY-4.0	NO	0	OPENSTAX
a28448cslope13	RESOLUBLE	CC-BY-4.0	NO	0	OPENSTAX
a28448cslope14	RESOLUBLE	CC-BY-4.0	NO	0	OPENSTAX
a28448cslope15	RESOLUBLE	CC-BY-4.0	NO	0	OPENSTAX
a28448cslope16	RESOLUBLE	CC-BY-4.0	NO	0	OPENSTAX
a28448cslope17	RESOLUBLE	CC-BY-4.0	NO	0	OPENSTAX
a28448cslope18	RESOLUBLE	CC-BY-4.0	NO	0	OPENSTAX
a28448cslope19	RESOLUBLE	CC-BY-4.0	NO	0	OPENSTAX
a28448cslope2	RESOLUBLE	CC-BY-4.0	SI	1	OPENSTAX
a28448cslope20	RESOLUBLE	CC-BY-4.0	NO	0	OPENSTAX
a28448cslope21	RESOLUBLE	CC-BY-4.0	NO	0	OPENSTAX
a28448cslope22	RESOLUBLE	CC-BY-4.0	NO	0	OPENSTAX
a28448cslope23	RESOLUBLE	CC-BY-4.0	NO	0	OPENSTAX
a28448cslope24	RESOLUBLE	CC-BY-4.0	NO	0	OPENSTAX
a28448cslope25	RESOLUBLE	CC-BY-4.0	NO	0	OPENSTAX
a28448cslope26	RESOLUBLE	CC-BY-4.0	NO	0	OPENSTAX
a28448cslope27	RESOLUBLE	CC-BY-4.0	NO	0	OPENSTAX
a28448cslope28	RESOLUBLE	CC-BY-4.0	NO	0	OPENSTAX
a28448cslope29	RESOLUBLE	CC-BY-4.0	NO	0	OPENSTAX
a28448cslope3	RESOLUBLE	CC-BY-4.0	SI	1	OPENSTAX
a28448cslope30	RESOLUBLE	CC-BY-4.0	NO	0	OPENSTAX
a28448cslope4	RESOLUBLE	CC-BY-4.0	SI	1	OPENSTAX
a28448cslope5	RESOLUBLE	CC-BY-4.0	NO	0	OPENSTAX
a28448cslope6	RESOLUBLE	CC-BY-4.0	NO	0	OPENSTAX
a28448cslope7	RESOLUBLE	CC-BY-4.0	NO	0	OPENSTAX
a28448cslope8	RESOLUBLE	CC-BY-4.0	NO	0	OPENSTAX
a28448cslope9	RESOLUBLE	CC-BY-4.0	NO	0	OPENSTAX
a2853daparabola1	RESOLUBLE	CC-BY-4.0	NO	0	OPENSTAX
a2853daparabola10	RESOLUBLE	CC-BY-4.0	NO	0	OPENSTAX
a2853daparabola11	RESOLUBLE	CC-BY-4.0	NO	0	OPENSTAX
a2853daparabola12	RESOLUBLE	CC-BY-4.0	NO	0	OPENSTAX
a2853daparabola13	RESOLUBLE	CC-BY-4.0	NO	0	OPENSTAX
a2853daparabola14	RESOLUBLE	CC-BY-4.0	NO	0	OPENSTAX
a2853daparabola15	RESOLUBLE	CC-BY-4.0	NO	0	OPENSTAX
a2853daparabola16	RESOLUBLE	CC-BY-4.0	NO	0	OPENSTAX
a2853daparabola17	RESOLUBLE	CC-BY-4.0	NO	0	OPENSTAX
a2853daparabola18	RESOLUBLE	CC-BY-4.0	NO	0	OPENSTAX
a2853daparabola19	RESOLUBLE	CC-BY-4.0	NO	0	OPENSTAX
a2853daparabola2	RESOLUBLE	CC-BY-4.0	NO	0	OPENSTAX
a2853daparabola20	RESOLUBLE	CC-BY-4.0	NO	0	OPENSTAX
a2853daparabola21	RESOLUBLE	CC-BY-4.0	NO	0	OPENSTAX
a2853daparabola22	RESOLUBLE	CC-BY-4.0	NO	0	OPENSTAX
a2853daparabola23	RESOLUBLE	CC-BY-4.0	NO	0	OPENSTAX
a2853daparabola24	RESOLUBLE	CC-BY-4.0	NO	0	OPENSTAX
a2853daparabola25	RESOLUBLE	CC-BY-4.0	NO	0	OPENSTAX
a2853daparabola3	RESOLUBLE	CC-BY-4.0	NO	0	OPENSTAX
a2853daparabola4	RESOLUBLE	CC-BY-4.0	NO	0	OPENSTAX
a2853daparabola5	RESOLUBLE	CC-BY-4.0	NO	0	OPENSTAX
a2853daparabola6	RESOLUBLE	CC-BY-4.0	NO	0	OPENSTAX
a2853daparabola7	RESOLUBLE	CC-BY-4.0	NO	0	OPENSTAX
a2853daparabola8	RESOLUBLE	CC-BY-4.0	NO	0	OPENSTAX
a2853daparabola9	RESOLUBLE	CC-BY-4.0	NO	0	OPENSTAX
a28722cappquad1	RESOLUBLE	CC-BY-4.0	NO	0	OPENSTAX
a28722cappquad10	RESOLUBLE	CC-BY-4.0	NO	0	OPENSTAX
a28722cappquad11	RESOLUBLE	CC-BY-4.0	NO	0	OPENSTAX
a28722cappquad12	RESOLUBLE	CC-BY-4.0	NO	0	OPENSTAX
a28722cappquad13	RESOLUBLE	CC-BY-4.0	NO	0	OPENSTAX
a28722cappquad14	RESOLUBLE	CC-BY-4.0	NO	0	OPENSTAX
a28722cappquad15	RESOLUBLE	CC-BY-4.0	NO	0	OPENSTAX
a28722cappquad16	RESOLUBLE	CC-BY-4.0	NO	0	OPENSTAX
a28722cappquad17	RESOLUBLE	CC-BY-4.0	NO	0	OPENSTAX
a28722cappquad18	RESOLUBLE	CC-BY-4.0	SI	1	OPENSTAX
a28722cappquad19	RESOLUBLE	CC-BY-4.0	SI	1	OPENSTAX
a28722cappquad2	RESOLUBLE	CC-BY-4.0	NO	0	OPENSTAX
a28722cappquad20	RESOLUBLE	CC-BY-4.0	NO	0	OPENSTAX
a28722cappquad21	RESOLUBLE	CC-BY-4.0	NO	0	OPENSTAX
a28722cappquad3	RESOLUBLE	CC-BY-4.0	NO	0	OPENSTAX
a28722cappquad4	RESOLUBLE	CC-BY-4.0	NO	0	OPENSTAX
a28722cappquad5	RESOLUBLE	CC-BY-4.0	NO	0	OPENSTAX
a28722cappquad6	RESOLUBLE	CC-BY-4.0	NO	0	OPENSTAX
a28722cappquad7	RESOLUBLE	CC-BY-4.0	NO	0	OPENSTAX
a28722cappquad8	RESOLUBLE	CC-BY-4.0	NO	0	OPENSTAX
a28722cappquad9	RESOLUBLE	CC-BY-4.0	NO	0	OPENSTAX
a28896cDerivativeFunction8	AUSENTE	-	NO	0	OPENSTAX
a28896cdef16	AUSENTE	-	NO	0	OPENSTAX
a28896cdef20	AUSENTE	-	NO	0	OPENSTAX
a28896cdef21	AUSENTE	-	NO	0	OPENSTAX
a28896cdef6	AUSENTE	-	NO	0	OPENSTAX
a28896cdef7	AUSENTE	-	NO	0	OPENSTAX
a289fa8density1	RESOLUBLE	CC-BY-4.0	NO	0	OPENSTAX
a289fa8density2	RESOLUBLE	CC-BY-4.0	NO	0	OPENSTAX
a289fa8density3	RESOLUBLE	CC-BY-4.0	NO	0	OPENSTAX
a289fa8density4	RESOLUBLE	CC-BY-4.0	NO	0	OPENSTAX
a289fa8density5	RESOLUBLE	CC-BY-4.0	NO	0	OPENSTAX
a289fa8density6	RESOLUBLE	CC-BY-4.0	NO	0	OPENSTAX
a289fa8density7	RESOLUBLE	CC-BY-4.0	NO	0	OPENSTAX
a289fa8density8	RESOLUBLE	CC-BY-4.0	NO	0	OPENSTAX
a289fa8density9	RESOLUBLE	CC-BY-4.0	NO	0	OPENSTAX
a289fa8pressure1	RESOLUBLE	CC-BY-4.0	NO	0	OPENSTAX
a289fa8pressure2	RESOLUBLE	CC-BY-4.0	NO	0	OPENSTAX
a289fa8pressure3	RESOLUBLE	CC-BY-4.0	NO	0	OPENSTAX
a28bee8Properties14	RESOLUBLE	CC-BY-4.0	NO	0	OPENSTAX
a28bee8Properties6	RESOLUBLE	CC-BY-4.0	NO	0	OPENSTAX
a28bee8addand10	RESOLUBLE	CC-BY-4.0	NO	0	OPENSTAX
a28bee8addand9	RESOLUBLE	CC-BY-4.0	NO	0	OPENSTAX
a298b40expectedvalue1	RESOLUBLE	CC-BY-4.0	SI	1	OPENSTAX
a298b40expectedvalue10	RESOLUBLE	CC-BY-4.0	NO	0	OPENSTAX
a298b40expectedvalue11	RESOLUBLE	CC-BY-4.0	SI	1	OPENSTAX
a298b40expectedvalue12	RESOLUBLE	CC-BY-4.0	SI	1	OPENSTAX
a298b40expectedvalue13	RESOLUBLE	CC-BY-4.0	SI	1	OPENSTAX
a298b40expectedvalue14	RESOLUBLE	CC-BY-4.0	SI	1	OPENSTAX
a298b40expectedvalue15	RESOLUBLE	CC-BY-4.0	SI	1	OPENSTAX
a298b40expectedvalue16	RESOLUBLE	CC-BY-4.0	SI	1	OPENSTAX
a298b40expectedvalue17	RESOLUBLE	CC-BY-4.0	SI	1	OPENSTAX
a298b40expectedvalue18	RESOLUBLE	CC-BY-4.0	SI	1	OPENSTAX
a298b40expectedvalue19	RESOLUBLE	CC-BY-4.0	SI	1	OPENSTAX
a298b40expectedvalue2	RESOLUBLE	CC-BY-4.0	SI	1	OPENSTAX
a298b40expectedvalue20	RESOLUBLE	CC-BY-4.0	SI	1	OPENSTAX
a298b40expectedvalue21	RESOLUBLE	CC-BY-4.0	NO	0	OPENSTAX
a298b40expectedvalue22	RESOLUBLE	CC-BY-4.0	NO	0	OPENSTAX
a298b40expectedvalue23	RESOLUBLE	CC-BY-4.0	SI	1	OPENSTAX
a298b40expectedvalue24	RESOLUBLE	CC-BY-4.0	SI	1	OPENSTAX
a298b40expectedvalue25	RESOLUBLE	CC-BY-4.0	NO	0	OPENSTAX
a298b40expectedvalue3	RESOLUBLE	CC-BY-4.0	SI	1	OPENSTAX
a298b40expectedvalue4	RESOLUBLE	CC-BY-4.0	SI	1	OPENSTAX
a298b40expectedvalue5	RESOLUBLE	CC-BY-4.0	SI	1	OPENSTAX
a298b40expectedvalue6	RESOLUBLE	CC-BY-4.0	NO	0	OPENSTAX
a298b40expectedvalue7	RESOLUBLE	CC-BY-4.0	NO	0	OPENSTAX
a298b40expectedvalue8	RESOLUBLE	CC-BY-4.0	SI	1	OPENSTAX
a298b40expectedvalue9	RESOLUBLE	CC-BY-4.0	SI	1	OPENSTAX
a29c32b4.4Jeremiah1	RESOLUBLE	CC-BY-4.0	NO	0	OPENSTAX
a29c32b4.4darts1	RESOLUBLE	CC-BY-4.0	NO	0	OPENSTAX
a29c32b4.4defective1	RESOLUBLE	CC-BY-4.0	NO	0	OPENSTAX
a29c32b4.4game1	RESOLUBLE	CC-BY-4.0	NO	0	OPENSTAX
a29c32b4.4instructor1	RESOLUBLE	CC-BY-4.0	NO	0	OPENSTAX
a29c32b4.4miata1	RESOLUBLE	CC-BY-4.0	NO	0	OPENSTAX
a29c32b4.4nearby1	RESOLUBLE	CC-BY-4.0	NO	0	OPENSTAX
a29c32b4.4pancrea1	RESOLUBLE	CC-BY-4.0	NO	0	OPENSTAX
a29c32b4.4singer1	RESOLUBLE	CC-BY-4.0	NO	0	OPENSTAX
a29c32b4.4social1	RESOLUBLE	CC-BY-4.0	NO	0	OPENSTAX
a29c32b4.4springs1	RESOLUBLE	CC-BY-4.0	NO	0	OPENSTAX
a29c32b4.4superbowl1	RESOLUBLE	CC-BY-4.0	NO	0	OPENSTAX
a29c32b4.4ucla1	RESOLUBLE	CC-BY-4.0	NO	0	OPENSTAX
a29d75aclt1	RESOLUBLE	CC-BY-4.0	SI	1	OPENSTAX
a29d75aclt10	RESOLUBLE	CC-BY-4.0	NO	0	OPENSTAX
a29d75aclt2	RESOLUBLE	CC-BY-4.0	NO	0	OPENSTAX
a29d75aclt3	RESOLUBLE	CC-BY-4.0	NO	0	OPENSTAX
a29d75aclt4	RESOLUBLE	CC-BY-4.0	NO	0	OPENSTAX
a29d75aclt5	RESOLUBLE	CC-BY-4.0	NO	0	OPENSTAX
a29d75aclt6	RESOLUBLE	CC-BY-4.0	NO	0	OPENSTAX
a29d75aclt7	RESOLUBLE	CC-BY-4.0	NO	0	OPENSTAX
a29d75aclt8	RESOLUBLE	CC-BY-4.0	NO	0	OPENSTAX
a29d75aclt9	RESOLUBLE	CC-BY-4.0	NO	0	OPENSTAX
a2a280bgaussian1	RESOLUBLE	CC-BY-4.0	NO	0	OPENSTAX
a2a280bgaussian10	RESOLUBLE	CC-BY-4.0	NO	0	OPENSTAX
a2a280bgaussian11	RESOLUBLE	CC-BY-4.0	NO	0	OPENSTAX
a2a280bgaussian12	RESOLUBLE	CC-BY-4.0	NO	0	OPENSTAX
a2a280bgaussian13	RESOLUBLE	CC-BY-4.0	NO	0	OPENSTAX
a2a280bgaussian14	RESOLUBLE	CC-BY-4.0	NO	0	OPENSTAX
a2a280bgaussian15	RESOLUBLE	CC-BY-4.0	NO	0	OPENSTAX
a2a280bgaussian16	RESOLUBLE	CC-BY-4.0	NO	0	OPENSTAX
a2a280bgaussian17	RESOLUBLE	CC-BY-4.0	NO	0	OPENSTAX
a2a280bgaussian18	RESOLUBLE	CC-BY-4.0	NO	0	OPENSTAX
a2a280bgaussian19	RESOLUBLE	CC-BY-4.0	NO	0	OPENSTAX
a2a280bgaussian2	RESOLUBLE	CC-BY-4.0	NO	0	OPENSTAX
a2a280bgaussian20	RESOLUBLE	CC-BY-4.0	NO	0	OPENSTAX
a2a280bgaussian21	RESOLUBLE	CC-BY-4.0	NO	0	OPENSTAX
a2a280bgaussian22	RESOLUBLE	CC-BY-4.0	NO	0	OPENSTAX
a2a280bgaussian3	RESOLUBLE	CC-BY-4.0	NO	0	OPENSTAX
a2a280bgaussian4	RESOLUBLE	CC-BY-4.0	NO	0	OPENSTAX
a2a280bgaussian5	RESOLUBLE	CC-BY-4.0	NO	0	OPENSTAX
a2a280bgaussian6	RESOLUBLE	CC-BY-4.0	NO	0	OPENSTAX
a2a280bgaussian7	RESOLUBLE	CC-BY-4.0	NO	0	OPENSTAX
a2a280bgaussian8	RESOLUBLE	CC-BY-4.0	NO	0	OPENSTAX
a2a280bgaussian9	RESOLUBLE	CC-BY-4.0	NO	0	OPENSTAX
a2a30a8A112-algrules-P01	VERSION-SIN-VARIANTE	CC4.0	NO	0	NO-OPENSTAX
a2a30a8A112-algrules-P02	VERSION-SIN-VARIANTE	CC4.0	NO	0	NO-OPENSTAX
a2a30a8A112-algrules-P03	VERSION-SIN-VARIANTE	CC4.0	NO	0	NO-OPENSTAX
a2a30a8A112-algrules-P04	VERSION-SIN-VARIANTE	CC4.0	NO	0	NO-OPENSTAX
a2a30a8A112-algrules-P05	VERSION-SIN-VARIANTE	CC4.0	NO	0	NO-OPENSTAX
a2a30a8A112-algrules-P06	VERSION-SIN-VARIANTE	CC4.0	NO	0	NO-OPENSTAX
a2a30a8A112-algrules-P07	VERSION-SIN-VARIANTE	CC4.0	NO	0	NO-OPENSTAX
a2a30a8A112-algrules-P08	VERSION-SIN-VARIANTE	CC4.0	NO	0	NO-OPENSTAX
a2a30a8A112-algrules-P09	VERSION-SIN-VARIANTE	CC4.0	NO	0	NO-OPENSTAX
a2a30a8A112-algrules-P10	VERSION-SIN-VARIANTE	CC4.0	NO	0	NO-OPENSTAX
a2a30a8A112-algrules-P11	VERSION-SIN-VARIANTE	CC4.0	SI	1	NO-OPENSTAX
a2a30a8A112-algrules-P12	VERSION-SIN-VARIANTE	CC4.0	SI	1	NO-OPENSTAX
a2a30a8A112-algrules-P13	VERSION-SIN-VARIANTE	CC4.0	SI	1	NO-OPENSTAX
a2a30a8A112-algrules-P14	VERSION-SIN-VARIANTE	CC4.0	SI	1	NO-OPENSTAX
a2a5cd1alginequalabs1	AUSENTE	-	NO	0	NO-OPENSTAX
a2a5cd1alginequalabs10	AUSENTE	-	NO	0	NO-OPENSTAX
a2a5cd1alginequalabs100	AUSENTE	-	NO	0	NO-OPENSTAX
a2a5cd1alginequalabs1002	AUSENTE	-	NO	0	NO-OPENSTAX
a2a5cd1alginequalabs101	AUSENTE	-	NO	0	NO-OPENSTAX
a2a5cd1alginequalabs102	AUSENTE	-	NO	0	NO-OPENSTAX
a2a5cd1alginequalabs11	AUSENTE	-	NO	0	NO-OPENSTAX
a2a5cd1alginequalabs11b	AUSENTE	-	NO	0	NO-OPENSTAX
a2a5cd1alginequalabs2	AUSENTE	-	NO	0	NO-OPENSTAX
a2c5dc0T112-trigdef-P01	VERSION-SIN-VARIANTE	CC4.0	SI	3	NO-OPENSTAX
a2c5dc0T112-trigdef-P02	VERSION-SIN-VARIANTE	CC4.0	SI	3	NO-OPENSTAX
a2c5dc0T112-trigdef-P03	VERSION-SIN-VARIANTE	CC4.0	SI	3	NO-OPENSTAX
a2c5dc0T112-trigdef-P04	VERSION-SIN-VARIANTE	CC4.0	SI	3	NO-OPENSTAX
a2c5dc0T112-trigdef-P05	VERSION-SIN-VARIANTE	CC4.0	SI	1	NO-OPENSTAX
a2c5dc0T112-trigdef-P06	AUSENTE	-	SI	1	NO-OPENSTAX
a2c5dc0T112-trigdef-P07	AUSENTE	-	SI	1	NO-OPENSTAX
a2c7986stat11	RESOLUBLE	CC-BY-4.0	NO	0	OPENSTAX
a2c7986stat12	RESOLUBLE	CC-BY-4.0	SI	1	OPENSTAX
a2c7986stat13	RESOLUBLE	CC-BY-4.0	SI	1	OPENSTAX
a2c7986stat14	RESOLUBLE	CC-BY-4.0	SI	1	OPENSTAX
a2c7986stat15	RESOLUBLE	CC-BY-4.0	SI	1	OPENSTAX
a2cd345stat1	RESOLUBLE	CC-BY-4.0	NO	0	OPENSTAX
a2cd345stat2	RESOLUBLE	CC-BY-4.0	NO	0	OPENSTAX
a2cd345stat3	RESOLUBLE	CC-BY-4.0	NO	0	OPENSTAX
a2cd345stat4	RESOLUBLE	CC-BY-4.0	NO	0	OPENSTAX
a2cd345stat5	RESOLUBLE	CC-BY-4.0	NO	0	OPENSTAX
a2cd345stat6	RESOLUBLE	CC-BY-4.0	NO	0	OPENSTAX
a2cd345stat7	RESOLUBLE	CC-BY-4.0	NO	0	OPENSTAX
a2cd345stat8	RESOLUBLE	CC-BY-4.0	NO	0	OPENSTAX
a2cd345stat9	RESOLUBLE	CC-BY-4.0	NO	0	OPENSTAX
a2d77b8chainrule1	RESOLUBLE	CC-BY-4.0	NO	0	OPENSTAX
a2d77b8chainrule10	RESOLUBLE	CC-BY-4.0	NO	0	OPENSTAX
a2d77b8chainrule11	RESOLUBLE	CC-BY-4.0	NO	0	OPENSTAX
a2d77b8chainrule12	RESOLUBLE	CC-BY-4.0	NO	0	OPENSTAX
a2d77b8chainrule13	RESOLUBLE	CC-BY-4.0	NO	0	OPENSTAX
a2d77b8chainrule14	RESOLUBLE	CC-BY-4.0	NO	0	OPENSTAX
a2d77b8chainrule15	RESOLUBLE	CC-BY-4.0	NO	0	OPENSTAX
a2d77b8chainrule2	RESOLUBLE	CC-BY-4.0	NO	0	OPENSTAX
a2d77b8chainrule3	RESOLUBLE	CC-BY-4.0	NO	0	OPENSTAX
a2d77b8chainrule4	RESOLUBLE	CC-BY-4.0	NO	0	OPENSTAX
a2d77b8chainrule5	RESOLUBLE	CC-BY-4.0	NO	0	OPENSTAX
a2d77b8chainrule6	RESOLUBLE	CC-BY-4.0	NO	0	OPENSTAX
a2d77b8chainrule7	RESOLUBLE	CC-BY-4.0	NO	0	OPENSTAX
a2d77b8chainrule8	RESOLUBLE	CC-BY-4.0	NO	0	OPENSTAX
a2d77b8chainrule9	RESOLUBLE	CC-BY-4.0	NO	0	OPENSTAX
a2d8720LinEqua1	RESOLUBLE	CC-BY-4.0	NO	0	OPENSTAX
a2d8720LinEqua10	RESOLUBLE	CC-BY-4.0	NO	0	OPENSTAX
a2d8720LinEqua11	RESOLUBLE	CC-BY-4.0	NO	0	OPENSTAX
a2d8720LinEqua12	RESOLUBLE	CC-BY-4.0	NO	0	OPENSTAX
a2d8720LinEqua13	RESOLUBLE	CC-BY-4.0	NO	0	OPENSTAX
a2d8720LinEqua14	RESOLUBLE	CC-BY-4.0	NO	0	OPENSTAX
a2d8720LinEqua15	RESOLUBLE	CC-BY-4.0	NO	0	OPENSTAX
a2d8720LinEqua16	RESOLUBLE	CC-BY-4.0	NO	0	OPENSTAX
a2d8720LinEqua17	RESOLUBLE	CC-BY-4.0	NO	0	OPENSTAX
a2d8720LinEqua18	RESOLUBLE	CC-BY-4.0	NO	0	OPENSTAX
a2d8720LinEqua19	RESOLUBLE	CC-BY-4.0	NO	0	OPENSTAX
a2d8720LinEqua2	RESOLUBLE	CC-BY-4.0	NO	0	OPENSTAX
a2d8720LinEqua20	RESOLUBLE	CC-BY-4.0	NO	0	OPENSTAX
a2d8720LinEqua21	RESOLUBLE	CC-BY-4.0	NO	0	OPENSTAX
a2d8720LinEqua22	RESOLUBLE	CC-BY-4.0	NO	0	OPENSTAX
a2d8720LinEqua23	RESOLUBLE	CC-BY-4.0	NO	0	OPENSTAX
a2d8720LinEqua24	RESOLUBLE	CC-BY-4.0	NO	0	OPENSTAX
a2d8720LinEqua25	RESOLUBLE	CC-BY-4.0	NO	0	OPENSTAX
a2d8720LinEqua26	RESOLUBLE	CC-BY-4.0	NO	0	OPENSTAX
a2d8720LinEqua27	RESOLUBLE	CC-BY-4.0	NO	0	OPENSTAX
a2d8720LinEqua28	RESOLUBLE	CC-BY-4.0	NO	0	OPENSTAX
a2d8720LinEqua29	RESOLUBLE	CC-BY-4.0	NO	0	OPENSTAX
a2d8720LinEqua3	RESOLUBLE	CC-BY-4.0	NO	0	OPENSTAX
a2d8720LinEqua30	RESOLUBLE	CC-BY-4.0	NO	0	OPENSTAX
a2d8720LinEqua31	RESOLUBLE	CC-BY-4.0	NO	0	OPENSTAX
a2d8720LinEqua4	RESOLUBLE	CC-BY-4.0	NO	0	OPENSTAX
a2d8720LinEqua5	RESOLUBLE	CC-BY-4.0	NO	0	OPENSTAX
a2d8720LinEqua6	RESOLUBLE	CC-BY-4.0	NO	0	OPENSTAX
a2d8720LinEqua7	RESOLUBLE	CC-BY-4.0	NO	0	OPENSTAX
a2d8720LinEqua8	RESOLUBLE	CC-BY-4.0	NO	0	OPENSTAX
a2d8720LinEqua9	RESOLUBLE	CC-BY-4.0	NO	0	OPENSTAX
a2eb6bb4.1baker1	RESOLUBLE	CC-BY-4.0	SI	1	OPENSTAX
a2eb6bb4.1basketball1	RESOLUBLE	CC-BY-4.0	NO	0	OPENSTAX
a2eb6bb4.1ellen1	RESOLUBLE	CC-BY-4.0	NO	0	OPENSTAX
a2eb6bb4.1employer1	RESOLUBLE	CC-BY-4.0	SI	1	OPENSTAX
a2eb6bb4.1javier1	RESOLUBLE	CC-BY-4.0	NO	0	OPENSTAX
a2eb6bb4.1nancy1	RESOLUBLE	CC-BY-4.0	NO	0	OPENSTAX
a2eb6bb4.1nancy3	RESOLUBLE	CC-BY-4.0	NO	0	OPENSTAX
a2ef97dGrphingQuads1	RESOLUBLE	CC-BY-4.0	NO	0	OPENSTAX
a2ef97dGrphingQuads10	RESOLUBLE	CC-BY-4.0	NO	0	OPENSTAX
a2ef97dGrphingQuads11	RESOLUBLE	CC-BY-4.0	NO	0	OPENSTAX
a2ef97dGrphingQuads12	RESOLUBLE	CC-BY-4.0	NO	0	OPENSTAX
a2ef97dGrphingQuads13	RESOLUBLE	CC-BY-4.0	NO	0	OPENSTAX
a2ef97dGrphingQuads2	RESOLUBLE	CC-BY-4.0	NO	0	OPENSTAX
a2ef97dGrphingQuads20	RESOLUBLE	CC-BY-4.0	NO	0	OPENSTAX
a2ef97dGrphingQuads21	RESOLUBLE	CC-BY-4.0	NO	0	OPENSTAX
a2ef97dGrphingQuads22	RESOLUBLE	CC-BY-4.0	NO	0	OPENSTAX
a2ef97dGrphingQuads23	RESOLUBLE	CC-BY-4.0	NO	0	OPENSTAX
a2ef97dGrphingQuads24	RESOLUBLE	CC-BY-4.0	NO	0	OPENSTAX
a2ef97dGrphingQuads25	RESOLUBLE	CC-BY-4.0	NO	0	OPENSTAX
a2ef97dGrphingQuads26	RESOLUBLE	CC-BY-4.0	NO	0	OPENSTAX
a2ef97dGrphingQuads27	RESOLUBLE	CC-BY-4.0	NO	0	OPENSTAX
a2ef97dGrphingQuads28	RESOLUBLE	CC-BY-4.0	NO	0	OPENSTAX
a2ef97dGrphingQuads29	RESOLUBLE	CC-BY-4.0	NO	0	OPENSTAX
a2ef97dGrphingQuads3	RESOLUBLE	CC-BY-4.0	NO	0	OPENSTAX
a2ef97dGrphingQuads30	RESOLUBLE	CC-BY-4.0	NO	0	OPENSTAX
a2ef97dGrphingQuads31	RESOLUBLE	CC-BY-4.0	NO	0	OPENSTAX
a2ef97dGrphingQuads32	RESOLUBLE	CC-BY-4.0	NO	0	OPENSTAX
a2ef97dGrphingQuads33	RESOLUBLE	CC-BY-4.0	NO	0	OPENSTAX
a2ef97dGrphingQuads4	RESOLUBLE	CC-BY-4.0	NO	0	OPENSTAX
a2ef97dGrphingQuads5	RESOLUBLE	CC-BY-4.0	NO	0	OPENSTAX
a2ef97dGrphingQuads6	RESOLUBLE	CC-BY-4.0	NO	0	OPENSTAX
a2ef97dGrphingQuads7	RESOLUBLE	CC-BY-4.0	NO	0	OPENSTAX
a2ef97dGrphingQuads8	RESOLUBLE	CC-BY-4.0	NO	0	OPENSTAX
a2ef97dGrphingQuads9	RESOLUBLE	CC-BY-4.0	NO	0	OPENSTAX
a2f619abox1	RESOLUBLE	CC-BY-4.0	SI	1	OPENSTAX
a2f619abox10	RESOLUBLE	CC-BY-4.0	SI	1	OPENSTAX
a2f619abox11	RESOLUBLE	CC-BY-4.0	SI	1	OPENSTAX
a2f619abox12	RESOLUBLE	CC-BY-4.0	SI	1	OPENSTAX
a2f619abox13	RESOLUBLE	CC-BY-4.0	SI	1	OPENSTAX
a2f619abox2	RESOLUBLE	CC-BY-4.0	SI	1	OPENSTAX
a2f619abox3	RESOLUBLE	CC-BY-4.0	SI	1	OPENSTAX
a2f619abox4	RESOLUBLE	CC-BY-4.0	SI	1	OPENSTAX
a2f619abox5	RESOLUBLE	CC-BY-4.0	SI	1	OPENSTAX
a2f619abox6	RESOLUBLE	CC-BY-4.0	SI	1	OPENSTAX
a2f619abox7	RESOLUBLE	CC-BY-4.0	SI	1	OPENSTAX
a2f619abox8	RESOLUBLE	CC-BY-4.0	SI	1	OPENSTAX
a2f619abox9	RESOLUBLE	CC-BY-4.0	SI	1	OPENSTAX
a2f61b7sequences1	RESOLUBLE	CC-BY-4.0	NO	0	OPENSTAX
a2f61b7sequences10	RESOLUBLE	CC-BY-4.0	NO	0	OPENSTAX
a2f61b7sequences11	RESOLUBLE	CC-BY-4.0	NO	0	OPENSTAX
a2f61b7sequences12	RESOLUBLE	CC-BY-4.0	NO	0	OPENSTAX
a2f61b7sequences13	RESOLUBLE	CC-BY-4.0	NO	0	OPENSTAX
a2f61b7sequences14	RESOLUBLE	CC-BY-4.0	NO	0	OPENSTAX
a2f61b7sequences15	RESOLUBLE	CC-BY-4.0	NO	0	OPENSTAX
a2f61b7sequences16	RESOLUBLE	CC-BY-4.0	NO	0	OPENSTAX
a2f61b7sequences17	RESOLUBLE	CC-BY-4.0	NO	0	OPENSTAX
a2f61b7sequences18	RESOLUBLE	CC-BY-4.0	NO	0	OPENSTAX
a2f61b7sequences19	RESOLUBLE	CC-BY-4.0	NO	0	OPENSTAX
a2f61b7sequences2	RESOLUBLE	CC-BY-4.0	NO	0	OPENSTAX
a2f61b7sequences20	RESOLUBLE	CC-BY-4.0	NO	0	OPENSTAX
a2f61b7sequences21	RESOLUBLE	CC-BY-4.0	NO	0	OPENSTAX
a2f61b7sequences22	RESOLUBLE	CC-BY-4.0	NO	0	OPENSTAX
a2f61b7sequences23	RESOLUBLE	CC-BY-4.0	NO	0	OPENSTAX
a2f61b7sequences24	RESOLUBLE	CC-BY-4.0	NO	0	OPENSTAX
a2f61b7sequences25	RESOLUBLE	CC-BY-4.0	NO	0	OPENSTAX
a2f61b7sequences26	RESOLUBLE	CC-BY-4.0	NO	0	OPENSTAX
a2f61b7sequences27	RESOLUBLE	CC-BY-4.0	NO	0	OPENSTAX
a2f61b7sequences28	RESOLUBLE	CC-BY-4.0	NO	0	OPENSTAX
a2f61b7sequences29	RESOLUBLE	CC-BY-4.0	NO	0	OPENSTAX
a2f61b7sequences3	RESOLUBLE	CC-BY-4.0	NO	0	OPENSTAX
a2f61b7sequences30	RESOLUBLE	CC-BY-4.0	NO	0	OPENSTAX
a2f61b7sequences4	RESOLUBLE	CC-BY-4.0	NO	0	OPENSTAX
a2f61b7sequences5	RESOLUBLE	CC-BY-4.0	NO	0	OPENSTAX
a2f61b7sequences6	RESOLUBLE	CC-BY-4.0	NO	0	OPENSTAX
a2f61b7sequences7	RESOLUBLE	CC-BY-4.0	NO	0	OPENSTAX
a2f61b7sequences8	RESOLUBLE	CC-BY-4.0	NO	0	OPENSTAX
a2f61b7sequences9	RESOLUBLE	CC-BY-4.0	NO	0	OPENSTAX
a2f73b1indep1	RESOLUBLE	CC-BY-4.0	SI	2	OPENSTAX
a2f73b1indep2	RESOLUBLE	CC-BY-4.0	SI	1	OPENSTAX
a2f73b1indep3	RESOLUBLE	CC-BY-4.0	SI	1	OPENSTAX
a30046daddprop1	AUSENTE	-	NO	0	OPENSTAX
a30046daddprop10	AUSENTE	-	NO	0	OPENSTAX
a30046daddprop11	AUSENTE	-	NO	0	OPENSTAX
a30046daddprop12	AUSENTE	-	NO	0	OPENSTAX
a30046daddprop13	AUSENTE	-	NO	0	OPENSTAX
a30046daddprop14	AUSENTE	-	NO	0	OPENSTAX
a30046daddprop15	AUSENTE	-	NO	0	OPENSTAX
a30046daddprop16	AUSENTE	-	NO	0	OPENSTAX
a30046daddprop2	AUSENTE	-	NO	0	OPENSTAX
a30046daddprop3	AUSENTE	-	NO	0	OPENSTAX
a30046daddprop4	AUSENTE	-	NO	0	OPENSTAX
a30046daddprop5	AUSENTE	-	NO	0	OPENSTAX
a30046daddprop6	AUSENTE	-	NO	0	OPENSTAX
a30046daddprop7	AUSENTE	-	NO	0	OPENSTAX
a30046daddprop8	AUSENTE	-	NO	0	OPENSTAX
a30046daddprop9	AUSENTE	-	NO	0	OPENSTAX
a307ef0T122-trigbound-P01	VERSION-SIN-VARIANTE	CC4.0	NO	0	NO-OPENSTAX
a307ef0T122-trigbound-P02	VERSION-SIN-VARIANTE	CC4.0	NO	0	NO-OPENSTAX
a307ef0T122-trigbound-P03	AUSENTE	-	NO	0	NO-OPENSTAX
a307ef0T122-trigbound-P04	AUSENTE	-	NO	0	NO-OPENSTAX
a307ef0T122-trigbound-P05	VERSION-SIN-VARIANTE	CC4.0	NO	0	NO-OPENSTAX
a307ef0T122-trigbound-P06	VERSION-SIN-VARIANTE	CC4.0	NO	0	NO-OPENSTAX
a307ef0T122-trigbound-P07	VERSION-SIN-VARIANTE	CC4.0	NO	0	NO-OPENSTAX
a307ef0T122-trigbound-P08	VERSION-SIN-VARIANTE	CC4.0	NO	0	NO-OPENSTAX
a307ef0T122-trigbound-P09	VERSION-SIN-VARIANTE	CC4.0	NO	0	NO-OPENSTAX
a307ef0T122-trigbound-P10	VERSION-SIN-VARIANTE	CC4.0	NO	0	NO-OPENSTAX
a320fba11.6FCC	RESOLUBLE	CC-BY-4.0	NO	0	OPENSTAX
a320fba11.6airline1	RESOLUBLE	CC-BY-4.0	NO	0	OPENSTAX
a320fba11.6airline2	RESOLUBLE	CC-BY-4.0	NO	0	OPENSTAX
a320fba11.6archer	RESOLUBLE	CC-BY-4.0	NO	0	OPENSTAX
a320fba11.6doctor1	RESOLUBLE	CC-BY-4.0	NO	0	OPENSTAX
a320fba11.6heights	RESOLUBLE	CC-BY-4.0	NO	0	OPENSTAX
a320fba11.6mathinstructor	RESOLUBLE	CC-BY-4.0	NO	0	OPENSTAX
a320fba11.6post	RESOLUBLE	CC-BY-4.0	SI	1	OPENSTAX
a320fba11.6studentheights	RESOLUBLE	CC-BY-4.0	NO	0	OPENSTAX
a320fba11.6studentheights2	RESOLUBLE	CC-BY-4.0	NO	0	OPENSTAX
a32c9a5gravitational1	RESOLUBLE	CC-BY-4.0	NO	0	OPENSTAX
a32c9a5gravitational2	RESOLUBLE	CC-BY-4.0	NO	0	OPENSTAX
a32c9a5gravitational3	RESOLUBLE	CC-BY-4.0	NO	0	OPENSTAX
a32c9a5gravitational4	RESOLUBLE	CC-BY-4.0	NO	0	OPENSTAX
a32c9a5gravitational5	RESOLUBLE	CC-BY-4.0	NO	0	OPENSTAX
a32c9a5kinetic1	RESOLUBLE	CC-BY-4.0	NO	0	OPENSTAX
a32c9a5kinetic2	RESOLUBLE	CC-BY-4.0	NO	0	OPENSTAX
a32c9a5power1	RESOLUBLE	CC-BY-4.0	NO	0	OPENSTAX
a32c9a5power2	RESOLUBLE	CC-BY-4.0	NO	0	OPENSTAX
a32c9a5power3	RESOLUBLE	CC-BY-4.0	NO	0	OPENSTAX
a32c9a5work1	RESOLUBLE	CC-BY-4.0	NO	0	OPENSTAX
a32c9a5work2	RESOLUBLE	CC-BY-4.0	NO	0	OPENSTAX
a32c9a5work3	RESOLUBLE	CC-BY-4.0	NO	0	OPENSTAX
a32c9a5work4	RESOLUBLE	CC-BY-4.0	SI	1	OPENSTAX
a32c9a5work5	RESOLUBLE	CC-BY-4.0	NO	0	OPENSTAX
a330233CompSq1	RESOLUBLE	CC-BY-4.0	NO	0	OPENSTAX
a330233CompSq10	RESOLUBLE	CC-BY-4.0	NO	0	OPENSTAX
a330233CompSq11	RESOLUBLE	CC-BY-4.0	NO	0	OPENSTAX
a330233CompSq12	RESOLUBLE	CC-BY-4.0	NO	0	OPENSTAX
a330233CompSq13	RESOLUBLE	CC-BY-4.0	NO	0	OPENSTAX
a330233CompSq14	RESOLUBLE	CC-BY-4.0	NO	0	OPENSTAX
a330233CompSq15	RESOLUBLE	CC-BY-4.0	NO	0	OPENSTAX
a330233CompSq16	RESOLUBLE	CC-BY-4.0	NO	0	OPENSTAX
a330233CompSq17	RESOLUBLE	CC-BY-4.0	NO	0	OPENSTAX
a330233CompSq18	RESOLUBLE	CC-BY-4.0	NO	0	OPENSTAX
a330233CompSq19	RESOLUBLE	CC-BY-4.0	NO	0	OPENSTAX
a330233CompSq2	RESOLUBLE	CC-BY-4.0	NO	0	OPENSTAX
a330233CompSq20	RESOLUBLE	CC-BY-4.0	NO	0	OPENSTAX
a330233CompSq21	RESOLUBLE	CC-BY-4.0	NO	0	OPENSTAX
a330233CompSq22	RESOLUBLE	CC-BY-4.0	NO	0	OPENSTAX
a330233CompSq23	RESOLUBLE	CC-BY-4.0	NO	0	OPENSTAX
a330233CompSq24	RESOLUBLE	CC-BY-4.0	NO	0	OPENSTAX
a330233CompSq25	RESOLUBLE	CC-BY-4.0	NO	0	OPENSTAX
a330233CompSq26	RESOLUBLE	CC-BY-4.0	NO	0	OPENSTAX
a330233CompSq27	RESOLUBLE	CC-BY-4.0	NO	0	OPENSTAX
a330233CompSq28	RESOLUBLE	CC-BY-4.0	NO	0	OPENSTAX
a330233CompSq29	RESOLUBLE	CC-BY-4.0	NO	0	OPENSTAX
a330233CompSq3	RESOLUBLE	CC-BY-4.0	NO	0	OPENSTAX
a330233CompSq30	RESOLUBLE	CC-BY-4.0	NO	0	OPENSTAX
a330233CompSq4	RESOLUBLE	CC-BY-4.0	NO	0	OPENSTAX
a330233CompSq5	RESOLUBLE	CC-BY-4.0	NO	0	OPENSTAX
a330233CompSq6	RESOLUBLE	CC-BY-4.0	NO	0	OPENSTAX
a330233CompSq7	RESOLUBLE	CC-BY-4.0	NO	0	OPENSTAX
a330233CompSq8	RESOLUBLE	CC-BY-4.0	NO	0	OPENSTAX
a330233CompSq9	RESOLUBLE	CC-BY-4.0	NO	0	OPENSTAX
a331339res1	RESOLUBLE	CC-BY-4.0	SI	1	NO-OPENSTAX
a331339res2	RESOLUBLE	CC-BY-4.0	SI	3	NO-OPENSTAX
a331339res3	RESOLUBLE	CC-BY-4.0	SI	4	NO-OPENSTAX
a33da99volumes1	AUSENTE	-	SI	1	OPENSTAX
a33da99volumes10	AUSENTE	-	SI	1	OPENSTAX
a33da99volumes11	AUSENTE	-	SI	1	OPENSTAX
a33da99volumes12	AUSENTE	-	SI	1	OPENSTAX
a33da99volumes13	AUSENTE	-	SI	1	OPENSTAX
a33da99volumes14	AUSENTE	-	SI	1	OPENSTAX
a33da99volumes15	AUSENTE	-	NO	0	OPENSTAX
a33da99volumes2	AUSENTE	-	SI	1	OPENSTAX
a33da99volumes3	AUSENTE	-	SI	1	OPENSTAX
a33da99volumes4	AUSENTE	-	SI	1	OPENSTAX
a33da99volumes5	AUSENTE	-	SI	1	OPENSTAX
a33da99volumes6	AUSENTE	-	SI	1	OPENSTAX
a33da99volumes7	AUSENTE	-	SI	1	OPENSTAX
a33da99volumes8	AUSENTE	-	SI	1	OPENSTAX
a33da99volumes9	AUSENTE	-	SI	1	OPENSTAX
a342e92limit1	AUSENTE	-	SI	3	OPENSTAX
a342e92limit10	AUSENTE	-	SI	1	OPENSTAX
a342e92limit11	AUSENTE	-	SI	1	OPENSTAX
a342e92limit12	AUSENTE	-	SI	1	OPENSTAX
a342e92limit13	AUSENTE	-	NO	0	OPENSTAX
a342e92limit14	AUSENTE	-	SI	3	OPENSTAX
a342e92limit15	AUSENTE	-	SI	3	OPENSTAX
a342e92limit16	AUSENTE	-	SI	2	OPENSTAX
a342e92limit17	AUSENTE	-	SI	2	OPENSTAX
a342e92limit18	AUSENTE	-	SI	2	OPENSTAX
a342e92limit19	AUSENTE	-	SI	2	OPENSTAX
a342e92limit2	AUSENTE	-	SI	3	OPENSTAX
a342e92limit20	AUSENTE	-	SI	2	OPENSTAX
a342e92limit21	AUSENTE	-	SI	3	OPENSTAX
a342e92limit22	AUSENTE	-	SI	2	OPENSTAX
a342e92limit23	AUSENTE	-	SI	3	OPENSTAX
a342e92limit24	AUSENTE	-	SI	3	OPENSTAX
a342e92limit25	AUSENTE	-	SI	3	OPENSTAX
a342e92limit3	AUSENTE	-	SI	1	OPENSTAX
a342e92limit4	AUSENTE	-	SI	3	OPENSTAX
a342e92limit5	AUSENTE	-	SI	3	OPENSTAX
a342e92limit6	AUSENTE	-	SI	3	OPENSTAX
a342e92limit7	AUSENTE	-	SI	2	OPENSTAX
a342e92limit8	AUSENTE	-	SI	2	OPENSTAX
a342e92limit9	AUSENTE	-	SI	2	OPENSTAX
a343428l'hopital1	AUSENTE	-	NO	0	OPENSTAX
a343428l'hopital10	AUSENTE	-	NO	0	OPENSTAX
a343428l'hopital12	AUSENTE	-	NO	0	OPENSTAX
a343428l'hopital13	AUSENTE	-	NO	0	OPENSTAX
a343428l'hopital14	AUSENTE	-	SI	1	OPENSTAX
a343428l'hopital15	AUSENTE	-	NO	0	OPENSTAX
a343428l'hopital16	AUSENTE	-	NO	0	OPENSTAX
a343428l'hopital17	AUSENTE	-	NO	0	OPENSTAX
a343428l'hopital19	AUSENTE	-	NO	0	OPENSTAX
a343428l'hopital2	AUSENTE	-	NO	0	OPENSTAX
a343428l'hopital20	AUSENTE	-	NO	0	OPENSTAX
a343428l'hopital21	AUSENTE	-	NO	0	OPENSTAX
a343428l'hopital3	AUSENTE	-	NO	0	OPENSTAX
a343428l'hopital4	AUSENTE	-	NO	0	OPENSTAX
a343428l'hopital5	AUSENTE	-	NO	0	OPENSTAX
a343428l'hopital7	AUSENTE	-	NO	0	OPENSTAX
a343428l'hopital8	AUSENTE	-	NO	0	OPENSTAX
a343428l'hopital9	AUSENTE	-	NO	0	OPENSTAX
a3476d7optimize1	AUSENTE	-	SI	1	OPENSTAX
a3476d7optimize12	AUSENTE	-	NO	0	OPENSTAX
a3476d7optimize13	AUSENTE	-	NO	0	OPENSTAX
a3476d7optimize14	AUSENTE	-	NO	0	OPENSTAX
a3476d7optimize15	AUSENTE	-	SI	1	OPENSTAX
a3476d7optimize16	AUSENTE	-	NO	0	OPENSTAX
a3476d7optimize17	AUSENTE	-	NO	0	OPENSTAX
a3476d7optimize2	AUSENTE	-	NO	0	OPENSTAX
a3476d7optimize3	AUSENTE	-	SI	2	OPENSTAX
a3476d7optimize4	AUSENTE	-	NO	0	OPENSTAX
a3476d7optimize5	AUSENTE	-	NO	0	OPENSTAX
a3476d7optimize6	AUSENTE	-	NO	0	OPENSTAX
a3476d7optimize7	AUSENTE	-	SI	1	OPENSTAX
a3476d7optimize9	AUSENTE	-	SI	1	OPENSTAX
a35b0d9quadratic1	RESOLUBLE	CC-BY-4.0	SI	1	OPENSTAX
a35b0d9quadratic10	RESOLUBLE	CC-BY-4.0	NO	0	OPENSTAX
a35b0d9quadratic11	RESOLUBLE	CC-BY-4.0	NO	0	OPENSTAX
a35b0d9quadratic12	RESOLUBLE	CC-BY-4.0	NO	0	OPENSTAX
a35b0d9quadratic13	RESOLUBLE	CC-BY-4.0	NO	0	OPENSTAX
a35b0d9quadratic14	RESOLUBLE	CC-BY-4.0	NO	0	OPENSTAX
a35b0d9quadratic15	RESOLUBLE	CC-BY-4.0	NO	0	OPENSTAX
a35b0d9quadratic16	RESOLUBLE	CC-BY-4.0	NO	0	OPENSTAX
a35b0d9quadratic17	RESOLUBLE	CC-BY-4.0	NO	0	OPENSTAX
a35b0d9quadratic18	RESOLUBLE	CC-BY-4.0	NO	0	OPENSTAX
a35b0d9quadratic19	RESOLUBLE	CC-BY-4.0	NO	0	OPENSTAX
a35b0d9quadratic2	RESOLUBLE	CC-BY-4.0	NO	0	OPENSTAX
a35b0d9quadratic20	RESOLUBLE	CC-BY-4.0	NO	0	OPENSTAX
a35b0d9quadratic21	RESOLUBLE	CC-BY-4.0	NO	0	OPENSTAX
a35b0d9quadratic22	RESOLUBLE	CC-BY-4.0	NO	0	OPENSTAX
a35b0d9quadratic23	RESOLUBLE	CC-BY-4.0	NO	0	OPENSTAX
a35b0d9quadratic24	RESOLUBLE	CC-BY-4.0	NO	0	OPENSTAX
a35b0d9quadratic25	RESOLUBLE	CC-BY-4.0	NO	0	OPENSTAX
a35b0d9quadratic26	RESOLUBLE	CC-BY-4.0	NO	0	OPENSTAX
a35b0d9quadratic27	RESOLUBLE	CC-BY-4.0	NO	0	OPENSTAX
a35b0d9quadratic28	RESOLUBLE	CC-BY-4.0	NO	0	OPENSTAX
a35b0d9quadratic29	RESOLUBLE	CC-BY-4.0	NO	0	OPENSTAX
a35b0d9quadratic3	RESOLUBLE	CC-BY-4.0	NO	0	OPENSTAX
a35b0d9quadratic4	RESOLUBLE	CC-BY-4.0	NO	0	OPENSTAX
a35b0d9quadratic5	RESOLUBLE	CC-BY-4.0	SI	1	OPENSTAX
a35b0d9quadratic6	RESOLUBLE	CC-BY-4.0	NO	0	OPENSTAX
a35b0d9quadratic7	RESOLUBLE	CC-BY-4.0	NO	0	OPENSTAX
a35b0d9quadratic8	RESOLUBLE	CC-BY-4.0	NO	0	OPENSTAX
a35b0d9quadratic9	RESOLUBLE	CC-BY-4.0	NO	0	OPENSTAX
a35ba99cou1	RESOLUBLE	CC-BY-4.0	NO	0	OPENSTAX
a35ba99cou10	RESOLUBLE	CC-BY-4.0	NO	0	OPENSTAX
a35ba99cou11	RESOLUBLE	CC-BY-4.0	NO	0	OPENSTAX
a35ba99cou12	RESOLUBLE	CC-BY-4.0	NO	0	OPENSTAX
a35ba99cou13	RESOLUBLE	CC-BY-4.0	NO	0	OPENSTAX
a35ba99cou14	RESOLUBLE	CC-BY-4.0	NO	0	OPENSTAX
a35ba99cou15	RESOLUBLE	CC-BY-4.0	NO	0	OPENSTAX
a35ba99cou16	RESOLUBLE	CC-BY-4.0	NO	0	OPENSTAX
a35ba99cou17	RESOLUBLE	CC-BY-4.0	NO	0	OPENSTAX
a35ba99cou18	RESOLUBLE	CC-BY-4.0	NO	0	OPENSTAX
a35ba99cou19	RESOLUBLE	CC-BY-4.0	NO	0	OPENSTAX
a35ba99cou2	RESOLUBLE	CC-BY-4.0	SI	1	OPENSTAX
a35ba99cou20	RESOLUBLE	CC-BY-4.0	NO	0	OPENSTAX
a35ba99cou21	RESOLUBLE	CC-BY-4.0	NO	0	OPENSTAX
a35ba99cou22	RESOLUBLE	CC-BY-4.0	NO	0	OPENSTAX
a35ba99cou23	RESOLUBLE	CC-BY-4.0	NO	0	OPENSTAX
a35ba99cou24	RESOLUBLE	CC-BY-4.0	NO	0	OPENSTAX
a35ba99cou25	RESOLUBLE	CC-BY-4.0	NO	0	OPENSTAX
a35ba99cou26	RESOLUBLE	CC-BY-4.0	NO	0	OPENSTAX
a35ba99cou27	RESOLUBLE	CC-BY-4.0	NO	0	OPENSTAX
a35ba99cou28	RESOLUBLE	CC-BY-4.0	NO	0	OPENSTAX
a35ba99cou29	RESOLUBLE	CC-BY-4.0	NO	0	OPENSTAX
a35ba99cou3	RESOLUBLE	CC-BY-4.0	SI	1	OPENSTAX
a35ba99cou30	RESOLUBLE	CC-BY-4.0	NO	0	OPENSTAX
a35ba99cou4	RESOLUBLE	CC-BY-4.0	NO	0	OPENSTAX
a35ba99cou5	RESOLUBLE	CC-BY-4.0	NO	0	OPENSTAX
a35ba99cou6	RESOLUBLE	CC-BY-4.0	NO	0	OPENSTAX
a35ba99cou7	RESOLUBLE	CC-BY-4.0	NO	0	OPENSTAX
a35ba99cou8	RESOLUBLE	CC-BY-4.0	NO	0	OPENSTAX
a35ba99cou9	RESOLUBLE	CC-BY-4.0	NO	0	OPENSTAX
a36d9e8corr1	RESOLUBLE	CC-BY-4.0	SI	1	OPENSTAX
a36d9e8corr2	RESOLUBLE	CC-BY-4.0	SI	1	OPENSTAX
a36d9e8corr3	RESOLUBLE	CC-BY-4.0	SI	1	OPENSTAX
a36d9e8corr4	RESOLUBLE	CC-BY-4.0	SI	1	OPENSTAX
a36d9e8corr5	RESOLUBLE	CC-BY-4.0	SI	1	OPENSTAX
a36d9e8corr6	RESOLUBLE	CC-BY-4.0	SI	1	OPENSTAX
a36d9e8corr7	RESOLUBLE	CC-BY-4.0	SI	1	OPENSTAX
a372017cramer1	RESOLUBLE	CC-BY-4.0	NO	0	OPENSTAX
a372017cramer10	RESOLUBLE	CC-BY-4.0	NO	0	OPENSTAX
a372017cramer11	RESOLUBLE	CC-BY-4.0	NO	0	OPENSTAX
a372017cramer12	RESOLUBLE	CC-BY-4.0	NO	0	OPENSTAX
a372017cramer13	RESOLUBLE	CC-BY-4.0	NO	0	OPENSTAX
a372017cramer14	RESOLUBLE	CC-BY-4.0	NO	0	OPENSTAX
a372017cramer15	RESOLUBLE	CC-BY-4.0	NO	0	OPENSTAX
a372017cramer16	RESOLUBLE	CC-BY-4.0	SI	1	OPENSTAX
a372017cramer17	RESOLUBLE	CC-BY-4.0	NO	0	OPENSTAX
a372017cramer18	RESOLUBLE	CC-BY-4.0	NO	0	OPENSTAX
a372017cramer19	RESOLUBLE	CC-BY-4.0	SI	1	OPENSTAX
a372017cramer2	RESOLUBLE	CC-BY-4.0	NO	0	OPENSTAX
a372017cramer20	RESOLUBLE	CC-BY-4.0	SI	1	OPENSTAX
a372017cramer21	RESOLUBLE	CC-BY-4.0	SI	2	OPENSTAX
a372017cramer22	RESOLUBLE	CC-BY-4.0	SI	2	OPENSTAX
a372017cramer23	RESOLUBLE	CC-BY-4.0	SI	1	OPENSTAX
a372017cramer24	RESOLUBLE	CC-BY-4.0	SI	3	OPENSTAX
a372017cramer25	RESOLUBLE	CC-BY-4.0	SI	2	OPENSTAX
a372017cramer26	RESOLUBLE	CC-BY-4.0	SI	1	OPENSTAX
a372017cramer27	RESOLUBLE	CC-BY-4.0	SI	1	OPENSTAX
a372017cramer28	RESOLUBLE	CC-BY-4.0	NO	0	OPENSTAX
a372017cramer29	RESOLUBLE	CC-BY-4.0	NO	0	OPENSTAX
a372017cramer3	RESOLUBLE	CC-BY-4.0	NO	0	OPENSTAX
a372017cramer30	RESOLUBLE	CC-BY-4.0	SI	1	OPENSTAX
a372017cramer4	RESOLUBLE	CC-BY-4.0	NO	0	OPENSTAX
a372017cramer5	RESOLUBLE	CC-BY-4.0	NO	0	OPENSTAX
a372017cramer6	RESOLUBLE	CC-BY-4.0	NO	0	OPENSTAX
a372017cramer7	RESOLUBLE	CC-BY-4.0	NO	0	OPENSTAX
a372017cramer8	RESOLUBLE	CC-BY-4.0	NO	0	OPENSTAX
a372017cramer9	RESOLUBLE	CC-BY-4.0	NO	0	OPENSTAX
a374ff4inequalities1	RESOLUBLE	CC-BY-4.0	SI	2	OPENSTAX
a374ff4inequalities10	RESOLUBLE	CC-BY-4.0	NO	0	OPENSTAX
a374ff4inequalities11	RESOLUBLE	CC-BY-4.0	NO	0	OPENSTAX
a374ff4inequalities12	RESOLUBLE	CC-BY-4.0	NO	0	OPENSTAX
a374ff4inequalities13	RESOLUBLE	CC-BY-4.0	NO	0	OPENSTAX
a374ff4inequalities14	RESOLUBLE	CC-BY-4.0	NO	0	OPENSTAX
a374ff4inequalities15	RESOLUBLE	CC-BY-4.0	NO	0	OPENSTAX
a374ff4inequalities16	RESOLUBLE	CC-BY-4.0	SI	1	OPENSTAX
a374ff4inequalities17	RESOLUBLE	CC-BY-4.0	SI	1	OPENSTAX
a374ff4inequalities18	RESOLUBLE	CC-BY-4.0	SI	1	OPENSTAX
a374ff4inequalities19	RESOLUBLE	CC-BY-4.0	NO	0	OPENSTAX
a374ff4inequalities2	RESOLUBLE	CC-BY-4.0	SI	2	OPENSTAX
a374ff4inequalities20	RESOLUBLE	CC-BY-4.0	NO	0	OPENSTAX
a374ff4inequalities21	RESOLUBLE	CC-BY-4.0	NO	0	OPENSTAX
a374ff4inequalities22	RESOLUBLE	CC-BY-4.0	NO	0	OPENSTAX
a374ff4inequalities23	RESOLUBLE	CC-BY-4.0	NO	0	OPENSTAX
a374ff4inequalities24	RESOLUBLE	CC-BY-4.0	NO	0	OPENSTAX
a374ff4inequalities25	RESOLUBLE	CC-BY-4.0	NO	0	OPENSTAX
a374ff4inequalities26	RESOLUBLE	CC-BY-4.0	NO	0	OPENSTAX
a374ff4inequalities27	RESOLUBLE	CC-BY-4.0	NO	0	OPENSTAX
a374ff4inequalities28	RESOLUBLE	CC-BY-4.0	NO	0	OPENSTAX
a374ff4inequalities29	RESOLUBLE	CC-BY-4.0	NO	0	OPENSTAX
a374ff4inequalities3	RESOLUBLE	CC-BY-4.0	SI	2	OPENSTAX
a374ff4inequalities30	RESOLUBLE	CC-BY-4.0	NO	0	OPENSTAX
a374ff4inequalities4	RESOLUBLE	CC-BY-4.0	SI	2	OPENSTAX
a374ff4inequalities5	RESOLUBLE	CC-BY-4.0	SI	2	OPENSTAX
a374ff4inequalities6	RESOLUBLE	CC-BY-4.0	NO	0	OPENSTAX
a374ff4inequalities7	RESOLUBLE	CC-BY-4.0	NO	0	OPENSTAX
a374ff4inequalities8	RESOLUBLE	CC-BY-4.0	NO	0	OPENSTAX
a374ff4inequalities9	RESOLUBLE	CC-BY-4.0	NO	0	OPENSTAX
a37a2f0Fraction1	RESOLUBLE	CC-BY-4.0	NO	0	OPENSTAX
a37a2f0Fraction2	RESOLUBLE	CC-BY-4.0	NO	0	OPENSTAX
a37a2f0Fraction3	RESOLUBLE	CC-BY-4.0	NO	0	OPENSTAX
a37a2f0Fraction4	RESOLUBLE	CC-BY-4.0	NO	0	OPENSTAX
a37a2f0FractionReduction1	RESOLUBLE	CC-BY-4.0	NO	0	NO-OPENSTAX
a37a2f0FractionSimplification1	RESOLUBLE	CC-BY-4.0	NO	0	NO-OPENSTAX
a37a2f0Visualize1	RESOLUBLE	CC-BY-4.0	NO	0	OPENSTAX
a37a2f0Visualize10	RESOLUBLE	CC-BY-4.0	NO	0	OPENSTAX
a37a2f0Visualize11	RESOLUBLE	CC-BY-4.0	NO	0	OPENSTAX
a37a2f0Visualize12	RESOLUBLE	CC-BY-4.0	NO	0	OPENSTAX
a37a2f0Visualize13	RESOLUBLE	CC-BY-4.0	NO	0	OPENSTAX
a37a2f0Visualize14	RESOLUBLE	CC-BY-4.0	NO	0	OPENSTAX
a37a2f0Visualize15	RESOLUBLE	CC-BY-4.0	NO	0	OPENSTAX
a37a2f0Visualize16	RESOLUBLE	CC-BY-4.0	NO	0	OPENSTAX
a37a2f0Visualize17	RESOLUBLE	CC-BY-4.0	NO	0	OPENSTAX
a37a2f0Visualize18	RESOLUBLE	CC-BY-4.0	NO	0	OPENSTAX
a37a2f0Visualize19	RESOLUBLE	CC-BY-4.0	NO	0	OPENSTAX
a37a2f0Visualize2	RESOLUBLE	CC-BY-4.0	NO	0	OPENSTAX
a37a2f0Visualize20	RESOLUBLE	CC-BY-4.0	NO	0	OPENSTAX
a37a2f0Visualize21	RESOLUBLE	CC-BY-4.0	NO	0	OPENSTAX
a37a2f0Visualize3	RESOLUBLE	CC-BY-4.0	NO	0	OPENSTAX
a37a2f0Visualize4	RESOLUBLE	CC-BY-4.0	NO	0	OPENSTAX
a37a2f0Visualize5	RESOLUBLE	CC-BY-4.0	NO	0	OPENSTAX
a37a2f0Visualize6	RESOLUBLE	CC-BY-4.0	NO	0	OPENSTAX
a37a2f0Visualize7	RESOLUBLE	CC-BY-4.0	NO	0	OPENSTAX
a37a2f0Visualize8	RESOLUBLE	CC-BY-4.0	NO	0	OPENSTAX
a37a2f0Visualize9	RESOLUBLE	CC-BY-4.0	NO	0	OPENSTAX
a37a2f0fraction_reduction1	RESOLUBLE	CC-BY-4.0	NO	0	NO-OPENSTAX
a37a2f0fractions1	RESOLUBLE	CC-BY-4.0	NO	0	OPENSTAX
a37a2f0fractions2	RESOLUBLE	CC-BY-4.0	NO	0	OPENSTAX
a37a2f0fractions3	RESOLUBLE	CC-BY-4.0	NO	0	OPENSTAX
a37e07emodels1	RESOLUBLE	CC-BY-4.0	NO	0	OPENSTAX
a37e07emodels10	RESOLUBLE	CC-BY-4.0	NO	0	OPENSTAX
a37e07emodels11	RESOLUBLE	CC-BY-4.0	NO	0	OPENSTAX
a37e07emodels12	RESOLUBLE	CC-BY-4.0	NO	0	OPENSTAX
a37e07emodels13	RESOLUBLE	CC-BY-4.0	NO	0	OPENSTAX
a37e07emodels14	RESOLUBLE	CC-BY-4.0	NO	0	OPENSTAX
a37e07emodels15	RESOLUBLE	CC-BY-4.0	NO	0	OPENSTAX
a37e07emodels16	RESOLUBLE	CC-BY-4.0	NO	0	OPENSTAX
a37e07emodels17	RESOLUBLE	CC-BY-4.0	NO	0	OPENSTAX
a37e07emodels18	RESOLUBLE	CC-BY-4.0	NO	0	OPENSTAX
a37e07emodels19	RESOLUBLE	CC-BY-4.0	NO	0	OPENSTAX
a37e07emodels2	RESOLUBLE	CC-BY-4.0	NO	0	OPENSTAX
a37e07emodels20	RESOLUBLE	CC-BY-4.0	NO	0	OPENSTAX
a37e07emodels21	RESOLUBLE	CC-BY-4.0	NO	0	OPENSTAX
a37e07emodels22	RESOLUBLE	CC-BY-4.0	NO	0	OPENSTAX
a37e07emodels23	RESOLUBLE	CC-BY-4.0	NO	0	OPENSTAX
a37e07emodels24	RESOLUBLE	CC-BY-4.0	NO	0	OPENSTAX
a37e07emodels25	RESOLUBLE	CC-BY-4.0	NO	0	OPENSTAX
a37e07emodels26	RESOLUBLE	CC-BY-4.0	NO	0	OPENSTAX
a37e07emodels27	RESOLUBLE	CC-BY-4.0	NO	0	OPENSTAX
a37e07emodels28	RESOLUBLE	CC-BY-4.0	SI	1	OPENSTAX
a37e07emodels3	RESOLUBLE	CC-BY-4.0	NO	0	OPENSTAX
a37e07emodels4	RESOLUBLE	CC-BY-4.0	NO	0	OPENSTAX
a37e07emodels5	RESOLUBLE	CC-BY-4.0	NO	0	OPENSTAX
a37e07emodels6	RESOLUBLE	CC-BY-4.0	NO	0	OPENSTAX
a37e07emodels7	RESOLUBLE	CC-BY-4.0	NO	0	OPENSTAX
a37e07emodels8	RESOLUBLE	CC-BY-4.0	NO	0	OPENSTAX
a37e07emodels9	RESOLUBLE	CC-BY-4.0	NO	0	OPENSTAX
a381217systemeq1	RESOLUBLE	CC-BY-4.0	NO	0	OPENSTAX
a381217systemeq10	RESOLUBLE	CC-BY-4.0	NO	0	OPENSTAX
a381217systemeq11	RESOLUBLE	CC-BY-4.0	NO	0	OPENSTAX
a381217systemeq12	RESOLUBLE	CC-BY-4.0	NO	0	OPENSTAX
a381217systemeq13	RESOLUBLE	CC-BY-4.0	NO	0	OPENSTAX
a381217systemeq14	RESOLUBLE	CC-BY-4.0	NO	0	OPENSTAX
a381217systemeq15	RESOLUBLE	CC-BY-4.0	NO	0	OPENSTAX
a381217systemeq16	RESOLUBLE	CC-BY-4.0	NO	0	OPENSTAX
a381217systemeq17	RESOLUBLE	CC-BY-4.0	NO	0	OPENSTAX
a381217systemeq18	RESOLUBLE	CC-BY-4.0	NO	0	OPENSTAX
a381217systemeq19	RESOLUBLE	CC-BY-4.0	NO	0	OPENSTAX
a381217systemeq2	RESOLUBLE	CC-BY-4.0	NO	0	OPENSTAX
a381217systemeq20	RESOLUBLE	CC-BY-4.0	NO	0	OPENSTAX
a381217systemeq21	RESOLUBLE	CC-BY-4.0	NO	0	OPENSTAX
a381217systemeq22	RESOLUBLE	CC-BY-4.0	NO	0	OPENSTAX
a381217systemeq23	RESOLUBLE	CC-BY-4.0	NO	0	OPENSTAX
a381217systemeq24	RESOLUBLE	CC-BY-4.0	NO	0	OPENSTAX
a381217systemeq25	RESOLUBLE	CC-BY-4.0	NO	0	OPENSTAX
a381217systemeq3	RESOLUBLE	CC-BY-4.0	NO	0	OPENSTAX
a381217systemeq4	RESOLUBLE	CC-BY-4.0	NO	0	OPENSTAX
a381217systemeq5	RESOLUBLE	CC-BY-4.0	NO	0	OPENSTAX
a381217systemeq6	RESOLUBLE	CC-BY-4.0	NO	0	OPENSTAX
a381217systemeq7	RESOLUBLE	CC-BY-4.0	NO	0	OPENSTAX
a381217systemeq8	RESOLUBLE	CC-BY-4.0	NO	0	OPENSTAX
a381217systemeq9	RESOLUBLE	CC-BY-4.0	NO	0	OPENSTAX
a382995DiscreteDist1	RESOLUBLE	CC-BY-4.0	NO	0	OPENSTAX
a382995DiscreteDist10	RESOLUBLE	CC-BY-4.0	NO	0	OPENSTAX
a382995DiscreteDist11	RESOLUBLE	CC-BY-4.0	NO	0	OPENSTAX
a382995DiscreteDist12	RESOLUBLE	CC-BY-4.0	NO	0	OPENSTAX
a382995DiscreteDist13	RESOLUBLE	CC-BY-4.0	NO	0	OPENSTAX
a382995DiscreteDist14	RESOLUBLE	CC-BY-4.0	NO	0	OPENSTAX
a382995DiscreteDist15	RESOLUBLE	CC-BY-4.0	NO	0	OPENSTAX
a382995DiscreteDist2	RESOLUBLE	CC-BY-4.0	NO	0	OPENSTAX
a382995DiscreteDist3	RESOLUBLE	CC-BY-4.0	NO	0	OPENSTAX
a382995DiscreteDist4	RESOLUBLE	CC-BY-4.0	NO	0	OPENSTAX
a382995DiscreteDist5	RESOLUBLE	CC-BY-4.0	NO	0	OPENSTAX
a382995DiscreteDist6	RESOLUBLE	CC-BY-4.0	NO	0	OPENSTAX
a382995DiscreteDist7	RESOLUBLE	CC-BY-4.0	NO	0	OPENSTAX
a382995DiscreteDist8	RESOLUBLE	CC-BY-4.0	NO	0	OPENSTAX
a382995DiscreteDist9	RESOLUBLE	CC-BY-4.0	NO	0	OPENSTAX
a3837e8graphline1	RESOLUBLE	CC-BY-4.0	SI	1	OPENSTAX
a3837e8graphline10	RESOLUBLE	CC-BY-4.0	NO	0	OPENSTAX
a3837e8graphline11	RESOLUBLE	CC-BY-4.0	NO	0	OPENSTAX
a3837e8graphline12	RESOLUBLE	CC-BY-4.0	NO	0	OPENSTAX
a3837e8graphline13	RESOLUBLE	CC-BY-4.0	NO	0	OPENSTAX
a3837e8graphline14	RESOLUBLE	CC-BY-4.0	NO	0	OPENSTAX
a3837e8graphline15	RESOLUBLE	CC-BY-4.0	NO	0	OPENSTAX
a3837e8graphline5	RESOLUBLE	CC-BY-4.0	SI	1	OPENSTAX
a3837e8graphline6	RESOLUBLE	CC-BY-4.0	SI	1	OPENSTAX
a3837e8graphline7	RESOLUBLE	CC-BY-4.0	NO	0	OPENSTAX
a3837e8graphline8	RESOLUBLE	CC-BY-4.0	NO	0	OPENSTAX
a3837e8graphline9	RESOLUBLE	CC-BY-4.0	NO	0	OPENSTAX
a3837e8points1	RESOLUBLE	CC-BY-4.0	NO	0	OPENSTAX
a3837e8points10	RESOLUBLE	CC-BY-4.0	NO	0	OPENSTAX
a3837e8points11	RESOLUBLE	CC-BY-4.0	NO	0	OPENSTAX
a3837e8points12	RESOLUBLE	CC-BY-4.0	NO	0	OPENSTAX
a3837e8points13	RESOLUBLE	CC-BY-4.0	NO	0	OPENSTAX
a3837e8points14	RESOLUBLE	CC-BY-4.0	NO	0	OPENSTAX
a3837e8points15	RESOLUBLE	CC-BY-4.0	NO	0	OPENSTAX
a3837e8points2	RESOLUBLE	CC-BY-4.0	NO	0	OPENSTAX
a3837e8points3	RESOLUBLE	CC-BY-4.0	NO	0	OPENSTAX
a3837e8points4	RESOLUBLE	CC-BY-4.0	NO	0	OPENSTAX
a3837e8points5	RESOLUBLE	CC-BY-4.0	NO	0	OPENSTAX
a3837e8points6	RESOLUBLE	CC-BY-4.0	NO	0	OPENSTAX
a3837e8points7	RESOLUBLE	CC-BY-4.0	NO	0	OPENSTAX
a3837e8points8	RESOLUBLE	CC-BY-4.0	NO	0	OPENSTAX
a3837e8points9	RESOLUBLE	CC-BY-4.0	NO	0	OPENSTAX
a389170multpoly1	AUSENTE	-	NO	0	OPENSTAX
a389170multpoly10	AUSENTE	-	NO	0	OPENSTAX
a389170multpoly11	AUSENTE	-	NO	0	OPENSTAX
a389170multpoly12	AUSENTE	-	NO	0	OPENSTAX
a389170multpoly13	AUSENTE	-	NO	0	OPENSTAX
a389170multpoly2	AUSENTE	-	NO	0	OPENSTAX
a389170multpoly28	AUSENTE	-	NO	0	OPENSTAX
a389170multpoly29	AUSENTE	-	NO	0	OPENSTAX
a389170multpoly3	AUSENTE	-	NO	0	OPENSTAX
a389170multpoly30	AUSENTE	-	NO	0	OPENSTAX
a389170multpoly4	AUSENTE	-	NO	0	OPENSTAX
a389170multpoly5	AUSENTE	-	NO	0	OPENSTAX
a389170multpoly6	AUSENTE	-	NO	0	OPENSTAX
a389170multpoly7	AUSENTE	-	NO	0	OPENSTAX
a389170multpoly8	AUSENTE	-	NO	0	OPENSTAX
a389170multpoly9	AUSENTE	-	NO	0	OPENSTAX
a38bd54basicrules1	RESOLUBLE	CC-BY-4.0	NO	0	OPENSTAX
a38bd54basicrules10	RESOLUBLE	CC-BY-4.0	NO	0	OPENSTAX
a38bd54basicrules11	RESOLUBLE	CC-BY-4.0	NO	0	OPENSTAX
a38bd54basicrules12	RESOLUBLE	CC-BY-4.0	NO	0	OPENSTAX
a38bd54basicrules13	RESOLUBLE	CC-BY-4.0	NO	0	OPENSTAX
a38bd54basicrules14	RESOLUBLE	CC-BY-4.0	NO	0	OPENSTAX
a38bd54basicrules15	RESOLUBLE	CC-BY-4.0	NO	0	OPENSTAX
a38bd54basicrules16	RESOLUBLE	CC-BY-4.0	NO	0	OPENSTAX
a38bd54basicrules17	RESOLUBLE	CC-BY-4.0	NO	0	OPENSTAX
a38bd54basicrules18	RESOLUBLE	CC-BY-4.0	NO	0	OPENSTAX
a38bd54basicrules2	RESOLUBLE	CC-BY-4.0	NO	0	OPENSTAX
a38bd54basicrules20	RESOLUBLE	CC-BY-4.0	NO	0	OPENSTAX
a38bd54basicrules21	RESOLUBLE	CC-BY-4.0	NO	0	OPENSTAX
a38bd54basicrules23	RESOLUBLE	CC-BY-4.0	NO	0	OPENSTAX
a38bd54basicrules24	RESOLUBLE	CC-BY-4.0	NO	0	OPENSTAX
a38bd54basicrules25	RESOLUBLE	CC-BY-4.0	NO	0	OPENSTAX
a38bd54basicrules4	RESOLUBLE	CC-BY-4.0	NO	0	OPENSTAX
a38bd54basicrules5	RESOLUBLE	CC-BY-4.0	NO	0	OPENSTAX
a38bd54basicrules6	RESOLUBLE	CC-BY-4.0	NO	0	OPENSTAX
a38bd54basicrules7	RESOLUBLE	CC-BY-4.0	NO	0	OPENSTAX
a38bd54basicrules8	RESOLUBLE	CC-BY-4.0	NO	0	OPENSTAX
a38bd54basicrules9	RESOLUBLE	CC-BY-4.0	NO	0	OPENSTAX
a38da08geo1	AUSENTE	-	SI	1	NO-OPENSTAX
a38da08geo10	AUSENTE	-	SI	1	NO-OPENSTAX
a38da08geo2	AUSENTE	-	SI	2	NO-OPENSTAX
a38da08geo3	AUSENTE	-	SI	1	NO-OPENSTAX
a38da08geo4	AUSENTE	-	SI	2	NO-OPENSTAX
a38da08geo5	AUSENTE	-	SI	1	NO-OPENSTAX
a38da08geo6	AUSENTE	-	SI	2	NO-OPENSTAX
a38da08geo7	AUSENTE	-	NO	0	NO-OPENSTAX
a38da08geo8	AUSENTE	-	SI	1	NO-OPENSTAX
a38da08geo9	AUSENTE	-	SI	2	NO-OPENSTAX
a391214Sequ1	RESOLUBLE	CC-BY-4.0	NO	0	OPENSTAX
a391214Sequ10	RESOLUBLE	CC-BY-4.0	NO	0	OPENSTAX
a391214Sequ11	RESOLUBLE	CC-BY-4.0	NO	0	OPENSTAX
a391214Sequ12	RESOLUBLE	CC-BY-4.0	NO	0	OPENSTAX
a391214Sequ13	RESOLUBLE	CC-BY-4.0	NO	0	OPENSTAX
a391214Sequ14	RESOLUBLE	CC-BY-4.0	NO	0	OPENSTAX
a391214Sequ15	RESOLUBLE	CC-BY-4.0	NO	0	OPENSTAX
a391214Sequ16	RESOLUBLE	CC-BY-4.0	NO	0	OPENSTAX
a391214Sequ17	RESOLUBLE	CC-BY-4.0	NO	0	OPENSTAX
a391214Sequ18	RESOLUBLE	CC-BY-4.0	NO	0	OPENSTAX
a391214Sequ19	RESOLUBLE	CC-BY-4.0	NO	0	OPENSTAX
a391214Sequ2	RESOLUBLE	CC-BY-4.0	NO	0	OPENSTAX
a391214Sequ20	RESOLUBLE	CC-BY-4.0	NO	0	OPENSTAX
a391214Sequ21	RESOLUBLE	CC-BY-4.0	NO	0	OPENSTAX
a391214Sequ22	RESOLUBLE	CC-BY-4.0	NO	0	OPENSTAX
a391214Sequ23	RESOLUBLE	CC-BY-4.0	NO	0	OPENSTAX
a391214Sequ24	RESOLUBLE	CC-BY-4.0	NO	0	OPENSTAX
a391214Sequ25	RESOLUBLE	CC-BY-4.0	NO	0	OPENSTAX
a391214Sequ26	RESOLUBLE	CC-BY-4.0	NO	0	OPENSTAX
a391214Sequ27	RESOLUBLE	CC-BY-4.0	NO	0	OPENSTAX
a391214Sequ28	RESOLUBLE	CC-BY-4.0	NO	0	OPENSTAX
a391214Sequ29	RESOLUBLE	CC-BY-4.0	NO	0	OPENSTAX
a391214Sequ3	RESOLUBLE	CC-BY-4.0	NO	0	OPENSTAX
a391214Sequ30	RESOLUBLE	CC-BY-4.0	NO	0	OPENSTAX
a391214Sequ4	RESOLUBLE	CC-BY-4.0	NO	0	OPENSTAX
a391214Sequ5	RESOLUBLE	CC-BY-4.0	NO	0	OPENSTAX
a391214Sequ6	RESOLUBLE	CC-BY-4.0	NO	0	OPENSTAX
a391214Sequ7	RESOLUBLE	CC-BY-4.0	NO	0	OPENSTAX
a391214Sequ8	RESOLUBLE	CC-BY-4.0	NO	0	OPENSTAX
a391214Sequ9	RESOLUBLE	CC-BY-4.0	NO	0	OPENSTAX
a39362cAbsolute1	RESOLUBLE	CC-BY-4.0	NO	0	OPENSTAX
a39362cAbsolute2	RESOLUBLE	CC-BY-4.0	NO	0	OPENSTAX
a39362cline11	RESOLUBLE	CC-BY-4.0	NO	0	OPENSTAX
a39362cline12	RESOLUBLE	CC-BY-4.0	NO	0	OPENSTAX
a39362cline25	RESOLUBLE	CC-BY-4.0	NO	0	OPENSTAX
a39362cline3	RESOLUBLE	CC-BY-4.0	NO	0	OPENSTAX
a39362cline30	RESOLUBLE	CC-BY-4.0	NO	0	OPENSTAX
a39362cline4	RESOLUBLE	CC-BY-4.0	NO	0	OPENSTAX
a394625deriv1	AUSENTE	-	NO	0	OPENSTAX
a394625deriv10	AUSENTE	-	NO	0	OPENSTAX
a394625deriv11	AUSENTE	-	NO	0	OPENSTAX
a394625deriv12	AUSENTE	-	NO	0	OPENSTAX
a394625deriv13	AUSENTE	-	NO	0	OPENSTAX
a394625deriv14	AUSENTE	-	NO	0	OPENSTAX
a394625deriv15	AUSENTE	-	NO	0	OPENSTAX
a394625deriv16	AUSENTE	-	NO	0	OPENSTAX
a394625deriv17	AUSENTE	-	NO	0	OPENSTAX
a394625deriv18	AUSENTE	-	NO	0	OPENSTAX
a394625deriv19	AUSENTE	-	NO	0	OPENSTAX
a394625deriv2	AUSENTE	-	NO	0	OPENSTAX
a394625deriv20	AUSENTE	-	NO	0	OPENSTAX
a394625deriv21	AUSENTE	-	NO	0	OPENSTAX
a394625deriv22	AUSENTE	-	NO	0	OPENSTAX
a394625deriv23	AUSENTE	-	NO	0	OPENSTAX
a394625deriv24	AUSENTE	-	NO	0	OPENSTAX
a394625deriv25	AUSENTE	-	NO	0	OPENSTAX
a394625deriv3	AUSENTE	-	NO	0	OPENSTAX
a394625deriv4	AUSENTE	-	NO	0	OPENSTAX
a394625deriv5	AUSENTE	-	NO	0	OPENSTAX
a394625deriv6	AUSENTE	-	NO	0	OPENSTAX
a394625deriv7	AUSENTE	-	NO	0	OPENSTAX
a394625deriv8	AUSENTE	-	NO	0	OPENSTAX
a394625deriv9	AUSENTE	-	NO	0	OPENSTAX
a39b8a0def1	AUSENTE	-	NO	0	OPENSTAX
a39b8a0def10	AUSENTE	-	NO	0	OPENSTAX
a39b8a0def11	AUSENTE	-	NO	0	OPENSTAX
a39b8a0def12	AUSENTE	-	NO	0	OPENSTAX
a39b8a0def13	AUSENTE	-	NO	0	OPENSTAX
a39b8a0def14	AUSENTE	-	NO	0	OPENSTAX
a39b8a0def15	AUSENTE	-	NO	0	OPENSTAX
a39b8a0def16	AUSENTE	-	NO	0	OPENSTAX
a39b8a0def17	AUSENTE	-	NO	0	OPENSTAX
a39b8a0def18	AUSENTE	-	SI	1	OPENSTAX
a39b8a0def19	AUSENTE	-	SI	1	OPENSTAX
a39b8a0def2	AUSENTE	-	NO	0	OPENSTAX
a39b8a0def20	AUSENTE	-	NO	0	OPENSTAX
a39b8a0def21	AUSENTE	-	NO	0	OPENSTAX
a39b8a0def22	AUSENTE	-	SI	1	OPENSTAX
a39b8a0def23	AUSENTE	-	NO	0	OPENSTAX
a39b8a0def24	AUSENTE	-	NO	0	OPENSTAX
a39b8a0def25	AUSENTE	-	NO	0	OPENSTAX
a39b8a0def26	AUSENTE	-	NO	0	OPENSTAX
a39b8a0def3	AUSENTE	-	NO	0	OPENSTAX
a39b8a0def4	AUSENTE	-	NO	0	OPENSTAX
a39b8a0def5	AUSENTE	-	NO	0	OPENSTAX
a39b8a0def6	AUSENTE	-	NO	0	OPENSTAX
a39b8a0def7	AUSENTE	-	NO	0	OPENSTAX
a39b8a0def8	AUSENTE	-	NO	0	OPENSTAX
a39b8a0def9	AUSENTE	-	NO	0	OPENSTAX
a39def5good1	RESOLUBLE	CC-BY-4.0	SI	3	OPENSTAX
a39def5good10	RESOLUBLE	CC-BY-4.0	SI	1	OPENSTAX
a39def5good11	RESOLUBLE	CC-BY-4.0	SI	1	OPENSTAX
a39def5good12	RESOLUBLE	CC-BY-4.0	SI	1	OPENSTAX
a39def5good13	RESOLUBLE	CC-BY-4.0	SI	2	OPENSTAX
a39def5good14	RESOLUBLE	CC-BY-4.0	SI	2	OPENSTAX
a39def5good15	RESOLUBLE	CC-BY-4.0	SI	1	OPENSTAX
a39def5good2	RESOLUBLE	CC-BY-4.0	SI	2	OPENSTAX
a39def5good3	AUSENTE	-	SI	1	OPENSTAX
a39def5good4	RESOLUBLE	CC-BY-4.0	SI	1	OPENSTAX
a39def5good5	RESOLUBLE	CC-BY-4.0	NO	0	OPENSTAX
a39def5good6	RESOLUBLE	CC-BY-4.0	NO	0	OPENSTAX
a39def5good7	RESOLUBLE	CC-BY-4.0	NO	0	OPENSTAX
a39def5good8	RESOLUBLE	CC-BY-4.0	SI	1	OPENSTAX
a39def5good9	RESOLUBLE	CC-BY-4.0	SI	1	OPENSTAX
a3a417ccontinuity1	RESOLUBLE	CC-BY-4.0	NO	0	OPENSTAX
a3a417ccontinuity10	RESOLUBLE	CC-BY-4.0	NO	0	OPENSTAX
a3a417ccontinuity11	RESOLUBLE	CC-BY-4.0	NO	0	OPENSTAX
a3a417ccontinuity2	RESOLUBLE	CC-BY-4.0	NO	0	OPENSTAX
a3a417ccontinuity3	RESOLUBLE	CC-BY-4.0	NO	0	OPENSTAX
a3a417ccontinuity4	RESOLUBLE	CC-BY-4.0	NO	0	OPENSTAX
a3a417ccontinuity5	RESOLUBLE	CC-BY-4.0	NO	0	OPENSTAX
a3a417ccontinuity6	RESOLUBLE	CC-BY-4.0	NO	0	OPENSTAX
a3a417ccontinuity7	RESOLUBLE	CC-BY-4.0	NO	0	OPENSTAX
a3a417ccontinuity8	RESOLUBLE	CC-BY-4.0	NO	0	OPENSTAX
a3a417ccontinuity9	RESOLUBLE	CC-BY-4.0	NO	0	OPENSTAX
a3a417cdiscontinuity1	RESOLUBLE	CC-BY-4.0	NO	0	OPENSTAX
a3a417cdiscontinuity10	RESOLUBLE	CC-BY-4.0	NO	0	OPENSTAX
a3a417cdiscontinuity11	RESOLUBLE	CC-BY-4.0	NO	0	OPENSTAX
a3a417cdiscontinuity2	RESOLUBLE	CC-BY-4.0	NO	0	OPENSTAX
a3a417cdiscontinuity3	RESOLUBLE	CC-BY-4.0	NO	0	OPENSTAX
a3a417cdiscontinuity4	RESOLUBLE	CC-BY-4.0	NO	0	OPENSTAX
a3a417cdiscontinuity5	RESOLUBLE	CC-BY-4.0	NO	0	OPENSTAX
a3a417cdiscontinuity6	RESOLUBLE	CC-BY-4.0	NO	0	OPENSTAX
a3a417cdiscontinuity7	RESOLUBLE	CC-BY-4.0	NO	0	OPENSTAX
a3a417cdiscontinuity8	RESOLUBLE	CC-BY-4.0	NO	0	OPENSTAX
a3a417cdiscontinuity9	RESOLUBLE	CC-BY-4.0	NO	0	OPENSTAX
a3a50fepercent1	RESOLUBLE	CC-BY-4.0	NO	0	OPENSTAX
a3a50fepercent10	RESOLUBLE	CC-BY-4.0	NO	0	OPENSTAX
a3a50fepercent11	RESOLUBLE	CC-BY-4.0	NO	0	OPENSTAX
a3a50fepercent12	RESOLUBLE	CC-BY-4.0	NO	0	OPENSTAX
a3a50fepercent13	RESOLUBLE	CC-BY-4.0	NO	0	OPENSTAX
a3a50fepercent14	RESOLUBLE	CC-BY-4.0	NO	0	OPENSTAX
a3a50fepercent15	RESOLUBLE	CC-BY-4.0	NO	0	OPENSTAX
a3a50fepercent16	RESOLUBLE	CC-BY-4.0	NO	0	OPENSTAX
a3a50fepercent17	RESOLUBLE	CC-BY-4.0	NO	0	OPENSTAX
a3a50fepercent18	RESOLUBLE	CC-BY-4.0	NO	0	OPENSTAX
a3a50fepercent19	RESOLUBLE	CC-BY-4.0	NO	0	OPENSTAX
a3a50fepercent2	RESOLUBLE	CC-BY-4.0	NO	0	OPENSTAX
a3a50fepercent20	RESOLUBLE	CC-BY-4.0	NO	0	OPENSTAX
a3a50fepercent21	RESOLUBLE	CC-BY-4.0	NO	0	OPENSTAX
a3a50fepercent22	RESOLUBLE	CC-BY-4.0	NO	0	OPENSTAX
a3a50fepercent23	RESOLUBLE	CC-BY-4.0	NO	0	OPENSTAX
a3a50fepercent3	RESOLUBLE	CC-BY-4.0	NO	0	OPENSTAX
a3a50fepercent4	RESOLUBLE	CC-BY-4.0	NO	0	OPENSTAX
a3a50fepercent5	RESOLUBLE	CC-BY-4.0	NO	0	OPENSTAX
a3a50fepercent6	RESOLUBLE	CC-BY-4.0	NO	0	OPENSTAX
a3a50fepercent7	RESOLUBLE	CC-BY-4.0	NO	0	OPENSTAX
a3a50fepercent8	RESOLUBLE	CC-BY-4.0	NO	0	OPENSTAX
a3a50fepercent9	RESOLUBLE	CC-BY-4.0	NO	0	OPENSTAX
a3abd22AddRational1	RESOLUBLE	CC-BY-4.0	NO	0	OPENSTAX
a3abd22AddRational10	RESOLUBLE	CC-BY-4.0	NO	0	OPENSTAX
a3abd22AddRational11	RESOLUBLE	CC-BY-4.0	NO	0	OPENSTAX
a3abd22AddRational12	RESOLUBLE	CC-BY-4.0	NO	0	OPENSTAX
a3abd22AddRational13	RESOLUBLE	CC-BY-4.0	NO	0	OPENSTAX
a3abd22AddRational14	RESOLUBLE	CC-BY-4.0	NO	0	OPENSTAX
a3abd22AddRational15	RESOLUBLE	CC-BY-4.0	NO	0	OPENSTAX
a3abd22AddRational2	RESOLUBLE	CC-BY-4.0	NO	0	OPENSTAX
a3abd22AddRational3	RESOLUBLE	CC-BY-4.0	NO	0	OPENSTAX
a3abd22AddRational4	RESOLUBLE	CC-BY-4.0	NO	0	OPENSTAX
a3abd22AddRational5	RESOLUBLE	CC-BY-4.0	NO	0	OPENSTAX
a3abd22AddRational6	RESOLUBLE	CC-BY-4.0	NO	0	OPENSTAX
a3abd22AddRational7	RESOLUBLE	CC-BY-4.0	NO	0	OPENSTAX
a3abd22AddRational8	RESOLUBLE	CC-BY-4.0	NO	0	OPENSTAX
a3abd22AddRational9	RESOLUBLE	CC-BY-4.0	NO	0	OPENSTAX
a3abd22addsubrational1	RESOLUBLE	CC-BY-4.0	NO	0	OPENSTAX
a3abd22addsubrational10	RESOLUBLE	CC-BY-4.0	NO	0	OPENSTAX
a3abd22addsubrational11	RESOLUBLE	CC-BY-4.0	NO	0	OPENSTAX
a3abd22addsubrational12	RESOLUBLE	CC-BY-4.0	NO	0	OPENSTAX
a3abd22addsubrational13	RESOLUBLE	CC-BY-4.0	NO	0	OPENSTAX
a3abd22addsubrational14	RESOLUBLE	CC-BY-4.0	NO	0	OPENSTAX
a3abd22addsubrational15	RESOLUBLE	CC-BY-4.0	NO	0	OPENSTAX
a3abd22addsubrational2	RESOLUBLE	CC-BY-4.0	NO	0	OPENSTAX
a3abd22addsubrational3	RESOLUBLE	CC-BY-4.0	NO	0	OPENSTAX
a3abd22addsubrational4	RESOLUBLE	CC-BY-4.0	NO	0	OPENSTAX
a3abd22addsubrational5	RESOLUBLE	CC-BY-4.0	NO	0	OPENSTAX
a3abd22addsubrational6	RESOLUBLE	CC-BY-4.0	NO	0	OPENSTAX
a3abd22addsubrational7	RESOLUBLE	CC-BY-4.0	NO	0	OPENSTAX
a3abd22addsubrational8	RESOLUBLE	CC-BY-4.0	NO	0	OPENSTAX
a3abd22addsubrational9	RESOLUBLE	CC-BY-4.0	NO	0	OPENSTAX
a3acaad9.3baker1	RESOLUBLE	CC-BY-4.0	SI	1	OPENSTAX
a3acaad9.3decisionmaking1	RESOLUBLE	CC-BY-4.0	NO	0	OPENSTAX
a3acaad9.3distributionchoice	RESOLUBLE	CC-BY-4.0	NO	0	OPENSTAX
a3acaad9.3distributionchoice2	RESOLUBLE	CC-BY-4.0	NO	0	OPENSTAX
a3acaad9.3distributionreview	RESOLUBLE	CC-BY-4.0	NO	0	OPENSTAX
a3acaad9.3distributionreview2	RESOLUBLE	CC-BY-4.0	NO	0	OPENSTAX
a3acaad9.3laketahoe	RESOLUBLE	CC-BY-4.0	NO	0	OPENSTAX
a3acaad9.3studenthours	RESOLUBLE	CC-BY-4.0	NO	0	OPENSTAX
a3ae150real1	AUSENTE	-	NO	0	OPENSTAX
a3ae150real10	AUSENTE	-	NO	0	OPENSTAX
a3ae150real11	AUSENTE	-	NO	0	OPENSTAX
a3ae150real12	AUSENTE	-	NO	0	OPENSTAX
a3ae150real13	AUSENTE	-	NO	0	OPENSTAX
a3ae150real14	AUSENTE	-	NO	0	OPENSTAX
a3ae150real15	AUSENTE	-	NO	0	OPENSTAX
a3ae150real16	AUSENTE	-	NO	0	OPENSTAX
a3ae150real17	AUSENTE	-	NO	0	OPENSTAX
a3ae150real18	AUSENTE	-	NO	0	OPENSTAX
a3ae150real19	AUSENTE	-	NO	0	OPENSTAX
a3ae150real2	AUSENTE	-	NO	0	OPENSTAX
a3ae150real20	AUSENTE	-	NO	0	OPENSTAX
a3ae150real21	AUSENTE	-	NO	0	OPENSTAX
a3ae150real22	AUSENTE	-	SI	1	OPENSTAX
a3ae150real23	AUSENTE	-	SI	1	OPENSTAX
a3ae150real24	AUSENTE	-	SI	1	OPENSTAX
a3ae150real25	AUSENTE	-	SI	1	OPENSTAX
a3ae150real26	AUSENTE	-	SI	1	OPENSTAX
a3ae150real27	AUSENTE	-	SI	1	OPENSTAX
a3ae150real28	AUSENTE	-	SI	1	OPENSTAX
a3ae150real29	AUSENTE	-	SI	1	OPENSTAX
a3ae150real3	AUSENTE	-	NO	0	OPENSTAX
a3ae150real30	AUSENTE	-	SI	1	OPENSTAX
a3ae150real4	AUSENTE	-	NO	0	OPENSTAX
a3ae150real6	AUSENTE	-	NO	0	OPENSTAX
a3ae150real7	AUSENTE	-	NO	0	OPENSTAX
a3ae150real8	AUSENTE	-	NO	0	OPENSTAX
a3ae150real9	AUSENTE	-	NO	0	OPENSTAX
a3b059ageo13	RESOLUBLE	CC-BY-4.0	NO	0	OPENSTAX
a3b059asrt1	RESOLUBLE	CC-BY-4.0	NO	0	OPENSTAX
a3b059asrt10	RESOLUBLE	CC-BY-4.0	NO	0	OPENSTAX
a3b059asrt11	RESOLUBLE	CC-BY-4.0	NO	0	OPENSTAX
a3b059asrt12	RESOLUBLE	CC-BY-4.0	NO	0	OPENSTAX
a3b059asrt13	RESOLUBLE	CC-BY-4.0	NO	0	OPENSTAX
a3b059asrt14	RESOLUBLE	CC-BY-4.0	NO	0	OPENSTAX
a3b059asrt2	RESOLUBLE	CC-BY-4.0	NO	0	OPENSTAX
a3b059asrt3	RESOLUBLE	CC-BY-4.0	NO	0	OPENSTAX
a3b059asrt4	RESOLUBLE	CC-BY-4.0	NO	0	OPENSTAX
a3b059asrt5	RESOLUBLE	CC-BY-4.0	NO	0	OPENSTAX
a3b059asrt6	RESOLUBLE	CC-BY-4.0	NO	0	OPENSTAX
a3b059asrt7	RESOLUBLE	CC-BY-4.0	NO	0	OPENSTAX
a3b059asrt8	RESOLUBLE	CC-BY-4.0	NO	0	OPENSTAX
a3b059asrt9	RESOLUBLE	CC-BY-4.0	NO	0	OPENSTAX
a3b09a3binomseq1	RESOLUBLE	CC-BY-4.0	NO	0	OPENSTAX
a3b09a3binomseq10	RESOLUBLE	CC-BY-4.0	NO	0	OPENSTAX
a3b09a3binomseq11	RESOLUBLE	CC-BY-4.0	NO	0	OPENSTAX
a3b09a3binomseq12	RESOLUBLE	CC-BY-4.0	NO	0	OPENSTAX
a3b09a3binomseq13	RESOLUBLE	CC-BY-4.0	NO	0	OPENSTAX
a3b09a3binomseq14	RESOLUBLE	CC-BY-4.0	NO	0	OPENSTAX
a3b09a3binomseq15	RESOLUBLE	CC-BY-4.0	NO	0	OPENSTAX
a3b09a3binomseq16	RESOLUBLE	CC-BY-4.0	NO	0	OPENSTAX
a3b09a3binomseq17	RESOLUBLE	CC-BY-4.0	NO	0	OPENSTAX
a3b09a3binomseq18	RESOLUBLE	CC-BY-4.0	NO	0	OPENSTAX
a3b09a3binomseq19	RESOLUBLE	CC-BY-4.0	NO	0	OPENSTAX
a3b09a3binomseq2	RESOLUBLE	CC-BY-4.0	NO	0	OPENSTAX
a3b09a3binomseq20	RESOLUBLE	CC-BY-4.0	NO	0	OPENSTAX
a3b09a3binomseq21	RESOLUBLE	CC-BY-4.0	NO	0	OPENSTAX
a3b09a3binomseq22	RESOLUBLE	CC-BY-4.0	NO	0	OPENSTAX
a3b09a3binomseq23	RESOLUBLE	CC-BY-4.0	NO	0	OPENSTAX
a3b09a3binomseq24	RESOLUBLE	CC-BY-4.0	NO	0	OPENSTAX
a3b09a3binomseq25	RESOLUBLE	CC-BY-4.0	NO	0	OPENSTAX
a3b09a3binomseq26	RESOLUBLE	CC-BY-4.0	NO	0	OPENSTAX
a3b09a3binomseq27	RESOLUBLE	CC-BY-4.0	NO	0	OPENSTAX
a3b09a3binomseq28	RESOLUBLE	CC-BY-4.0	NO	0	OPENSTAX
a3b09a3binomseq29	RESOLUBLE	CC-BY-4.0	NO	0	OPENSTAX
a3b09a3binomseq3	RESOLUBLE	CC-BY-4.0	NO	0	OPENSTAX
a3b09a3binomseq30	RESOLUBLE	CC-BY-4.0	NO	0	OPENSTAX
a3b09a3binomseq4	RESOLUBLE	CC-BY-4.0	NO	0	OPENSTAX
a3b09a3binomseq5	RESOLUBLE	CC-BY-4.0	NO	0	OPENSTAX
a3b09a3binomseq6	RESOLUBLE	CC-BY-4.0	NO	0	OPENSTAX
a3b09a3binomseq7	RESOLUBLE	CC-BY-4.0	NO	0	OPENSTAX
a3b09a3binomseq8	RESOLUBLE	CC-BY-4.0	NO	0	OPENSTAX
a3b09a3binomseq9	RESOLUBLE	CC-BY-4.0	NO	0	OPENSTAX
a3b574dRealNums1	RESOLUBLE	CC-BY-4.0	NO	0	OPENSTAX
a3b574dRealNums10	RESOLUBLE	CC-BY-4.0	NO	0	OPENSTAX
a3b574dRealNums11	RESOLUBLE	CC-BY-4.0	NO	0	OPENSTAX
a3b574dRealNums12	RESOLUBLE	CC-BY-4.0	NO	0	OPENSTAX
a3b574dRealNums13	RESOLUBLE	CC-BY-4.0	NO	0	OPENSTAX
a3b574dRealNums14	RESOLUBLE	CC-BY-4.0	NO	0	OPENSTAX
a3b574dRealNums15	RESOLUBLE	CC-BY-4.0	NO	0	OPENSTAX
a3b574dRealNums16	RESOLUBLE	CC-BY-4.0	NO	0	OPENSTAX
a3b574dRealNums17	RESOLUBLE	CC-BY-4.0	NO	0	OPENSTAX
a3b574dRealNums18	RESOLUBLE	CC-BY-4.0	NO	0	OPENSTAX
a3b574dRealNums19	RESOLUBLE	CC-BY-4.0	NO	0	OPENSTAX
a3b574dRealNums2	RESOLUBLE	CC-BY-4.0	NO	0	OPENSTAX
a3b574dRealNums20	RESOLUBLE	CC-BY-4.0	NO	0	OPENSTAX
a3b574dRealNums21	RESOLUBLE	CC-BY-4.0	NO	0	OPENSTAX
a3b574dRealNums22	RESOLUBLE	CC-BY-4.0	NO	0	OPENSTAX
a3b574dRealNums23	RESOLUBLE	CC-BY-4.0	NO	0	OPENSTAX
a3b574dRealNums24	RESOLUBLE	CC-BY-4.0	NO	0	OPENSTAX
a3b574dRealNums25	RESOLUBLE	CC-BY-4.0	NO	0	OPENSTAX
a3b574dRealNums26	RESOLUBLE	CC-BY-4.0	NO	0	OPENSTAX
a3b574dRealNums27	RESOLUBLE	CC-BY-4.0	NO	0	OPENSTAX
a3b574dRealNums28	RESOLUBLE	CC-BY-4.0	NO	0	OPENSTAX
a3b574dRealNums29	RESOLUBLE	CC-BY-4.0	NO	0	OPENSTAX
a3b574dRealNums3	RESOLUBLE	CC-BY-4.0	NO	0	OPENSTAX
a3b574dRealNums30	RESOLUBLE	CC-BY-4.0	NO	0	OPENSTAX
a3b574dRealNums4	RESOLUBLE	CC-BY-4.0	NO	0	OPENSTAX
a3b574dRealNums5	RESOLUBLE	CC-BY-4.0	NO	0	OPENSTAX
a3b574dRealNums6	RESOLUBLE	CC-BY-4.0	NO	0	OPENSTAX
a3b574dRealNums7	RESOLUBLE	CC-BY-4.0	NO	0	OPENSTAX
a3b574dRealNums8	RESOLUBLE	CC-BY-4.0	NO	0	OPENSTAX
a3b574dRealNums9	RESOLUBLE	CC-BY-4.0	NO	0	OPENSTAX
a3b7d40expgraph1	RESOLUBLE	CC-BY-4.0	NO	0	OPENSTAX
a3b7d40expgraph10	RESOLUBLE	CC-BY-4.0	NO	0	OPENSTAX
a3b7d40expgraph11	RESOLUBLE	CC-BY-4.0	NO	0	OPENSTAX
a3b7d40expgraph12	RESOLUBLE	CC-BY-4.0	NO	0	OPENSTAX
a3b7d40expgraph13	RESOLUBLE	CC-BY-4.0	NO	0	OPENSTAX
a3b7d40expgraph14	RESOLUBLE	CC-BY-4.0	NO	0	OPENSTAX
a3b7d40expgraph15	RESOLUBLE	CC-BY-4.0	NO	0	OPENSTAX
a3b7d40expgraph16	RESOLUBLE	CC-BY-4.0	NO	0	OPENSTAX
a3b7d40expgraph17	RESOLUBLE	CC-BY-4.0	NO	0	OPENSTAX
a3b7d40expgraph18	RESOLUBLE	CC-BY-4.0	NO	0	OPENSTAX
a3b7d40expgraph19	RESOLUBLE	CC-BY-4.0	NO	0	OPENSTAX
a3b7d40expgraph2	RESOLUBLE	CC-BY-4.0	NO	0	OPENSTAX
a3b7d40expgraph20	RESOLUBLE	CC-BY-4.0	NO	0	OPENSTAX
a3b7d40expgraph3	RESOLUBLE	CC-BY-4.0	NO	0	OPENSTAX
a3b7d40expgraph4	RESOLUBLE	CC-BY-4.0	NO	0	OPENSTAX
a3b7d40expgraph6	RESOLUBLE	CC-BY-4.0	NO	0	OPENSTAX
a3b7d40expgraph7	RESOLUBLE	CC-BY-4.0	NO	0	OPENSTAX
a3b7d40expgraph8	RESOLUBLE	CC-BY-4.0	NO	0	OPENSTAX
a3b7d40expgraph9	RESOLUBLE	CC-BY-4.0	NO	0	OPENSTAX
a3bdccdfunctions1	RESOLUBLE	CC-BY-4.0	NO	0	OPENSTAX
a3bdccdfunctions10	RESOLUBLE	CC-BY-4.0	NO	0	OPENSTAX
a3bdccdfunctions11	RESOLUBLE	CC-BY-4.0	NO	0	OPENSTAX
a3bdccdfunctions12	RESOLUBLE	CC-BY-4.0	NO	0	OPENSTAX
a3bdccdfunctions13	RESOLUBLE	CC-BY-4.0	NO	0	OPENSTAX
a3bdccdfunctions14	RESOLUBLE	CC-BY-4.0	NO	0	OPENSTAX
a3bdccdfunctions15	RESOLUBLE	CC-BY-4.0	NO	0	OPENSTAX
a3bdccdfunctions16	RESOLUBLE	CC-BY-4.0	NO	0	OPENSTAX
a3bdccdfunctions17	RESOLUBLE	CC-BY-4.0	NO	0	OPENSTAX
a3bdccdfunctions18	RESOLUBLE	CC-BY-4.0	NO	0	OPENSTAX
a3bdccdfunctions19	RESOLUBLE	CC-BY-4.0	NO	0	OPENSTAX
a3bdccdfunctions2	RESOLUBLE	CC-BY-4.0	NO	0	OPENSTAX
a3bdccdfunctions20	RESOLUBLE	CC-BY-4.0	NO	0	OPENSTAX
a3bdccdfunctions21	RESOLUBLE	CC-BY-4.0	NO	0	OPENSTAX
a3bdccdfunctions22	RESOLUBLE	CC-BY-4.0	NO	0	OPENSTAX
a3bdccdfunctions23	RESOLUBLE	CC-BY-4.0	NO	0	OPENSTAX
a3bdccdfunctions24	RESOLUBLE	CC-BY-4.0	NO	0	OPENSTAX
a3bdccdfunctions25	RESOLUBLE	CC-BY-4.0	NO	0	OPENSTAX
a3bdccdfunctions26	RESOLUBLE	CC-BY-4.0	NO	0	OPENSTAX
a3bdccdfunctions27	RESOLUBLE	CC-BY-4.0	NO	0	OPENSTAX
a3bdccdfunctions28	RESOLUBLE	CC-BY-4.0	NO	0	OPENSTAX
a3bdccdfunctions29	RESOLUBLE	CC-BY-4.0	NO	0	OPENSTAX
a3bdccdfunctions3	RESOLUBLE	CC-BY-4.0	NO	0	OPENSTAX
a3bdccdfunctions30	RESOLUBLE	CC-BY-4.0	NO	0	OPENSTAX
a3bdccdfunctions4	RESOLUBLE	CC-BY-4.0	NO	0	OPENSTAX
a3bdccdfunctions5	RESOLUBLE	CC-BY-4.0	NO	0	OPENSTAX
a3bdccdfunctions6	RESOLUBLE	CC-BY-4.0	NO	0	OPENSTAX
a3bdccdfunctions7	RESOLUBLE	CC-BY-4.0	NO	0	OPENSTAX
a3bdccdfunctions8	RESOLUBLE	CC-BY-4.0	NO	0	OPENSTAX
a3bdccdfunctions9	RESOLUBLE	CC-BY-4.0	NO	0	OPENSTAX
a3c2b68root1	RESOLUBLE	CC-BY-4.0	NO	0	OPENSTAX
a3c2b68root10	RESOLUBLE	CC-BY-4.0	NO	0	OPENSTAX
a3c2b68root11	RESOLUBLE	CC-BY-4.0	NO	0	OPENSTAX
a3c2b68root12	RESOLUBLE	CC-BY-4.0	NO	0	OPENSTAX
a3c2b68root13	RESOLUBLE	CC-BY-4.0	NO	0	OPENSTAX
a3c2b68root14	RESOLUBLE	CC-BY-4.0	NO	0	OPENSTAX
a3c2b68root15	RESOLUBLE	CC-BY-4.0	NO	0	OPENSTAX
a3c2b68root16	RESOLUBLE	CC-BY-4.0	NO	0	OPENSTAX
a3c2b68root17	RESOLUBLE	CC-BY-4.0	NO	0	OPENSTAX
a3c2b68root18	RESOLUBLE	CC-BY-4.0	NO	0	OPENSTAX
a3c2b68root19	RESOLUBLE	CC-BY-4.0	NO	0	OPENSTAX
a3c2b68root2	RESOLUBLE	CC-BY-4.0	NO	0	OPENSTAX
a3c2b68root20	RESOLUBLE	CC-BY-4.0	NO	0	OPENSTAX
a3c2b68root21	RESOLUBLE	CC-BY-4.0	NO	0	OPENSTAX
a3c2b68root22	RESOLUBLE	CC-BY-4.0	NO	0	OPENSTAX
a3c2b68root23	RESOLUBLE	CC-BY-4.0	NO	0	OPENSTAX
a3c2b68root24	RESOLUBLE	CC-BY-4.0	NO	0	OPENSTAX
a3c2b68root25	RESOLUBLE	CC-BY-4.0	NO	0	OPENSTAX
a3c2b68root26	RESOLUBLE	CC-BY-4.0	NO	0	OPENSTAX
a3c2b68root27	RESOLUBLE	CC-BY-4.0	NO	0	OPENSTAX
a3c2b68root28	RESOLUBLE	CC-BY-4.0	NO	0	OPENSTAX
a3c2b68root29	RESOLUBLE	CC-BY-4.0	NO	0	OPENSTAX
a3c2b68root3	RESOLUBLE	CC-BY-4.0	NO	0	OPENSTAX
a3c2b68root30	RESOLUBLE	CC-BY-4.0	NO	0	OPENSTAX
a3c2b68root4	RESOLUBLE	CC-BY-4.0	NO	0	OPENSTAX
a3c2b68root5	RESOLUBLE	CC-BY-4.0	NO	0	OPENSTAX
a3c2b68root6	RESOLUBLE	CC-BY-4.0	NO	0	OPENSTAX
a3c2b68root7	RESOLUBLE	CC-BY-4.0	NO	0	OPENSTAX
a3c2b68root8	RESOLUBLE	CC-BY-4.0	NO	0	OPENSTAX
a3c2b68root9	RESOLUBLE	CC-BY-4.0	NO	0	OPENSTAX
a3c51e5DiscreteD1	RESOLUBLE	CC-BY-4.0	NO	0	OPENSTAX
a3c51e5DiscreteD10	RESOLUBLE	CC-BY-4.0	NO	0	OPENSTAX
a3c51e5DiscreteD11	RESOLUBLE	CC-BY-4.0	NO	0	OPENSTAX
a3c51e5DiscreteD12	RESOLUBLE	CC-BY-4.0	NO	0	OPENSTAX
a3c51e5DiscreteD13	RESOLUBLE	CC-BY-4.0	NO	0	OPENSTAX
a3c51e5DiscreteD14	RESOLUBLE	CC-BY-4.0	NO	0	OPENSTAX
a3c51e5DiscreteD15	RESOLUBLE	CC-BY-4.0	NO	0	OPENSTAX
a3c51e5DiscreteD16	RESOLUBLE	CC-BY-4.0	NO	0	OPENSTAX
a3c51e5DiscreteD17	RESOLUBLE	CC-BY-4.0	NO	0	OPENSTAX
a3c51e5DiscreteD18	RESOLUBLE	CC-BY-4.0	NO	0	OPENSTAX
a3c51e5DiscreteD19	RESOLUBLE	CC-BY-4.0	NO	0	OPENSTAX
a3c51e5DiscreteD2	RESOLUBLE	CC-BY-4.0	NO	0	OPENSTAX
a3c51e5DiscreteD20	RESOLUBLE	CC-BY-4.0	NO	0	OPENSTAX
a3c51e5DiscreteD3	RESOLUBLE	CC-BY-4.0	NO	0	OPENSTAX
a3c51e5DiscreteD4	RESOLUBLE	CC-BY-4.0	NO	0	OPENSTAX
a3c51e5DiscreteD5	RESOLUBLE	CC-BY-4.0	NO	0	OPENSTAX
a3c51e5DiscreteD6	RESOLUBLE	CC-BY-4.0	NO	0	OPENSTAX
a3c51e5DiscreteD7	RESOLUBLE	CC-BY-4.0	NO	0	OPENSTAX
a3c51e5DiscreteD8	RESOLUBLE	CC-BY-4.0	NO	0	OPENSTAX
a3c51e5DiscreteD9	RESOLUBLE	CC-BY-4.0	NO	0	OPENSTAX
a3c79a0Ind1	RESOLUBLE	CC-BY-4.0	NO	0	OPENSTAX
a3c79a0Ind10	RESOLUBLE	CC-BY-4.0	NO	0	OPENSTAX
a3c79a0Ind11	RESOLUBLE	CC-BY-4.0	NO	0	OPENSTAX
a3c79a0Ind12	RESOLUBLE	CC-BY-4.0	NO	0	OPENSTAX
a3c79a0Ind13	RESOLUBLE	CC-BY-4.0	NO	0	OPENSTAX
a3c79a0Ind14	RESOLUBLE	CC-BY-4.0	NO	0	OPENSTAX
a3c79a0Ind15	RESOLUBLE	CC-BY-4.0	NO	0	OPENSTAX
a3c79a0Ind16	RESOLUBLE	CC-BY-4.0	NO	0	OPENSTAX
a3c79a0Ind17	RESOLUBLE	CC-BY-4.0	NO	0	OPENSTAX
a3c79a0Ind18	RESOLUBLE	CC-BY-4.0	NO	0	OPENSTAX
a3c79a0Ind19	RESOLUBLE	CC-BY-4.0	NO	0	OPENSTAX
a3c79a0Ind2	RESOLUBLE	CC-BY-4.0	NO	0	OPENSTAX
a3c79a0Ind20	RESOLUBLE	CC-BY-4.0	NO	0	OPENSTAX
a3c79a0Ind21	RESOLUBLE	CC-BY-4.0	NO	0	OPENSTAX
a3c79a0Ind22	RESOLUBLE	CC-BY-4.0	NO	0	OPENSTAX
a3c79a0Ind23	RESOLUBLE	CC-BY-4.0	NO	0	OPENSTAX
a3c79a0Ind24	RESOLUBLE	CC-BY-4.0	NO	0	OPENSTAX
a3c79a0Ind25	RESOLUBLE	CC-BY-4.0	NO	0	OPENSTAX
a3c79a0Ind3	RESOLUBLE	CC-BY-4.0	NO	0	OPENSTAX
a3c79a0Ind4	RESOLUBLE	CC-BY-4.0	NO	0	OPENSTAX
a3c79a0Ind5	RESOLUBLE	CC-BY-4.0	NO	0	OPENSTAX
a3c79a0Ind6	RESOLUBLE	CC-BY-4.0	NO	0	OPENSTAX
a3c79a0Ind7	RESOLUBLE	CC-BY-4.0	NO	0	OPENSTAX
a3c79a0Ind8	RESOLUBLE	CC-BY-4.0	NO	0	OPENSTAX
a3c79a0Ind9	RESOLUBLE	CC-BY-4.0	NO	0	OPENSTAX
a3cce77popu1	RESOLUBLE	CC-BY-4.0	NO	0	OPENSTAX
a3cce77popu10	RESOLUBLE	CC-BY-4.0	NO	0	OPENSTAX
a3cce77popu11	RESOLUBLE	CC-BY-4.0	NO	0	OPENSTAX
a3cce77popu12	RESOLUBLE	CC-BY-4.0	NO	0	OPENSTAX
a3cce77popu13	RESOLUBLE	CC-BY-4.0	NO	0	OPENSTAX
a3cce77popu14	RESOLUBLE	CC-BY-4.0	NO	0	OPENSTAX
a3cce77popu15	RESOLUBLE	CC-BY-4.0	NO	0	OPENSTAX
a3cce77popu2	RESOLUBLE	CC-BY-4.0	NO	0	OPENSTAX
a3cce77popu3	RESOLUBLE	CC-BY-4.0	NO	0	OPENSTAX
a3cce77popu4	RESOLUBLE	CC-BY-4.0	NO	0	OPENSTAX
a3cce77popu5	RESOLUBLE	CC-BY-4.0	NO	0	OPENSTAX
a3cce77popu6	RESOLUBLE	CC-BY-4.0	NO	0	OPENSTAX
a3cce77popu7	RESOLUBLE	CC-BY-4.0	NO	0	OPENSTAX
a3cce77popu8	RESOLUBLE	CC-BY-4.0	NO	0	OPENSTAX
a3cce77popu9	RESOLUBLE	CC-BY-4.0	NO	0	OPENSTAX
a3d3e89log1	RESOLUBLE	CC-BY-4.0	NO	0	OPENSTAX
a3d3e89log10	AUSENTE	-	NO	0	OPENSTAX
a3d3e89log11	AUSENTE	-	NO	0	OPENSTAX
a3d3e89log12	AUSENTE	-	NO	0	OPENSTAX
a3d3e89log13	AUSENTE	-	NO	0	OPENSTAX
a3d3e89log14	AUSENTE	-	NO	0	OPENSTAX
a3d3e89log15	AUSENTE	-	NO	0	OPENSTAX
a3d3e89log16	AUSENTE	-	NO	0	OPENSTAX
a3d3e89log19	AUSENTE	-	NO	0	OPENSTAX
a3d3e89log2	AUSENTE	-	NO	0	OPENSTAX
a3d3e89log20	AUSENTE	-	NO	0	OPENSTAX
a3d3e89log21	AUSENTE	-	NO	0	OPENSTAX
a3d3e89log22	AUSENTE	-	NO	0	OPENSTAX
a3d3e89log23	AUSENTE	-	NO	0	OPENSTAX
a3d3e89log24	AUSENTE	-	NO	0	OPENSTAX
a3d3e89log25	AUSENTE	-	NO	0	OPENSTAX
a3d3e89log26	AUSENTE	-	NO	0	OPENSTAX
a3d3e89log27	AUSENTE	-	NO	0	OPENSTAX
a3d3e89log28	AUSENTE	-	NO	0	OPENSTAX
a3d3e89log29	AUSENTE	-	NO	0	OPENSTAX
a3d3e89log3	AUSENTE	-	NO	0	OPENSTAX
a3d3e89log30	AUSENTE	-	NO	0	OPENSTAX
a3d3e89log4	AUSENTE	-	NO	0	OPENSTAX
a3d3e89log5	AUSENTE	-	NO	0	OPENSTAX
a3d3e89log6	AUSENTE	-	NO	0	OPENSTAX
a3d3e89log7	AUSENTE	-	NO	0	OPENSTAX
a3d3e89log8	AUSENTE	-	NO	0	OPENSTAX
a3d3e89log9	AUSENTE	-	NO	0	OPENSTAX
a3d6a35variation1	RESOLUBLE	CC-BY-4.0	NO	0	OPENSTAX
a3d6a35variation10	RESOLUBLE	CC-BY-4.0	NO	0	OPENSTAX
a3d6a35variation11	RESOLUBLE	CC-BY-4.0	NO	0	OPENSTAX
a3d6a35variation12	RESOLUBLE	CC-BY-4.0	NO	0	OPENSTAX
a3d6a35variation13	RESOLUBLE	CC-BY-4.0	NO	0	OPENSTAX
a3d6a35variation14	RESOLUBLE	CC-BY-4.0	NO	0	OPENSTAX
a3d6a35variation16	RESOLUBLE	CC-BY-4.0	NO	0	OPENSTAX
a3d6a35variation17	RESOLUBLE	CC-BY-4.0	NO	0	OPENSTAX
a3d6a35variation18	RESOLUBLE	CC-BY-4.0	NO	0	OPENSTAX
a3d6a35variation19	RESOLUBLE	CC-BY-4.0	NO	0	OPENSTAX
a3d6a35variation2	RESOLUBLE	CC-BY-4.0	NO	0	OPENSTAX
a3d6a35variation20	RESOLUBLE	CC-BY-4.0	NO	0	OPENSTAX
a3d6a35variation21	RESOLUBLE	CC-BY-4.0	NO	0	OPENSTAX
a3d6a35variation22	RESOLUBLE	CC-BY-4.0	NO	0	OPENSTAX
a3d6a35variation23	RESOLUBLE	CC-BY-4.0	NO	0	OPENSTAX
a3d6a35variation24	RESOLUBLE	CC-BY-4.0	NO	0	OPENSTAX
a3d6a35variation25	RESOLUBLE	CC-BY-4.0	NO	0	OPENSTAX
a3d6a35variation26	RESOLUBLE	CC-BY-4.0	NO	0	OPENSTAX
a3d6a35variation27	RESOLUBLE	CC-BY-4.0	NO	0	OPENSTAX
a3d6a35variation28	RESOLUBLE	CC-BY-4.0	NO	0	OPENSTAX
a3d6a35variation29	RESOLUBLE	CC-BY-4.0	NO	0	OPENSTAX
a3d6a35variation3	RESOLUBLE	CC-BY-4.0	NO	0	OPENSTAX
a3d6a35variation30	RESOLUBLE	CC-BY-4.0	NO	0	OPENSTAX
a3d6a35variation4	RESOLUBLE	CC-BY-4.0	NO	0	OPENSTAX
a3d6a35variation5	RESOLUBLE	CC-BY-4.0	NO	0	OPENSTAX
a3d6a35variation6	RESOLUBLE	CC-BY-4.0	NO	0	OPENSTAX
a3d6a35variation7	RESOLUBLE	CC-BY-4.0	NO	0	OPENSTAX
a3d6a35variation8	RESOLUBLE	CC-BY-4.0	NO	0	OPENSTAX
a3d6a35variation9	RESOLUBLE	CC-BY-4.0	NO	0	OPENSTAX
a3d6ae2sys1	RESOLUBLE	CC-BY-4.0	SI	1	OPENSTAX
a3d6ae2sys10	RESOLUBLE	CC-BY-4.0	SI	1	OPENSTAX
a3d6ae2sys11	RESOLUBLE	CC-BY-4.0	SI	2	OPENSTAX
a3d6ae2sys12	RESOLUBLE	CC-BY-4.0	SI	2	OPENSTAX
a3d6ae2sys13	RESOLUBLE	CC-BY-4.0	SI	2	OPENSTAX
a3d6ae2sys14	RESOLUBLE	CC-BY-4.0	SI	2	OPENSTAX
a3d6ae2sys15	RESOLUBLE	CC-BY-4.0	SI	2	OPENSTAX
a3d6ae2sys16	RESOLUBLE	CC-BY-4.0	SI	1	OPENSTAX
a3d6ae2sys17	RESOLUBLE	CC-BY-4.0	SI	1	OPENSTAX
a3d6ae2sys18	RESOLUBLE	CC-BY-4.0	SI	1	OPENSTAX
a3d6ae2sys19	RESOLUBLE	CC-BY-4.0	SI	1	OPENSTAX
a3d6ae2sys2	RESOLUBLE	CC-BY-4.0	SI	1	OPENSTAX
a3d6ae2sys20	RESOLUBLE	CC-BY-4.0	SI	1	OPENSTAX
a3d6ae2sys21	RESOLUBLE	CC-BY-4.0	SI	1	OPENSTAX
a3d6ae2sys22	RESOLUBLE	CC-BY-4.0	SI	1	OPENSTAX
a3d6ae2sys23	RESOLUBLE	CC-BY-4.0	SI	1	OPENSTAX
a3d6ae2sys24	RESOLUBLE	CC-BY-4.0	SI	1	OPENSTAX
a3d6ae2sys25	RESOLUBLE	CC-BY-4.0	SI	1	OPENSTAX
a3d6ae2sys26	RESOLUBLE	CC-BY-4.0	SI	3	OPENSTAX
a3d6ae2sys27	RESOLUBLE	CC-BY-4.0	SI	3	OPENSTAX
a3d6ae2sys28	RESOLUBLE	CC-BY-4.0	SI	2	OPENSTAX
a3d6ae2sys29	RESOLUBLE	CC-BY-4.0	SI	2	OPENSTAX
a3d6ae2sys3	RESOLUBLE	CC-BY-4.0	SI	1	OPENSTAX
a3d6ae2sys30	RESOLUBLE	CC-BY-4.0	SI	2	OPENSTAX
a3d6ae2sys4	RESOLUBLE	CC-BY-4.0	SI	1	OPENSTAX
a3d6ae2sys5	RESOLUBLE	CC-BY-4.0	SI	1	OPENSTAX
a3d6ae2sys6	RESOLUBLE	CC-BY-4.0	SI	1	OPENSTAX
a3d6ae2sys7	RESOLUBLE	CC-BY-4.0	SI	1	OPENSTAX
a3d6ae2sys8	RESOLUBLE	CC-BY-4.0	SI	1	OPENSTAX
a3d6ae2sys9	RESOLUBLE	CC-BY-4.0	SI	1	OPENSTAX
a3d9e92Inequality1	RESOLUBLE	CC-BY-4.0	NO	0	OPENSTAX
a3d9e92Inequality10	RESOLUBLE	CC-BY-4.0	NO	0	OPENSTAX
a3d9e92Inequality11	RESOLUBLE	CC-BY-4.0	NO	0	OPENSTAX
a3d9e92Inequality12	RESOLUBLE	CC-BY-4.0	NO	0	OPENSTAX
a3d9e92Inequality13	RESOLUBLE	CC-BY-4.0	NO	0	OPENSTAX
a3d9e92Inequality14	RESOLUBLE	CC-BY-4.0	NO	0	OPENSTAX
a3d9e92Inequality15	RESOLUBLE	CC-BY-4.0	NO	0	OPENSTAX
a3d9e92Inequality2	RESOLUBLE	CC-BY-4.0	NO	0	OPENSTAX
a3d9e92Inequality3	RESOLUBLE	CC-BY-4.0	NO	0	OPENSTAX
a3d9e92Inequality4	RESOLUBLE	CC-BY-4.0	NO	0	OPENSTAX
a3d9e92Inequality5	RESOLUBLE	CC-BY-4.0	NO	0	OPENSTAX
a3d9e92Inequality6	RESOLUBLE	CC-BY-4.0	NO	0	OPENSTAX
a3d9e92Inequality7	RESOLUBLE	CC-BY-4.0	NO	0	OPENSTAX
a3d9e92Inequality8	RESOLUBLE	CC-BY-4.0	NO	0	OPENSTAX
a3d9e92Inequality9	RESOLUBLE	CC-BY-4.0	NO	0	OPENSTAX
a3dd710RecCord1	RESOLUBLE	CC-BY-4.0	NO	0	OPENSTAX
a3dd710RecCord10	RESOLUBLE	CC-BY-4.0	NO	0	OPENSTAX
a3dd710RecCord11	RESOLUBLE	CC-BY-4.0	SI	1	OPENSTAX
a3dd710RecCord12	RESOLUBLE	CC-BY-4.0	NO	0	OPENSTAX
a3dd710RecCord13	RESOLUBLE	CC-BY-4.0	NO	0	OPENSTAX
a3dd710RecCord14	RESOLUBLE	CC-BY-4.0	NO	0	OPENSTAX
a3dd710RecCord15	RESOLUBLE	CC-BY-4.0	NO	0	OPENSTAX
a3dd710RecCord16	RESOLUBLE	CC-BY-4.0	NO	0	OPENSTAX
a3dd710RecCord17	RESOLUBLE	CC-BY-4.0	NO	0	OPENSTAX
a3dd710RecCord18	RESOLUBLE	CC-BY-4.0	NO	0	OPENSTAX
a3dd710RecCord19	RESOLUBLE	CC-BY-4.0	NO	0	OPENSTAX
a3dd710RecCord2	RESOLUBLE	CC-BY-4.0	NO	0	OPENSTAX
a3dd710RecCord20	RESOLUBLE	CC-BY-4.0	NO	0	OPENSTAX
a3dd710RecCord21	RESOLUBLE	CC-BY-4.0	NO	0	OPENSTAX
a3dd710RecCord22	RESOLUBLE	CC-BY-4.0	NO	0	OPENSTAX
a3dd710RecCord23	RESOLUBLE	CC-BY-4.0	NO	0	OPENSTAX
a3dd710RecCord24	RESOLUBLE	CC-BY-4.0	NO	0	OPENSTAX
a3dd710RecCord25	RESOLUBLE	CC-BY-4.0	NO	0	OPENSTAX
a3dd710RecCord26	RESOLUBLE	CC-BY-4.0	NO	0	OPENSTAX
a3dd710RecCord27	RESOLUBLE	CC-BY-4.0	SI	1	OPENSTAX
a3dd710RecCord3	RESOLUBLE	CC-BY-4.0	NO	0	OPENSTAX
a3dd710RecCord4	RESOLUBLE	CC-BY-4.0	NO	0	OPENSTAX
a3dd710RecCord5	RESOLUBLE	CC-BY-4.0	NO	0	OPENSTAX
a3dd710RecCord6	RESOLUBLE	CC-BY-4.0	NO	0	OPENSTAX
a3dd710RecCord7	RESOLUBLE	CC-BY-4.0	NO	0	OPENSTAX
a3dd710RecCord8	RESOLUBLE	CC-BY-4.0	NO	0	OPENSTAX
a3dd710RecCord9	RESOLUBLE	CC-BY-4.0	NO	0	OPENSTAX
a3e1067arc1	AUSENTE	-	NO	0	OPENSTAX
a3e1067arc10	AUSENTE	-	NO	0	OPENSTAX
a3e1067arc11	AUSENTE	-	NO	0	OPENSTAX
a3e1067arc12	AUSENTE	-	NO	0	OPENSTAX
a3e1067arc13	AUSENTE	-	NO	0	OPENSTAX
a3e1067arc14	AUSENTE	-	NO	0	OPENSTAX
a3e1067arc15	AUSENTE	-	NO	0	OPENSTAX
a3e1067arc2	AUSENTE	-	NO	0	OPENSTAX
a3e1067arc3	AUSENTE	-	NO	0	OPENSTAX
a3e1067arc4	AUSENTE	-	NO	0	OPENSTAX
a3e1067arc5	AUSENTE	-	NO	0	OPENSTAX
a3e1067arc6	AUSENTE	-	NO	0	OPENSTAX
a3e1067arc7	AUSENTE	-	SI	1	OPENSTAX
a3e1067arc8	AUSENTE	-	SI	1	OPENSTAX
a3e1067arc9	AUSENTE	-	NO	0	OPENSTAX
a3e2de7expo1	AUSENTE	-	NO	0	OPENSTAX
a3e2de7expo10	AUSENTE	-	NO	0	OPENSTAX
a3e2de7expo11	AUSENTE	-	NO	0	OPENSTAX
a3e2de7expo14	AUSENTE	-	NO	0	NO-OPENSTAX
a3e2de7expo2	AUSENTE	-	NO	0	OPENSTAX
a3e2de7expo3	AUSENTE	-	NO	0	OPENSTAX
a3e2de7expo4	AUSENTE	-	NO	0	OPENSTAX
a3e2de7expo5	AUSENTE	-	NO	0	OPENSTAX
a3e2de7expo6	AUSENTE	-	NO	0	OPENSTAX
a3e2de7expo7	AUSENTE	-	NO	0	OPENSTAX
a3e2de7expo8	AUSENTE	-	NO	0	OPENSTAX
a3e2de7expo9	AUSENTE	-	NO	0	OPENSTAX
a3e2de7expo_rule1	AUSENTE	-	NO	0	NO-OPENSTAX
a3e2de7expo_rule2	AUSENTE	-	NO	0	OPENSTAX
a3e5a23A123-cancel-P01	VERSION-SIN-VARIANTE	CC4.0	NO	0	NO-OPENSTAX
a3e5a23A123-cancel-P02	VERSION-SIN-VARIANTE	CC4.0	NO	0	NO-OPENSTAX
a3e5a23A123-cancel-P03	VERSION-SIN-VARIANTE	CC4.0	NO	0	NO-OPENSTAX
a3e5a23A123-cancel-P04	VERSION-SIN-VARIANTE	CC4.0	NO	0	NO-OPENSTAX
a3e5a23A123-cancel-P05	VERSION-SIN-VARIANTE	CC4.0	NO	0	NO-OPENSTAX
a3e5a23A123-cancel-P06	VERSION-SIN-VARIANTE	CC4.0	NO	0	NO-OPENSTAX
a3e5a23A123-cancel-P07	VERSION-SIN-VARIANTE	CC4.0	NO	0	NO-OPENSTAX
a3e5c4cpercent1	RESOLUBLE	CC-BY-4.0	NO	0	OPENSTAX
a3e5c4cpercent10	RESOLUBLE	CC-BY-4.0	NO	0	OPENSTAX
a3e5c4cpercent11	RESOLUBLE	CC-BY-4.0	NO	0	OPENSTAX
a3e5c4cpercent12	RESOLUBLE	CC-BY-4.0	NO	0	OPENSTAX
a3e5c4cpercent13	RESOLUBLE	CC-BY-4.0	NO	0	OPENSTAX
a3e5c4cpercent14	RESOLUBLE	CC-BY-4.0	NO	0	OPENSTAX
a3e5c4cpercent15	RESOLUBLE	CC-BY-4.0	NO	0	OPENSTAX
a3e5c4cpercent16	RESOLUBLE	CC-BY-4.0	NO	0	OPENSTAX
a3e5c4cpercent17	RESOLUBLE	CC-BY-4.0	NO	0	OPENSTAX
a3e5c4cpercent18	RESOLUBLE	CC-BY-4.0	NO	0	OPENSTAX
a3e5c4cpercent19	RESOLUBLE	CC-BY-4.0	NO	0	OPENSTAX
a3e5c4cpercent2	RESOLUBLE	CC-BY-4.0	NO	0	OPENSTAX
a3e5c4cpercent20	RESOLUBLE	CC-BY-4.0	NO	0	OPENSTAX
a3e5c4cpercent21	RESOLUBLE	CC-BY-4.0	NO	0	OPENSTAX
a3e5c4cpercent22	RESOLUBLE	CC-BY-4.0	NO	0	OPENSTAX
a3e5c4cpercent23	RESOLUBLE	CC-BY-4.0	NO	0	OPENSTAX
a3e5c4cpercent3	RESOLUBLE	CC-BY-4.0	NO	0	OPENSTAX
a3e5c4cpercent4	RESOLUBLE	CC-BY-4.0	NO	0	OPENSTAX
a3e5c4cpercent5	RESOLUBLE	CC-BY-4.0	NO	0	OPENSTAX
a3e5c4cpercent6	RESOLUBLE	CC-BY-4.0	NO	0	OPENSTAX
a3e5c4cpercent7	RESOLUBLE	CC-BY-4.0	NO	0	OPENSTAX
a3e5c4cpercent8	RESOLUBLE	CC-BY-4.0	NO	0	OPENSTAX
a3e5c4cpercent9	RESOLUBLE	CC-BY-4.0	NO	0	OPENSTAX
a3f10ebl'hopital13	AUSENTE	-	NO	0	OPENSTAX
a3f10ebl'hopital2	AUSENTE	-	NO	0	OPENSTAX
a3faae27.3q1	RESOLUBLE	CC-BY-4.0	NO	0	OPENSTAX
a3faae27.3q10	RESOLUBLE	CC-BY-4.0	NO	0	OPENSTAX
a3faae27.3q11	RESOLUBLE	CC-BY-4.0	NO	0	OPENSTAX
a3faae27.3q12	RESOLUBLE	CC-BY-4.0	NO	0	OPENSTAX
a3faae27.3q13	RESOLUBLE	CC-BY-4.0	NO	0	OPENSTAX
a3faae27.3q14	RESOLUBLE	CC-BY-4.0	NO	0	OPENSTAX
a3faae27.3q15	RESOLUBLE	CC-BY-4.0	NO	0	OPENSTAX
a3faae27.3q2	RESOLUBLE	CC-BY-4.0	NO	0	OPENSTAX
a3faae27.3q3	RESOLUBLE	CC-BY-4.0	NO	0	OPENSTAX
a3faae27.3q4	RESOLUBLE	CC-BY-4.0	NO	0	OPENSTAX
a3faae27.3q5	RESOLUBLE	CC-BY-4.0	NO	0	OPENSTAX
a3faae27.3q6	RESOLUBLE	CC-BY-4.0	NO	0	OPENSTAX
a3faae27.3q7	RESOLUBLE	CC-BY-4.0	NO	0	OPENSTAX
a3faae27.3q8	RESOLUBLE	CC-BY-4.0	NO	0	OPENSTAX
a3faae27.3q9	RESOLUBLE	CC-BY-4.0	NO	0	OPENSTAX
a3faf0areal1	RESOLUBLE	CC-BY-4.0	NO	0	OPENSTAX
a3faf0areal10	RESOLUBLE	CC-BY-4.0	NO	0	OPENSTAX
a3faf0areal11	RESOLUBLE	CC-BY-4.0	NO	0	OPENSTAX
a3faf0areal12	RESOLUBLE	CC-BY-4.0	NO	0	OPENSTAX
a3faf0areal13	RESOLUBLE	CC-BY-4.0	NO	0	OPENSTAX
a3faf0areal14	RESOLUBLE	CC-BY-4.0	NO	0	OPENSTAX
a3faf0areal15	RESOLUBLE	CC-BY-4.0	NO	0	OPENSTAX
a3faf0areal16	RESOLUBLE	CC-BY-4.0	NO	0	OPENSTAX
a3faf0areal17	RESOLUBLE	CC-BY-4.0	NO	0	OPENSTAX
a3faf0areal18	RESOLUBLE	CC-BY-4.0	NO	0	OPENSTAX
a3faf0areal19	RESOLUBLE	CC-BY-4.0	NO	0	OPENSTAX
a3faf0areal2	RESOLUBLE	CC-BY-4.0	NO	0	OPENSTAX
a3faf0areal20	RESOLUBLE	CC-BY-4.0	NO	0	OPENSTAX
a3faf0areal21	RESOLUBLE	CC-BY-4.0	NO	0	OPENSTAX
a3faf0areal22	RESOLUBLE	CC-BY-4.0	NO	0	OPENSTAX
a3faf0areal23	RESOLUBLE	CC-BY-4.0	NO	0	OPENSTAX
a3faf0areal24	RESOLUBLE	CC-BY-4.0	NO	0	OPENSTAX
a3faf0areal25	RESOLUBLE	CC-BY-4.0	NO	0	OPENSTAX
a3faf0areal26	RESOLUBLE	CC-BY-4.0	NO	0	OPENSTAX
a3faf0areal27	RESOLUBLE	CC-BY-4.0	NO	0	OPENSTAX
a3faf0areal28	RESOLUBLE	CC-BY-4.0	NO	0	OPENSTAX
a3faf0areal29	RESOLUBLE	CC-BY-4.0	NO	0	OPENSTAX
a3faf0areal3	RESOLUBLE	CC-BY-4.0	NO	0	OPENSTAX
a3faf0areal30	RESOLUBLE	CC-BY-4.0	NO	0	OPENSTAX
a3faf0areal4	RESOLUBLE	CC-BY-4.0	NO	0	OPENSTAX
a3faf0areal5	RESOLUBLE	CC-BY-4.0	NO	0	OPENSTAX
a3faf0areal6	RESOLUBLE	CC-BY-4.0	NO	0	OPENSTAX
a3faf0areal7	RESOLUBLE	CC-BY-4.0	NO	0	OPENSTAX
a3faf0areal8	RESOLUBLE	CC-BY-4.0	NO	0	OPENSTAX
a3faf0areal9	RESOLUBLE	CC-BY-4.0	NO	0	OPENSTAX
a40e287thermo1	AUSENTE	-	NO	0	NO-OPENSTAX
a40e287thermo10	AUSENTE	-	NO	0	NO-OPENSTAX
a40e287thermo11	AUSENTE	-	SI	1	NO-OPENSTAX
a40e287thermo12	AUSENTE	-	NO	0	NO-OPENSTAX
a40e287thermo13	AUSENTE	-	NO	0	NO-OPENSTAX
a40e287thermo14	AUSENTE	-	NO	0	NO-OPENSTAX
a40e287thermo2	AUSENTE	-	SI	1	NO-OPENSTAX
a40e287thermo3	AUSENTE	-	SI	1	NO-OPENSTAX
a40e287thermo4	AUSENTE	-	SI	1	NO-OPENSTAX
a40e287thermo5	AUSENTE	-	SI	1	NO-OPENSTAX
a40e287thermo6	AUSENTE	-	SI	1	NO-OPENSTAX
a40e287thermo7	AUSENTE	-	SI	1	NO-OPENSTAX
a40e287thermo8	AUSENTE	-	NO	0	NO-OPENSTAX
a40e287thermo9	AUSENTE	-	SI	1	NO-OPENSTAX
a40f8c4inv1	RESOLUBLE	CC-BY-4.0	NO	0	OPENSTAX
a40f8c4inv10	RESOLUBLE	CC-BY-4.0	NO	0	OPENSTAX
a40f8c4inv11	RESOLUBLE	CC-BY-4.0	NO	0	OPENSTAX
a40f8c4inv12	RESOLUBLE	CC-BY-4.0	NO	0	OPENSTAX
a40f8c4inv13	RESOLUBLE	CC-BY-4.0	NO	0	OPENSTAX
a40f8c4inv14	RESOLUBLE	CC-BY-4.0	NO	0	OPENSTAX
a40f8c4inv15	RESOLUBLE	CC-BY-4.0	NO	0	OPENSTAX
a40f8c4inv16	RESOLUBLE	CC-BY-4.0	NO	0	OPENSTAX
a40f8c4inv17	RESOLUBLE	CC-BY-4.0	NO	0	OPENSTAX
a40f8c4inv18	RESOLUBLE	CC-BY-4.0	NO	0	OPENSTAX
a40f8c4inv19	RESOLUBLE	CC-BY-4.0	NO	0	OPENSTAX
a40f8c4inv2	RESOLUBLE	CC-BY-4.0	NO	0	OPENSTAX
a40f8c4inv20	RESOLUBLE	CC-BY-4.0	NO	0	OPENSTAX
a40f8c4inv21	RESOLUBLE	CC-BY-4.0	NO	0	OPENSTAX
a40f8c4inv22	RESOLUBLE	CC-BY-4.0	NO	0	OPENSTAX
a40f8c4inv23	RESOLUBLE	CC-BY-4.0	NO	0	OPENSTAX
a40f8c4inv24	RESOLUBLE	CC-BY-4.0	NO	0	OPENSTAX
a40f8c4inv25	RESOLUBLE	CC-BY-4.0	NO	0	OPENSTAX
a40f8c4inv26	RESOLUBLE	CC-BY-4.0	NO	0	OPENSTAX
a40f8c4inv27	RESOLUBLE	CC-BY-4.0	NO	0	OPENSTAX
a40f8c4inv28	RESOLUBLE	CC-BY-4.0	NO	0	OPENSTAX
a40f8c4inv29	RESOLUBLE	CC-BY-4.0	NO	0	OPENSTAX
a40f8c4inv3	RESOLUBLE	CC-BY-4.0	NO	0	OPENSTAX
a40f8c4inv4	RESOLUBLE	CC-BY-4.0	NO	0	OPENSTAX
a40f8c4inv5	RESOLUBLE	CC-BY-4.0	NO	0	OPENSTAX
a40f8c4inv6	RESOLUBLE	CC-BY-4.0	NO	0	OPENSTAX
a40f8c4inv7	RESOLUBLE	CC-BY-4.0	NO	0	OPENSTAX
a40f8c4inv8	RESOLUBLE	CC-BY-4.0	NO	0	OPENSTAX
a40f8c4inv9	RESOLUBLE	CC-BY-4.0	NO	0	OPENSTAX
a41316cmatrices1	RESOLUBLE	CC-BY-4.0	NO	0	OPENSTAX
a41316cmatrices10	RESOLUBLE	CC-BY-4.0	NO	0	OPENSTAX
a41316cmatrices11	RESOLUBLE	CC-BY-4.0	NO	0	OPENSTAX
a41316cmatrices12	RESOLUBLE	CC-BY-4.0	NO	0	OPENSTAX
a41316cmatrices13	RESOLUBLE	CC-BY-4.0	NO	0	OPENSTAX
a41316cmatrices14	RESOLUBLE	CC-BY-4.0	NO	0	OPENSTAX
a41316cmatrices15	RESOLUBLE	CC-BY-4.0	NO	0	OPENSTAX
a41316cmatrices16	RESOLUBLE	CC-BY-4.0	NO	0	OPENSTAX
a41316cmatrices17	RESOLUBLE	CC-BY-4.0	NO	0	OPENSTAX
a41316cmatrices18	RESOLUBLE	CC-BY-4.0	NO	0	OPENSTAX
a41316cmatrices19	RESOLUBLE	CC-BY-4.0	NO	0	OPENSTAX
a41316cmatrices2	RESOLUBLE	CC-BY-4.0	NO	0	OPENSTAX
a41316cmatrices20	RESOLUBLE	CC-BY-4.0	NO	0	OPENSTAX
a41316cmatrices21	RESOLUBLE	CC-BY-4.0	NO	0	OPENSTAX
a41316cmatrices22	RESOLUBLE	CC-BY-4.0	NO	0	OPENSTAX
a41316cmatrices23	RESOLUBLE	CC-BY-4.0	NO	0	OPENSTAX
a41316cmatrices24	RESOLUBLE	CC-BY-4.0	NO	0	OPENSTAX
a41316cmatrices25	RESOLUBLE	CC-BY-4.0	NO	0	OPENSTAX
a41316cmatrices26	RESOLUBLE	CC-BY-4.0	NO	0	OPENSTAX
a41316cmatrices27	RESOLUBLE	CC-BY-4.0	NO	0	OPENSTAX
a41316cmatrices28	RESOLUBLE	CC-BY-4.0	NO	0	OPENSTAX
a41316cmatrices29	RESOLUBLE	CC-BY-4.0	NO	0	OPENSTAX
a41316cmatrices3	RESOLUBLE	CC-BY-4.0	NO	0	OPENSTAX
a41316cmatrices30	RESOLUBLE	CC-BY-4.0	NO	0	OPENSTAX
a41316cmatrices4	RESOLUBLE	CC-BY-4.0	NO	0	OPENSTAX
a41316cmatrices5	RESOLUBLE	CC-BY-4.0	NO	0	OPENSTAX
a41316cmatrices6	RESOLUBLE	CC-BY-4.0	SI	1	OPENSTAX
a41316cmatrices7	RESOLUBLE	CC-BY-4.0	SI	1	OPENSTAX
a41316cmatrices8	RESOLUBLE	CC-BY-4.0	SI	1	OPENSTAX
a41316cmatrices9	RESOLUBLE	CC-BY-4.0	SI	1	OPENSTAX
a423e1cfunctions1	AUSENTE	-	SI	1	OPENSTAX
a423e1cfunctions10	AUSENTE	-	NO	0	OPENSTAX
a423e1cfunctions11	AUSENTE	-	NO	0	OPENSTAX
a423e1cfunctions12	AUSENTE	-	NO	0	OPENSTAX
a423e1cfunctions13	AUSENTE	-	NO	0	OPENSTAX
a423e1cfunctions14	AUSENTE	-	NO	0	OPENSTAX
a423e1cfunctions15	AUSENTE	-	NO	0	OPENSTAX
a423e1cfunctions16	AUSENTE	-	NO	0	OPENSTAX
a423e1cfunctions17	AUSENTE	-	SI	1	OPENSTAX
a423e1cfunctions18	AUSENTE	-	SI	1	OPENSTAX
a423e1cfunctions19	AUSENTE	-	NO	0	OPENSTAX
a423e1cfunctions2	AUSENTE	-	NO	0	OPENSTAX
a423e1cfunctions20	AUSENTE	-	NO	0	OPENSTAX
a423e1cfunctions21	AUSENTE	-	NO	0	OPENSTAX
a423e1cfunctions22	AUSENTE	-	SI	1	OPENSTAX
a423e1cfunctions23	AUSENTE	-	SI	1	OPENSTAX
a423e1cfunctions24	AUSENTE	-	SI	1	OPENSTAX
a423e1cfunctions25	AUSENTE	-	NO	0	OPENSTAX
a423e1cfunctions26	AUSENTE	-	NO	0	OPENSTAX
a423e1cfunctions27	AUSENTE	-	NO	0	OPENSTAX
a423e1cfunctions28	AUSENTE	-	SI	1	OPENSTAX
a423e1cfunctions29	AUSENTE	-	SI	1	OPENSTAX
a423e1cfunctions3	AUSENTE	-	NO	0	OPENSTAX
a423e1cfunctions30	AUSENTE	-	NO	0	OPENSTAX
a423e1cfunctions4	AUSENTE	-	NO	0	OPENSTAX
a423e1cfunctions5	AUSENTE	-	SI	1	OPENSTAX
a423e1cfunctions6	AUSENTE	-	SI	3	OPENSTAX
a423e1cfunctions7	AUSENTE	-	SI	1	OPENSTAX
a423e1cfunctions8	AUSENTE	-	NO	0	OPENSTAX
a423e1cfunctions9	AUSENTE	-	NO	0	OPENSTAX
a42d06ec1	AUSENTE	-	SI	2	NO-OPENSTAX
a42d06ec2	AUSENTE	-	NO	0	NO-OPENSTAX
a42d06ec3	AUSENTE	-	NO	0	NO-OPENSTAX
a42d06ec4	AUSENTE	-	NO	0	NO-OPENSTAX
a42d06ec5	AUSENTE	-	NO	0	NO-OPENSTAX
a42d06ec6	AUSENTE	-	SI	1	NO-OPENSTAX
a42d06ec61	AUSENTE	-	SI	1	NO-OPENSTAX
a42d06ec7	AUSENTE	-	NO	0	NO-OPENSTAX
a42d06ec8	AUSENTE	-	NO	0	NO-OPENSTAX
a4384a1model1	RESOLUBLE	CC-BY-4.0	SI	1	OPENSTAX
a4384a1model10	RESOLUBLE	CC-BY-4.0	NO	0	OPENSTAX
a4384a1model11	RESOLUBLE	CC-BY-4.0	NO	0	OPENSTAX
a4384a1model12	RESOLUBLE	CC-BY-4.0	NO	0	OPENSTAX
a4384a1model13	RESOLUBLE	CC-BY-4.0	NO	0	OPENSTAX
a4384a1model14	RESOLUBLE	CC-BY-4.0	NO	0	OPENSTAX
a4384a1model15	RESOLUBLE	CC-BY-4.0	NO	0	OPENSTAX
a4384a1model16	RESOLUBLE	CC-BY-4.0	NO	0	OPENSTAX
a4384a1model17	RESOLUBLE	CC-BY-4.0	NO	0	OPENSTAX
a4384a1model18	RESOLUBLE	CC-BY-4.0	NO	0	OPENSTAX
a4384a1model19	RESOLUBLE	CC-BY-4.0	SI	1	OPENSTAX
a4384a1model2	RESOLUBLE	CC-BY-4.0	SI	1	OPENSTAX
a4384a1model20	RESOLUBLE	CC-BY-4.0	SI	1	OPENSTAX
a4384a1model21	RESOLUBLE	CC-BY-4.0	SI	1	OPENSTAX
a4384a1model22	RESOLUBLE	CC-BY-4.0	SI	1	OPENSTAX
a4384a1model23	RESOLUBLE	CC-BY-4.0	SI	1	OPENSTAX
a4384a1model24	RESOLUBLE	CC-BY-4.0	SI	1	OPENSTAX
a4384a1model25	RESOLUBLE	CC-BY-4.0	SI	1	OPENSTAX
a4384a1model26	RESOLUBLE	CC-BY-4.0	SI	1	OPENSTAX
a4384a1model27	RESOLUBLE	CC-BY-4.0	SI	1	OPENSTAX
a4384a1model28	RESOLUBLE	CC-BY-4.0	SI	1	OPENSTAX
a4384a1model29	RESOLUBLE	CC-BY-4.0	SI	1	OPENSTAX
a4384a1model3	RESOLUBLE	CC-BY-4.0	SI	1	OPENSTAX
a4384a1model4	RESOLUBLE	CC-BY-4.0	SI	1	OPENSTAX
a4384a1model5	RESOLUBLE	CC-BY-4.0	SI	1	OPENSTAX
a4384a1model6	RESOLUBLE	CC-BY-4.0	NO	0	OPENSTAX
a4384a1model7	RESOLUBLE	CC-BY-4.0	NO	0	OPENSTAX
a4384a1model8	RESOLUBLE	CC-BY-4.0	NO	0	OPENSTAX
a4384a1model9	RESOLUBLE	CC-BY-4.0	NO	0	OPENSTAX
a443311sqroots1	RESOLUBLE	CC-BY-4.0	NO	0	OPENSTAX
a443311sqroots10	RESOLUBLE	CC-BY-4.0	NO	0	OPENSTAX
a443311sqroots11	RESOLUBLE	CC-BY-4.0	NO	0	OPENSTAX
a443311sqroots12	RESOLUBLE	CC-BY-4.0	NO	0	OPENSTAX
a443311sqroots13	RESOLUBLE	CC-BY-4.0	NO	0	OPENSTAX
a443311sqroots14	RESOLUBLE	CC-BY-4.0	NO	0	OPENSTAX
a443311sqroots15	RESOLUBLE	CC-BY-4.0	NO	0	OPENSTAX
a443311sqroots16	RESOLUBLE	CC-BY-4.0	NO	0	OPENSTAX
a443311sqroots17	RESOLUBLE	CC-BY-4.0	NO	0	OPENSTAX
a443311sqroots18	RESOLUBLE	CC-BY-4.0	NO	0	OPENSTAX
a443311sqroots19	RESOLUBLE	CC-BY-4.0	NO	0	OPENSTAX
a443311sqroots2	RESOLUBLE	CC-BY-4.0	NO	0	OPENSTAX
a443311sqroots20	RESOLUBLE	CC-BY-4.0	NO	0	OPENSTAX
a443311sqroots21	RESOLUBLE	CC-BY-4.0	NO	0	OPENSTAX
a443311sqroots22	RESOLUBLE	CC-BY-4.0	NO	0	OPENSTAX
a443311sqroots23	RESOLUBLE	CC-BY-4.0	NO	0	OPENSTAX
a443311sqroots24	RESOLUBLE	CC-BY-4.0	NO	0	OPENSTAX
a443311sqroots25	RESOLUBLE	CC-BY-4.0	NO	0	OPENSTAX
a443311sqroots26	RESOLUBLE	CC-BY-4.0	NO	0	OPENSTAX
a443311sqroots27	RESOLUBLE	CC-BY-4.0	NO	0	OPENSTAX
a443311sqroots28	RESOLUBLE	CC-BY-4.0	NO	0	OPENSTAX
a443311sqroots29	RESOLUBLE	CC-BY-4.0	NO	0	OPENSTAX
a443311sqroots3	RESOLUBLE	CC-BY-4.0	NO	0	OPENSTAX
a443311sqroots30	RESOLUBLE	CC-BY-4.0	NO	0	OPENSTAX
a443311sqroots4	RESOLUBLE	CC-BY-4.0	NO	0	OPENSTAX
a443311sqroots5	RESOLUBLE	CC-BY-4.0	NO	0	OPENSTAX
a443311sqroots6	RESOLUBLE	CC-BY-4.0	NO	0	OPENSTAX
a443311sqroots7	RESOLUBLE	CC-BY-4.0	NO	0	OPENSTAX
a443311sqroots8	RESOLUBLE	CC-BY-4.0	NO	0	OPENSTAX
a443311sqroots9	RESOLUBLE	CC-BY-4.0	NO	0	OPENSTAX
a4488b1Fraction1	RESOLUBLE	CC-BY-4.0	NO	0	OPENSTAX
a4488b1Fraction10	RESOLUBLE	CC-BY-4.0	NO	0	OPENSTAX
a4488b1Fraction11	RESOLUBLE	CC-BY-4.0	NO	0	OPENSTAX
a4488b1Fraction12	RESOLUBLE	CC-BY-4.0	NO	0	OPENSTAX
a4488b1Fraction13	RESOLUBLE	CC-BY-4.0	NO	0	OPENSTAX
a4488b1Fraction14	RESOLUBLE	CC-BY-4.0	NO	0	OPENSTAX
a4488b1Fraction15	RESOLUBLE	CC-BY-4.0	NO	0	OPENSTAX
a4488b1Fraction2	RESOLUBLE	CC-BY-4.0	NO	0	OPENSTAX
a4488b1Fraction3	RESOLUBLE	CC-BY-4.0	NO	0	OPENSTAX
a4488b1Fraction4	RESOLUBLE	CC-BY-4.0	NO	0	OPENSTAX
a4488b1Fraction5	RESOLUBLE	CC-BY-4.0	NO	0	OPENSTAX
a4488b1Fraction6	RESOLUBLE	CC-BY-4.0	NO	0	OPENSTAX
a4488b1Fraction7	RESOLUBLE	CC-BY-4.0	NO	0	OPENSTAX
a4488b1Fraction8	RESOLUBLE	CC-BY-4.0	NO	0	OPENSTAX
a4488b1Fraction9	RESOLUBLE	CC-BY-4.0	NO	0	OPENSTAX
a4488b1fractions1	RESOLUBLE	CC-BY-4.0	NO	0	OPENSTAX
a4488b1fractions10	RESOLUBLE	CC-BY-4.0	NO	0	OPENSTAX
a4488b1fractions11	RESOLUBLE	CC-BY-4.0	NO	0	OPENSTAX
a4488b1fractions12	RESOLUBLE	CC-BY-4.0	NO	0	OPENSTAX
a4488b1fractions13	RESOLUBLE	CC-BY-4.0	NO	0	OPENSTAX
a4488b1fractions14	RESOLUBLE	CC-BY-4.0	NO	0	OPENSTAX
a4488b1fractions15	RESOLUBLE	CC-BY-4.0	NO	0	OPENSTAX
a4488b1fractions2	RESOLUBLE	CC-BY-4.0	NO	0	OPENSTAX
a4488b1fractions3	RESOLUBLE	CC-BY-4.0	NO	0	OPENSTAX
a4488b1fractions4	RESOLUBLE	CC-BY-4.0	NO	0	OPENSTAX
a4488b1fractions5	RESOLUBLE	CC-BY-4.0	NO	0	OPENSTAX
a4488b1fractions6	RESOLUBLE	CC-BY-4.0	NO	0	OPENSTAX
a4488b1fractions7	RESOLUBLE	CC-BY-4.0	NO	0	OPENSTAX
a4488b1fractions8	RESOLUBLE	CC-BY-4.0	NO	0	OPENSTAX
a4488b1fractions9	RESOLUBLE	CC-BY-4.0	NO	0	OPENSTAX
a453be6realnumbers1	RESOLUBLE	CC-BY-4.0	NO	0	OPENSTAX
a453be6realnumbers10	RESOLUBLE	CC-BY-4.0	NO	0	OPENSTAX
a453be6realnumbers11	RESOLUBLE	CC-BY-4.0	NO	0	OPENSTAX
a453be6realnumbers12	RESOLUBLE	CC-BY-4.0	NO	0	OPENSTAX
a453be6realnumbers13	RESOLUBLE	CC-BY-4.0	NO	0	OPENSTAX
a453be6realnumbers14	RESOLUBLE	CC-BY-4.0	NO	0	OPENSTAX
a453be6realnumbers15	RESOLUBLE	CC-BY-4.0	NO	0	OPENSTAX
a453be6realnumbers16	RESOLUBLE	CC-BY-4.0	NO	0	OPENSTAX
a453be6realnumbers17	RESOLUBLE	CC-BY-4.0	NO	0	OPENSTAX
a453be6realnumbers18	RESOLUBLE	CC-BY-4.0	SI	1	OPENSTAX
a453be6realnumbers19	RESOLUBLE	CC-BY-4.0	SI	1	OPENSTAX
a453be6realnumbers2	RESOLUBLE	CC-BY-4.0	NO	0	OPENSTAX
a453be6realnumbers20	RESOLUBLE	CC-BY-4.0	SI	1	OPENSTAX
a453be6realnumbers21	RESOLUBLE	CC-BY-4.0	SI	1	OPENSTAX
a453be6realnumbers22	RESOLUBLE	CC-BY-4.0	SI	1	OPENSTAX
a453be6realnumbers23	RESOLUBLE	CC-BY-4.0	SI	1	OPENSTAX
a453be6realnumbers24	RESOLUBLE	CC-BY-4.0	SI	1	OPENSTAX
a453be6realnumbers25	RESOLUBLE	CC-BY-4.0	SI	1	OPENSTAX
a453be6realnumbers26	RESOLUBLE	CC-BY-4.0	SI	1	OPENSTAX
a453be6realnumbers27	RESOLUBLE	CC-BY-4.0	SI	1	OPENSTAX
a453be6realnumbers28	RESOLUBLE	CC-BY-4.0	SI	1	OPENSTAX
a453be6realnumbers29	RESOLUBLE	CC-BY-4.0	SI	1	OPENSTAX
a453be6realnumbers3	RESOLUBLE	CC-BY-4.0	NO	0	OPENSTAX
a453be6realnumbers30	RESOLUBLE	CC-BY-4.0	SI	1	OPENSTAX
a453be6realnumbers4	RESOLUBLE	CC-BY-4.0	NO	0	OPENSTAX
a453be6realnumbers5	RESOLUBLE	CC-BY-4.0	NO	0	OPENSTAX
a453be6realnumbers6	RESOLUBLE	CC-BY-4.0	NO	0	OPENSTAX
a453be6realnumbers7	RESOLUBLE	CC-BY-4.0	NO	0	OPENSTAX
a453be6realnumbers8	RESOLUBLE	CC-BY-4.0	NO	0	OPENSTAX
a453be6realnumbers9	RESOLUBLE	CC-BY-4.0	NO	0	OPENSTAX
a4593e0functrans1	AUSENTE	-	SI	3	NO-OPENSTAX
a4593e0functrans10	AUSENTE	-	NO	0	NO-OPENSTAX
a4593e0functrans100	AUSENTE	-	SI	1	NO-OPENSTAX
a4593e0functrans1000	AUSENTE	-	NO	0	NO-OPENSTAX
a4593e0functrans101	AUSENTE	-	NO	0	NO-OPENSTAX
a4593e0functrans11	AUSENTE	-	NO	0	NO-OPENSTAX
a4593e0functrans110	AUSENTE	-	NO	0	NO-OPENSTAX
a4593e0functrans111	AUSENTE	-	NO	0	NO-OPENSTAX
a4593e0functrans2	AUSENTE	-	SI	3	NO-OPENSTAX
a4593e0functrans200	AUSENTE	-	SI	1	NO-OPENSTAX
a4593e0functrans3	AUSENTE	-	SI	2	NO-OPENSTAX
a4593e0functrans310	AUSENTE	-	NO	0	NO-OPENSTAX
a4593e0functrans411	AUSENTE	-	NO	0	NO-OPENSTAX
a4593e0functrans511	AUSENTE	-	NO	0	NO-OPENSTAX
a4763e0rationaldenom1	RESOLUBLE	CC-BY-4.0	NO	0	OPENSTAX
a4763e0rationaldenom2	RESOLUBLE	CC-BY-4.0	NO	0	OPENSTAX
a4763e0rationaldenom3	RESOLUBLE	CC-BY-4.0	NO	0	OPENSTAX
a4763e0rationaldenom4	RESOLUBLE	CC-BY-4.0	NO	0	OPENSTAX
a4763e0rationaldenom5	RESOLUBLE	CC-BY-4.0	NO	0	OPENSTAX
a4763e0rationaldenom6	RESOLUBLE	CC-BY-4.0	NO	0	OPENSTAX
a4763e0rationaldenom7	RESOLUBLE	CC-BY-4.0	NO	0	OPENSTAX
a4763e0rationaldenom8	RESOLUBLE	CC-BY-4.0	NO	0	OPENSTAX
a4763e0rationaldenom9	RESOLUBLE	CC-BY-4.0	NO	0	OPENSTAX
a4763e0rationalprob10	RESOLUBLE	CC-BY-4.0	NO	0	OPENSTAX
a4763e0rationalprob11	RESOLUBLE	CC-BY-4.0	NO	0	OPENSTAX
a4763e0rationalprob12	RESOLUBLE	CC-BY-4.0	NO	0	OPENSTAX
a4763e0rationalprob13	RESOLUBLE	CC-BY-4.0	NO	0	OPENSTAX
a4763e0rationalprob14	RESOLUBLE	CC-BY-4.0	NO	0	OPENSTAX
a4763e0rationalprob15	RESOLUBLE	CC-BY-4.0	NO	0	OPENSTAX
a4763e0rationalprob3	RESOLUBLE	CC-BY-4.0	NO	0	OPENSTAX
a4763e0rationalprob4	RESOLUBLE	CC-BY-4.0	NO	0	OPENSTAX
a4763e0rationalprob5	RESOLUBLE	CC-BY-4.0	NO	0	OPENSTAX
a4763e0rationalprob6	RESOLUBLE	CC-BY-4.0	NO	0	OPENSTAX
a4763e0rationalprob7	RESOLUBLE	CC-BY-4.0	NO	0	OPENSTAX
a4763e0rationalprob8	RESOLUBLE	CC-BY-4.0	NO	0	OPENSTAX
a4763e0rationalprob9	RESOLUBLE	CC-BY-4.0	NO	0	OPENSTAX
a4763e0rationalstep1	RESOLUBLE	CC-BY-4.0	NO	0	OPENSTAX
a4763e0rationalstep2	RESOLUBLE	CC-BY-4.0	NO	0	OPENSTAX
a4763e0rationalstep3	RESOLUBLE	CC-BY-4.0	NO	0	OPENSTAX
a4763e0rationalstep4	RESOLUBLE	CC-BY-4.0	NO	0	OPENSTAX
a4763e0rationalstep5	RESOLUBLE	CC-BY-4.0	NO	0	OPENSTAX
a4763e0rationalstep6	RESOLUBLE	CC-BY-4.0	NO	0	OPENSTAX
a4763e0rationalstep7	RESOLUBLE	CC-BY-4.0	NO	0	OPENSTAX
a4763e0rationalstep8	RESOLUBLE	CC-BY-4.0	NO	0	OPENSTAX
a47ce72graphquad1	RESOLUBLE	CC-BY-4.0	SI	1	OPENSTAX
a47ce72graphquad10	RESOLUBLE	CC-BY-4.0	SI	1	OPENSTAX
a47ce72graphquad11	RESOLUBLE	CC-BY-4.0	SI	1	OPENSTAX
a47ce72graphquad12	RESOLUBLE	CC-BY-4.0	SI	1	OPENSTAX
a47ce72graphquad13	RESOLUBLE	CC-BY-4.0	SI	1	OPENSTAX
a47ce72graphquad14	RESOLUBLE	CC-BY-4.0	SI	1	OPENSTAX
a47ce72graphquad15	RESOLUBLE	CC-BY-4.0	SI	1	OPENSTAX
a47ce72graphquad16	RESOLUBLE	CC-BY-4.0	SI	1	OPENSTAX
a47ce72graphquad17	RESOLUBLE	CC-BY-4.0	SI	1	OPENSTAX
a47ce72graphquad18	RESOLUBLE	CC-BY-4.0	SI	1	OPENSTAX
a47ce72graphquad19	RESOLUBLE	CC-BY-4.0	SI	1	OPENSTAX
a47ce72graphquad2	RESOLUBLE	CC-BY-4.0	SI	1	OPENSTAX
a47ce72graphquad20	RESOLUBLE	CC-BY-4.0	SI	1	OPENSTAX
a47ce72graphquad21	RESOLUBLE	CC-BY-4.0	SI	1	OPENSTAX
a47ce72graphquad22	RESOLUBLE	CC-BY-4.0	SI	1	OPENSTAX
a47ce72graphquad23	RESOLUBLE	CC-BY-4.0	SI	1	OPENSTAX
a47ce72graphquad24	RESOLUBLE	CC-BY-4.0	SI	1	OPENSTAX
a47ce72graphquad25	RESOLUBLE	CC-BY-4.0	SI	1	OPENSTAX
a47ce72graphquad26	RESOLUBLE	CC-BY-4.0	SI	1	OPENSTAX
a47ce72graphquad27	RESOLUBLE	CC-BY-4.0	SI	1	OPENSTAX
a47ce72graphquad28	RESOLUBLE	CC-BY-4.0	SI	1	OPENSTAX
a47ce72graphquad29	RESOLUBLE	CC-BY-4.0	NO	0	OPENSTAX
a47ce72graphquad3	RESOLUBLE	CC-BY-4.0	SI	1	OPENSTAX
a47ce72graphquad30	RESOLUBLE	CC-BY-4.0	NO	0	OPENSTAX
a47ce72graphquad4	RESOLUBLE	CC-BY-4.0	SI	1	OPENSTAX
a47ce72graphquad5	RESOLUBLE	CC-BY-4.0	SI	1	OPENSTAX
a47ce72graphquad6	RESOLUBLE	CC-BY-4.0	SI	1	OPENSTAX
a47ce72graphquad7	RESOLUBLE	CC-BY-4.0	SI	1	OPENSTAX
a47ce72graphquad8	RESOLUBLE	CC-BY-4.0	SI	1	OPENSTAX
a47ce72graphquad9	RESOLUBLE	CC-BY-4.0	SI	1	OPENSTAX
a4861c9explog1	RESOLUBLE	CC-BY-4.0	NO	0	OPENSTAX
a4861c9explog10	RESOLUBLE	CC-BY-4.0	NO	0	OPENSTAX
a4861c9explog11	RESOLUBLE	CC-BY-4.0	NO	0	OPENSTAX
a4861c9explog12	RESOLUBLE	CC-BY-4.0	NO	0	OPENSTAX
a4861c9explog13	RESOLUBLE	CC-BY-4.0	NO	0	OPENSTAX
a4861c9explog14	RESOLUBLE	CC-BY-4.0	NO	0	OPENSTAX
a4861c9explog15	RESOLUBLE	CC-BY-4.0	NO	0	OPENSTAX
a4861c9explog16	RESOLUBLE	CC-BY-4.0	NO	0	OPENSTAX
a4861c9explog17	RESOLUBLE	CC-BY-4.0	NO	0	OPENSTAX
a4861c9explog18	RESOLUBLE	CC-BY-4.0	NO	0	OPENSTAX
a4861c9explog19	RESOLUBLE	CC-BY-4.0	NO	0	OPENSTAX
a4861c9explog2	RESOLUBLE	CC-BY-4.0	NO	0	OPENSTAX
a4861c9explog20	RESOLUBLE	CC-BY-4.0	NO	0	OPENSTAX
a4861c9explog21	RESOLUBLE	CC-BY-4.0	NO	0	OPENSTAX
a4861c9explog22	RESOLUBLE	CC-BY-4.0	NO	0	OPENSTAX
a4861c9explog23	RESOLUBLE	CC-BY-4.0	NO	0	OPENSTAX
a4861c9explog24	RESOLUBLE	CC-BY-4.0	NO	0	OPENSTAX
a4861c9explog25	RESOLUBLE	CC-BY-4.0	NO	0	OPENSTAX
a4861c9explog26	RESOLUBLE	CC-BY-4.0	NO	0	OPENSTAX
a4861c9explog27	RESOLUBLE	CC-BY-4.0	NO	0	OPENSTAX
a4861c9explog28	RESOLUBLE	CC-BY-4.0	NO	0	OPENSTAX
a4861c9explog29	RESOLUBLE	CC-BY-4.0	NO	0	OPENSTAX
a4861c9explog3	RESOLUBLE	CC-BY-4.0	NO	0	OPENSTAX
a4861c9explog30	RESOLUBLE	CC-BY-4.0	NO	0	OPENSTAX
a4861c9explog4	RESOLUBLE	CC-BY-4.0	NO	0	OPENSTAX
a4861c9explog5	RESOLUBLE	CC-BY-4.0	NO	0	OPENSTAX
a4861c9explog6	RESOLUBLE	CC-BY-4.0	NO	0	OPENSTAX
a4861c9explog7	RESOLUBLE	CC-BY-4.0	NO	0	OPENSTAX
a4861c9explog8	RESOLUBLE	CC-BY-4.0	NO	0	OPENSTAX
a4861c9explog9	RESOLUBLE	CC-BY-4.0	NO	0	OPENSTAX
a48e533fluid1	RESOLUBLE	CC-BY-4.0	NO	0	OPENSTAX
a48e533fluid2	RESOLUBLE	CC-BY-4.0	NO	0	OPENSTAX
a48e533fluid23	RESOLUBLE	CC-BY-4.0	NO	0	OPENSTAX
a48e533fluid25	RESOLUBLE	CC-BY-4.0	NO	0	OPENSTAX
a48e533fluid27	RESOLUBLE	CC-BY-4.0	NO	0	OPENSTAX
a48e533fluid29	RESOLUBLE	CC-BY-4.0	NO	0	OPENSTAX
a48e533fluid3	RESOLUBLE	CC-BY-4.0	NO	0	OPENSTAX
a48e533fluid31	RESOLUBLE	CC-BY-4.0	NO	0	OPENSTAX
a48e533fluid37	RESOLUBLE	CC-BY-4.0	NO	0	OPENSTAX
a48e533fluid4	RESOLUBLE	CC-BY-4.0	NO	0	OPENSTAX
a48e533fluid41	RESOLUBLE	CC-BY-4.0	NO	0	OPENSTAX
a48e533fluid45	RESOLUBLE	CC-BY-4.0	NO	0	OPENSTAX
a48e533fluid5	RESOLUBLE	CC-BY-4.0	NO	0	OPENSTAX
a48e533fluid53	RESOLUBLE	CC-BY-4.0	NO	0	OPENSTAX
a48e533fluid6	RESOLUBLE	CC-BY-4.0	NO	0	OPENSTAX
a48e533fluid7	RESOLUBLE	CC-BY-4.0	NO	0	OPENSTAX
a48e533fluid8	RESOLUBLE	CC-BY-4.0	NO	0	OPENSTAX
a48e533fluid9	RESOLUBLE	CC-BY-4.0	NO	0	OPENSTAX
a49fa00c1	AUSENTE	-	NO	0	OPENSTAX
a49fa00c2	AUSENTE	-	NO	0	OPENSTAX
a49fa00c3	AUSENTE	-	NO	0	OPENSTAX
a49fa00c4	AUSENTE	-	NO	0	OPENSTAX
a49fa00c7	AUSENTE	-	NO	0	OPENSTAX
a4a0f7dradicalroot1	RESOLUBLE	CC-BY-4.0	NO	0	OPENSTAX
a4a0f7dradicalroot10	RESOLUBLE	CC-BY-4.0	NO	0	OPENSTAX
a4a0f7dradicalroot11	RESOLUBLE	CC-BY-4.0	NO	0	OPENSTAX
a4a0f7dradicalroot12	RESOLUBLE	CC-BY-4.0	NO	0	OPENSTAX
a4a0f7dradicalroot13	RESOLUBLE	CC-BY-4.0	NO	0	OPENSTAX
a4a0f7dradicalroot14	RESOLUBLE	CC-BY-4.0	NO	0	OPENSTAX
a4a0f7dradicalroot15	RESOLUBLE	CC-BY-4.0	NO	0	OPENSTAX
a4a0f7dradicalroot16	RESOLUBLE	CC-BY-4.0	NO	0	OPENSTAX
a4a0f7dradicalroot17	RESOLUBLE	CC-BY-4.0	NO	0	OPENSTAX
a4a0f7dradicalroot18	RESOLUBLE	CC-BY-4.0	NO	0	OPENSTAX
a4a0f7dradicalroot19	RESOLUBLE	CC-BY-4.0	NO	0	OPENSTAX
a4a0f7dradicalroot2	RESOLUBLE	CC-BY-4.0	NO	0	OPENSTAX
a4a0f7dradicalroot20	RESOLUBLE	CC-BY-4.0	NO	0	OPENSTAX
a4a0f7dradicalroot21	RESOLUBLE	CC-BY-4.0	NO	0	OPENSTAX
a4a0f7dradicalroot22	RESOLUBLE	CC-BY-4.0	NO	0	OPENSTAX
a4a0f7dradicalroot23	RESOLUBLE	CC-BY-4.0	NO	0	OPENSTAX
a4a0f7dradicalroot24	RESOLUBLE	CC-BY-4.0	NO	0	OPENSTAX
a4a0f7dradicalroot25	RESOLUBLE	CC-BY-4.0	NO	0	OPENSTAX
a4a0f7dradicalroot26	RESOLUBLE	CC-BY-4.0	NO	0	OPENSTAX
a4a0f7dradicalroot27	RESOLUBLE	CC-BY-4.0	NO	0	OPENSTAX
a4a0f7dradicalroot28	RESOLUBLE	CC-BY-4.0	NO	0	OPENSTAX
a4a0f7dradicalroot29	RESOLUBLE	CC-BY-4.0	NO	0	OPENSTAX
a4a0f7dradicalroot3	RESOLUBLE	CC-BY-4.0	NO	0	OPENSTAX
a4a0f7dradicalroot30	RESOLUBLE	CC-BY-4.0	NO	0	OPENSTAX
a4a0f7dradicalroot4	RESOLUBLE	CC-BY-4.0	NO	0	OPENSTAX
a4a0f7dradicalroot5	RESOLUBLE	CC-BY-4.0	NO	0	OPENSTAX
a4a0f7dradicalroot6	RESOLUBLE	CC-BY-4.0	NO	0	OPENSTAX
a4a0f7dradicalroot7	RESOLUBLE	CC-BY-4.0	NO	0	OPENSTAX
a4a0f7dradicalroot8	RESOLUBLE	CC-BY-4.0	NO	0	OPENSTAX
a4a0f7dradicalroot9	RESOLUBLE	CC-BY-4.0	NO	0	OPENSTAX
a4a299dhist1	RESOLUBLE	CC-BY-4.0	NO	0	OPENSTAX
a4a299dhist2	RESOLUBLE	CC-BY-4.0	NO	0	OPENSTAX
a4a299dhist3	RESOLUBLE	CC-BY-4.0	NO	0	OPENSTAX
a4a299dhist4	RESOLUBLE	CC-BY-4.0	SI	1	OPENSTAX
a4a299dhist5	RESOLUBLE	CC-BY-4.0	NO	0	OPENSTAX
a4a299dhist6	RESOLUBLE	CC-BY-4.0	SI	2	OPENSTAX
a4a299dhist7	RESOLUBLE	CC-BY-4.0	SI	2	OPENSTAX
a4a299dhist8	RESOLUBLE	CC-BY-4.0	SI	1	OPENSTAX
a4a299dhist9	RESOLUBLE	CC-BY-4.0	SI	1	OPENSTAX
a4b48f4RealNums1	RESOLUBLE	CC-BY-4.0	NO	0	OPENSTAX
a4b48f4RealNums10	RESOLUBLE	CC-BY-4.0	NO	0	OPENSTAX
a4b48f4RealNums11	RESOLUBLE	CC-BY-4.0	NO	0	OPENSTAX
a4b48f4RealNums12	RESOLUBLE	CC-BY-4.0	NO	0	OPENSTAX
a4b48f4RealNums13	RESOLUBLE	CC-BY-4.0	NO	0	OPENSTAX
a4b48f4RealNums14	RESOLUBLE	CC-BY-4.0	NO	0	OPENSTAX
a4b48f4RealNums15	RESOLUBLE	CC-BY-4.0	NO	0	OPENSTAX
a4b48f4RealNums16	RESOLUBLE	CC-BY-4.0	NO	0	OPENSTAX
a4b48f4RealNums17	RESOLUBLE	CC-BY-4.0	NO	0	OPENSTAX
a4b48f4RealNums18	RESOLUBLE	CC-BY-4.0	NO	0	OPENSTAX
a4b48f4RealNums19	RESOLUBLE	CC-BY-4.0	NO	0	OPENSTAX
a4b48f4RealNums2	RESOLUBLE	CC-BY-4.0	NO	0	OPENSTAX
a4b48f4RealNums20	RESOLUBLE	CC-BY-4.0	NO	0	OPENSTAX
a4b48f4RealNums21	RESOLUBLE	CC-BY-4.0	NO	0	OPENSTAX
a4b48f4RealNums22	RESOLUBLE	CC-BY-4.0	NO	0	OPENSTAX
a4b48f4RealNums23	RESOLUBLE	CC-BY-4.0	NO	0	OPENSTAX
a4b48f4RealNums24	RESOLUBLE	CC-BY-4.0	NO	0	OPENSTAX
a4b48f4RealNums25	RESOLUBLE	CC-BY-4.0	NO	0	OPENSTAX
a4b48f4RealNums26	RESOLUBLE	CC-BY-4.0	NO	0	OPENSTAX
a4b48f4RealNums27	RESOLUBLE	CC-BY-4.0	NO	0	OPENSTAX
a4b48f4RealNums28	RESOLUBLE	CC-BY-4.0	NO	0	OPENSTAX
a4b48f4RealNums29	RESOLUBLE	CC-BY-4.0	NO	0	OPENSTAX
a4b48f4RealNums3	RESOLUBLE	CC-BY-4.0	NO	0	OPENSTAX
a4b48f4RealNums30	RESOLUBLE	CC-BY-4.0	NO	0	OPENSTAX
a4b48f4RealNums4	RESOLUBLE	CC-BY-4.0	NO	0	OPENSTAX
a4b48f4RealNums5	RESOLUBLE	CC-BY-4.0	NO	0	OPENSTAX
a4b48f4RealNums6	RESOLUBLE	CC-BY-4.0	NO	0	OPENSTAX
a4b48f4RealNums7	RESOLUBLE	CC-BY-4.0	NO	0	OPENSTAX
a4b48f4RealNums8	RESOLUBLE	CC-BY-4.0	NO	0	OPENSTAX
a4b48f4RealNums9	RESOLUBLE	CC-BY-4.0	NO	0	OPENSTAX
a4b9bbfrationalnums1	RESOLUBLE	CC-BY-4.0	NO	0	OPENSTAX
a4b9bbfrationalnums10	RESOLUBLE	CC-BY-4.0	NO	0	OPENSTAX
a4b9bbfrationalnums11	RESOLUBLE	CC-BY-4.0	NO	0	OPENSTAX
a4b9bbfrationalnums12	RESOLUBLE	CC-BY-4.0	NO	0	OPENSTAX
a4b9bbfrationalnums13	RESOLUBLE	CC-BY-4.0	NO	0	OPENSTAX
a4b9bbfrationalnums14	RESOLUBLE	CC-BY-4.0	NO	0	OPENSTAX
a4b9bbfrationalnums15	RESOLUBLE	CC-BY-4.0	NO	0	OPENSTAX
a4b9bbfrationalnums16	RESOLUBLE	CC-BY-4.0	NO	0	OPENSTAX
a4b9bbfrationalnums17	RESOLUBLE	CC-BY-4.0	NO	0	OPENSTAX
a4b9bbfrationalnums18	RESOLUBLE	CC-BY-4.0	NO	0	OPENSTAX
a4b9bbfrationalnums19	RESOLUBLE	CC-BY-4.0	NO	0	OPENSTAX
a4b9bbfrationalnums2	RESOLUBLE	CC-BY-4.0	NO	0	OPENSTAX
a4b9bbfrationalnums20	RESOLUBLE	CC-BY-4.0	NO	0	OPENSTAX
a4b9bbfrationalnums21	RESOLUBLE	CC-BY-4.0	NO	0	OPENSTAX
a4b9bbfrationalnums22	RESOLUBLE	CC-BY-4.0	NO	0	OPENSTAX
a4b9bbfrationalnums23	RESOLUBLE	CC-BY-4.0	NO	0	OPENSTAX
a4b9bbfrationalnums24	RESOLUBLE	CC-BY-4.0	NO	0	OPENSTAX
a4b9bbfrationalnums25	RESOLUBLE	CC-BY-4.0	NO	0	OPENSTAX
a4b9bbfrationalnums26	RESOLUBLE	CC-BY-4.0	NO	0	OPENSTAX
a4b9bbfrationalnums27	RESOLUBLE	CC-BY-4.0	NO	0	OPENSTAX
a4b9bbfrationalnums28	RESOLUBLE	CC-BY-4.0	NO	0	OPENSTAX
a4b9bbfrationalnums29	RESOLUBLE	CC-BY-4.0	NO	0	OPENSTAX
a4b9bbfrationalnums3	RESOLUBLE	CC-BY-4.0	NO	0	OPENSTAX
a4b9bbfrationalnums30	RESOLUBLE	CC-BY-4.0	NO	0	OPENSTAX
a4b9bbfrationalnums7	RESOLUBLE	CC-BY-4.0	NO	0	OPENSTAX
a4ba03econtingency1	RESOLUBLE	CC-BY-4.0	NO	0	OPENSTAX
a4ba03econtingency10	RESOLUBLE	CC-BY-4.0	NO	0	OPENSTAX
a4ba03econtingency11	RESOLUBLE	CC-BY-4.0	NO	0	OPENSTAX
a4ba03econtingency12	RESOLUBLE	CC-BY-4.0	NO	0	OPENSTAX
a4ba03econtingency13	RESOLUBLE	CC-BY-4.0	NO	0	OPENSTAX
a4ba03econtingency14	RESOLUBLE	CC-BY-4.0	NO	0	OPENSTAX
a4ba03econtingency15	RESOLUBLE	CC-BY-4.0	NO	0	OPENSTAX
a4ba03econtingency16	RESOLUBLE	CC-BY-4.0	NO	0	OPENSTAX
a4ba03econtingency17	RESOLUBLE	CC-BY-4.0	NO	0	OPENSTAX
a4ba03econtingency18	RESOLUBLE	CC-BY-4.0	NO	0	OPENSTAX
a4ba03econtingency19	RESOLUBLE	CC-BY-4.0	NO	0	OPENSTAX
a4ba03econtingency2	RESOLUBLE	CC-BY-4.0	NO	0	OPENSTAX
a4ba03econtingency20	RESOLUBLE	CC-BY-4.0	NO	0	OPENSTAX
a4ba03econtingency21	RESOLUBLE	CC-BY-4.0	NO	0	OPENSTAX
a4ba03econtingency22	RESOLUBLE	CC-BY-4.0	NO	0	OPENSTAX
a4ba03econtingency23	RESOLUBLE	CC-BY-4.0	NO	0	OPENSTAX
a4ba03econtingency24	RESOLUBLE	CC-BY-4.0	NO	0	OPENSTAX
a4ba03econtingency25	RESOLUBLE	CC-BY-4.0	NO	0	OPENSTAX
a4ba03econtingency3	RESOLUBLE	CC-BY-4.0	NO	0	OPENSTAX
a4ba03econtingency4	RESOLUBLE	CC-BY-4.0	NO	0	OPENSTAX
a4ba03econtingency5	RESOLUBLE	CC-BY-4.0	NO	0	OPENSTAX
a4ba03econtingency6	RESOLUBLE	CC-BY-4.0	NO	0	OPENSTAX
a4ba03econtingency7	RESOLUBLE	CC-BY-4.0	NO	0	OPENSTAX
a4ba03econtingency8	RESOLUBLE	CC-BY-4.0	NO	0	OPENSTAX
a4ba03econtingency9	RESOLUBLE	CC-BY-4.0	NO	0	OPENSTAX
a4be2a0derivative1	RESOLUBLE	CC-BY-4.0	NO	0	OPENSTAX
a4be2a0derivative10	RESOLUBLE	CC-BY-4.0	NO	0	OPENSTAX
a4be2a0derivative11	RESOLUBLE	CC-BY-4.0	NO	0	OPENSTAX
a4be2a0derivative12	RESOLUBLE	CC-BY-4.0	NO	0	OPENSTAX
a4be2a0derivative13	RESOLUBLE	CC-BY-4.0	NO	0	OPENSTAX
a4be2a0derivative14	RESOLUBLE	CC-BY-4.0	NO	0	OPENSTAX
a4be2a0derivative15	RESOLUBLE	CC-BY-4.0	NO	0	OPENSTAX
a4be2a0derivative16	RESOLUBLE	CC-BY-4.0	NO	0	OPENSTAX
a4be2a0derivative17	RESOLUBLE	CC-BY-4.0	NO	0	OPENSTAX
a4be2a0derivative18	RESOLUBLE	CC-BY-4.0	NO	0	OPENSTAX
a4be2a0derivative19	RESOLUBLE	CC-BY-4.0	NO	0	OPENSTAX
a4be2a0derivative2	RESOLUBLE	CC-BY-4.0	NO	0	OPENSTAX
a4be2a0derivative20	RESOLUBLE	CC-BY-4.0	NO	0	OPENSTAX
a4be2a0derivative21	RESOLUBLE	CC-BY-4.0	NO	0	OPENSTAX
a4be2a0derivative22	RESOLUBLE	CC-BY-4.0	NO	0	OPENSTAX
a4be2a0derivative24	RESOLUBLE	CC-BY-4.0	NO	0	OPENSTAX
a4be2a0derivative25	RESOLUBLE	CC-BY-4.0	NO	0	OPENSTAX
a4be2a0derivative26	RESOLUBLE	CC-BY-4.0	NO	0	OPENSTAX
a4be2a0derivative27	RESOLUBLE	CC-BY-4.0	NO	0	OPENSTAX
a4be2a0derivative28	RESOLUBLE	CC-BY-4.0	NO	0	OPENSTAX
a4be2a0derivative29	RESOLUBLE	CC-BY-4.0	NO	0	OPENSTAX
a4be2a0derivative3	RESOLUBLE	CC-BY-4.0	NO	0	OPENSTAX
a4be2a0derivative30	RESOLUBLE	CC-BY-4.0	NO	0	OPENSTAX
a4be2a0derivative4	RESOLUBLE	CC-BY-4.0	NO	0	OPENSTAX
a4be2a0derivative5	RESOLUBLE	CC-BY-4.0	NO	0	OPENSTAX
a4be2a0derivative6	RESOLUBLE	CC-BY-4.0	NO	0	OPENSTAX
a4be2a0derivative7	RESOLUBLE	CC-BY-4.0	NO	0	OPENSTAX
a4be2a0derivative8	RESOLUBLE	CC-BY-4.0	NO	0	OPENSTAX
a4be2a0derivative9	RESOLUBLE	CC-BY-4.0	NO	0	OPENSTAX
a4d0c67whole12	RESOLUBLE	CC-BY-4.0	NO	0	OPENSTAX
a4d0c67whole13	RESOLUBLE	CC-BY-4.0	SI	4	OPENSTAX
a4d0c67whole18	RESOLUBLE	CC-BY-4.0	NO	0	OPENSTAX
a4d0c67whole19	RESOLUBLE	CC-BY-4.0	NO	0	OPENSTAX
a4d0c67whole20	RESOLUBLE	CC-BY-4.0	SI	4	OPENSTAX
a4d0c67whole21	RESOLUBLE	CC-BY-4.0	SI	4	OPENSTAX
a4d0c67whole22	RESOLUBLE	CC-BY-4.0	NO	0	OPENSTAX
a4d0c67whole23	RESOLUBLE	CC-BY-4.0	NO	0	OPENSTAX
a4d0c67whole24	RESOLUBLE	CC-BY-4.0	NO	0	OPENSTAX
a4d0c67whole25	RESOLUBLE	CC-BY-4.0	NO	0	OPENSTAX
a4d0c67whole26	RESOLUBLE	CC-BY-4.0	NO	0	OPENSTAX
a4d0c67whole27	RESOLUBLE	CC-BY-4.0	SI	4	OPENSTAX
a4d0c67whole28	RESOLUBLE	CC-BY-4.0	SI	4	OPENSTAX
a4d0c67whole29	RESOLUBLE	CC-BY-4.0	SI	4	OPENSTAX
a4d0c67whole30	RESOLUBLE	CC-BY-4.0	SI	4	OPENSTAX
a4d2b33use1	RESOLUBLE	CC-BY-4.0	NO	0	OPENSTAX
a4d2b33use10	RESOLUBLE	CC-BY-4.0	NO	0	OPENSTAX
a4d2b33use11	RESOLUBLE	CC-BY-4.0	NO	0	OPENSTAX
a4d2b33use12	RESOLUBLE	CC-BY-4.0	NO	0	OPENSTAX
a4d2b33use13	RESOLUBLE	CC-BY-4.0	NO	0	OPENSTAX
a4d2b33use14	RESOLUBLE	CC-BY-4.0	NO	0	OPENSTAX
a4d2b33use15	RESOLUBLE	CC-BY-4.0	NO	0	OPENSTAX
a4d2b33use16	RESOLUBLE	CC-BY-4.0	NO	0	OPENSTAX
a4d2b33use17	RESOLUBLE	CC-BY-4.0	NO	0	OPENSTAX
a4d2b33use18	RESOLUBLE	CC-BY-4.0	NO	0	OPENSTAX
a4d2b33use19	RESOLUBLE	CC-BY-4.0	NO	0	OPENSTAX
a4d2b33use2	RESOLUBLE	CC-BY-4.0	NO	0	OPENSTAX
a4d2b33use20	RESOLUBLE	CC-BY-4.0	NO	0	OPENSTAX
a4d2b33use21	RESOLUBLE	CC-BY-4.0	NO	0	OPENSTAX
a4d2b33use22	RESOLUBLE	CC-BY-4.0	NO	0	OPENSTAX
a4d2b33use23	RESOLUBLE	CC-BY-4.0	NO	0	OPENSTAX
a4d2b33use24	RESOLUBLE	CC-BY-4.0	NO	0	OPENSTAX
a4d2b33use25	RESOLUBLE	CC-BY-4.0	NO	0	OPENSTAX
a4d2b33use26	RESOLUBLE	CC-BY-4.0	NO	0	OPENSTAX
a4d2b33use27	RESOLUBLE	CC-BY-4.0	NO	0	OPENSTAX
a4d2b33use28	RESOLUBLE	CC-BY-4.0	NO	0	OPENSTAX
a4d2b33use29	RESOLUBLE	CC-BY-4.0	NO	0	OPENSTAX
a4d2b33use3	RESOLUBLE	CC-BY-4.0	NO	0	OPENSTAX
a4d2b33use30	RESOLUBLE	CC-BY-4.0	NO	0	OPENSTAX
a4d2b33use31	RESOLUBLE	CC-BY-4.0	NO	0	OPENSTAX
a4d2b33use32	RESOLUBLE	CC-BY-4.0	NO	0	OPENSTAX
a4d2b33use33	RESOLUBLE	CC-BY-4.0	NO	0	OPENSTAX
a4d2b33use34	RESOLUBLE	CC-BY-4.0	NO	0	OPENSTAX
a4d2b33use35	RESOLUBLE	CC-BY-4.0	NO	0	OPENSTAX
a4d2b33use36	RESOLUBLE	CC-BY-4.0	NO	0	OPENSTAX
a4d2b33use4	RESOLUBLE	CC-BY-4.0	NO	0	OPENSTAX
a4d2b33use5	RESOLUBLE	CC-BY-4.0	NO	0	OPENSTAX
a4d2b33use6	RESOLUBLE	CC-BY-4.0	NO	0	OPENSTAX
a4d2b33use7	RESOLUBLE	CC-BY-4.0	NO	0	OPENSTAX
a4d2b33use8	RESOLUBLE	CC-BY-4.0	NO	0	OPENSTAX
a4d2b33use9	RESOLUBLE	CC-BY-4.0	NO	0	OPENSTAX
a4d5812T121-trigraph-P01	VERSION-SIN-VARIANTE	CC4.0	SI	2	NO-OPENSTAX
a4d5812T121-trigraph-P02	VERSION-SIN-VARIANTE	CC4.0	SI	2	NO-OPENSTAX
a4d5812T121-trigraph-P03	VERSION-SIN-VARIANTE	CC4.0	SI	2	NO-OPENSTAX
a4d5812T121-trigraph-P04	VERSION-SIN-VARIANTE	CC4.0	SI	2	NO-OPENSTAX
a4d5812T121-trigraph-P05	VERSION-SIN-VARIANTE	CC4.0	SI	2	NO-OPENSTAX
a4d5812T121-trigraph-P06	VERSION-SIN-VARIANTE	CC4.0	SI	1	NO-OPENSTAX
a4d5812T121-trigraph-P07	VERSION-SIN-VARIANTE	CC4.0	SI	1	NO-OPENSTAX
a4d5812T121-trigraph-P08	VERSION-SIN-VARIANTE	CC4.0	SI	1	NO-OPENSTAX
a4d5812T121-trigraph-P09	VERSION-SIN-VARIANTE	CC4.0	SI	1	NO-OPENSTAX
a4d5812T121-trigraph-P10	VERSION-SIN-VARIANTE	CC4.0	SI	1	NO-OPENSTAX
a4d5812T121-trigraph-P11	VERSION-SIN-VARIANTE	CC4.0	SI	3	NO-OPENSTAX
a4d5812T121-trigraph-P12	VERSION-SIN-VARIANTE	CC4.0	SI	3	NO-OPENSTAX
a4d5812T121-trigraph-P13	VERSION-SIN-VARIANTE	CC4.0	SI	3	NO-OPENSTAX
a4d5812T121-trigraph-P14	VERSION-SIN-VARIANTE	CC4.0	SI	1	NO-OPENSTAX
a4d5812T121-trigraph-P15	VERSION-SIN-VARIANTE	CC4.0	SI	1	NO-OPENSTAX
a4d5812T121-trigraph-P16	VERSION-SIN-VARIANTE	CC4.0	SI	1	NO-OPENSTAX
a4d5812T121-trigraph-P17	VERSION-SIN-VARIANTE	CC4.0	SI	1	NO-OPENSTAX
a4da5e5rootdomain1	AUSENTE	-	NO	0	OPENSTAX
a4da5e5rootdomain10	AUSENTE	-	NO	0	OPENSTAX
a4da5e5rootdomain11	AUSENTE	-	NO	0	OPENSTAX
a4da5e5rootdomain12	AUSENTE	-	NO	0	OPENSTAX
a4da5e5rootdomain13	AUSENTE	-	NO	0	OPENSTAX
a4da5e5rootdomain14	AUSENTE	-	NO	0	OPENSTAX
a4da5e5rootdomain15	AUSENTE	-	NO	0	OPENSTAX
a4da5e5rootdomain16	AUSENTE	-	NO	0	OPENSTAX
a4da5e5rootdomain17	AUSENTE	-	NO	0	OPENSTAX
a4da5e5rootdomain18	AUSENTE	-	NO	0	OPENSTAX
a4da5e5rootdomain19	AUSENTE	-	NO	0	OPENSTAX
a4da5e5rootdomain2	AUSENTE	-	NO	0	OPENSTAX
a4da5e5rootdomain3	AUSENTE	-	NO	0	OPENSTAX
a4da5e5rootdomain4	AUSENTE	-	NO	0	OPENSTAX
a4da5e5rootdomain5	AUSENTE	-	NO	0	OPENSTAX
a4da5e5rootdomain6	AUSENTE	-	NO	0	OPENSTAX
a4da5e5rootdomain7	AUSENTE	-	NO	0	OPENSTAX
a4da5e5rootdomain8	AUSENTE	-	NO	0	OPENSTAX
a4da5e5rootdomain9	AUSENTE	-	NO	0	OPENSTAX
a4dc570tri1	AUSENTE	-	SI	1	NO-OPENSTAX
a4dc570tri2	AUSENTE	-	SI	2	NO-OPENSTAX
a4dc570tri3	AUSENTE	-	SI	1	NO-OPENSTAX
a4dc570tri4	AUSENTE	-	SI	1	NO-OPENSTAX
a4dc570tri5	AUSENTE	-	SI	3	NO-OPENSTAX
a4dc570tri6	AUSENTE	-	SI	3	NO-OPENSTAX
a4dc570tri7	AUSENTE	-	SI	1	NO-OPENSTAX
a4dc570tri8	AUSENTE	-	SI	1	NO-OPENSTAX
a4dc570trig1	AUSENTE	-	NO	0	OPENSTAX
a4dc570trig10	AUSENTE	-	NO	0	OPENSTAX
a4dc570trig11	AUSENTE	-	NO	0	OPENSTAX
a4dc570trig12	AUSENTE	-	NO	0	OPENSTAX
a4dc570trig13	AUSENTE	-	NO	0	OPENSTAX
a4dc570trig14	AUSENTE	-	NO	0	OPENSTAX
a4dc570trig15	AUSENTE	-	NO	0	OPENSTAX
a4dc570trig16	AUSENTE	-	NO	0	OPENSTAX
a4dc570trig17	AUSENTE	-	SI	1	OPENSTAX
a4dc570trig18	AUSENTE	-	SI	1	OPENSTAX
a4dc570trig19	AUSENTE	-	SI	1	OPENSTAX
a4dc570trig2	AUSENTE	-	NO	0	OPENSTAX
a4dc570trig20	AUSENTE	-	SI	1	OPENSTAX
a4dc570trig21	AUSENTE	-	SI	1	OPENSTAX
a4dc570trig22	AUSENTE	-	NO	0	OPENSTAX
a4dc570trig23	AUSENTE	-	NO	0	OPENSTAX
a4dc570trig24	AUSENTE	-	NO	0	OPENSTAX
a4dc570trig25	AUSENTE	-	NO	0	OPENSTAX
a4dc570trig26	AUSENTE	-	NO	0	OPENSTAX
a4dc570trig3	AUSENTE	-	NO	0	OPENSTAX
a4dc570trig4	AUSENTE	-	NO	0	OPENSTAX
a4dc570trig5	AUSENTE	-	NO	0	OPENSTAX
a4dc570trig6	AUSENTE	-	NO	0	OPENSTAX
a4dc570trig7	AUSENTE	-	NO	0	OPENSTAX
a4dc570trig8	AUSENTE	-	NO	0	OPENSTAX
a4dc570trig9	AUSENTE	-	NO	0	OPENSTAX
a4dc64fsqroots11	RESOLUBLE	CC-BY-4.0	NO	0	OPENSTAX
a4dc64fsqroots12	RESOLUBLE	CC-BY-4.0	NO	0	OPENSTAX
a4dc64fsqroots13	RESOLUBLE	CC-BY-4.0	NO	0	OPENSTAX
a4dc64fsqroots14	RESOLUBLE	CC-BY-4.0	NO	0	OPENSTAX
a4dc64fsqroots15	RESOLUBLE	CC-BY-4.0	NO	0	OPENSTAX
a4dc64fsqroots16	RESOLUBLE	CC-BY-4.0	NO	0	OPENSTAX
a4dc64fsqroots17	RESOLUBLE	CC-BY-4.0	NO	0	OPENSTAX
a4dc64fsqroots18	RESOLUBLE	CC-BY-4.0	NO	0	OPENSTAX
a4dc64fsqroots19	RESOLUBLE	CC-BY-4.0	NO	0	OPENSTAX
a4dc64fsqroots20	RESOLUBLE	CC-BY-4.0	NO	0	OPENSTAX
a4dc64fsqroots21	RESOLUBLE	CC-BY-4.0	NO	0	OPENSTAX
a4dc64fsqroots22	RESOLUBLE	CC-BY-4.0	NO	0	OPENSTAX
a4dc64fsqroots23	RESOLUBLE	CC-BY-4.0	NO	0	OPENSTAX
a4dc64fsqroots24	RESOLUBLE	CC-BY-4.0	NO	0	OPENSTAX
a4dc64fsqroots25	RESOLUBLE	CC-BY-4.0	NO	0	OPENSTAX
a4dc64fsqroots26	RESOLUBLE	CC-BY-4.0	NO	0	OPENSTAX
a4dc64fsqroots27	RESOLUBLE	CC-BY-4.0	NO	0	OPENSTAX
a4dc64fsqroots28	RESOLUBLE	CC-BY-4.0	NO	0	OPENSTAX
a4dc64fsqroots29	RESOLUBLE	CC-BY-4.0	NO	0	OPENSTAX
a4dc64fsqroots30	RESOLUBLE	CC-BY-4.0	NO	0	OPENSTAX
a4dc64fsquareroots15	RESOLUBLE	CC-BY-4.0	NO	0	OPENSTAX
a4dc64fsquareroots16	RESOLUBLE	CC-BY-4.0	NO	0	OPENSTAX
a4dc64fsquareroots17	RESOLUBLE	CC-BY-4.0	NO	0	OPENSTAX
a4dc64fsquareroots18	RESOLUBLE	CC-BY-4.0	NO	0	OPENSTAX
a4dc64fsquareroots19	RESOLUBLE	CC-BY-4.0	NO	0	OPENSTAX
a4dc64fsquareroots20	RESOLUBLE	CC-BY-4.0	NO	0	OPENSTAX
a4dc64fsquareroots21	RESOLUBLE	CC-BY-4.0	NO	0	OPENSTAX
a4dc64fsquareroots22	RESOLUBLE	CC-BY-4.0	NO	0	OPENSTAX
a4dc64fsquareroots23	RESOLUBLE	CC-BY-4.0	NO	0	OPENSTAX
a4dc64fsquareroots24	RESOLUBLE	CC-BY-4.0	NO	0	OPENSTAX
a4dc64fsquareroots25	RESOLUBLE	CC-BY-4.0	NO	0	OPENSTAX
a4dc64fsquareroots26	RESOLUBLE	CC-BY-4.0	NO	0	OPENSTAX
a4dc64fsquareroots27	RESOLUBLE	CC-BY-4.0	NO	0	OPENSTAX
a4dc64fsquareroots28	RESOLUBLE	CC-BY-4.0	NO	0	OPENSTAX
a4dc64fsquareroots29	RESOLUBLE	CC-BY-4.0	NO	0	OPENSTAX
a4dc64fsquareroots30	RESOLUBLE	CC-BY-4.0	NO	0	OPENSTAX
a4e19abfacts1	RESOLUBLE	CC-BY-4.0	NO	0	OPENSTAX
a4e19abfacts10	RESOLUBLE	CC-BY-4.0	NO	0	OPENSTAX
a4e19abfacts11	RESOLUBLE	CC-BY-4.0	NO	0	OPENSTAX
a4e19abfacts12	RESOLUBLE	CC-BY-4.0	NO	0	OPENSTAX
a4e19abfacts13	RESOLUBLE	CC-BY-4.0	NO	0	OPENSTAX
a4e19abfacts14	RESOLUBLE	CC-BY-4.0	NO	0	OPENSTAX
a4e19abfacts15	RESOLUBLE	CC-BY-4.0	NO	0	OPENSTAX
a4e19abfacts16	RESOLUBLE	CC-BY-4.0	NO	0	OPENSTAX
a4e19abfacts2	RESOLUBLE	CC-BY-4.0	NO	0	OPENSTAX
a4e19abfacts3	RESOLUBLE	CC-BY-4.0	NO	0	OPENSTAX
a4e19abfacts4	RESOLUBLE	CC-BY-4.0	NO	0	OPENSTAX
a4e19abfacts5	RESOLUBLE	CC-BY-4.0	NO	0	OPENSTAX
a4e19abfacts6	RESOLUBLE	CC-BY-4.0	NO	0	OPENSTAX
a4e19abfacts7	RESOLUBLE	CC-BY-4.0	NO	0	OPENSTAX
a4e19abfacts8	RESOLUBLE	CC-BY-4.0	NO	0	OPENSTAX
a4e19abfacts9	RESOLUBLE	CC-BY-4.0	SI	1	OPENSTAX
a4edf7dEquation1	RESOLUBLE	CC-BY-4.0	NO	0	OPENSTAX
a4edf7dEquation10	RESOLUBLE	CC-BY-4.0	NO	0	OPENSTAX
a4edf7dEquation11	RESOLUBLE	CC-BY-4.0	NO	0	OPENSTAX
a4edf7dEquation12	RESOLUBLE	CC-BY-4.0	NO	0	OPENSTAX
a4edf7dEquation13	RESOLUBLE	CC-BY-4.0	NO	0	OPENSTAX
a4edf7dEquation14	RESOLUBLE	CC-BY-4.0	NO	0	OPENSTAX
a4edf7dEquation15	RESOLUBLE	CC-BY-4.0	NO	0	OPENSTAX
a4edf7dEquation16	RESOLUBLE	CC-BY-4.0	NO	0	OPENSTAX
a4edf7dEquation17	RESOLUBLE	CC-BY-4.0	NO	0	OPENSTAX
a4edf7dEquation18	RESOLUBLE	CC-BY-4.0	NO	0	OPENSTAX
a4edf7dEquation19	RESOLUBLE	CC-BY-4.0	NO	0	OPENSTAX
a4edf7dEquation2	RESOLUBLE	CC-BY-4.0	NO	0	OPENSTAX
a4edf7dEquation20	RESOLUBLE	CC-BY-4.0	NO	0	OPENSTAX
a4edf7dEquation21	RESOLUBLE	CC-BY-4.0	NO	0	OPENSTAX
a4edf7dEquation22	RESOLUBLE	CC-BY-4.0	NO	0	OPENSTAX
a4edf7dEquation23	RESOLUBLE	CC-BY-4.0	NO	0	OPENSTAX
a4edf7dEquation24	RESOLUBLE	CC-BY-4.0	NO	0	OPENSTAX
a4edf7dEquation25	RESOLUBLE	CC-BY-4.0	NO	0	OPENSTAX
a4edf7dEquation26	RESOLUBLE	CC-BY-4.0	NO	0	OPENSTAX
a4edf7dEquation27	RESOLUBLE	CC-BY-4.0	NO	0	OPENSTAX
a4edf7dEquation28	RESOLUBLE	CC-BY-4.0	NO	0	OPENSTAX
a4edf7dEquation29	RESOLUBLE	CC-BY-4.0	NO	0	OPENSTAX
a4edf7dEquation3	RESOLUBLE	CC-BY-4.0	NO	0	OPENSTAX
a4edf7dEquation30	RESOLUBLE	CC-BY-4.0	NO	0	OPENSTAX
a4edf7dEquation4	RESOLUBLE	CC-BY-4.0	NO	0	OPENSTAX
a4edf7dEquation5	RESOLUBLE	CC-BY-4.0	NO	0	OPENSTAX
a4edf7dEquation6	RESOLUBLE	CC-BY-4.0	NO	0	OPENSTAX
a4edf7dEquation7	RESOLUBLE	CC-BY-4.0	NO	0	OPENSTAX
a4edf7dEquation8	RESOLUBLE	CC-BY-4.0	NO	0	OPENSTAX
a4edf7dEquation9	RESOLUBLE	CC-BY-4.0	NO	0	OPENSTAX
a4f52d1probability1	RESOLUBLE	CC-BY-4.0	NO	0	OPENSTAX
a4f52d1probability10	RESOLUBLE	CC-BY-4.0	NO	0	OPENSTAX
a4f52d1probability11	RESOLUBLE	CC-BY-4.0	NO	0	OPENSTAX
a4f52d1probability12	RESOLUBLE	CC-BY-4.0	NO	0	OPENSTAX
a4f52d1probability13	RESOLUBLE	CC-BY-4.0	NO	0	OPENSTAX
a4f52d1probability14	RESOLUBLE	CC-BY-4.0	NO	0	OPENSTAX
a4f52d1probability15	RESOLUBLE	CC-BY-4.0	NO	0	OPENSTAX
a4f52d1probability16	RESOLUBLE	CC-BY-4.0	NO	0	OPENSTAX
a4f52d1probability17	RESOLUBLE	CC-BY-4.0	NO	0	OPENSTAX
a4f52d1probability18	RESOLUBLE	CC-BY-4.0	NO	0	OPENSTAX
a4f52d1probability19	RESOLUBLE	CC-BY-4.0	NO	0	OPENSTAX
a4f52d1probability2	RESOLUBLE	CC-BY-4.0	NO	0	OPENSTAX
a4f52d1probability20	RESOLUBLE	CC-BY-4.0	NO	0	OPENSTAX
a4f52d1probability21	RESOLUBLE	CC-BY-4.0	NO	0	OPENSTAX
a4f52d1probability22	RESOLUBLE	CC-BY-4.0	NO	0	OPENSTAX
a4f52d1probability23	RESOLUBLE	CC-BY-4.0	NO	0	OPENSTAX
a4f52d1probability24	RESOLUBLE	CC-BY-4.0	NO	0	OPENSTAX
a4f52d1probability25	RESOLUBLE	CC-BY-4.0	NO	0	OPENSTAX
a4f52d1probability26	RESOLUBLE	CC-BY-4.0	NO	0	OPENSTAX
a4f52d1probability27	RESOLUBLE	CC-BY-4.0	NO	0	OPENSTAX
a4f52d1probability28	RESOLUBLE	CC-BY-4.0	NO	0	OPENSTAX
a4f52d1probability29	RESOLUBLE	CC-BY-4.0	NO	0	OPENSTAX
a4f52d1probability3	RESOLUBLE	CC-BY-4.0	NO	0	OPENSTAX
a4f52d1probability30	RESOLUBLE	CC-BY-4.0	NO	0	OPENSTAX
a4f52d1probability4	RESOLUBLE	CC-BY-4.0	NO	0	OPENSTAX
a4f52d1probability5	RESOLUBLE	CC-BY-4.0	NO	0	OPENSTAX
a4f52d1probability6	RESOLUBLE	CC-BY-4.0	NO	0	OPENSTAX
a4f52d1probability7	RESOLUBLE	CC-BY-4.0	NO	0	OPENSTAX
a4f52d1probability8	RESOLUBLE	CC-BY-4.0	NO	0	OPENSTAX
a4f52d1probability9	RESOLUBLE	CC-BY-4.0	NO	0	OPENSTAX
a502645sqroot1	AUSENTE	-	NO	0	OPENSTAX
a502645sqroot10	AUSENTE	-	NO	0	OPENSTAX
a502645sqroot11	AUSENTE	-	NO	0	OPENSTAX
a502645sqroot12	AUSENTE	-	NO	0	OPENSTAX
a502645sqroot13	AUSENTE	-	NO	0	OPENSTAX
a502645sqroot14	AUSENTE	-	NO	0	OPENSTAX
a502645sqroot15	AUSENTE	-	NO	0	OPENSTAX
a502645sqroot16	AUSENTE	-	NO	0	OPENSTAX
a502645sqroot2	AUSENTE	-	NO	0	OPENSTAX
a502645sqroot3	AUSENTE	-	NO	0	OPENSTAX
a502645sqroot4	AUSENTE	-	NO	0	OPENSTAX
a502645sqroot5	AUSENTE	-	NO	0	OPENSTAX
a502645sqroot6	AUSENTE	-	NO	0	OPENSTAX
a502645sqroot7	AUSENTE	-	NO	0	OPENSTAX
a502645sqroot8	AUSENTE	-	NO	0	OPENSTAX
a502645sqroot9	AUSENTE	-	NO	0	OPENSTAX
a507f9eFraction1	RESOLUBLE	CC-BY-4.0	NO	0	OPENSTAX
a507f9eFraction2	RESOLUBLE	CC-BY-4.0	NO	0	OPENSTAX
a507f9eFraction3	RESOLUBLE	CC-BY-4.0	NO	0	OPENSTAX
a507f9elang1	RESOLUBLE	CC-BY-4.0	NO	0	OPENSTAX
a507f9elang2	RESOLUBLE	CC-BY-4.0	NO	0	OPENSTAX
a507f9elang3	RESOLUBLE	CC-BY-4.0	NO	0	OPENSTAX
a50bb85hypo1	RESOLUBLE	CC-BY-4.0	NO	0	OPENSTAX
a50bb85hypo2	RESOLUBLE	CC-BY-4.0	NO	0	OPENSTAX
a50bb85hypo3	RESOLUBLE	CC-BY-4.0	NO	0	OPENSTAX
a50bb85hypo4	RESOLUBLE	CC-BY-4.0	NO	0	OPENSTAX
a50bb85hypo5	RESOLUBLE	CC-BY-4.0	NO	0	OPENSTAX
a50bb85hypo6	RESOLUBLE	CC-BY-4.0	NO	0	OPENSTAX
a512f5aexplog1	RESOLUBLE	CC-BY-4.0	NO	0	OPENSTAX
a512f5aexplog10	RESOLUBLE	CC-BY-4.0	NO	0	OPENSTAX
a512f5aexplog11	RESOLUBLE	CC-BY-4.0	NO	0	OPENSTAX
a512f5aexplog12	RESOLUBLE	CC-BY-4.0	NO	0	OPENSTAX
a512f5aexplog13	RESOLUBLE	CC-BY-4.0	NO	0	OPENSTAX
a512f5aexplog14	RESOLUBLE	CC-BY-4.0	NO	0	OPENSTAX
a512f5aexplog15	RESOLUBLE	CC-BY-4.0	NO	0	OPENSTAX
a512f5aexplog16	RESOLUBLE	CC-BY-4.0	NO	0	OPENSTAX
a512f5aexplog17	RESOLUBLE	CC-BY-4.0	NO	0	OPENSTAX
a512f5aexplog18	RESOLUBLE	CC-BY-4.0	NO	0	OPENSTAX
a512f5aexplog19	RESOLUBLE	CC-BY-4.0	NO	0	OPENSTAX
a512f5aexplog2	RESOLUBLE	CC-BY-4.0	NO	0	OPENSTAX
a512f5aexplog20	RESOLUBLE	CC-BY-4.0	NO	0	OPENSTAX
a512f5aexplog21	RESOLUBLE	CC-BY-4.0	NO	0	OPENSTAX
a512f5aexplog22	RESOLUBLE	CC-BY-4.0	SI	1	OPENSTAX
a512f5aexplog23	RESOLUBLE	CC-BY-4.0	NO	0	OPENSTAX
a512f5aexplog24	RESOLUBLE	CC-BY-4.0	NO	0	OPENSTAX
a512f5aexplog25	RESOLUBLE	CC-BY-4.0	NO	0	OPENSTAX
a512f5aexplog26	RESOLUBLE	CC-BY-4.0	NO	0	OPENSTAX
a512f5aexplog3	RESOLUBLE	CC-BY-4.0	NO	0	OPENSTAX
a512f5aexplog4	RESOLUBLE	CC-BY-4.0	NO	0	OPENSTAX
a512f5aexplog5	RESOLUBLE	CC-BY-4.0	NO	0	OPENSTAX
a512f5aexplog6	RESOLUBLE	CC-BY-4.0	NO	0	OPENSTAX
a512f5aexplog7	RESOLUBLE	CC-BY-4.0	NO	0	OPENSTAX
a512f5aexplog8	RESOLUBLE	CC-BY-4.0	NO	0	OPENSTAX
a512f5aexplog9	RESOLUBLE	CC-BY-4.0	NO	0	OPENSTAX
a518506partialfractions1	RESOLUBLE	CC-BY-4.0	NO	0	OPENSTAX
a518506partialfractions10	RESOLUBLE	CC-BY-4.0	NO	0	OPENSTAX
a518506partialfractions11	RESOLUBLE	CC-BY-4.0	NO	0	OPENSTAX
a518506partialfractions12	RESOLUBLE	CC-BY-4.0	NO	0	OPENSTAX
a518506partialfractions13	RESOLUBLE	CC-BY-4.0	NO	0	OPENSTAX
a518506partialfractions14	RESOLUBLE	CC-BY-4.0	NO	0	OPENSTAX
a518506partialfractions15	RESOLUBLE	CC-BY-4.0	NO	0	OPENSTAX
a518506partialfractions16	RESOLUBLE	CC-BY-4.0	NO	0	OPENSTAX
a518506partialfractions17	RESOLUBLE	CC-BY-4.0	NO	0	OPENSTAX
a518506partialfractions18	RESOLUBLE	CC-BY-4.0	NO	0	OPENSTAX
a518506partialfractions19	RESOLUBLE	CC-BY-4.0	NO	0	OPENSTAX
a518506partialfractions2	RESOLUBLE	CC-BY-4.0	NO	0	OPENSTAX
a518506partialfractions20	RESOLUBLE	CC-BY-4.0	NO	0	OPENSTAX
a518506partialfractions3	RESOLUBLE	CC-BY-4.0	NO	0	OPENSTAX
a518506partialfractions4	RESOLUBLE	CC-BY-4.0	NO	0	OPENSTAX
a518506partialfractions5	RESOLUBLE	CC-BY-4.0	NO	0	OPENSTAX
a518506partialfractions6	RESOLUBLE	CC-BY-4.0	NO	0	OPENSTAX
a518506partialfractions7	RESOLUBLE	CC-BY-4.0	NO	0	OPENSTAX
a518506partialfractions8	RESOLUBLE	CC-BY-4.0	NO	0	OPENSTAX
a518506partialfractions9	RESOLUBLE	CC-BY-4.0	NO	0	OPENSTAX
a524aa3PreciseLim1	AUSENTE	-	NO	0	OPENSTAX
a524aa3PreciseLim10	AUSENTE	-	SI	1	OPENSTAX
a524aa3PreciseLim11	AUSENTE	-	NO	0	OPENSTAX
a524aa3PreciseLim12	AUSENTE	-	NO	0	OPENSTAX
a524aa3PreciseLim13	AUSENTE	-	NO	0	OPENSTAX
a524aa3PreciseLim14	AUSENTE	-	NO	0	OPENSTAX
a524aa3PreciseLim15	AUSENTE	-	NO	0	OPENSTAX
a524aa3PreciseLim16	AUSENTE	-	NO	0	OPENSTAX
a524aa3PreciseLim17	AUSENTE	-	NO	0	OPENSTAX
a524aa3PreciseLim18	AUSENTE	-	NO	0	OPENSTAX
a524aa3PreciseLim19	AUSENTE	-	NO	0	OPENSTAX
a524aa3PreciseLim2	AUSENTE	-	NO	0	OPENSTAX
a524aa3PreciseLim20	AUSENTE	-	NO	0	OPENSTAX
a524aa3PreciseLim21	AUSENTE	-	NO	0	OPENSTAX
a524aa3PreciseLim22	AUSENTE	-	NO	0	OPENSTAX
a524aa3PreciseLim23	AUSENTE	-	NO	0	OPENSTAX
a524aa3PreciseLim24	AUSENTE	-	NO	0	OPENSTAX
a524aa3PreciseLim25	AUSENTE	-	NO	0	OPENSTAX
a524aa3PreciseLim3	AUSENTE	-	NO	0	OPENSTAX
a524aa3PreciseLim4	AUSENTE	-	NO	0	OPENSTAX
a524aa3PreciseLim5	AUSENTE	-	SI	1	OPENSTAX
a524aa3PreciseLim6	AUSENTE	-	SI	1	OPENSTAX
a524aa3PreciseLim7	AUSENTE	-	SI	1	OPENSTAX
a524aa3PreciseLim8	AUSENTE	-	SI	1	OPENSTAX
a524aa3PreciseLim9	AUSENTE	-	SI	1	OPENSTAX
a526a0cintegration1	AUSENTE	-	NO	0	OPENSTAX
a526a0cintegration10	AUSENTE	-	NO	0	OPENSTAX
a526a0cintegration11	AUSENTE	-	NO	0	OPENSTAX
a526a0cintegration12	AUSENTE	-	NO	0	OPENSTAX
a526a0cintegration13	AUSENTE	-	NO	0	OPENSTAX
a526a0cintegration14	AUSENTE	-	NO	0	OPENSTAX
a526a0cintegration15	AUSENTE	-	NO	0	OPENSTAX
a526a0cintegration16	AUSENTE	-	SI	1	OPENSTAX
a526a0cintegration22	AUSENTE	-	SI	1	OPENSTAX
a526a0cintegration5	AUSENTE	-	NO	0	OPENSTAX
a526a0cintegration6	AUSENTE	-	SI	1	OPENSTAX
a526a0cintegration7	AUSENTE	-	NO	0	OPENSTAX
a526a0cintegration8	AUSENTE	-	NO	0	OPENSTAX
a526a0cintegration9	AUSENTE	-	NO	0	OPENSTAX
a5276b3treeandvenn16	RESOLUBLE	CC-BY-4.0	NO	0	OPENSTAX
a5276b3treeandvenn21	RESOLUBLE	CC-BY-4.0	NO	0	OPENSTAX
a5276b3treeandvenn25	RESOLUBLE	CC-BY-4.0	NO	0	OPENSTAX
a5340a6foil1	AUSENTE	-	NO	0	OPENSTAX
a5340a6foil10	AUSENTE	-	NO	0	OPENSTAX
a5340a6foil11	AUSENTE	-	NO	0	OPENSTAX
a5340a6foil12	AUSENTE	-	NO	0	OPENSTAX
a5340a6foil13	AUSENTE	-	NO	0	OPENSTAX
a5340a6foil14	AUSENTE	-	NO	0	OPENSTAX
a5340a6foil15	AUSENTE	-	NO	0	OPENSTAX
a5340a6foil16	AUSENTE	-	NO	0	OPENSTAX
a5340a6foil2	AUSENTE	-	NO	0	OPENSTAX
a5340a6foil3	AUSENTE	-	NO	0	OPENSTAX
a5340a6foil4	AUSENTE	-	NO	0	OPENSTAX
a5340a6foil5	AUSENTE	-	NO	0	OPENSTAX
a5340a6foil6	AUSENTE	-	NO	0	OPENSTAX
a5340a6foil7	AUSENTE	-	NO	0	OPENSTAX
a5340a6foil8	AUSENTE	-	NO	0	OPENSTAX
a5340a6foil9	AUSENTE	-	NO	0	OPENSTAX
a536a53Uni1	RESOLUBLE	CC-BY-4.0	NO	0	OPENSTAX
a536a53Uni10	RESOLUBLE	CC-BY-4.0	NO	0	OPENSTAX
a536a53Uni11	RESOLUBLE	CC-BY-4.0	NO	0	OPENSTAX
a536a53Uni12	RESOLUBLE	CC-BY-4.0	NO	0	OPENSTAX
a536a53Uni13	RESOLUBLE	CC-BY-4.0	NO	0	OPENSTAX
a536a53Uni14	RESOLUBLE	CC-BY-4.0	NO	0	OPENSTAX
a536a53Uni15	RESOLUBLE	CC-BY-4.0	NO	0	OPENSTAX
a536a53Uni16	RESOLUBLE	CC-BY-4.0	NO	0	OPENSTAX
a536a53Uni17	RESOLUBLE	CC-BY-4.0	NO	0	OPENSTAX
a536a53Uni18	RESOLUBLE	CC-BY-4.0	NO	0	OPENSTAX
a536a53Uni19	RESOLUBLE	CC-BY-4.0	NO	0	OPENSTAX
a536a53Uni2	RESOLUBLE	CC-BY-4.0	NO	0	OPENSTAX
a536a53Uni20	RESOLUBLE	CC-BY-4.0	NO	0	OPENSTAX
a536a53Uni3	RESOLUBLE	CC-BY-4.0	NO	0	OPENSTAX
a536a53Uni4	RESOLUBLE	CC-BY-4.0	NO	0	OPENSTAX
a536a53Uni5	RESOLUBLE	CC-BY-4.0	NO	0	OPENSTAX
a536a53Uni6	RESOLUBLE	CC-BY-4.0	NO	0	OPENSTAX
a536a53Uni7	RESOLUBLE	CC-BY-4.0	NO	0	OPENSTAX
a536a53Uni8	RESOLUBLE	CC-BY-4.0	NO	0	OPENSTAX
a536a53Uni9	RESOLUBLE	CC-BY-4.0	NO	0	OPENSTAX
a53b893whole1	RESOLUBLE	CC-BY-4.0	NO	0	OPENSTAX
a53b893whole10	RESOLUBLE	CC-BY-4.0	NO	0	OPENSTAX
a53b893whole11	RESOLUBLE	CC-BY-4.0	NO	0	OPENSTAX
a53b893whole12	RESOLUBLE	CC-BY-4.0	NO	0	OPENSTAX
a53b893whole13	RESOLUBLE	CC-BY-4.0	SI	4	OPENSTAX
a53b893whole14	RESOLUBLE	CC-BY-4.0	NO	0	OPENSTAX
a53b893whole15	RESOLUBLE	CC-BY-4.0	NO	0	OPENSTAX
a53b893whole16	RESOLUBLE	CC-BY-4.0	NO	0	OPENSTAX
a53b893whole17	RESOLUBLE	CC-BY-4.0	NO	0	OPENSTAX
a53b893whole18	RESOLUBLE	CC-BY-4.0	NO	0	OPENSTAX
a53b893whole19	RESOLUBLE	CC-BY-4.0	NO	0	OPENSTAX
a53b893whole2	RESOLUBLE	CC-BY-4.0	NO	0	OPENSTAX
a53b893whole20	RESOLUBLE	CC-BY-4.0	SI	4	OPENSTAX
a53b893whole21	RESOLUBLE	CC-BY-4.0	SI	4	OPENSTAX
a53b893whole22	RESOLUBLE	CC-BY-4.0	NO	0	OPENSTAX
a53b893whole23	RESOLUBLE	CC-BY-4.0	NO	0	OPENSTAX
a53b893whole24	RESOLUBLE	CC-BY-4.0	NO	0	OPENSTAX
a53b893whole25	RESOLUBLE	CC-BY-4.0	NO	0	OPENSTAX
a53b893whole26	RESOLUBLE	CC-BY-4.0	NO	0	OPENSTAX
a53b893whole27	RESOLUBLE	CC-BY-4.0	NO	0	OPENSTAX
a53b893whole28	RESOLUBLE	CC-BY-4.0	NO	0	OPENSTAX
a53b893whole29	RESOLUBLE	CC-BY-4.0	NO	0	OPENSTAX
a53b893whole3	RESOLUBLE	CC-BY-4.0	NO	0	OPENSTAX
a53b893whole30	RESOLUBLE	CC-BY-4.0	NO	0	OPENSTAX
a53b893whole4	RESOLUBLE	CC-BY-4.0	NO	0	OPENSTAX
a53b893whole5	RESOLUBLE	CC-BY-4.0	NO	0	OPENSTAX
a53b893whole6	RESOLUBLE	CC-BY-4.0	NO	0	OPENSTAX
a53b893whole7	RESOLUBLE	CC-BY-4.0	NO	0	OPENSTAX
a53b893whole8	RESOLUBLE	CC-BY-4.0	NO	0	OPENSTAX
a53b893whole9	RESOLUBLE	CC-BY-4.0	NO	0	OPENSTAX
a54f58cgraphineq1	RESOLUBLE	CC-BY-4.0	SI	2	OPENSTAX
a54f58cgraphineq10	RESOLUBLE	CC-BY-4.0	SI	3	OPENSTAX
a54f58cgraphineq11	RESOLUBLE	CC-BY-4.0	SI	3	OPENSTAX
a54f58cgraphineq12	RESOLUBLE	CC-BY-4.0	SI	3	OPENSTAX
a54f58cgraphineq13	RESOLUBLE	CC-BY-4.0	NO	0	OPENSTAX
a54f58cgraphineq14	RESOLUBLE	CC-BY-4.0	NO	0	OPENSTAX
a54f58cgraphineq15	RESOLUBLE	CC-BY-4.0	NO	0	OPENSTAX
a54f58cgraphineq16	RESOLUBLE	CC-BY-4.0	NO	0	OPENSTAX
a54f58cgraphineq17	RESOLUBLE	CC-BY-4.0	NO	0	OPENSTAX
a54f58cgraphineq18	RESOLUBLE	CC-BY-4.0	NO	0	OPENSTAX
a54f58cgraphineq19	RESOLUBLE	CC-BY-4.0	NO	0	OPENSTAX
a54f58cgraphineq2	RESOLUBLE	CC-BY-4.0	NO	0	OPENSTAX
a54f58cgraphineq20	RESOLUBLE	CC-BY-4.0	NO	0	OPENSTAX
a54f58cgraphineq21	RESOLUBLE	CC-BY-4.0	NO	0	OPENSTAX
a54f58cgraphineq22	RESOLUBLE	CC-BY-4.0	NO	0	OPENSTAX
a54f58cgraphineq23	RESOLUBLE	CC-BY-4.0	NO	0	OPENSTAX
a54f58cgraphineq24	RESOLUBLE	CC-BY-4.0	NO	0	OPENSTAX
a54f58cgraphineq25	RESOLUBLE	CC-BY-4.0	NO	0	OPENSTAX
a54f58cgraphineq26	RESOLUBLE	CC-BY-4.0	NO	0	OPENSTAX
a54f58cgraphineq27	RESOLUBLE	CC-BY-4.0	NO	0	OPENSTAX
a54f58cgraphineq3	RESOLUBLE	CC-BY-4.0	NO	0	OPENSTAX
a54f58cgraphineq4	RESOLUBLE	CC-BY-4.0	SI	3	OPENSTAX
a54f58cgraphineq5	RESOLUBLE	CC-BY-4.0	SI	3	OPENSTAX
a54f58cgraphineq6	RESOLUBLE	CC-BY-4.0	SI	3	OPENSTAX
a54f58cgraphineq7	RESOLUBLE	CC-BY-4.0	SI	3	OPENSTAX
a54f58cgraphineq8	RESOLUBLE	CC-BY-4.0	SI	3	OPENSTAX
a54f58cgraphineq9	RESOLUBLE	CC-BY-4.0	SI	3	OPENSTAX
a5676cbreal1	RESOLUBLE	CC-BY-4.0	NO	0	OPENSTAX
a5676cbreal13	RESOLUBLE	CC-BY-4.0	NO	0	OPENSTAX
a5676cbreal14	RESOLUBLE	CC-BY-4.0	NO	0	OPENSTAX
a5676cbreal15	RESOLUBLE	CC-BY-4.0	NO	0	OPENSTAX
a5676cbreal17	RESOLUBLE	CC-BY-4.0	NO	0	OPENSTAX
a5676cbreal18	RESOLUBLE	CC-BY-4.0	NO	0	OPENSTAX
a5676cbreal19	RESOLUBLE	CC-BY-4.0	NO	0	OPENSTAX
a5676cbreal2	RESOLUBLE	CC-BY-4.0	NO	0	OPENSTAX
a5676cbreal20	RESOLUBLE	CC-BY-4.0	NO	0	OPENSTAX
a5676cbreal21	RESOLUBLE	CC-BY-4.0	NO	0	OPENSTAX
a5676cbreal22	RESOLUBLE	CC-BY-4.0	NO	0	OPENSTAX
a5676cbreal23	RESOLUBLE	CC-BY-4.0	NO	0	OPENSTAX
a5676cbreal4	RESOLUBLE	CC-BY-4.0	NO	0	OPENSTAX
a5676cbreal7	RESOLUBLE	CC-BY-4.0	NO	0	OPENSTAX
a5676cbreal9	RESOLUBLE	CC-BY-4.0	NO	0	OPENSTAX
a56bd16newtonapps1	AUSENTE	-	NO	0	OPENSTAX
a56bd16newtonapps10	AUSENTE	-	NO	0	OPENSTAX
a56bd16newtonapps11	AUSENTE	-	NO	0	OPENSTAX
a56bd16newtonapps12	AUSENTE	-	NO	0	OPENSTAX
a56bd16newtonapps13	AUSENTE	-	NO	0	OPENSTAX
a56bd16newtonapps14	AUSENTE	-	NO	0	OPENSTAX
a56bd16newtonapps15	AUSENTE	-	NO	0	OPENSTAX
a56bd16newtonapps16	AUSENTE	-	NO	0	OPENSTAX
a56bd16newtonapps17	AUSENTE	-	NO	0	OPENSTAX
a56bd16newtonapps18	AUSENTE	-	NO	0	OPENSTAX
a56bd16newtonapps19	AUSENTE	-	NO	0	OPENSTAX
a56bd16newtonapps2	AUSENTE	-	NO	0	OPENSTAX
a56bd16newtonapps20	AUSENTE	-	NO	0	OPENSTAX
a56bd16newtonapps21	AUSENTE	-	NO	0	OPENSTAX
a56bd16newtonapps22	AUSENTE	-	NO	0	OPENSTAX
a56bd16newtonapps23	AUSENTE	-	NO	0	OPENSTAX
a56bd16newtonapps24	AUSENTE	-	NO	0	OPENSTAX
a56bd16newtonapps25	AUSENTE	-	NO	0	OPENSTAX
a56bd16newtonapps26	AUSENTE	-	NO	0	OPENSTAX
a56bd16newtonapps3	AUSENTE	-	NO	0	OPENSTAX
a56bd16newtonapps4	AUSENTE	-	NO	0	OPENSTAX
a56bd16newtonapps5	AUSENTE	-	NO	0	OPENSTAX
a56bd16newtonapps6	AUSENTE	-	NO	0	OPENSTAX
a56bd16newtonapps7	AUSENTE	-	NO	0	OPENSTAX
a56bd16newtonapps8	AUSENTE	-	NO	0	OPENSTAX
a56bd16newtonapps9	AUSENTE	-	NO	0	OPENSTAX
a57cb5ccenter1	RESOLUBLE	CC-BY-4.0	NO	0	OPENSTAX
a57cb5ccenter10	RESOLUBLE	CC-BY-4.0	SI	1	OPENSTAX
a57cb5ccenter11	RESOLUBLE	CC-BY-4.0	SI	1	OPENSTAX
a57cb5ccenter12	RESOLUBLE	CC-BY-4.0	SI	1	OPENSTAX
a57cb5ccenter13	RESOLUBLE	CC-BY-4.0	NO	0	OPENSTAX
a57cb5ccenter14	RESOLUBLE	CC-BY-4.0	NO	0	OPENSTAX
a57cb5ccenter15	RESOLUBLE	CC-BY-4.0	NO	0	OPENSTAX
a57cb5ccenter16	RESOLUBLE	CC-BY-4.0	NO	0	OPENSTAX
a57cb5ccenter17	RESOLUBLE	CC-BY-4.0	NO	0	OPENSTAX
a57cb5ccenter18	RESOLUBLE	CC-BY-4.0	NO	0	OPENSTAX
a57cb5ccenter19	RESOLUBLE	CC-BY-4.0	SI	1	OPENSTAX
a57cb5ccenter2	RESOLUBLE	CC-BY-4.0	NO	0	OPENSTAX
a57cb5ccenter20	RESOLUBLE	CC-BY-4.0	SI	1	OPENSTAX
a57cb5ccenter3	RESOLUBLE	CC-BY-4.0	NO	0	OPENSTAX
a57cb5ccenter4	RESOLUBLE	CC-BY-4.0	NO	0	OPENSTAX
a57cb5ccenter5	RESOLUBLE	CC-BY-4.0	NO	0	OPENSTAX
a57cb5ccenter6	RESOLUBLE	CC-BY-4.0	NO	0	OPENSTAX
a57cb5ccenter7	RESOLUBLE	CC-BY-4.0	NO	0	OPENSTAX
a57cb5ccenter8	RESOLUBLE	CC-BY-4.0	SI	1	OPENSTAX
a57cb5ccenter9	RESOLUBLE	CC-BY-4.0	SI	1	OPENSTAX
a57f999ser1	RESOLUBLE	CC-BY-4.0	NO	0	OPENSTAX
a57f999ser10	RESOLUBLE	CC-BY-4.0	SI	1	OPENSTAX
a57f999ser11	RESOLUBLE	CC-BY-4.0	NO	0	OPENSTAX
a57f999ser12	RESOLUBLE	CC-BY-4.0	SI	1	OPENSTAX
a57f999ser13	RESOLUBLE	CC-BY-4.0	NO	0	OPENSTAX
a57f999ser14	RESOLUBLE	CC-BY-4.0	NO	0	OPENSTAX
a57f999ser15	RESOLUBLE	CC-BY-4.0	SI	1	OPENSTAX
a57f999ser16	RESOLUBLE	CC-BY-4.0	SI	1	OPENSTAX
a57f999ser17	RESOLUBLE	CC-BY-4.0	NO	0	OPENSTAX
a57f999ser18	RESOLUBLE	CC-BY-4.0	NO	0	OPENSTAX
a57f999ser19	RESOLUBLE	CC-BY-4.0	SI	1	OPENSTAX
a57f999ser2	RESOLUBLE	CC-BY-4.0	NO	0	OPENSTAX
a57f999ser20	RESOLUBLE	CC-BY-4.0	SI	1	OPENSTAX
a57f999ser21	RESOLUBLE	CC-BY-4.0	NO	0	OPENSTAX
a57f999ser22	RESOLUBLE	CC-BY-4.0	NO	0	OPENSTAX
a57f999ser23	RESOLUBLE	CC-BY-4.0	SI	1	OPENSTAX
a57f999ser24	RESOLUBLE	CC-BY-4.0	SI	1	OPENSTAX
a57f999ser25	RESOLUBLE	CC-BY-4.0	NO	0	OPENSTAX
a57f999ser26	RESOLUBLE	CC-BY-4.0	NO	0	OPENSTAX
a57f999ser27	RESOLUBLE	CC-BY-4.0	SI	1	OPENSTAX
a57f999ser28	RESOLUBLE	CC-BY-4.0	SI	1	OPENSTAX
a57f999ser29	RESOLUBLE	CC-BY-4.0	NO	0	OPENSTAX
a57f999ser3	RESOLUBLE	CC-BY-4.0	NO	0	OPENSTAX
a57f999ser30	RESOLUBLE	CC-BY-4.0	NO	0	OPENSTAX
a57f999ser4	RESOLUBLE	CC-BY-4.0	NO	0	OPENSTAX
a57f999ser5	RESOLUBLE	CC-BY-4.0	NO	0	OPENSTAX
a57f999ser6	RESOLUBLE	CC-BY-4.0	SI	1	OPENSTAX
a57f999ser7	RESOLUBLE	CC-BY-4.0	NO	0	OPENSTAX
a57f999ser8	RESOLUBLE	CC-BY-4.0	NO	0	OPENSTAX
a57f999ser9	RESOLUBLE	CC-BY-4.0	NO	0	OPENSTAX
a583c4cprobbasic1	RESOLUBLE	CC-BY-4.0	NO	0	OPENSTAX
a583c4cprobbasic10	RESOLUBLE	CC-BY-4.0	NO	0	OPENSTAX
a583c4cprobbasic11	RESOLUBLE	CC-BY-4.0	NO	0	OPENSTAX
a583c4cprobbasic12	RESOLUBLE	CC-BY-4.0	NO	0	OPENSTAX
a583c4cprobbasic13	RESOLUBLE	CC-BY-4.0	NO	0	OPENSTAX
a583c4cprobbasic14	RESOLUBLE	CC-BY-4.0	NO	0	OPENSTAX
a583c4cprobbasic15	RESOLUBLE	CC-BY-4.0	NO	0	OPENSTAX
a583c4cprobbasic16	RESOLUBLE	CC-BY-4.0	NO	0	OPENSTAX
a583c4cprobbasic17	RESOLUBLE	CC-BY-4.0	NO	0	OPENSTAX
a583c4cprobbasic18	RESOLUBLE	CC-BY-4.0	NO	0	OPENSTAX
a583c4cprobbasic19	RESOLUBLE	CC-BY-4.0	NO	0	OPENSTAX
a583c4cprobbasic2	RESOLUBLE	CC-BY-4.0	NO	0	OPENSTAX
a583c4cprobbasic20	RESOLUBLE	CC-BY-4.0	NO	0	OPENSTAX
a583c4cprobbasic21	RESOLUBLE	CC-BY-4.0	NO	0	OPENSTAX
a583c4cprobbasic22	RESOLUBLE	CC-BY-4.0	NO	0	OPENSTAX
a583c4cprobbasic23	RESOLUBLE	CC-BY-4.0	NO	0	OPENSTAX
a583c4cprobbasic24	RESOLUBLE	CC-BY-4.0	NO	0	OPENSTAX
a583c4cprobbasic25	RESOLUBLE	CC-BY-4.0	NO	0	OPENSTAX
a583c4cprobbasic3	RESOLUBLE	CC-BY-4.0	NO	0	OPENSTAX
a583c4cprobbasic4	RESOLUBLE	CC-BY-4.0	NO	0	OPENSTAX
a583c4cprobbasic5	RESOLUBLE	CC-BY-4.0	NO	0	OPENSTAX
a583c4cprobbasic6	RESOLUBLE	CC-BY-4.0	NO	0	OPENSTAX
a583c4cprobbasic7	RESOLUBLE	CC-BY-4.0	NO	0	OPENSTAX
a583c4cprobbasic8	RESOLUBLE	CC-BY-4.0	NO	0	OPENSTAX
a583c4cprobbasic9	RESOLUBLE	CC-BY-4.0	NO	0	OPENSTAX
a58aac7box1	RESOLUBLE	CC-BY-4.0	SI	1	OPENSTAX
a58aac7box10	RESOLUBLE	CC-BY-4.0	SI	1	OPENSTAX
a58aac7box11	RESOLUBLE	CC-BY-4.0	SI	1	OPENSTAX
a58aac7box12	RESOLUBLE	CC-BY-4.0	SI	1	OPENSTAX
a58aac7box13	RESOLUBLE	CC-BY-4.0	SI	1	OPENSTAX
a58aac7box2	RESOLUBLE	CC-BY-4.0	SI	1	OPENSTAX
a58aac7box3	RESOLUBLE	CC-BY-4.0	SI	1	OPENSTAX
a58aac7box4	RESOLUBLE	CC-BY-4.0	SI	1	OPENSTAX
a58aac7box5	RESOLUBLE	CC-BY-4.0	SI	1	OPENSTAX
a58aac7box6	RESOLUBLE	CC-BY-4.0	SI	1	OPENSTAX
a58aac7box7	RESOLUBLE	CC-BY-4.0	SI	1	OPENSTAX
a58aac7box8	RESOLUBLE	CC-BY-4.0	SI	1	OPENSTAX
a58aac7box9	RESOLUBLE	CC-BY-4.0	SI	1	OPENSTAX
a590f38trigonometric1	AUSENTE	-	NO	0	OPENSTAX
a590f38trigonometric10	AUSENTE	-	NO	0	OPENSTAX
a590f38trigonometric11	AUSENTE	-	NO	0	OPENSTAX
a590f38trigonometric12	AUSENTE	-	NO	0	OPENSTAX
a590f38trigonometric13	AUSENTE	-	NO	0	OPENSTAX
a590f38trigonometric14	AUSENTE	-	NO	0	OPENSTAX
a590f38trigonometric15	AUSENTE	-	NO	0	OPENSTAX
a590f38trigonometric16	AUSENTE	-	NO	0	OPENSTAX
a590f38trigonometric17	AUSENTE	-	NO	0	OPENSTAX
a590f38trigonometric18	AUSENTE	-	NO	0	OPENSTAX
a590f38trigonometric19	AUSENTE	-	NO	0	OPENSTAX
a590f38trigonometric2	AUSENTE	-	NO	0	OPENSTAX
a590f38trigonometric20	AUSENTE	-	NO	0	OPENSTAX
a590f38trigonometric21	AUSENTE	-	NO	0	OPENSTAX
a590f38trigonometric22	AUSENTE	-	NO	0	OPENSTAX
a590f38trigonometric23	AUSENTE	-	NO	0	OPENSTAX
a590f38trigonometric24	AUSENTE	-	NO	0	OPENSTAX
a590f38trigonometric25	AUSENTE	-	NO	0	OPENSTAX
a590f38trigonometric26	AUSENTE	-	NO	0	OPENSTAX
a590f38trigonometric27	AUSENTE	-	NO	0	OPENSTAX
a590f38trigonometric28	AUSENTE	-	NO	0	OPENSTAX
a590f38trigonometric29	AUSENTE	-	NO	0	OPENSTAX
a590f38trigonometric3	AUSENTE	-	NO	0	OPENSTAX
a590f38trigonometric30	AUSENTE	-	NO	0	OPENSTAX
a590f38trigonometric31	AUSENTE	-	NO	0	OPENSTAX
a590f38trigonometric32	AUSENTE	-	NO	0	OPENSTAX
a590f38trigonometric33	AUSENTE	-	NO	0	OPENSTAX
a590f38trigonometric34	AUSENTE	-	NO	0	OPENSTAX
a590f38trigonometric35	AUSENTE	-	NO	0	OPENSTAX
a590f38trigonometric36	AUSENTE	-	NO	0	OPENSTAX
a590f38trigonometric37	AUSENTE	-	NO	0	OPENSTAX
a590f38trigonometric38	AUSENTE	-	NO	0	OPENSTAX
a590f38trigonometric39	AUSENTE	-	NO	0	OPENSTAX
a590f38trigonometric4	AUSENTE	-	NO	0	OPENSTAX
a590f38trigonometric40	AUSENTE	-	NO	0	OPENSTAX
a590f38trigonometric41	AUSENTE	-	NO	0	OPENSTAX
a590f38trigonometric42	AUSENTE	-	NO	0	OPENSTAX
a590f38trigonometric43	AUSENTE	-	NO	0	OPENSTAX
a590f38trigonometric44	AUSENTE	-	NO	0	OPENSTAX
a590f38trigonometric45	AUSENTE	-	NO	0	OPENSTAX
a590f38trigonometric47	AUSENTE	-	NO	0	OPENSTAX
a590f38trigonometric48	AUSENTE	-	NO	0	OPENSTAX
a590f38trigonometric49	AUSENTE	-	NO	0	OPENSTAX
a590f38trigonometric5	AUSENTE	-	NO	0	OPENSTAX
a590f38trigonometric50	AUSENTE	-	NO	0	OPENSTAX
a590f38trigonometric51	AUSENTE	-	NO	0	OPENSTAX
a590f38trigonometric52	AUSENTE	-	NO	0	OPENSTAX
a590f38trigonometric53	AUSENTE	-	NO	0	OPENSTAX
a590f38trigonometric54	AUSENTE	-	NO	0	OPENSTAX
a590f38trigonometric55	AUSENTE	-	NO	0	OPENSTAX
a590f38trigonometric56	AUSENTE	-	NO	0	OPENSTAX
a590f38trigonometric57	AUSENTE	-	NO	0	OPENSTAX
a590f38trigonometric58	AUSENTE	-	NO	0	OPENSTAX
a590f38trigonometric59	AUSENTE	-	NO	0	OPENSTAX
a590f38trigonometric6	AUSENTE	-	NO	0	OPENSTAX
a590f38trigonometric60	AUSENTE	-	NO	0	OPENSTAX
a590f38trigonometric61	AUSENTE	-	NO	0	OPENSTAX
a590f38trigonometric62	AUSENTE	-	NO	0	OPENSTAX
a590f38trigonometric63	AUSENTE	-	NO	0	OPENSTAX
a590f38trigonometric64	AUSENTE	-	NO	0	OPENSTAX
a590f38trigonometric65	AUSENTE	-	NO	0	OPENSTAX
a590f38trigonometric66	AUSENTE	-	NO	0	OPENSTAX
a590f38trigonometric67	AUSENTE	-	NO	0	OPENSTAX
a590f38trigonometric68	AUSENTE	-	NO	0	OPENSTAX
a590f38trigonometric69	AUSENTE	-	NO	0	OPENSTAX
a590f38trigonometric7	AUSENTE	-	NO	0	OPENSTAX
a590f38trigonometric70	AUSENTE	-	NO	0	OPENSTAX
a590f38trigonometric71	AUSENTE	-	NO	0	OPENSTAX
a590f38trigonometric72	AUSENTE	-	NO	0	OPENSTAX
a590f38trigonometric73	AUSENTE	-	NO	0	OPENSTAX
a590f38trigonometric77	AUSENTE	-	NO	0	OPENSTAX
a590f38trigonometric78	AUSENTE	-	NO	0	OPENSTAX
a590f38trigonometric79	AUSENTE	-	NO	0	OPENSTAX
a590f38trigonometric8	AUSENTE	-	NO	0	OPENSTAX
a590f38trigonometric83	AUSENTE	-	NO	0	OPENSTAX
a590f38trigonometric84	AUSENTE	-	NO	0	OPENSTAX
a590f38trigonometric9	AUSENTE	-	NO	0	OPENSTAX
a5991b4add1	RESOLUBLE	CC-BY-4.0	NO	0	OPENSTAX
a5991b4add10	RESOLUBLE	CC-BY-4.0	NO	0	OPENSTAX
a5991b4add11	RESOLUBLE	CC-BY-4.0	NO	0	OPENSTAX
a5991b4add12	RESOLUBLE	CC-BY-4.0	NO	0	OPENSTAX
a5991b4add13	RESOLUBLE	CC-BY-4.0	NO	0	OPENSTAX
a5991b4add14	RESOLUBLE	CC-BY-4.0	NO	0	OPENSTAX
a5991b4add15	RESOLUBLE	CC-BY-4.0	NO	0	OPENSTAX
a5991b4add16	RESOLUBLE	CC-BY-4.0	NO	0	OPENSTAX
a5991b4add17	RESOLUBLE	CC-BY-4.0	NO	0	OPENSTAX
a5991b4add18	RESOLUBLE	CC-BY-4.0	NO	0	OPENSTAX
a5991b4add19	RESOLUBLE	CC-BY-4.0	NO	0	OPENSTAX
a5991b4add2	RESOLUBLE	CC-BY-4.0	NO	0	OPENSTAX
a5991b4add20	RESOLUBLE	CC-BY-4.0	NO	0	OPENSTAX
a5991b4add21	RESOLUBLE	CC-BY-4.0	NO	0	OPENSTAX
a5991b4add22	RESOLUBLE	CC-BY-4.0	NO	0	OPENSTAX
a5991b4add23	RESOLUBLE	CC-BY-4.0	NO	0	OPENSTAX
a5991b4add24	RESOLUBLE	CC-BY-4.0	NO	0	OPENSTAX
a5991b4add25	RESOLUBLE	CC-BY-4.0	NO	0	OPENSTAX
a5991b4add26	RESOLUBLE	CC-BY-4.0	NO	0	OPENSTAX
a5991b4add27	RESOLUBLE	CC-BY-4.0	NO	0	OPENSTAX
a5991b4add28	RESOLUBLE	CC-BY-4.0	NO	0	OPENSTAX
a5991b4add29	RESOLUBLE	CC-BY-4.0	NO	0	OPENSTAX
a5991b4add3	RESOLUBLE	CC-BY-4.0	NO	0	OPENSTAX
a5991b4add30	RESOLUBLE	CC-BY-4.0	NO	0	OPENSTAX
a5991b4add4	RESOLUBLE	CC-BY-4.0	NO	0	OPENSTAX
a5991b4add5	RESOLUBLE	CC-BY-4.0	NO	0	OPENSTAX
a5991b4add6	RESOLUBLE	CC-BY-4.0	NO	0	OPENSTAX
a5991b4add7	RESOLUBLE	CC-BY-4.0	NO	0	OPENSTAX
a5991b4add8	RESOLUBLE	CC-BY-4.0	NO	0	OPENSTAX
a5991b4add9	RESOLUBLE	CC-BY-4.0	NO	0	OPENSTAX
a59aefadesc-stat1	RESOLUBLE	CC-BY-4.0	NO	0	OPENSTAX
a59aefadesc-stat10	RESOLUBLE	CC-BY-4.0	NO	0	OPENSTAX
a59aefadesc-stat11	RESOLUBLE	CC-BY-4.0	NO	0	OPENSTAX
a59aefadesc-stat12	RESOLUBLE	CC-BY-4.0	NO	0	OPENSTAX
a59aefadesc-stat13	RESOLUBLE	CC-BY-4.0	NO	0	OPENSTAX
a59aefadesc-stat14	RESOLUBLE	CC-BY-4.0	NO	0	OPENSTAX
a59aefadesc-stat15	RESOLUBLE	CC-BY-4.0	NO	0	OPENSTAX
a59aefadesc-stat16	RESOLUBLE	CC-BY-4.0	NO	0	OPENSTAX
a59aefadesc-stat17	RESOLUBLE	CC-BY-4.0	NO	0	OPENSTAX
a59aefadesc-stat18	RESOLUBLE	CC-BY-4.0	NO	0	OPENSTAX
a59aefadesc-stat19	RESOLUBLE	CC-BY-4.0	NO	0	OPENSTAX
a59aefadesc-stat2	RESOLUBLE	CC-BY-4.0	NO	0	OPENSTAX
a59aefadesc-stat20	RESOLUBLE	CC-BY-4.0	NO	0	OPENSTAX
a59aefadesc-stat21	RESOLUBLE	CC-BY-4.0	NO	0	OPENSTAX
a59aefadesc-stat22	RESOLUBLE	CC-BY-4.0	NO	0	OPENSTAX
a59aefadesc-stat23	RESOLUBLE	CC-BY-4.0	NO	0	OPENSTAX
a59aefadesc-stat24	RESOLUBLE	CC-BY-4.0	NO	0	OPENSTAX
a59aefadesc-stat25	RESOLUBLE	CC-BY-4.0	NO	0	OPENSTAX
a59aefadesc-stat3	RESOLUBLE	CC-BY-4.0	NO	0	OPENSTAX
a59aefadesc-stat4	RESOLUBLE	CC-BY-4.0	NO	0	OPENSTAX
a59aefadesc-stat5	RESOLUBLE	CC-BY-4.0	NO	0	OPENSTAX
a59aefadesc-stat6	RESOLUBLE	CC-BY-4.0	NO	0	OPENSTAX
a59aefadesc-stat7	RESOLUBLE	CC-BY-4.0	NO	0	OPENSTAX
a59aefadesc-stat8	RESOLUBLE	CC-BY-4.0	NO	0	OPENSTAX
a59aefadesc-stat9	RESOLUBLE	CC-BY-4.0	NO	0	OPENSTAX
a59eb5bexpectedvalue1	RESOLUBLE	CC-BY-4.0	SI	1	OPENSTAX
a59eb5bexpectedvalue10	RESOLUBLE	CC-BY-4.0	NO	0	OPENSTAX
a59eb5bexpectedvalue11	RESOLUBLE	CC-BY-4.0	SI	1	OPENSTAX
a59eb5bexpectedvalue12	RESOLUBLE	CC-BY-4.0	SI	1	OPENSTAX
a59eb5bexpectedvalue13	RESOLUBLE	CC-BY-4.0	SI	1	OPENSTAX
a59eb5bexpectedvalue14	RESOLUBLE	CC-BY-4.0	SI	1	OPENSTAX
a59eb5bexpectedvalue15	RESOLUBLE	CC-BY-4.0	SI	1	OPENSTAX
a59eb5bexpectedvalue16	RESOLUBLE	CC-BY-4.0	SI	1	OPENSTAX
a59eb5bexpectedvalue17	RESOLUBLE	CC-BY-4.0	SI	1	OPENSTAX
a59eb5bexpectedvalue18	RESOLUBLE	CC-BY-4.0	SI	1	OPENSTAX
a59eb5bexpectedvalue19	RESOLUBLE	CC-BY-4.0	SI	1	OPENSTAX
a59eb5bexpectedvalue2	RESOLUBLE	CC-BY-4.0	SI	1	OPENSTAX
a59eb5bexpectedvalue20	RESOLUBLE	CC-BY-4.0	SI	1	OPENSTAX
a59eb5bexpectedvalue21	RESOLUBLE	CC-BY-4.0	NO	0	OPENSTAX
a59eb5bexpectedvalue22	RESOLUBLE	CC-BY-4.0	NO	0	OPENSTAX
a59eb5bexpectedvalue23	RESOLUBLE	CC-BY-4.0	SI	1	OPENSTAX
a59eb5bexpectedvalue24	RESOLUBLE	CC-BY-4.0	SI	1	OPENSTAX
a59eb5bexpectedvalue25	RESOLUBLE	CC-BY-4.0	NO	0	OPENSTAX
a59eb5bexpectedvalue3	RESOLUBLE	CC-BY-4.0	SI	1	OPENSTAX
a59eb5bexpectedvalue4	RESOLUBLE	CC-BY-4.0	SI	1	OPENSTAX
a59eb5bexpectedvalue5	RESOLUBLE	CC-BY-4.0	SI	1	OPENSTAX
a59eb5bexpectedvalue6	RESOLUBLE	CC-BY-4.0	NO	0	OPENSTAX
a59eb5bexpectedvalue7	RESOLUBLE	CC-BY-4.0	NO	0	OPENSTAX
a59eb5bexpectedvalue8	RESOLUBLE	CC-BY-4.0	SI	1	OPENSTAX
a59eb5bexpectedvalue9	RESOLUBLE	CC-BY-4.0	SI	1	OPENSTAX
a5a11cdclt1	RESOLUBLE	CC-BY-4.0	SI	1	OPENSTAX
a5a11cdclt10	RESOLUBLE	CC-BY-4.0	NO	0	OPENSTAX
a5a11cdclt2	RESOLUBLE	CC-BY-4.0	NO	0	OPENSTAX
a5a11cdclt3	RESOLUBLE	CC-BY-4.0	NO	0	OPENSTAX
a5a11cdclt4	RESOLUBLE	CC-BY-4.0	NO	0	OPENSTAX
a5a11cdclt5	RESOLUBLE	CC-BY-4.0	NO	0	OPENSTAX
a5a11cdclt6	RESOLUBLE	CC-BY-4.0	NO	0	OPENSTAX
a5a11cdclt7	RESOLUBLE	CC-BY-4.0	NO	0	OPENSTAX
a5a11cdclt8	RESOLUBLE	CC-BY-4.0	NO	0	OPENSTAX
a5a11cdclt9	RESOLUBLE	CC-BY-4.0	NO	0	OPENSTAX
a5a573fBinomial1	RESOLUBLE	CC-BY-4.0	NO	0	OPENSTAX
a5a573fBinomial10	RESOLUBLE	CC-BY-4.0	NO	0	OPENSTAX
a5a573fBinomial11	RESOLUBLE	CC-BY-4.0	NO	0	OPENSTAX
a5a573fBinomial12	RESOLUBLE	CC-BY-4.0	NO	0	OPENSTAX
a5a573fBinomial13	RESOLUBLE	CC-BY-4.0	NO	0	OPENSTAX
a5a573fBinomial14	RESOLUBLE	CC-BY-4.0	NO	0	OPENSTAX
a5a573fBinomial15	RESOLUBLE	CC-BY-4.0	NO	0	OPENSTAX
a5a573fBinomial16	RESOLUBLE	CC-BY-4.0	NO	0	OPENSTAX
a5a573fBinomial17	RESOLUBLE	CC-BY-4.0	NO	0	OPENSTAX
a5a573fBinomial18	RESOLUBLE	CC-BY-4.0	NO	0	OPENSTAX
a5a573fBinomial19	RESOLUBLE	CC-BY-4.0	NO	0	OPENSTAX
a5a573fBinomial2	RESOLUBLE	CC-BY-4.0	NO	0	OPENSTAX
a5a573fBinomial20	RESOLUBLE	CC-BY-4.0	NO	0	OPENSTAX
a5a573fBinomial21	RESOLUBLE	CC-BY-4.0	NO	0	OPENSTAX
a5a573fBinomial22	RESOLUBLE	CC-BY-4.0	NO	0	OPENSTAX
a5a573fBinomial23	RESOLUBLE	CC-BY-4.0	NO	0	OPENSTAX
a5a573fBinomial24	RESOLUBLE	CC-BY-4.0	NO	0	OPENSTAX
a5a573fBinomial25	RESOLUBLE	CC-BY-4.0	NO	0	OPENSTAX
a5a573fBinomial3	RESOLUBLE	CC-BY-4.0	NO	0	OPENSTAX
a5a573fBinomial4	RESOLUBLE	CC-BY-4.0	NO	0	OPENSTAX
a5a573fBinomial5	RESOLUBLE	CC-BY-4.0	NO	0	OPENSTAX
a5a573fBinomial6	RESOLUBLE	CC-BY-4.0	NO	0	OPENSTAX
a5a573fBinomial7	RESOLUBLE	CC-BY-4.0	NO	0	OPENSTAX
a5a573fBinomial8	RESOLUBLE	CC-BY-4.0	NO	0	OPENSTAX
a5a573fBinomial9	RESOLUBLE	CC-BY-4.0	NO	0	OPENSTAX
a5a6756chainrule1	RESOLUBLE	CC-BY-4.0	NO	0	OPENSTAX
a5a6756chainrule10	RESOLUBLE	CC-BY-4.0	NO	0	OPENSTAX
a5a6756chainrule11	RESOLUBLE	CC-BY-4.0	NO	0	OPENSTAX
a5a6756chainrule12	RESOLUBLE	CC-BY-4.0	NO	0	OPENSTAX
a5a6756chainrule13	RESOLUBLE	CC-BY-4.0	NO	0	OPENSTAX
a5a6756chainrule14	RESOLUBLE	CC-BY-4.0	NO	0	OPENSTAX
a5a6756chainrule15	RESOLUBLE	CC-BY-4.0	NO	0	OPENSTAX
a5a6756chainrule2	RESOLUBLE	CC-BY-4.0	NO	0	OPENSTAX
a5a6756chainrule3	RESOLUBLE	CC-BY-4.0	NO	0	OPENSTAX
a5a6756chainrule4	RESOLUBLE	CC-BY-4.0	NO	0	OPENSTAX
a5a6756chainrule5	RESOLUBLE	CC-BY-4.0	NO	0	OPENSTAX
a5a6756chainrule6	RESOLUBLE	CC-BY-4.0	NO	0	OPENSTAX
a5a6756chainrule7	RESOLUBLE	CC-BY-4.0	NO	0	OPENSTAX
a5a6756chainrule8	RESOLUBLE	CC-BY-4.0	NO	0	OPENSTAX
a5a6756chainrule9	RESOLUBLE	CC-BY-4.0	NO	0	OPENSTAX
a5a6756deriv1	AUSENTE	-	NO	0	OPENSTAX
a5a6756deriv10	AUSENTE	-	NO	0	OPENSTAX
a5a6756deriv11	AUSENTE	-	NO	0	OPENSTAX
a5a6756deriv12	AUSENTE	-	NO	0	OPENSTAX
a5a6756deriv13	AUSENTE	-	NO	0	OPENSTAX
a5a6756deriv14	AUSENTE	-	NO	0	OPENSTAX
a5a6756deriv15	AUSENTE	-	NO	0	OPENSTAX
a5a6756deriv16	AUSENTE	-	NO	0	OPENSTAX
a5a6756deriv17	AUSENTE	-	NO	0	OPENSTAX
a5a6756deriv18	AUSENTE	-	NO	0	OPENSTAX
a5a6756deriv19	AUSENTE	-	NO	0	OPENSTAX
a5a6756deriv2	AUSENTE	-	NO	0	OPENSTAX
a5a6756deriv20	AUSENTE	-	NO	0	OPENSTAX
a5a6756deriv3	AUSENTE	-	NO	0	OPENSTAX
a5a6756deriv4	AUSENTE	-	NO	0	OPENSTAX
a5a6756deriv5	AUSENTE	-	NO	0	OPENSTAX
a5a6756deriv6	AUSENTE	-	NO	0	OPENSTAX
a5a6756deriv7	AUSENTE	-	NO	0	OPENSTAX
a5a6756deriv8	AUSENTE	-	SI	2	OPENSTAX
a5a6756deriv9	AUSENTE	-	SI	2	OPENSTAX
a5a6756derivative10	AUSENTE	-	NO	0	OPENSTAX
a5a6756derivative11	AUSENTE	-	NO	0	OPENSTAX
a5a6756derivative12	AUSENTE	-	NO	0	OPENSTAX
a5a6756derivative6	AUSENTE	-	NO	0	OPENSTAX
a5a6756derivative7	AUSENTE	-	NO	0	OPENSTAX
a5a6756derivative8	AUSENTE	-	NO	0	OPENSTAX
a5a6756derivative9	AUSENTE	-	NO	0	OPENSTAX
a5b26d4accuracy1	RESOLUBLE	CC-BY-4.0	NO	0	OPENSTAX
a5b26d4accuracy2	RESOLUBLE	CC-BY-4.0	NO	0	OPENSTAX
a5b26d4accuracy3	RESOLUBLE	CC-BY-4.0	NO	0	OPENSTAX
a5b26d4accuracy4	RESOLUBLE	CC-BY-4.0	NO	0	OPENSTAX
a5b26d4accuracy5	RESOLUBLE	CC-BY-4.0	NO	0	OPENSTAX
a5b26d4accuracy6	RESOLUBLE	CC-BY-4.0	NO	0	OPENSTAX
a5b26d4accuracy7	RESOLUBLE	CC-BY-4.0	NO	0	OPENSTAX
a5b26d4accuracy8	RESOLUBLE	CC-BY-4.0	NO	0	OPENSTAX
a5b26d4accuracy9	RESOLUBLE	CC-BY-4.0	NO	0	OPENSTAX
a5b26d4approximation1	RESOLUBLE	CC-BY-4.0	NO	0	OPENSTAX
a5b26d4approximation2	RESOLUBLE	CC-BY-4.0	NO	0	OPENSTAX
a5b26d4approximation3	RESOLUBLE	CC-BY-4.0	NO	0	OPENSTAX
a5b26d4approximation4	RESOLUBLE	CC-BY-4.0	NO	0	OPENSTAX
a5b26d4approximation5	RESOLUBLE	CC-BY-4.0	NO	0	OPENSTAX
a5b26d4physical1	RESOLUBLE	CC-BY-4.0	NO	0	OPENSTAX
a5b26d4physical10	RESOLUBLE	CC-BY-4.0	NO	0	OPENSTAX
a5b26d4physical2	RESOLUBLE	CC-BY-4.0	NO	0	OPENSTAX
a5b26d4physical3	RESOLUBLE	CC-BY-4.0	NO	0	OPENSTAX
a5b26d4physical4	RESOLUBLE	CC-BY-4.0	NO	0	OPENSTAX
a5b26d4physical5	RESOLUBLE	CC-BY-4.0	NO	0	OPENSTAX
a5b26d4physical6	RESOLUBLE	CC-BY-4.0	NO	0	OPENSTAX
a5b26d4physical7	RESOLUBLE	CC-BY-4.0	NO	0	OPENSTAX
a5b26d4physical8	RESOLUBLE	CC-BY-4.0	NO	0	OPENSTAX
a5b26d4physical9	RESOLUBLE	CC-BY-4.0	NO	0	OPENSTAX
a5b6f42rationals1	RESOLUBLE	CC-BY-4.0	NO	0	OPENSTAX
a5b6f42rationals10	RESOLUBLE	CC-BY-4.0	NO	0	OPENSTAX
a5b6f42rationals11	RESOLUBLE	CC-BY-4.0	NO	0	OPENSTAX
a5b6f42rationals12	RESOLUBLE	CC-BY-4.0	NO	0	OPENSTAX
a5b6f42rationals13	RESOLUBLE	CC-BY-4.0	NO	0	OPENSTAX
a5b6f42rationals14	RESOLUBLE	CC-BY-4.0	NO	0	OPENSTAX
a5b6f42rationals15	RESOLUBLE	CC-BY-4.0	NO	0	OPENSTAX
a5b6f42rationals16	RESOLUBLE	CC-BY-4.0	NO	0	OPENSTAX
a5b6f42rationals17	RESOLUBLE	CC-BY-4.0	NO	0	OPENSTAX
a5b6f42rationals18	RESOLUBLE	CC-BY-4.0	NO	0	OPENSTAX
a5b6f42rationals19	RESOLUBLE	CC-BY-4.0	NO	0	OPENSTAX
a5b6f42rationals2	RESOLUBLE	CC-BY-4.0	NO	0	OPENSTAX
a5b6f42rationals20	RESOLUBLE	CC-BY-4.0	NO	0	OPENSTAX
a5b6f42rationals21	RESOLUBLE	CC-BY-4.0	NO	0	OPENSTAX
a5b6f42rationals22	RESOLUBLE	CC-BY-4.0	NO	0	OPENSTAX
a5b6f42rationals23	RESOLUBLE	CC-BY-4.0	NO	0	OPENSTAX
a5b6f42rationals24	RESOLUBLE	CC-BY-4.0	NO	0	OPENSTAX
a5b6f42rationals25	RESOLUBLE	CC-BY-4.0	NO	0	OPENSTAX
a5b6f42rationals3	RESOLUBLE	CC-BY-4.0	NO	0	OPENSTAX
a5b6f42rationals4	RESOLUBLE	CC-BY-4.0	NO	0	OPENSTAX
a5b6f42rationals5	RESOLUBLE	CC-BY-4.0	NO	0	OPENSTAX
a5b6f42rationals6	RESOLUBLE	CC-BY-4.0	NO	0	OPENSTAX
a5b6f42rationals7	RESOLUBLE	CC-BY-4.0	NO	0	OPENSTAX
a5b6f42rationals8	RESOLUBLE	CC-BY-4.0	NO	0	OPENSTAX
a5b6f42rationals9	RESOLUBLE	CC-BY-4.0	NO	0	OPENSTAX
a5c2168rotation1	RESOLUBLE	CC-BY-4.0	NO	0	OPENSTAX
a5c2168rotation10	RESOLUBLE	CC-BY-4.0	NO	0	OPENSTAX
a5c2168rotation11	RESOLUBLE	CC-BY-4.0	NO	0	OPENSTAX
a5c2168rotation12	RESOLUBLE	CC-BY-4.0	NO	0	OPENSTAX
a5c2168rotation13	RESOLUBLE	CC-BY-4.0	NO	0	OPENSTAX
a5c2168rotation14	RESOLUBLE	CC-BY-4.0	NO	0	OPENSTAX
a5c2168rotation15	RESOLUBLE	CC-BY-4.0	NO	0	OPENSTAX
a5c2168rotation16	RESOLUBLE	CC-BY-4.0	NO	0	OPENSTAX
a5c2168rotation17	RESOLUBLE	CC-BY-4.0	NO	0	OPENSTAX
a5c2168rotation18	RESOLUBLE	CC-BY-4.0	NO	0	OPENSTAX
a5c2168rotation19	RESOLUBLE	CC-BY-4.0	NO	0	OPENSTAX
a5c2168rotation2	RESOLUBLE	CC-BY-4.0	SI	1	OPENSTAX
a5c2168rotation3	RESOLUBLE	CC-BY-4.0	SI	4	OPENSTAX
a5c2168rotation5	RESOLUBLE	CC-BY-4.0	NO	0	OPENSTAX
a5c2168rotation6	RESOLUBLE	CC-BY-4.0	NO	0	OPENSTAX
a5c2168rotation7	RESOLUBLE	CC-BY-4.0	NO	0	OPENSTAX
a5c2168rotation8	RESOLUBLE	CC-BY-4.0	NO	0	OPENSTAX
a5c2168rotation9	RESOLUBLE	CC-BY-4.0	NO	0	OPENSTAX
a5c70bfsquareroots1	RESOLUBLE	CC-BY-4.0	NO	0	OPENSTAX
a5c70bfsquareroots10	RESOLUBLE	CC-BY-4.0	NO	0	OPENSTAX
a5c70bfsquareroots11	RESOLUBLE	CC-BY-4.0	NO	0	OPENSTAX
a5c70bfsquareroots12	RESOLUBLE	CC-BY-4.0	NO	0	OPENSTAX
a5c70bfsquareroots13	RESOLUBLE	CC-BY-4.0	NO	0	OPENSTAX
a5c70bfsquareroots14	RESOLUBLE	CC-BY-4.0	NO	0	OPENSTAX
a5c70bfsquareroots15	RESOLUBLE	CC-BY-4.0	NO	0	OPENSTAX
a5c70bfsquareroots16	RESOLUBLE	CC-BY-4.0	NO	0	OPENSTAX
a5c70bfsquareroots17	RESOLUBLE	CC-BY-4.0	NO	0	OPENSTAX
a5c70bfsquareroots18	RESOLUBLE	CC-BY-4.0	NO	0	OPENSTAX
a5c70bfsquareroots19	RESOLUBLE	CC-BY-4.0	NO	0	OPENSTAX
a5c70bfsquareroots2	RESOLUBLE	CC-BY-4.0	NO	0	OPENSTAX
a5c70bfsquareroots20	RESOLUBLE	CC-BY-4.0	NO	0	OPENSTAX
a5c70bfsquareroots21	RESOLUBLE	CC-BY-4.0	NO	0	OPENSTAX
a5c70bfsquareroots22	RESOLUBLE	CC-BY-4.0	NO	0	OPENSTAX
a5c70bfsquareroots23	RESOLUBLE	CC-BY-4.0	NO	0	OPENSTAX
a5c70bfsquareroots24	RESOLUBLE	CC-BY-4.0	NO	0	OPENSTAX
a5c70bfsquareroots25	RESOLUBLE	CC-BY-4.0	NO	0	OPENSTAX
a5c70bfsquareroots26	RESOLUBLE	CC-BY-4.0	NO	0	OPENSTAX
a5c70bfsquareroots27	RESOLUBLE	CC-BY-4.0	NO	0	OPENSTAX
a5c70bfsquareroots28	RESOLUBLE	CC-BY-4.0	NO	0	OPENSTAX
a5c70bfsquareroots29	RESOLUBLE	CC-BY-4.0	NO	0	OPENSTAX
a5c70bfsquareroots3	RESOLUBLE	CC-BY-4.0	NO	0	OPENSTAX
a5c70bfsquareroots30	RESOLUBLE	CC-BY-4.0	NO	0	OPENSTAX
a5c70bfsquareroots4	RESOLUBLE	CC-BY-4.0	NO	0	OPENSTAX
a5c70bfsquareroots5	RESOLUBLE	CC-BY-4.0	NO	0	OPENSTAX
a5c70bfsquareroots6	RESOLUBLE	CC-BY-4.0	NO	0	OPENSTAX
a5c70bfsquareroots7	RESOLUBLE	CC-BY-4.0	NO	0	OPENSTAX
a5c70bfsquareroots8	RESOLUBLE	CC-BY-4.0	NO	0	OPENSTAX
a5c70bfsquareroots9	RESOLUBLE	CC-BY-4.0	NO	0	OPENSTAX
a5c95e8polyzero10	RESOLUBLE	CC-BY-4.0	NO	0	OPENSTAX
a5c95e8polyzero11	RESOLUBLE	CC-BY-4.0	NO	0	OPENSTAX
a5c95e8polyzero12	RESOLUBLE	CC-BY-4.0	NO	0	OPENSTAX
a5c95e8polyzero13	RESOLUBLE	CC-BY-4.0	NO	0	OPENSTAX
a5c95e8polyzero16	RESOLUBLE	CC-BY-4.0	NO	0	OPENSTAX
a5c95e8polyzero17	RESOLUBLE	CC-BY-4.0	NO	0	OPENSTAX
a5c95e8polyzero18	RESOLUBLE	CC-BY-4.0	NO	0	OPENSTAX
a5c95e8polyzero19	RESOLUBLE	CC-BY-4.0	NO	0	OPENSTAX
a5c95e8polyzero20	RESOLUBLE	CC-BY-4.0	NO	0	OPENSTAX
a5c95e8polyzero21	RESOLUBLE	CC-BY-4.0	NO	0	OPENSTAX
a5c95e8polyzero22	RESOLUBLE	CC-BY-4.0	NO	0	OPENSTAX
a5c95e8polyzero23	RESOLUBLE	CC-BY-4.0	NO	0	OPENSTAX
a5c95e8polyzero24	RESOLUBLE	CC-BY-4.0	NO	0	OPENSTAX
a5c95e8polyzero25	RESOLUBLE	CC-BY-4.0	NO	0	OPENSTAX
a5c95e8polyzero26	RESOLUBLE	CC-BY-4.0	SI	1	OPENSTAX
a5c95e8polyzero27	RESOLUBLE	CC-BY-4.0	NO	0	OPENSTAX
a5c95e8polyzero28	RESOLUBLE	CC-BY-4.0	NO	0	OPENSTAX
a5c95e8polyzero29	RESOLUBLE	CC-BY-4.0	SI	1	OPENSTAX
a5c95e8polyzero30	RESOLUBLE	CC-BY-4.0	SI	1	OPENSTAX
a5c95e8polyzero31	RESOLUBLE	CC-BY-4.0	NO	0	OPENSTAX
a5c95e8polyzero32	RESOLUBLE	CC-BY-4.0	SI	2	OPENSTAX
a5c95e8polyzero33	RESOLUBLE	CC-BY-4.0	SI	3	OPENSTAX
a5c95e8polyzero34	RESOLUBLE	CC-BY-4.0	NO	0	OPENSTAX
a5c95e8polyzero35	RESOLUBLE	CC-BY-4.0	SI	1	OPENSTAX
a5c95e8polyzero6	RESOLUBLE	CC-BY-4.0	NO	0	OPENSTAX
a5c95e8polyzero7	RESOLUBLE	CC-BY-4.0	NO	0	OPENSTAX
a5c95e8polyzero8	RESOLUBLE	CC-BY-4.0	NO	0	OPENSTAX
a5c95e8polyzero9	RESOLUBLE	CC-BY-4.0	NO	0	OPENSTAX
a5c984cfdist1	RESOLUBLE	CC-BY-4.0	SI	3	OPENSTAX
a5c984cfdist2	RESOLUBLE	CC-BY-4.0	SI	3	OPENSTAX
a5c984cfdist3	RESOLUBLE	CC-BY-4.0	SI	4	OPENSTAX
a5ccaf6logarithmsandlogistic1	RESOLUBLE	CC-BY-4.0	NO	0	OPENSTAX
a5ccaf6logarithmsandlogistic10	RESOLUBLE	CC-BY-4.0	NO	0	OPENSTAX
a5ccaf6logarithmsandlogistic11	RESOLUBLE	CC-BY-4.0	NO	0	OPENSTAX
a5ccaf6logarithmsandlogistic12	RESOLUBLE	CC-BY-4.0	SI	1	OPENSTAX
a5ccaf6logarithmsandlogistic13	RESOLUBLE	CC-BY-4.0	SI	1	OPENSTAX
a5ccaf6logarithmsandlogistic14	RESOLUBLE	CC-BY-4.0	SI	1	OPENSTAX
a5ccaf6logarithmsandlogistic15	RESOLUBLE	CC-BY-4.0	SI	1	OPENSTAX
a5ccaf6logarithmsandlogistic16	RESOLUBLE	CC-BY-4.0	SI	1	OPENSTAX
a5ccaf6logarithmsandlogistic17	RESOLUBLE	CC-BY-4.0	NO	0	OPENSTAX
a5ccaf6logarithmsandlogistic18	RESOLUBLE	CC-BY-4.0	NO	0	OPENSTAX
a5ccaf6logarithmsandlogistic19	RESOLUBLE	CC-BY-4.0	SI	2	OPENSTAX
a5ccaf6logarithmsandlogistic2	RESOLUBLE	CC-BY-4.0	NO	0	OPENSTAX
a5ccaf6logarithmsandlogistic20	RESOLUBLE	CC-BY-4.0	SI	2	OPENSTAX
a5ccaf6logarithmsandlogistic3	RESOLUBLE	CC-BY-4.0	NO	0	OPENSTAX
a5ccaf6logarithmsandlogistic4	RESOLUBLE	CC-BY-4.0	NO	0	OPENSTAX
a5ccaf6logarithmsandlogistic5	RESOLUBLE	CC-BY-4.0	NO	0	OPENSTAX
a5ccaf6logarithmsandlogistic6	RESOLUBLE	CC-BY-4.0	NO	0	OPENSTAX
a5ccaf6logarithmsandlogistic7	RESOLUBLE	CC-BY-4.0	NO	0	OPENSTAX
a5ccaf6logarithmsandlogistic8	RESOLUBLE	CC-BY-4.0	NO	0	OPENSTAX
a5ccaf6logarithmsandlogistic9	RESOLUBLE	CC-BY-4.0	NO	0	OPENSTAX
a5d54dagcf1	RESOLUBLE	CC-BY-4.0	NO	0	OPENSTAX
a5d54dagcf10	RESOLUBLE	CC-BY-4.0	NO	0	OPENSTAX
a5d54dagcf11	RESOLUBLE	CC-BY-4.0	NO	0	OPENSTAX
a5d54dagcf12	RESOLUBLE	CC-BY-4.0	NO	0	OPENSTAX
a5d54dagcf13	RESOLUBLE	CC-BY-4.0	NO	0	OPENSTAX
a5d54dagcf14	RESOLUBLE	CC-BY-4.0	NO	0	OPENSTAX
a5d54dagcf15	RESOLUBLE	CC-BY-4.0	NO	0	OPENSTAX
a5d54dagcf17	RESOLUBLE	CC-BY-4.0	NO	0	OPENSTAX
a5d54dagcf18	RESOLUBLE	CC-BY-4.0	NO	0	OPENSTAX
a5d54dagcf19	RESOLUBLE	CC-BY-4.0	NO	0	OPENSTAX
a5d54dagcf2	RESOLUBLE	CC-BY-4.0	NO	0	OPENSTAX
a5d54dagcf20	RESOLUBLE	CC-BY-4.0	NO	0	OPENSTAX
a5d54dagcf21	RESOLUBLE	CC-BY-4.0	NO	0	OPENSTAX
a5d54dagcf22	RESOLUBLE	CC-BY-4.0	NO	0	OPENSTAX
a5d54dagcf23	RESOLUBLE	CC-BY-4.0	NO	0	OPENSTAX
a5d54dagcf24	RESOLUBLE	CC-BY-4.0	NO	0	OPENSTAX
a5d54dagcf25	RESOLUBLE	CC-BY-4.0	NO	0	OPENSTAX
a5d54dagcf26	RESOLUBLE	CC-BY-4.0	NO	0	OPENSTAX
a5d54dagcf27	RESOLUBLE	CC-BY-4.0	NO	0	OPENSTAX
a5d54dagcf28	RESOLUBLE	CC-BY-4.0	NO	0	OPENSTAX
a5d54dagcf29	RESOLUBLE	CC-BY-4.0	NO	0	OPENSTAX
a5d54dagcf3	RESOLUBLE	CC-BY-4.0	NO	0	OPENSTAX
a5d54dagcf30	RESOLUBLE	CC-BY-4.0	NO	0	OPENSTAX
a5d54dagcf4	RESOLUBLE	CC-BY-4.0	NO	0	OPENSTAX
a5d54dagcf5	RESOLUBLE	CC-BY-4.0	NO	0	OPENSTAX
a5d54dagcf6	RESOLUBLE	CC-BY-4.0	NO	0	OPENSTAX
a5d54dagcf7	RESOLUBLE	CC-BY-4.0	NO	0	OPENSTAX
a5d54dagcf8	RESOLUBLE	CC-BY-4.0	NO	0	OPENSTAX
a5d54dagcf9	RESOLUBLE	CC-BY-4.0	NO	0	OPENSTAX
a5dbd15hypo1	RESOLUBLE	CC-BY-4.0	NO	0	OPENSTAX
a5dbd15hypo2	RESOLUBLE	CC-BY-4.0	NO	0	OPENSTAX
a5dbd15hypo3	RESOLUBLE	CC-BY-4.0	NO	0	OPENSTAX
a5dbd15hypo4	RESOLUBLE	CC-BY-4.0	NO	0	OPENSTAX
a5dbd15hypo5	RESOLUBLE	CC-BY-4.0	NO	0	OPENSTAX
a5dbd15hypo6	RESOLUBLE	CC-BY-4.0	NO	0	OPENSTAX
a5dd108exe15	RESOLUBLE	CC-BY-4.0	NO	0	OPENSTAX
a5dd108exe16	RESOLUBLE	CC-BY-4.0	NO	0	OPENSTAX
a5dd108exe17	RESOLUBLE	CC-BY-4.0	NO	0	OPENSTAX
a5dd108exe18	RESOLUBLE	CC-BY-4.0	NO	0	OPENSTAX
a5dd108exe19	RESOLUBLE	CC-BY-4.0	NO	0	OPENSTAX
a5dd108exe20	RESOLUBLE	CC-BY-4.0	NO	0	OPENSTAX
a5dd108exe21	RESOLUBLE	CC-BY-4.0	NO	0	OPENSTAX
a5dd108exe22	RESOLUBLE	CC-BY-4.0	NO	0	OPENSTAX
a5dd108exe23	RESOLUBLE	CC-BY-4.0	NO	0	OPENSTAX
a5dd108exe24	RESOLUBLE	CC-BY-4.0	NO	0	OPENSTAX
a5dd108exe25	RESOLUBLE	CC-BY-4.0	NO	0	OPENSTAX
a5dd108exe26	RESOLUBLE	CC-BY-4.0	NO	0	OPENSTAX
a5dd108exe27	RESOLUBLE	CC-BY-4.0	NO	0	OPENSTAX
a5dd108exe28	RESOLUBLE	CC-BY-4.0	NO	0	OPENSTAX
a5dd108exe29	RESOLUBLE	CC-BY-4.0	NO	0	OPENSTAX
a5dd108exe30	RESOLUBLE	CC-BY-4.0	NO	0	OPENSTAX
a5dd108factoring1	RESOLUBLE	CC-BY-4.0	NO	0	OPENSTAX
a5dd108factoring2	RESOLUBLE	CC-BY-4.0	NO	0	OPENSTAX
a5dd108factoring3	RESOLUBLE	CC-BY-4.0	NO	0	OPENSTAX
a5dd108factoring4	RESOLUBLE	CC-BY-4.0	NO	0	OPENSTAX
a5dd108factoring5	RESOLUBLE	CC-BY-4.0	NO	0	OPENSTAX
a5dd108factoringpoly10	RESOLUBLE	CC-BY-4.0	NO	0	OPENSTAX
a5dd108factoringpoly12	RESOLUBLE	CC-BY-4.0	NO	0	OPENSTAX
a5dd108factoringpoly14	RESOLUBLE	CC-BY-4.0	NO	0	OPENSTAX
a5dd108factoringpoly15	RESOLUBLE	CC-BY-4.0	NO	0	OPENSTAX
a5dd108gcf1	RESOLUBLE	CC-BY-4.0	NO	0	OPENSTAX
a5dd108gcf16	RESOLUBLE	CC-BY-4.0	NO	0	OPENSTAX
a5dd108gcf2	RESOLUBLE	CC-BY-4.0	NO	0	OPENSTAX
a5dd108gcf5	RESOLUBLE	CC-BY-4.0	NO	0	OPENSTAX
a5dd108gcf7	RESOLUBLE	CC-BY-4.0	NO	0	OPENSTAX
a5dd108gcf8	RESOLUBLE	CC-BY-4.0	NO	0	OPENSTAX
a5dd108gcf9	RESOLUBLE	CC-BY-4.0	NO	0	OPENSTAX
a5e282bSolvquad1	RESOLUBLE	CC-BY-4.0	NO	0	OPENSTAX
a5e282bSolvquad10	RESOLUBLE	CC-BY-4.0	NO	0	OPENSTAX
a5e282bSolvquad11	RESOLUBLE	CC-BY-4.0	NO	0	OPENSTAX
a5e282bSolvquad12	RESOLUBLE	CC-BY-4.0	NO	0	OPENSTAX
a5e282bSolvquad13	RESOLUBLE	CC-BY-4.0	NO	0	OPENSTAX
a5e282bSolvquad14	RESOLUBLE	CC-BY-4.0	NO	0	OPENSTAX
a5e282bSolvquad15	RESOLUBLE	CC-BY-4.0	NO	0	OPENSTAX
a5e282bSolvquad16	RESOLUBLE	CC-BY-4.0	NO	0	OPENSTAX
a5e282bSolvquad17	RESOLUBLE	CC-BY-4.0	NO	0	OPENSTAX
a5e282bSolvquad18	RESOLUBLE	CC-BY-4.0	NO	0	OPENSTAX
a5e282bSolvquad19	RESOLUBLE	CC-BY-4.0	NO	0	OPENSTAX
a5e282bSolvquad2	RESOLUBLE	CC-BY-4.0	NO	0	OPENSTAX
a5e282bSolvquad20	RESOLUBLE	CC-BY-4.0	NO	0	OPENSTAX
a5e282bSolvquad21	RESOLUBLE	CC-BY-4.0	NO	0	OPENSTAX
a5e282bSolvquad22	RESOLUBLE	CC-BY-4.0	NO	0	OPENSTAX
a5e282bSolvquad23	RESOLUBLE	CC-BY-4.0	NO	0	OPENSTAX
a5e282bSolvquad24	RESOLUBLE	CC-BY-4.0	NO	0	OPENSTAX
a5e282bSolvquad25	RESOLUBLE	CC-BY-4.0	NO	0	OPENSTAX
a5e282bSolvquad26	RESOLUBLE	CC-BY-4.0	NO	0	OPENSTAX
a5e282bSolvquad27	RESOLUBLE	CC-BY-4.0	NO	0	OPENSTAX
a5e282bSolvquad28	RESOLUBLE	CC-BY-4.0	NO	0	OPENSTAX
a5e282bSolvquad29	RESOLUBLE	CC-BY-4.0	NO	0	OPENSTAX
a5e282bSolvquad3	RESOLUBLE	CC-BY-4.0	NO	0	OPENSTAX
a5e282bSolvquad30	RESOLUBLE	CC-BY-4.0	NO	0	OPENSTAX
a5e282bSolvquad4	RESOLUBLE	CC-BY-4.0	NO	0	OPENSTAX
a5e282bSolvquad5	RESOLUBLE	CC-BY-4.0	NO	0	OPENSTAX
a5e282bSolvquad6	RESOLUBLE	CC-BY-4.0	NO	0	OPENSTAX
a5e282bSolvquad7	RESOLUBLE	CC-BY-4.0	NO	0	OPENSTAX
a5e282bSolvquad8	RESOLUBLE	CC-BY-4.0	NO	0	OPENSTAX
a5e282bSolvquad9	RESOLUBLE	CC-BY-4.0	NO	0	OPENSTAX
a5f5d33form	RESOLUBLE	CC-BY-4.0	NO	0	NO-OPENSTAX
a5f7784homogen1	RESOLUBLE	CC-BY-4.0	SI	2	OPENSTAX
a5f7784homogen2	RESOLUBLE	CC-BY-4.0	SI	2	OPENSTAX
a5f8927normal1	RESOLUBLE	CC-BY-4.0	NO	0	OPENSTAX
a5f8927normal10	RESOLUBLE	CC-BY-4.0	NO	0	OPENSTAX
a5f8927normal11	RESOLUBLE	CC-BY-4.0	NO	0	OPENSTAX
a5f8927normal12	RESOLUBLE	CC-BY-4.0	NO	0	OPENSTAX
a5f8927normal13	RESOLUBLE	CC-BY-4.0	NO	0	OPENSTAX
a5f8927normal14	RESOLUBLE	CC-BY-4.0	NO	0	OPENSTAX
a5f8927normal15	RESOLUBLE	CC-BY-4.0	NO	0	OPENSTAX
a5f8927normal16	RESOLUBLE	CC-BY-4.0	NO	0	OPENSTAX
a5f8927normal2	RESOLUBLE	CC-BY-4.0	NO	0	OPENSTAX
a5f8927normal3	RESOLUBLE	CC-BY-4.0	NO	0	OPENSTAX
a5f8927normal4	RESOLUBLE	CC-BY-4.0	SI	1	OPENSTAX
a5f8927normal5	RESOLUBLE	CC-BY-4.0	SI	1	OPENSTAX
a5f8927normal6	RESOLUBLE	CC-BY-4.0	NO	0	OPENSTAX
a5f8927normal7	RESOLUBLE	CC-BY-4.0	NO	0	OPENSTAX
a5f8927normal8	RESOLUBLE	CC-BY-4.0	NO	0	OPENSTAX
a5f8927normal9	RESOLUBLE	CC-BY-4.0	NO	0	OPENSTAX
a5fb8e3cause1	RESOLUBLE	CC-BY-4.0	NO	0	NO-OPENSTAX
a5fb8e3cause2	RESOLUBLE	CC-BY-4.0	NO	0	NO-OPENSTAX
a5fb8e3cause3	RESOLUBLE	CC-BY-4.0	SI	2	NO-OPENSTAX
a5fb8e3cause4	RESOLUBLE	CC-BY-4.0	SI	1	NO-OPENSTAX
a5fd810distance1	RESOLUBLE	CC-BY-4.0	NO	0	OPENSTAX
a5fd810distance10	RESOLUBLE	CC-BY-4.0	NO	0	OPENSTAX
a5fd810distance11	RESOLUBLE	CC-BY-4.0	NO	0	OPENSTAX
a5fd810distance12	RESOLUBLE	CC-BY-4.0	NO	0	OPENSTAX
a5fd810distance13	RESOLUBLE	CC-BY-4.0	NO	0	OPENSTAX
a5fd810distance14	RESOLUBLE	CC-BY-4.0	NO	0	OPENSTAX
a5fd810distance15	RESOLUBLE	CC-BY-4.0	NO	0	OPENSTAX
a5fd810distance16	RESOLUBLE	CC-BY-4.0	NO	0	OPENSTAX
a5fd810distance17	RESOLUBLE	CC-BY-4.0	NO	0	OPENSTAX
a5fd810distance18	RESOLUBLE	CC-BY-4.0	NO	0	OPENSTAX
a5fd810distance19	RESOLUBLE	CC-BY-4.0	NO	0	OPENSTAX
a5fd810distance2	RESOLUBLE	CC-BY-4.0	NO	0	OPENSTAX
a5fd810distance20	RESOLUBLE	CC-BY-4.0	NO	0	OPENSTAX
a5fd810distance21	RESOLUBLE	CC-BY-4.0	NO	0	OPENSTAX
a5fd810distance22	RESOLUBLE	CC-BY-4.0	NO	0	OPENSTAX
a5fd810distance23	RESOLUBLE	CC-BY-4.0	NO	0	OPENSTAX
a5fd810distance24	RESOLUBLE	CC-BY-4.0	NO	0	OPENSTAX
a5fd810distance25	RESOLUBLE	CC-BY-4.0	NO	0	OPENSTAX
a5fd810distance26	RESOLUBLE	CC-BY-4.0	NO	0	OPENSTAX
a5fd810distance27	RESOLUBLE	CC-BY-4.0	NO	0	OPENSTAX
a5fd810distance28	RESOLUBLE	CC-BY-4.0	NO	0	OPENSTAX
a5fd810distance29	RESOLUBLE	CC-BY-4.0	NO	0	OPENSTAX
a5fd810distance3	RESOLUBLE	CC-BY-4.0	NO	0	OPENSTAX
a5fd810distance30	RESOLUBLE	CC-BY-4.0	NO	0	OPENSTAX
a5fd810distance4	RESOLUBLE	CC-BY-4.0	NO	0	OPENSTAX
a5fd810distance5	RESOLUBLE	CC-BY-4.0	NO	0	OPENSTAX
a5fd810distance6	RESOLUBLE	CC-BY-4.0	NO	0	OPENSTAX
a5fd810distance7	RESOLUBLE	CC-BY-4.0	NO	0	OPENSTAX
a5fd810distance8	RESOLUBLE	CC-BY-4.0	NO	0	OPENSTAX
a5fd810distance9	RESOLUBLE	CC-BY-4.0	NO	0	OPENSTAX
a6014eaSubAdd1	RESOLUBLE	CC-BY-4.0	NO	0	OPENSTAX
a6014eaSubAdd10	RESOLUBLE	CC-BY-4.0	NO	0	OPENSTAX
a6014eaSubAdd11	RESOLUBLE	CC-BY-4.0	NO	0	OPENSTAX
a6014eaSubAdd12	RESOLUBLE	CC-BY-4.0	NO	0	OPENSTAX
a6014eaSubAdd13	RESOLUBLE	CC-BY-4.0	NO	0	OPENSTAX
a6014eaSubAdd14	RESOLUBLE	CC-BY-4.0	NO	0	OPENSTAX
a6014eaSubAdd15	RESOLUBLE	CC-BY-4.0	NO	0	OPENSTAX
a6014eaSubAdd16	RESOLUBLE	CC-BY-4.0	NO	0	OPENSTAX
a6014eaSubAdd17	RESOLUBLE	CC-BY-4.0	NO	0	OPENSTAX
a6014eaSubAdd18	RESOLUBLE	CC-BY-4.0	NO	0	OPENSTAX
a6014eaSubAdd19	RESOLUBLE	CC-BY-4.0	NO	0	OPENSTAX
a6014eaSubAdd2	RESOLUBLE	CC-BY-4.0	NO	0	OPENSTAX
a6014eaSubAdd20	RESOLUBLE	CC-BY-4.0	NO	0	OPENSTAX
a6014eaSubAdd21	RESOLUBLE	CC-BY-4.0	NO	0	OPENSTAX
a6014eaSubAdd22	RESOLUBLE	CC-BY-4.0	NO	0	OPENSTAX
a6014eaSubAdd23	RESOLUBLE	CC-BY-4.0	NO	0	OPENSTAX
a6014eaSubAdd24	RESOLUBLE	CC-BY-4.0	NO	0	OPENSTAX
a6014eaSubAdd25	RESOLUBLE	CC-BY-4.0	NO	0	OPENSTAX
a6014eaSubAdd26	RESOLUBLE	CC-BY-4.0	NO	0	OPENSTAX
a6014eaSubAdd27	RESOLUBLE	CC-BY-4.0	NO	0	OPENSTAX
a6014eaSubAdd28	RESOLUBLE	CC-BY-4.0	NO	0	OPENSTAX
a6014eaSubAdd29	RESOLUBLE	CC-BY-4.0	NO	0	OPENSTAX
a6014eaSubAdd3	RESOLUBLE	CC-BY-4.0	NO	0	OPENSTAX
a6014eaSubAdd30	RESOLUBLE	CC-BY-4.0	NO	0	OPENSTAX
a6014eaSubAdd31	RESOLUBLE	CC-BY-4.0	NO	0	OPENSTAX
a6014eaSubAdd32	RESOLUBLE	CC-BY-4.0	NO	0	OPENSTAX
a6014eaSubAdd33	RESOLUBLE	CC-BY-4.0	NO	0	OPENSTAX
a6014eaSubAdd4	RESOLUBLE	CC-BY-4.0	NO	0	OPENSTAX
a6014eaSubAdd5	RESOLUBLE	CC-BY-4.0	NO	0	OPENSTAX
a6014eaSubAdd6	RESOLUBLE	CC-BY-4.0	NO	0	OPENSTAX
a6014eaSubAdd7	RESOLUBLE	CC-BY-4.0	NO	0	OPENSTAX
a6014eaSubAdd8	RESOLUBLE	CC-BY-4.0	NO	0	OPENSTAX
a6014eaSubAdd9	RESOLUBLE	CC-BY-4.0	NO	0	OPENSTAX
a6050f0Rare1	RESOLUBLE	CC-BY-4.0	NO	0	OPENSTAX
a6050f0Rare2	RESOLUBLE	CC-BY-4.0	NO	0	OPENSTAX
a60909cdistprop1	AUSENTE	-	NO	0	OPENSTAX
a60909cdistprop10	AUSENTE	-	NO	0	OPENSTAX
a60909cdistprop11	AUSENTE	-	NO	0	OPENSTAX
a60909cdistprop12	AUSENTE	-	NO	0	OPENSTAX
a60909cdistprop13	AUSENTE	-	NO	0	OPENSTAX
a60909cdistprop14	AUSENTE	-	NO	0	OPENSTAX
a60909cdistprop15	AUSENTE	-	NO	0	OPENSTAX
a60909cdistprop2	AUSENTE	-	NO	0	OPENSTAX
a60909cdistprop3	AUSENTE	-	NO	0	OPENSTAX
a60909cdistprop4	AUSENTE	-	NO	0	OPENSTAX
a60909cdistprop5	AUSENTE	-	NO	0	OPENSTAX
a60909cdistprop6	AUSENTE	-	NO	0	OPENSTAX
a60909cdistprop7	AUSENTE	-	NO	0	OPENSTAX
a60909cdistprop8	AUSENTE	-	NO	0	OPENSTAX
a60909cdistprop9	AUSENTE	-	NO	0	OPENSTAX
a60a373solverat1	RESOLUBLE	CC-BY-4.0	NO	0	OPENSTAX
a60a373solverat10	RESOLUBLE	CC-BY-4.0	NO	0	OPENSTAX
a60a373solverat11	RESOLUBLE	CC-BY-4.0	NO	0	OPENSTAX
a60a373solverat12	RESOLUBLE	CC-BY-4.0	NO	0	OPENSTAX
a60a373solverat13	RESOLUBLE	CC-BY-4.0	NO	0	OPENSTAX
a60a373solverat14	RESOLUBLE	CC-BY-4.0	NO	0	OPENSTAX
a60a373solverat15	RESOLUBLE	CC-BY-4.0	NO	0	OPENSTAX
a60a373solverat16	RESOLUBLE	CC-BY-4.0	NO	0	OPENSTAX
a60a373solverat17	RESOLUBLE	CC-BY-4.0	NO	0	OPENSTAX
a60a373solverat18	RESOLUBLE	CC-BY-4.0	NO	0	OPENSTAX
a60a373solverat19	RESOLUBLE	CC-BY-4.0	NO	0	OPENSTAX
a60a373solverat2	RESOLUBLE	CC-BY-4.0	NO	0	OPENSTAX
a60a373solverat20	RESOLUBLE	CC-BY-4.0	NO	0	OPENSTAX
a60a373solverat21	RESOLUBLE	CC-BY-4.0	NO	0	OPENSTAX
a60a373solverat22	RESOLUBLE	CC-BY-4.0	NO	0	OPENSTAX
a60a373solverat23	RESOLUBLE	CC-BY-4.0	NO	0	OPENSTAX
a60a373solverat24	RESOLUBLE	CC-BY-4.0	NO	0	OPENSTAX
a60a373solverat25	RESOLUBLE	CC-BY-4.0	NO	0	OPENSTAX
a60a373solverat26	RESOLUBLE	CC-BY-4.0	NO	0	OPENSTAX
a60a373solverat27	RESOLUBLE	CC-BY-4.0	NO	0	OPENSTAX
a60a373solverat28	RESOLUBLE	CC-BY-4.0	NO	0	OPENSTAX
a60a373solverat3	RESOLUBLE	CC-BY-4.0	NO	0	OPENSTAX
a60a373solverat4	RESOLUBLE	CC-BY-4.0	NO	0	OPENSTAX
a60a373solverat5	RESOLUBLE	CC-BY-4.0	NO	0	OPENSTAX
a60a373solverat6	RESOLUBLE	CC-BY-4.0	NO	0	OPENSTAX
a60a373solverat7	RESOLUBLE	CC-BY-4.0	NO	0	OPENSTAX
a60a373solverat8	RESOLUBLE	CC-BY-4.0	NO	0	OPENSTAX
a60a373solverat9	RESOLUBLE	CC-BY-4.0	NO	0	OPENSTAX
a612a9eprop1	RESOLUBLE	CC-BY-4.0	NO	0	OPENSTAX
a612a9eprop10	RESOLUBLE	CC-BY-4.0	NO	0	OPENSTAX
a612a9eprop11	RESOLUBLE	CC-BY-4.0	NO	0	OPENSTAX
a612a9eprop12	RESOLUBLE	CC-BY-4.0	NO	0	OPENSTAX
a612a9eprop13	RESOLUBLE	CC-BY-4.0	NO	0	OPENSTAX
a612a9eprop14	RESOLUBLE	CC-BY-4.0	NO	0	OPENSTAX
a612a9eprop15	RESOLUBLE	CC-BY-4.0	NO	0	OPENSTAX
a612a9eprop3	RESOLUBLE	CC-BY-4.0	NO	0	OPENSTAX
a612a9eprop4	RESOLUBLE	CC-BY-4.0	NO	0	OPENSTAX
a612a9eprop5	RESOLUBLE	CC-BY-4.0	NO	0	OPENSTAX
a612a9eprop6	RESOLUBLE	CC-BY-4.0	NO	0	OPENSTAX
a612a9eprop7	RESOLUBLE	CC-BY-4.0	NO	0	OPENSTAX
a612a9eprop8	RESOLUBLE	CC-BY-4.0	SI	1	OPENSTAX
a612a9eprop9	RESOLUBLE	CC-BY-4.0	NO	0	OPENSTAX
a6143e5real1	RESOLUBLE	CC-BY-4.0	NO	0	OPENSTAX
a6143e5real10	RESOLUBLE	CC-BY-4.0	NO	0	OPENSTAX
a6143e5real11	RESOLUBLE	CC-BY-4.0	NO	0	OPENSTAX
a6143e5real12	RESOLUBLE	CC-BY-4.0	NO	0	OPENSTAX
a6143e5real13	RESOLUBLE	CC-BY-4.0	NO	0	OPENSTAX
a6143e5real14	RESOLUBLE	CC-BY-4.0	NO	0	OPENSTAX
a6143e5real15	RESOLUBLE	CC-BY-4.0	NO	0	OPENSTAX
a6143e5real16	RESOLUBLE	CC-BY-4.0	NO	0	OPENSTAX
a6143e5real17	RESOLUBLE	CC-BY-4.0	NO	0	OPENSTAX
a6143e5real18	RESOLUBLE	CC-BY-4.0	NO	0	OPENSTAX
a6143e5real19	RESOLUBLE	CC-BY-4.0	NO	0	OPENSTAX
a6143e5real2	RESOLUBLE	CC-BY-4.0	NO	0	OPENSTAX
a6143e5real20	RESOLUBLE	CC-BY-4.0	NO	0	OPENSTAX
a6143e5real21	RESOLUBLE	CC-BY-4.0	NO	0	OPENSTAX
a6143e5real22	RESOLUBLE	CC-BY-4.0	NO	0	OPENSTAX
a6143e5real23	RESOLUBLE	CC-BY-4.0	NO	0	OPENSTAX
a6143e5real24	RESOLUBLE	CC-BY-4.0	NO	0	OPENSTAX
a6143e5real25	RESOLUBLE	CC-BY-4.0	NO	0	OPENSTAX
a6143e5real3	RESOLUBLE	CC-BY-4.0	NO	0	OPENSTAX
a6143e5real4	RESOLUBLE	CC-BY-4.0	NO	0	OPENSTAX
a6143e5real5	RESOLUBLE	CC-BY-4.0	NO	0	OPENSTAX
a6143e5real6	RESOLUBLE	CC-BY-4.0	NO	0	OPENSTAX
a6143e5real7	RESOLUBLE	CC-BY-4.0	NO	0	OPENSTAX
a6143e5real8	RESOLUBLE	CC-BY-4.0	NO	0	OPENSTAX
a6143e5real9	RESOLUBLE	CC-BY-4.0	NO	0	OPENSTAX
a61c721rational1	RESOLUBLE	CC-BY-4.0	NO	0	OPENSTAX
a61c721rational10	RESOLUBLE	CC-BY-4.0	NO	0	OPENSTAX
a61c721rational11	RESOLUBLE	CC-BY-4.0	NO	0	OPENSTAX
a61c721rational12	RESOLUBLE	CC-BY-4.0	NO	0	OPENSTAX
a61c721rational13	RESOLUBLE	CC-BY-4.0	NO	0	OPENSTAX
a61c721rational14	RESOLUBLE	CC-BY-4.0	NO	0	OPENSTAX
a61c721rational15	RESOLUBLE	CC-BY-4.0	NO	0	OPENSTAX
a61c721rational16	RESOLUBLE	CC-BY-4.0	NO	0	OPENSTAX
a61c721rational17	RESOLUBLE	CC-BY-4.0	NO	0	OPENSTAX
a61c721rational18	RESOLUBLE	CC-BY-4.0	NO	0	OPENSTAX
a61c721rational19	RESOLUBLE	CC-BY-4.0	NO	0	OPENSTAX
a61c721rational2	RESOLUBLE	CC-BY-4.0	NO	0	OPENSTAX
a61c721rational20	RESOLUBLE	CC-BY-4.0	NO	0	OPENSTAX
a61c721rational21	RESOLUBLE	CC-BY-4.0	NO	0	OPENSTAX
a61c721rational22	AUSENTE	-	NO	0	OPENSTAX
a61c721rational3	RESOLUBLE	CC-BY-4.0	NO	0	OPENSTAX
a61c721rational4	RESOLUBLE	CC-BY-4.0	NO	0	OPENSTAX
a61c721rational5	RESOLUBLE	CC-BY-4.0	NO	0	OPENSTAX
a61c721rational6	RESOLUBLE	CC-BY-4.0	NO	0	OPENSTAX
a61c721rational7	RESOLUBLE	CC-BY-4.0	NO	0	OPENSTAX
a61c721rational8	RESOLUBLE	CC-BY-4.0	NO	0	OPENSTAX
a61c721rational9	RESOLUBLE	CC-BY-4.0	NO	0	OPENSTAX
a623746multistep1	AUSENTE	-	NO	0	OPENSTAX
a623746multistep10	AUSENTE	-	NO	0	OPENSTAX
a623746multistep11	AUSENTE	-	NO	0	OPENSTAX
a623746multistep12	AUSENTE	-	NO	0	OPENSTAX
a623746multistep13	AUSENTE	-	NO	0	OPENSTAX
a623746multistep14	AUSENTE	-	NO	0	OPENSTAX
a623746multistep15	AUSENTE	-	NO	0	OPENSTAX
a623746multistep16	AUSENTE	-	NO	0	OPENSTAX
a623746multistep17	AUSENTE	-	NO	0	OPENSTAX
a623746multistep18	AUSENTE	-	NO	0	OPENSTAX
a623746multistep19	AUSENTE	-	NO	0	OPENSTAX
a623746multistep2	AUSENTE	-	NO	0	OPENSTAX
a623746multistep3	AUSENTE	-	NO	0	OPENSTAX
a623746multistep4	AUSENTE	-	NO	0	OPENSTAX
a623746multistep5	AUSENTE	-	NO	0	OPENSTAX
a623746multistep6	AUSENTE	-	NO	0	OPENSTAX
a623746multistep7	AUSENTE	-	NO	0	OPENSTAX
a623746multistep8	AUSENTE	-	NO	0	OPENSTAX
a623746multistep9	AUSENTE	-	NO	0	OPENSTAX
a62d4a8factoring1	RESOLUBLE	CC-BY-4.0	NO	0	OPENSTAX
a62d4a8factoring10	RESOLUBLE	CC-BY-4.0	NO	0	OPENSTAX
a62d4a8factoring11	RESOLUBLE	CC-BY-4.0	NO	0	OPENSTAX
a62d4a8factoring12	RESOLUBLE	CC-BY-4.0	NO	0	OPENSTAX
a62d4a8factoring13	RESOLUBLE	CC-BY-4.0	NO	0	OPENSTAX
a62d4a8factoring14	RESOLUBLE	CC-BY-4.0	NO	0	OPENSTAX
a62d4a8factoring15	RESOLUBLE	CC-BY-4.0	NO	0	OPENSTAX
a62d4a8factoring16	RESOLUBLE	CC-BY-4.0	NO	0	OPENSTAX
a62d4a8factoring17	RESOLUBLE	CC-BY-4.0	NO	0	OPENSTAX
a62d4a8factoring18	RESOLUBLE	CC-BY-4.0	NO	0	OPENSTAX
a62d4a8factoring19	RESOLUBLE	CC-BY-4.0	NO	0	OPENSTAX
a62d4a8factoring2	RESOLUBLE	CC-BY-4.0	NO	0	OPENSTAX
a62d4a8factoring20	RESOLUBLE	CC-BY-4.0	NO	0	OPENSTAX
a62d4a8factoring21	RESOLUBLE	CC-BY-4.0	NO	0	OPENSTAX
a62d4a8factoring22	RESOLUBLE	CC-BY-4.0	NO	0	OPENSTAX
a62d4a8factoring23	RESOLUBLE	CC-BY-4.0	NO	0	OPENSTAX
a62d4a8factoring24	RESOLUBLE	CC-BY-4.0	NO	0	OPENSTAX
a62d4a8factoring25	RESOLUBLE	CC-BY-4.0	NO	0	OPENSTAX
a62d4a8factoring3	RESOLUBLE	CC-BY-4.0	NO	0	OPENSTAX
a62d4a8factoring4	RESOLUBLE	CC-BY-4.0	NO	0	OPENSTAX
a62d4a8factoring5	RESOLUBLE	CC-BY-4.0	NO	0	OPENSTAX
a62d4a8factoring6	RESOLUBLE	CC-BY-4.0	NO	0	OPENSTAX
a62d4a8factoring7	RESOLUBLE	CC-BY-4.0	NO	0	OPENSTAX
a62d4a8factoring8	RESOLUBLE	CC-BY-4.0	NO	0	OPENSTAX
a62d4a8factoring9	RESOLUBLE	CC-BY-4.0	NO	0	OPENSTAX
a634847gravitation1	AUSENTE	-	NO	0	OPENSTAX
a634847gravitation10	AUSENTE	-	NO	0	OPENSTAX
a634847gravitation11	AUSENTE	-	NO	0	OPENSTAX
a634847gravitation12	AUSENTE	-	NO	0	OPENSTAX
a634847gravitation13	AUSENTE	-	NO	0	OPENSTAX
a634847gravitation14	AUSENTE	-	NO	0	OPENSTAX
a634847gravitation15	AUSENTE	-	NO	0	OPENSTAX
a634847gravitation16	AUSENTE	-	NO	0	OPENSTAX
a634847gravitation17	AUSENTE	-	NO	0	OPENSTAX
a634847gravitation18	AUSENTE	-	NO	0	OPENSTAX
a634847gravitation19	AUSENTE	-	NO	0	OPENSTAX
a634847gravitation2	AUSENTE	-	NO	0	OPENSTAX
a634847gravitation20	AUSENTE	-	NO	0	OPENSTAX
a634847gravitation3	AUSENTE	-	NO	0	OPENSTAX
a634847gravitation4	AUSENTE	-	NO	0	OPENSTAX
a634847gravitation5	AUSENTE	-	NO	0	OPENSTAX
a634847gravitation6	AUSENTE	-	NO	0	OPENSTAX
a634847gravitation7	AUSENTE	-	NO	0	OPENSTAX
a634847gravitation8	AUSENTE	-	NO	0	OPENSTAX
a634847gravitation9	AUSENTE	-	NO	0	OPENSTAX
a6348524.4Jeremiah1	RESOLUBLE	CC-BY-4.0	NO	0	OPENSTAX
a6348524.4darts1	RESOLUBLE	CC-BY-4.0	NO	0	OPENSTAX
a6348524.4defective1	RESOLUBLE	CC-BY-4.0	NO	0	OPENSTAX
a6348524.4game1	RESOLUBLE	CC-BY-4.0	NO	0	OPENSTAX
a6348524.4instructor1	RESOLUBLE	CC-BY-4.0	NO	0	OPENSTAX
a6348524.4miata1	RESOLUBLE	CC-BY-4.0	NO	0	OPENSTAX
a6348524.4nearby1	RESOLUBLE	CC-BY-4.0	NO	0	OPENSTAX
a6348524.4pancrea1	RESOLUBLE	CC-BY-4.0	NO	0	OPENSTAX
a6348524.4singer1	RESOLUBLE	CC-BY-4.0	NO	0	OPENSTAX
a6348524.4social1	RESOLUBLE	CC-BY-4.0	NO	0	OPENSTAX
a6348524.4springs1	RESOLUBLE	CC-BY-4.0	NO	0	OPENSTAX
a6348524.4superbowl1	RESOLUBLE	CC-BY-4.0	NO	0	OPENSTAX
a6348524.4ucla1	RESOLUBLE	CC-BY-4.0	NO	0	OPENSTAX
a63563bnewton1	AUSENTE	-	NO	0	OPENSTAX
a63563bnewton10	AUSENTE	-	NO	0	OPENSTAX
a63563bnewton11	AUSENTE	-	NO	0	OPENSTAX
a63563bnewton12	AUSENTE	-	NO	0	OPENSTAX
a63563bnewton13	AUSENTE	-	NO	0	OPENSTAX
a63563bnewton14	AUSENTE	-	NO	0	OPENSTAX
a63563bnewton15	AUSENTE	-	NO	0	OPENSTAX
a63563bnewton16	AUSENTE	-	NO	0	OPENSTAX
a63563bnewton17	AUSENTE	-	NO	0	OPENSTAX
a63563bnewton18	AUSENTE	-	NO	0	OPENSTAX
a63563bnewton19	AUSENTE	-	NO	0	OPENSTAX
a63563bnewton2	AUSENTE	-	NO	0	OPENSTAX
a63563bnewton20	AUSENTE	-	NO	0	OPENSTAX
a63563bnewton21	AUSENTE	-	NO	0	OPENSTAX
a63563bnewton22	AUSENTE	-	NO	0	OPENSTAX
a63563bnewton23	AUSENTE	-	NO	0	OPENSTAX
a63563bnewton24	AUSENTE	-	NO	0	OPENSTAX
a63563bnewton25	AUSENTE	-	NO	0	OPENSTAX
a63563bnewton26	AUSENTE	-	NO	0	OPENSTAX
a63563bnewton27	AUSENTE	-	NO	0	OPENSTAX
a63563bnewton28	AUSENTE	-	NO	0	OPENSTAX
a63563bnewton29	AUSENTE	-	NO	0	OPENSTAX
a63563bnewton3	AUSENTE	-	NO	0	OPENSTAX
a63563bnewton30	AUSENTE	-	NO	0	OPENSTAX
a63563bnewton4	AUSENTE	-	NO	0	OPENSTAX
a63563bnewton5	AUSENTE	-	NO	0	OPENSTAX
a63563bnewton6	AUSENTE	-	NO	0	OPENSTAX
a63563bnewton7	AUSENTE	-	NO	0	OPENSTAX
a63563bnewton8	AUSENTE	-	NO	0	OPENSTAX
a63563bnewton9	AUSENTE	-	NO	0	OPENSTAX
a638351distmono1	AUSENTE	-	NO	0	OPENSTAX
a638351distmono10	AUSENTE	-	NO	0	OPENSTAX
a638351distmono11	AUSENTE	-	NO	0	OPENSTAX
a638351distmono12	AUSENTE	-	NO	0	OPENSTAX
a638351distmono13	AUSENTE	-	NO	0	OPENSTAX
a638351distmono14	AUSENTE	-	NO	0	OPENSTAX
a638351distmono15	AUSENTE	-	NO	0	OPENSTAX
a638351distmono2	AUSENTE	-	NO	0	OPENSTAX
a638351distmono3	AUSENTE	-	NO	0	OPENSTAX
a638351distmono4	AUSENTE	-	NO	0	OPENSTAX
a638351distmono5	AUSENTE	-	NO	0	OPENSTAX
a638351distmono6	AUSENTE	-	NO	0	OPENSTAX
a638351distmono7	AUSENTE	-	NO	0	OPENSTAX
a638351distmono8	AUSENTE	-	NO	0	OPENSTAX
a638351distmono9	AUSENTE	-	NO	0	OPENSTAX
a638e1chypo1	RESOLUBLE	CC-BY-4.0	NO	0	OPENSTAX
a638e1chypo2	RESOLUBLE	CC-BY-4.0	NO	0	OPENSTAX
a638e1chypo3	RESOLUBLE	CC-BY-4.0	NO	0	OPENSTAX
a638e1chypo4	RESOLUBLE	CC-BY-4.0	NO	0	OPENSTAX
a638e1chypo5	RESOLUBLE	CC-BY-4.0	NO	0	OPENSTAX
a638e1chypo6	RESOLUBLE	CC-BY-4.0	NO	0	OPENSTAX
a640c04F25M1Q1	NO-ES-CESION	https://ds100.org/sp26/assets/exams/fa25/fa25_final_sol.pdf	SI	1	NO-OPENSTAX
a640c04F25M1Q2	NO-ES-CESION	https://ds100.org/sp26/assets/exams/fa25/fa25_final_sol.pdf	SI	1	NO-OPENSTAX
a640c04S25FQ1B	NO-ES-CESION	https://ds100.org/sp26/assets/exams/fa25/fa25_final_sol.pdf	SI	4	NO-OPENSTAX
a640c04S25M1Q1C	NO-ES-CESION	https://ds100.org/sp26/assets/exams/fa25/fa25_final_sol.pdf	SI	1	NO-OPENSTAX
a640c04S25M1Q1D	NO-ES-CESION	https://ds100.org/sp26/assets/exams/fa25/fa25_final_sol.pdf	SI	5	NO-OPENSTAX
a640c04S25M1Q1E	NO-ES-CESION	https://ds100.org/sp26/assets/exams/fa25/fa25_final_sol.pdf	SI	7	NO-OPENSTAX
a640c04S25M1Q1G	NO-ES-CESION	https://ds100.org/sp26/assets/exams/fa25/fa25_final_sol.pdf	SI	3	NO-OPENSTAX
a640c04S25M1Q2B	NO-ES-CESION	https://ds100.org/sp26/assets/exams/fa25/fa25_final_sol.pdf	SI	5	NO-OPENSTAX
a640c04row4	NO-ES-CESION	https://ds100.org/sp26/assets/exams/fa25/fa25_final_sol.pdf	SI	10	NO-OPENSTAX
a640c04row5	NO-ES-CESION	https://ds100.org/sp26/assets/exams/fa25/fa25_final_sol.pdf	SI	5	NO-OPENSTAX
a640c04row6	NO-ES-CESION	https://ds100.org/sp26/assets/exams/fa25/fa25_final_sol.pdf	NO	0	NO-OPENSTAX
a640c04row7	NO-ES-CESION	https://ds100.org/sp26/assets/exams/fa25/fa25_final_sol.pdf	SI	4	NO-OPENSTAX
a642536polar1	RESOLUBLE	CC-BY-4.0	NO	0	OPENSTAX
a642536polar10	RESOLUBLE	CC-BY-4.0	NO	0	OPENSTAX
a642536polar11	RESOLUBLE	CC-BY-4.0	NO	0	OPENSTAX
a642536polar12	RESOLUBLE	CC-BY-4.0	NO	0	OPENSTAX
a642536polar13	RESOLUBLE	CC-BY-4.0	NO	0	OPENSTAX
a642536polar14	RESOLUBLE	CC-BY-4.0	NO	0	OPENSTAX
a642536polar15	RESOLUBLE	CC-BY-4.0	NO	0	OPENSTAX
a642536polar16	RESOLUBLE	CC-BY-4.0	NO	0	OPENSTAX
a642536polar17	RESOLUBLE	CC-BY-4.0	NO	0	OPENSTAX
a642536polar18	RESOLUBLE	CC-BY-4.0	NO	0	OPENSTAX
a642536polar19	RESOLUBLE	CC-BY-4.0	NO	0	OPENSTAX
a642536polar2	RESOLUBLE	CC-BY-4.0	NO	0	OPENSTAX
a642536polar20	RESOLUBLE	CC-BY-4.0	NO	0	OPENSTAX
a642536polar21	RESOLUBLE	CC-BY-4.0	NO	0	OPENSTAX
a642536polar22	RESOLUBLE	CC-BY-4.0	NO	0	OPENSTAX
a642536polar23	RESOLUBLE	CC-BY-4.0	NO	0	OPENSTAX
a642536polar24	RESOLUBLE	CC-BY-4.0	NO	0	OPENSTAX
a642536polar25	RESOLUBLE	CC-BY-4.0	NO	0	OPENSTAX
a642536polar27	RESOLUBLE	CC-BY-4.0	NO	0	OPENSTAX
a642536polar28	RESOLUBLE	CC-BY-4.0	NO	0	OPENSTAX
a642536polar3	RESOLUBLE	CC-BY-4.0	NO	0	OPENSTAX
a642536polar4	RESOLUBLE	CC-BY-4.0	NO	0	OPENSTAX
a642536polar5	RESOLUBLE	CC-BY-4.0	NO	0	OPENSTAX
a642536polar6	RESOLUBLE	CC-BY-4.0	NO	0	OPENSTAX
a642536polar7	RESOLUBLE	CC-BY-4.0	NO	0	OPENSTAX
a642536polar8	RESOLUBLE	CC-BY-4.0	NO	0	OPENSTAX
a642536polar9	RESOLUBLE	CC-BY-4.0	NO	0	OPENSTAX
a649252angle1	AUSENTE	-	NO	0	OPENSTAX
a649252angle13	AUSENTE	-	NO	0	OPENSTAX
a649252angle16	AUSENTE	-	NO	0	OPENSTAX
a649252angle17	AUSENTE	-	NO	0	OPENSTAX
a649252angle18	AUSENTE	-	NO	0	OPENSTAX
a649252angle19	AUSENTE	-	NO	0	OPENSTAX
a649252angle2	AUSENTE	-	NO	0	OPENSTAX
a649252angle20	AUSENTE	-	NO	0	OPENSTAX
a649252angle21	AUSENTE	-	NO	0	OPENSTAX
a649252angle22	AUSENTE	-	NO	0	OPENSTAX
a649252angle23	AUSENTE	-	NO	0	OPENSTAX
a649252angle24	AUSENTE	-	NO	0	OPENSTAX
a649252angle25	AUSENTE	-	NO	0	OPENSTAX
a649252angle26	AUSENTE	-	NO	0	OPENSTAX
a649252angle27	AUSENTE	-	NO	0	OPENSTAX
a649252angle28	AUSENTE	-	NO	0	OPENSTAX
a649252angle3	AUSENTE	-	NO	0	OPENSTAX
a649252angle30	AUSENTE	-	NO	0	OPENSTAX
a649252angle31	AUSENTE	-	NO	0	OPENSTAX
a649252angle32	AUSENTE	-	NO	0	OPENSTAX
a649252angle33	AUSENTE	-	NO	0	OPENSTAX
a649252angle34	AUSENTE	-	NO	0	OPENSTAX
a649252angle37	AUSENTE	-	NO	0	OPENSTAX
a649252angle38	AUSENTE	-	NO	0	OPENSTAX
a649252angle39	AUSENTE	-	NO	0	OPENSTAX
a649252angle4	AUSENTE	-	NO	0	OPENSTAX
a649252angle40	AUSENTE	-	NO	0	OPENSTAX
a649252angle41	AUSENTE	-	NO	0	OPENSTAX
a649252angle42	AUSENTE	-	NO	0	OPENSTAX
a649252angle43	AUSENTE	-	NO	0	OPENSTAX
a649252angle44	AUSENTE	-	NO	0	OPENSTAX
a649252angle45	AUSENTE	-	NO	0	OPENSTAX
a649252angle46	AUSENTE	-	NO	0	OPENSTAX
a649252angle49	AUSENTE	-	NO	0	OPENSTAX
a649252angle5	AUSENTE	-	NO	0	OPENSTAX
a649252angle50	AUSENTE	-	NO	0	OPENSTAX
a649252angle51	AUSENTE	-	NO	0	OPENSTAX
a649252angle52	RESOLUBLE	CC-BY-4.0	NO	0	OPENSTAX
a649252angle6	AUSENTE	-	NO	0	OPENSTAX
a649252angle7	AUSENTE	-	NO	0	OPENSTAX
a649252angle8	AUSENTE	-	NO	0	OPENSTAX
a649252angle9	AUSENTE	-	NO	0	OPENSTAX
a649fc5linear1	AUSENTE	-	SI	1	OPENSTAX
a649fc5linear12	AUSENTE	-	NO	0	OPENSTAX
a649fc5linear15	AUSENTE	-	NO	0	OPENSTAX
a649fc5linear18	AUSENTE	-	NO	0	OPENSTAX
a649fc5linear21	AUSENTE	-	NO	0	OPENSTAX
a649fc5linear6	AUSENTE	-	NO	0	OPENSTAX
a649fc5linear9	AUSENTE	-	NO	0	OPENSTAX
a65ae04inequalities1	RESOLUBLE	CC-BY-4.0	NO	0	OPENSTAX
a65ae04inequalities10	RESOLUBLE	CC-BY-4.0	NO	0	OPENSTAX
a65ae04inequalities11	RESOLUBLE	CC-BY-4.0	NO	0	OPENSTAX
a65ae04inequalities12	RESOLUBLE	CC-BY-4.0	NO	0	OPENSTAX
a65ae04inequalities13	RESOLUBLE	CC-BY-4.0	NO	0	OPENSTAX
a65ae04inequalities14	RESOLUBLE	CC-BY-4.0	NO	0	OPENSTAX
a65ae04inequalities15	RESOLUBLE	CC-BY-4.0	NO	0	OPENSTAX
a65ae04inequalities16	RESOLUBLE	CC-BY-4.0	NO	0	OPENSTAX
a65ae04inequalities17	RESOLUBLE	CC-BY-4.0	NO	0	OPENSTAX
a65ae04inequalities18	RESOLUBLE	CC-BY-4.0	NO	0	OPENSTAX
a65ae04inequalities19	RESOLUBLE	CC-BY-4.0	NO	0	OPENSTAX
a65ae04inequalities2	RESOLUBLE	CC-BY-4.0	NO	0	OPENSTAX
a65ae04inequalities20	RESOLUBLE	CC-BY-4.0	NO	0	OPENSTAX
a65ae04inequalities21	RESOLUBLE	CC-BY-4.0	NO	0	OPENSTAX
a65ae04inequalities22	RESOLUBLE	CC-BY-4.0	NO	0	OPENSTAX
a65ae04inequalities23	RESOLUBLE	CC-BY-4.0	NO	0	OPENSTAX
a65ae04inequalities24	RESOLUBLE	CC-BY-4.0	NO	0	OPENSTAX
a65ae04inequalities25	RESOLUBLE	CC-BY-4.0	NO	0	OPENSTAX
a65ae04inequalities26	RESOLUBLE	CC-BY-4.0	NO	0	OPENSTAX
a65ae04inequalities27	RESOLUBLE	CC-BY-4.0	NO	0	OPENSTAX
a65ae04inequalities28	RESOLUBLE	CC-BY-4.0	NO	0	OPENSTAX
a65ae04inequalities29	RESOLUBLE	CC-BY-4.0	NO	0	OPENSTAX
a65ae04inequalities3	RESOLUBLE	CC-BY-4.0	NO	0	OPENSTAX
a65ae04inequalities30	RESOLUBLE	CC-BY-4.0	NO	0	OPENSTAX
a65ae04inequalities4	RESOLUBLE	CC-BY-4.0	NO	0	OPENSTAX
a65ae04inequalities5	RESOLUBLE	CC-BY-4.0	NO	0	OPENSTAX
a65ae04inequalities6	RESOLUBLE	CC-BY-4.0	NO	0	OPENSTAX
a65ae04inequalities7	RESOLUBLE	CC-BY-4.0	NO	0	OPENSTAX
a65ae04inequalities8	RESOLUBLE	CC-BY-4.0	NO	0	OPENSTAX
a65ae04inequalities9	RESOLUBLE	CC-BY-4.0	NO	0	OPENSTAX
a6614c6sol1	RESOLUBLE	CC-BY-4.0	SI	1	OPENSTAX
a6614c6sol10	RESOLUBLE	CC-BY-4.0	SI	1	OPENSTAX
a6614c6sol11	RESOLUBLE	CC-BY-4.0	SI	1	OPENSTAX
a6614c6sol12	RESOLUBLE	CC-BY-4.0	SI	1	OPENSTAX
a6614c6sol13	RESOLUBLE	CC-BY-4.0	SI	1	OPENSTAX
a6614c6sol14	RESOLUBLE	CC-BY-4.0	SI	1	OPENSTAX
a6614c6sol15	RESOLUBLE	CC-BY-4.0	SI	1	OPENSTAX
a6614c6sol16	RESOLUBLE	CC-BY-4.0	SI	1	OPENSTAX
a6614c6sol17	RESOLUBLE	CC-BY-4.0	NO	0	OPENSTAX
a6614c6sol18	RESOLUBLE	CC-BY-4.0	NO	0	OPENSTAX
a6614c6sol19	RESOLUBLE	CC-BY-4.0	NO	0	OPENSTAX
a6614c6sol2	RESOLUBLE	CC-BY-4.0	SI	1	OPENSTAX
a6614c6sol20	RESOLUBLE	CC-BY-4.0	NO	0	OPENSTAX
a6614c6sol21	RESOLUBLE	CC-BY-4.0	NO	0	OPENSTAX
a6614c6sol22	RESOLUBLE	CC-BY-4.0	NO	0	OPENSTAX
a6614c6sol23	RESOLUBLE	CC-BY-4.0	NO	0	OPENSTAX
a6614c6sol24	RESOLUBLE	CC-BY-4.0	NO	0	OPENSTAX
a6614c6sol3	RESOLUBLE	CC-BY-4.0	SI	1	OPENSTAX
a6614c6sol4	RESOLUBLE	CC-BY-4.0	SI	1	OPENSTAX
a6614c6sol5	RESOLUBLE	CC-BY-4.0	SI	1	OPENSTAX
a6614c6sol6	RESOLUBLE	CC-BY-4.0	SI	1	OPENSTAX
a6614c6sol7	RESOLUBLE	CC-BY-4.0	SI	1	OPENSTAX
a6614c6sol8	RESOLUBLE	CC-BY-4.0	SI	1	OPENSTAX
a6614c6sol9	RESOLUBLE	CC-BY-4.0	SI	1	OPENSTAX
a662caelawsin10	AUSENTE	-	NO	0	OPENSTAX
a662caelawsin11	AUSENTE	-	NO	0	OPENSTAX
a662caelawsin12	AUSENTE	-	NO	0	OPENSTAX
a662caelawsin13	AUSENTE	-	NO	0	OPENSTAX
a662caelawsin14	AUSENTE	-	NO	0	OPENSTAX
a662caelawsin15	AUSENTE	-	NO	0	OPENSTAX
a662caelawsin16	AUSENTE	-	NO	0	OPENSTAX
a662caelawsin17	AUSENTE	-	NO	0	OPENSTAX
a662caelawsin2	AUSENTE	-	SI	1	OPENSTAX
a662caelawsin3	AUSENTE	-	SI	1	OPENSTAX
a662caelawsin4	AUSENTE	-	SI	1	OPENSTAX
a662caelawsin5	AUSENTE	-	NO	0	OPENSTAX
a662caelawsin6	AUSENTE	-	NO	0	OPENSTAX
a662caelawsin7	AUSENTE	-	NO	0	OPENSTAX
a662caelawsin8	AUSENTE	-	NO	0	OPENSTAX
a662caelawsin9	AUSENTE	-	NO	0	OPENSTAX
a664eb9bin1	RESOLUBLE	CC-BY-4.0	NO	0	OPENSTAX
a664eb9bin10	RESOLUBLE	CC-BY-4.0	SI	1	OPENSTAX
a664eb9bin11	RESOLUBLE	CC-BY-4.0	SI	1	OPENSTAX
a664eb9bin12	RESOLUBLE	CC-BY-4.0	NO	0	OPENSTAX
a664eb9bin13	RESOLUBLE	CC-BY-4.0	NO	0	OPENSTAX
a664eb9bin14	RESOLUBLE	CC-BY-4.0	NO	0	OPENSTAX
a664eb9bin15	RESOLUBLE	CC-BY-4.0	NO	0	OPENSTAX
a664eb9bin16	RESOLUBLE	CC-BY-4.0	NO	0	OPENSTAX
a664eb9bin17	RESOLUBLE	CC-BY-4.0	NO	0	OPENSTAX
a664eb9bin18	RESOLUBLE	CC-BY-4.0	NO	0	OPENSTAX
a664eb9bin19	RESOLUBLE	CC-BY-4.0	NO	0	OPENSTAX
a664eb9bin2	RESOLUBLE	CC-BY-4.0	NO	0	OPENSTAX
a664eb9bin20	RESOLUBLE	CC-BY-4.0	NO	0	OPENSTAX
a664eb9bin21	RESOLUBLE	CC-BY-4.0	SI	1	OPENSTAX
a664eb9bin22	RESOLUBLE	CC-BY-4.0	SI	1	OPENSTAX
a664eb9bin23	RESOLUBLE	CC-BY-4.0	SI	1	OPENSTAX
a664eb9bin24	RESOLUBLE	CC-BY-4.0	SI	1	OPENSTAX
a664eb9bin25	RESOLUBLE	CC-BY-4.0	SI	1	OPENSTAX
a664eb9bin26	RESOLUBLE	CC-BY-4.0	SI	1	OPENSTAX
a664eb9bin27	RESOLUBLE	CC-BY-4.0	SI	1	OPENSTAX
a664eb9bin28	RESOLUBLE	CC-BY-4.0	SI	1	OPENSTAX
a664eb9bin29	RESOLUBLE	CC-BY-4.0	SI	1	OPENSTAX
a664eb9bin3	RESOLUBLE	CC-BY-4.0	NO	0	OPENSTAX
a664eb9bin30	RESOLUBLE	CC-BY-4.0	SI	1	OPENSTAX
a664eb9bin4	RESOLUBLE	CC-BY-4.0	NO	0	OPENSTAX
a664eb9bin5	RESOLUBLE	CC-BY-4.0	NO	0	OPENSTAX
a664eb9bin6	RESOLUBLE	CC-BY-4.0	SI	1	OPENSTAX
a664eb9bin7	RESOLUBLE	CC-BY-4.0	SI	1	OPENSTAX
a664eb9bin8	RESOLUBLE	CC-BY-4.0	SI	1	OPENSTAX
a664eb9bin9	RESOLUBLE	CC-BY-4.0	SI	1	OPENSTAX
a666a84A213-exploginverse-P01	VERSION-SIN-VARIANTE	CC4.0	NO	0	NO-OPENSTAX
a666a84A213-exploginverse-P02	VERSION-SIN-VARIANTE	CC4.0	NO	0	NO-OPENSTAX
a666a84A213-exploginverse-P03	VERSION-SIN-VARIANTE	CC4.0	NO	0	NO-OPENSTAX
a666a84A213-exploginverse-P04	VERSION-SIN-VARIANTE	CC4.0	NO	0	NO-OPENSTAX
a666a84A213-exploginverse-P05	VERSION-SIN-VARIANTE	CC4.0	NO	0	NO-OPENSTAX
a666a84A213-exploginverse-P06	VERSION-SIN-VARIANTE	CC4.0	NO	0	NO-OPENSTAX
a666a84A213-exploginverse-P07	VERSION-SIN-VARIANTE	CC4.0	NO	0	NO-OPENSTAX
a666a84A213-exploginverse-P08	VERSION-SIN-VARIANTE	CC4.0	NO	0	NO-OPENSTAX
a666a84A213-exploginverse-P09	VERSION-SIN-VARIANTE	CC4.0	NO	0	NO-OPENSTAX
a666a84A213-exploginverse-P10	VERSION-SIN-VARIANTE	CC4.0	NO	0	NO-OPENSTAX
a666a84A213-exploginverse-P11	VERSION-SIN-VARIANTE	CC4.0	NO	0	NO-OPENSTAX
a666a84A213-exploginverse-P12	VERSION-SIN-VARIANTE	CC4.0	NO	0	NO-OPENSTAX
a666a84A213-exploginverse-P13	VERSION-SIN-VARIANTE	CC4.0	NO	0	NO-OPENSTAX
a666a84A213-exploginverse-P14	VERSION-SIN-VARIANTE	CC4.0	NO	0	NO-OPENSTAX
a666a84A213-exploginverse-P15	VERSION-SIN-VARIANTE	CC4.0	NO	0	NO-OPENSTAX
a66decea2d77b8chainrule1	RESOLUBLE	CC-BY-4.0	NO	0	NO-OPENSTAX
a66decea2d77b8chainrule11	RESOLUBLE	CC-BY-4.0	NO	0	NO-OPENSTAX
a66decea2d77b8chainrule12	RESOLUBLE	CC-BY-4.0	NO	0	NO-OPENSTAX
a66decea2d77b8chainrule14	RESOLUBLE	CC-BY-4.0	NO	0	NO-OPENSTAX
a66decea2d77b8chainrule2	RESOLUBLE	CC-BY-4.0	NO	0	NO-OPENSTAX
a66decea2d77b8chainrule3	RESOLUBLE	CC-BY-4.0	NO	0	NO-OPENSTAX
a66decea2d77b8chainrule4	RESOLUBLE	CC-BY-4.0	NO	0	NO-OPENSTAX
a66decea2d77b8chainrule6	RESOLUBLE	CC-BY-4.0	NO	0	NO-OPENSTAX
a66decea2d77b8chainrule7	RESOLUBLE	CC-BY-4.0	NO	0	NO-OPENSTAX
a66decea2d77b8chainrule8	RESOLUBLE	CC-BY-4.0	NO	0	NO-OPENSTAX
a675767Ellipses1	RESOLUBLE	CC-BY-4.0	SI	1	OPENSTAX
a675767Ellipses10	RESOLUBLE	CC-BY-4.0	NO	0	OPENSTAX
a675767Ellipses11	RESOLUBLE	CC-BY-4.0	NO	0	OPENSTAX
a675767Ellipses12	RESOLUBLE	CC-BY-4.0	NO	0	OPENSTAX
a675767Ellipses13	RESOLUBLE	CC-BY-4.0	SI	1	OPENSTAX
a675767Ellipses14	RESOLUBLE	CC-BY-4.0	NO	0	OPENSTAX
a675767Ellipses15	RESOLUBLE	CC-BY-4.0	NO	0	OPENSTAX
a675767Ellipses16	RESOLUBLE	CC-BY-4.0	NO	0	OPENSTAX
a675767Ellipses17	RESOLUBLE	CC-BY-4.0	SI	1	OPENSTAX
a675767Ellipses18	RESOLUBLE	CC-BY-4.0	SI	1	OPENSTAX
a675767Ellipses19	RESOLUBLE	CC-BY-4.0	SI	1	OPENSTAX
a675767Ellipses2	RESOLUBLE	CC-BY-4.0	SI	1	OPENSTAX
a675767Ellipses20	RESOLUBLE	CC-BY-4.0	SI	1	OPENSTAX
a675767Ellipses21	RESOLUBLE	CC-BY-4.0	SI	1	OPENSTAX
a675767Ellipses22	RESOLUBLE	CC-BY-4.0	SI	1	OPENSTAX
a675767Ellipses23	RESOLUBLE	CC-BY-4.0	SI	1	OPENSTAX
a675767Ellipses24	RESOLUBLE	CC-BY-4.0	SI	1	OPENSTAX
a675767Ellipses25	RESOLUBLE	CC-BY-4.0	SI	1	OPENSTAX
a675767Ellipses26	RESOLUBLE	CC-BY-4.0	NO	0	OPENSTAX
a675767Ellipses27	RESOLUBLE	CC-BY-4.0	SI	1	OPENSTAX
a675767Ellipses28	RESOLUBLE	CC-BY-4.0	SI	1	OPENSTAX
a675767Ellipses29	RESOLUBLE	CC-BY-4.0	NO	0	OPENSTAX
a675767Ellipses3	RESOLUBLE	CC-BY-4.0	SI	1	OPENSTAX
a675767Ellipses30	RESOLUBLE	CC-BY-4.0	SI	1	OPENSTAX
a675767Ellipses4	RESOLUBLE	CC-BY-4.0	NO	0	OPENSTAX
a675767Ellipses5	RESOLUBLE	CC-BY-4.0	NO	0	OPENSTAX
a675767Ellipses6	RESOLUBLE	CC-BY-4.0	NO	0	OPENSTAX
a675767Ellipses7	RESOLUBLE	CC-BY-4.0	NO	0	OPENSTAX
a675767Ellipses8	RESOLUBLE	CC-BY-4.0	NO	0	OPENSTAX
a675767Ellipses9	RESOLUBLE	CC-BY-4.0	NO	0	OPENSTAX
a67bbc4decimals20	RESOLUBLE	CC-BY-4.0	NO	0	OPENSTAX
a67bbc4decimals21	RESOLUBLE	CC-BY-4.0	NO	0	OPENSTAX
a67bbc4decimals22	RESOLUBLE	CC-BY-4.0	NO	0	OPENSTAX
a67bbc4decimals23	RESOLUBLE	CC-BY-4.0	NO	0	OPENSTAX
a67bbc4decimals24	RESOLUBLE	CC-BY-4.0	NO	0	OPENSTAX
a67bbc4decimals25	RESOLUBLE	CC-BY-4.0	NO	0	OPENSTAX
a67bbc4decimals26	RESOLUBLE	CC-BY-4.0	NO	0	OPENSTAX
a67bbc4decimals27	RESOLUBLE	CC-BY-4.0	NO	0	OPENSTAX
a67bbc4decimals28	RESOLUBLE	CC-BY-4.0	NO	0	OPENSTAX
a67bbc4decimals29	RESOLUBLE	CC-BY-4.0	NO	0	OPENSTAX
a67bbc4decimals30	RESOLUBLE	CC-BY-4.0	NO	0	OPENSTAX
a67bbc4decimals31	RESOLUBLE	CC-BY-4.0	NO	0	OPENSTAX
a67bbc4reducefrac1	AUSENTE	-	NO	0	NO-OPENSTAX
a67bbc4reducefrac2	AUSENTE	-	NO	0	NO-OPENSTAX
a67bbc4reducefrac3	AUSENTE	-	NO	0	NO-OPENSTAX
a67bbc4reducefrac4	AUSENTE	-	NO	0	NO-OPENSTAX
a67bbc4reducefrac5	AUSENTE	-	NO	0	NO-OPENSTAX
a67bbc4reducefrac6	AUSENTE	-	NO	0	NO-OPENSTAX
a67bbc4reducefrac7	AUSENTE	-	NO	0	NO-OPENSTAX
a67bbc4reducefrac8	AUSENTE	-	NO	0	NO-OPENSTAX
a69a61eineq1	AUSENTE	-	SI	2	OPENSTAX
a69a61eineq10	AUSENTE	-	SI	1	OPENSTAX
a69a61eineq11	AUSENTE	-	SI	1	OPENSTAX
a69a61eineq12	AUSENTE	-	SI	1	OPENSTAX
a69a61eineq13	AUSENTE	-	NO	0	OPENSTAX
a69a61eineq14	AUSENTE	-	NO	0	OPENSTAX
a69a61eineq15	AUSENTE	-	NO	0	OPENSTAX
a69a61eineq17	AUSENTE	-	NO	0	OPENSTAX
a69a61eineq18	AUSENTE	-	NO	0	OPENSTAX
a69a61eineq19	AUSENTE	-	NO	0	OPENSTAX
a69a61eineq2	AUSENTE	-	SI	1	OPENSTAX
a69a61eineq20	AUSENTE	-	NO	0	OPENSTAX
a69a61eineq21	AUSENTE	-	NO	0	OPENSTAX
a69a61eineq22	AUSENTE	-	NO	0	OPENSTAX
a69a61eineq3	AUSENTE	-	SI	1	OPENSTAX
a69a61eineq4	AUSENTE	-	SI	1	OPENSTAX
a69a61eineq5	AUSENTE	-	SI	1	OPENSTAX
a69a61eineq6	AUSENTE	-	SI	1	OPENSTAX
a69a61eineq7	AUSENTE	-	SI	1	OPENSTAX
a69a61eineq8	AUSENTE	-	SI	1	OPENSTAX
a69a61eineq9	AUSENTE	-	SI	1	OPENSTAX
a69a9c8rate1	RESOLUBLE	CC-BY-4.0	NO	0	OPENSTAX
a69a9c8rate10	RESOLUBLE	CC-BY-4.0	NO	0	OPENSTAX
a69a9c8rate11	RESOLUBLE	CC-BY-4.0	NO	0	OPENSTAX
a69a9c8rate12	RESOLUBLE	CC-BY-4.0	NO	0	OPENSTAX
a69a9c8rate13	RESOLUBLE	CC-BY-4.0	NO	0	OPENSTAX
a69a9c8rate14	RESOLUBLE	CC-BY-4.0	NO	0	OPENSTAX
a69a9c8rate15	RESOLUBLE	CC-BY-4.0	NO	0	OPENSTAX
a69a9c8rate16	RESOLUBLE	CC-BY-4.0	NO	0	OPENSTAX
a69a9c8rate17	RESOLUBLE	CC-BY-4.0	NO	0	OPENSTAX
a69a9c8rate18	RESOLUBLE	CC-BY-4.0	NO	0	OPENSTAX
a69a9c8rate19	RESOLUBLE	CC-BY-4.0	NO	0	OPENSTAX
a69a9c8rate2	RESOLUBLE	CC-BY-4.0	NO	0	OPENSTAX
a69a9c8rate20	RESOLUBLE	CC-BY-4.0	NO	0	OPENSTAX
a69a9c8rate3	RESOLUBLE	CC-BY-4.0	NO	0	OPENSTAX
a69a9c8rate4	RESOLUBLE	CC-BY-4.0	NO	0	OPENSTAX
a69a9c8rate5	RESOLUBLE	CC-BY-4.0	NO	0	OPENSTAX
a69a9c8rate6	RESOLUBLE	CC-BY-4.0	NO	0	OPENSTAX
a69a9c8rate7	RESOLUBLE	CC-BY-4.0	NO	0	OPENSTAX
a69a9c8rate8	RESOLUBLE	CC-BY-4.0	NO	0	OPENSTAX
a69a9c8rate9	RESOLUBLE	CC-BY-4.0	NO	0	OPENSTAX
a69a9c8rates1	RESOLUBLE	CC-BY-4.0	SI	1	OPENSTAX
a69a9c8rates2	RESOLUBLE	CC-BY-4.0	NO	0	OPENSTAX
a69a9c8rates3	RESOLUBLE	CC-BY-4.0	NO	0	OPENSTAX
a69a9c8rates4	RESOLUBLE	CC-BY-4.0	NO	0	OPENSTAX
a69a9c8rates5	RESOLUBLE	CC-BY-4.0	SI	1	OPENSTAX
a69a9c8rates6	RESOLUBLE	CC-BY-4.0	SI	1	OPENSTAX
a69a9c8rates7	RESOLUBLE	CC-BY-4.0	SI	1	OPENSTAX
a6a1924multprop1	AUSENTE	-	NO	0	OPENSTAX
a6a1924multprop10	AUSENTE	-	NO	0	OPENSTAX
a6a1924multprop11	AUSENTE	-	NO	0	OPENSTAX
a6a1924multprop12	AUSENTE	-	NO	0	OPENSTAX
a6a1924multprop13	AUSENTE	-	NO	0	OPENSTAX
a6a1924multprop14	AUSENTE	-	NO	0	OPENSTAX
a6a1924multprop15	AUSENTE	-	NO	0	OPENSTAX
a6a1924multprop2	AUSENTE	-	NO	0	OPENSTAX
a6a1924multprop3	AUSENTE	-	NO	0	OPENSTAX
a6a1924multprop4	AUSENTE	-	NO	0	OPENSTAX
a6a1924multprop5	AUSENTE	-	NO	0	OPENSTAX
a6a1924multprop6	AUSENTE	-	NO	0	OPENSTAX
a6a1924multprop9	AUSENTE	-	NO	0	OPENSTAX
a6a6a73inverse1	RESOLUBLE	CC-BY-4.0	NO	0	OPENSTAX
a6a6a73inverse10	RESOLUBLE	CC-BY-4.0	NO	0	OPENSTAX
a6a6a73inverse11	RESOLUBLE	CC-BY-4.0	NO	0	OPENSTAX
a6a6a73inverse12	RESOLUBLE	CC-BY-4.0	NO	0	OPENSTAX
a6a6a73inverse13	RESOLUBLE	CC-BY-4.0	NO	0	OPENSTAX
a6a6a73inverse14	RESOLUBLE	CC-BY-4.0	NO	0	OPENSTAX
a6a6a73inverse15	RESOLUBLE	CC-BY-4.0	NO	0	OPENSTAX
a6a6a73inverse16	RESOLUBLE	CC-BY-4.0	NO	0	OPENSTAX
a6a6a73inverse17	RESOLUBLE	CC-BY-4.0	NO	0	OPENSTAX
a6a6a73inverse18	RESOLUBLE	CC-BY-4.0	NO	0	OPENSTAX
a6a6a73inverse19	RESOLUBLE	CC-BY-4.0	NO	0	OPENSTAX
a6a6a73inverse2	RESOLUBLE	CC-BY-4.0	NO	0	OPENSTAX
a6a6a73inverse20	RESOLUBLE	CC-BY-4.0	NO	0	OPENSTAX
a6a6a73inverse21	RESOLUBLE	CC-BY-4.0	NO	0	OPENSTAX
a6a6a73inverse22	RESOLUBLE	CC-BY-4.0	NO	0	OPENSTAX
a6a6a73inverse23	RESOLUBLE	CC-BY-4.0	NO	0	OPENSTAX
a6a6a73inverse24	RESOLUBLE	CC-BY-4.0	NO	0	OPENSTAX
a6a6a73inverse25	RESOLUBLE	CC-BY-4.0	NO	0	OPENSTAX
a6a6a73inverse26	RESOLUBLE	CC-BY-4.0	NO	0	OPENSTAX
a6a6a73inverse27	RESOLUBLE	CC-BY-4.0	NO	0	OPENSTAX
a6a6a73inverse28	RESOLUBLE	CC-BY-4.0	NO	0	OPENSTAX
a6a6a73inverse29	RESOLUBLE	CC-BY-4.0	NO	0	OPENSTAX
a6a6a73inverse3	RESOLUBLE	CC-BY-4.0	NO	0	OPENSTAX
a6a6a73inverse30	RESOLUBLE	CC-BY-4.0	NO	0	OPENSTAX
a6a6a73inverse4	RESOLUBLE	CC-BY-4.0	NO	0	OPENSTAX
a6a6a73inverse5	RESOLUBLE	CC-BY-4.0	NO	0	OPENSTAX
a6a6a73inverse6	RESOLUBLE	CC-BY-4.0	NO	0	OPENSTAX
a6a6a73inverse7	RESOLUBLE	CC-BY-4.0	NO	0	OPENSTAX
a6a6a73inverse8	RESOLUBLE	CC-BY-4.0	NO	0	OPENSTAX
a6a6a73inverse9	RESOLUBLE	CC-BY-4.0	NO	0	OPENSTAX
a6a9476geo2	RESOLUBLE	CC-BY-4.0	NO	0	OPENSTAX
a6a9476geo3	RESOLUBLE	CC-BY-4.0	NO	0	OPENSTAX
a6b05b8poly1	AUSENTE	-	NO	0	OPENSTAX
a6b05b8poly10	AUSENTE	-	NO	0	OPENSTAX
a6b05b8poly11	AUSENTE	-	NO	0	OPENSTAX
a6b05b8poly12	AUSENTE	-	NO	0	OPENSTAX
a6b05b8poly13	AUSENTE	-	NO	0	OPENSTAX
a6b05b8poly14	AUSENTE	-	NO	0	OPENSTAX
a6b05b8poly15	AUSENTE	-	NO	0	OPENSTAX
a6b05b8poly2	AUSENTE	-	NO	0	OPENSTAX
a6b05b8poly3	AUSENTE	-	NO	0	OPENSTAX
a6b05b8poly4	AUSENTE	-	NO	0	OPENSTAX
a6b05b8poly5	AUSENTE	-	NO	0	OPENSTAX
a6b05b8poly6	AUSENTE	-	NO	0	OPENSTAX
a6b05b8poly7	AUSENTE	-	NO	0	OPENSTAX
a6b05b8poly8	AUSENTE	-	NO	0	OPENSTAX
a6b05b8poly9	AUSENTE	-	NO	0	OPENSTAX
a6b9f29radfunc1	RESOLUBLE	CC-BY-4.0	NO	0	OPENSTAX
a6b9f29radfunc10	RESOLUBLE	CC-BY-4.0	NO	0	OPENSTAX
a6b9f29radfunc11	RESOLUBLE	CC-BY-4.0	NO	0	OPENSTAX
a6b9f29radfunc12	RESOLUBLE	CC-BY-4.0	NO	0	OPENSTAX
a6b9f29radfunc13	RESOLUBLE	CC-BY-4.0	NO	0	OPENSTAX
a6b9f29radfunc14	RESOLUBLE	CC-BY-4.0	NO	0	OPENSTAX
a6b9f29radfunc15	RESOLUBLE	CC-BY-4.0	NO	0	OPENSTAX
a6b9f29radfunc16	RESOLUBLE	CC-BY-4.0	NO	0	OPENSTAX
a6b9f29radfunc17	RESOLUBLE	CC-BY-4.0	NO	0	OPENSTAX
a6b9f29radfunc18	RESOLUBLE	CC-BY-4.0	NO	0	OPENSTAX
a6b9f29radfunc19	RESOLUBLE	CC-BY-4.0	NO	0	OPENSTAX
a6b9f29radfunc2	RESOLUBLE	CC-BY-4.0	NO	0	OPENSTAX
a6b9f29radfunc20	RESOLUBLE	CC-BY-4.0	NO	0	OPENSTAX
a6b9f29radfunc21	RESOLUBLE	CC-BY-4.0	NO	0	OPENSTAX
a6b9f29radfunc22	RESOLUBLE	CC-BY-4.0	NO	0	OPENSTAX
a6b9f29radfunc23	RESOLUBLE	CC-BY-4.0	NO	0	OPENSTAX
a6b9f29radfunc24	RESOLUBLE	CC-BY-4.0	NO	0	OPENSTAX
a6b9f29radfunc25	RESOLUBLE	CC-BY-4.0	NO	0	OPENSTAX
a6b9f29radfunc26	RESOLUBLE	CC-BY-4.0	NO	0	OPENSTAX
a6b9f29radfunc27	RESOLUBLE	CC-BY-4.0	NO	0	OPENSTAX
a6b9f29radfunc28	RESOLUBLE	CC-BY-4.0	NO	0	OPENSTAX
a6b9f29radfunc29	RESOLUBLE	CC-BY-4.0	NO	0	OPENSTAX
a6b9f29radfunc3	RESOLUBLE	CC-BY-4.0	NO	0	OPENSTAX
a6b9f29radfunc4	RESOLUBLE	CC-BY-4.0	NO	0	OPENSTAX
a6b9f29radfunc5	RESOLUBLE	CC-BY-4.0	NO	0	OPENSTAX
a6b9f29radfunc6	RESOLUBLE	CC-BY-4.0	NO	0	OPENSTAX
a6b9f29radfunc7	RESOLUBLE	CC-BY-4.0	NO	0	OPENSTAX
a6b9f29radfunc8	RESOLUBLE	CC-BY-4.0	NO	0	OPENSTAX
a6b9f29radfunc9	RESOLUBLE	CC-BY-4.0	NO	0	OPENSTAX
a6c1cc5T311-invtrigdef-P01	VERSION-SIN-VARIANTE	CC4.0	SI	1	NO-OPENSTAX
a6c1cc5T311-invtrigdef-P02	VERSION-SIN-VARIANTE	CC4.0	SI	1	NO-OPENSTAX
a6c1cc5T311-invtrigdef-P03	VERSION-SIN-VARIANTE	CC4.0	SI	2	NO-OPENSTAX
a6c1cc5T311-invtrigdef-P04	VERSION-SIN-VARIANTE	CC4.0	SI	1	NO-OPENSTAX
a6c1cc5T311-invtrigdef-P05	VERSION-SIN-VARIANTE	CC4.0	SI	1	NO-OPENSTAX
a6c9e74DerivativeFunction1	AUSENTE	-	NO	0	OPENSTAX
a6c9e74DerivativeFunction10	AUSENTE	-	NO	0	OPENSTAX
a6c9e74DerivativeFunction11	AUSENTE	-	NO	0	OPENSTAX
a6c9e74DerivativeFunction12	AUSENTE	-	NO	0	OPENSTAX
a6c9e74DerivativeFunction13	AUSENTE	-	NO	0	OPENSTAX
a6c9e74DerivativeFunction14	AUSENTE	-	NO	0	OPENSTAX
a6c9e74DerivativeFunction15	AUSENTE	-	NO	0	OPENSTAX
a6c9e74DerivativeFunction2	AUSENTE	-	NO	0	OPENSTAX
a6c9e74DerivativeFunction3	AUSENTE	-	NO	0	OPENSTAX
a6c9e74DerivativeFunction4	AUSENTE	-	NO	0	OPENSTAX
a6c9e74DerivativeFunction5	AUSENTE	-	NO	0	OPENSTAX
a6c9e74DerivativeFunction6	AUSENTE	-	NO	0	OPENSTAX
a6c9e74DerivativeFunction7	AUSENTE	-	NO	0	OPENSTAX
a6c9e74DerivativeFunction8	AUSENTE	-	NO	0	OPENSTAX
a6c9e74DerivativeFunction9	AUSENTE	-	NO	0	OPENSTAX
a6c9e74def1	AUSENTE	-	NO	0	OPENSTAX
a6c9e74def10	AUSENTE	-	NO	0	OPENSTAX
a6c9e74def11	AUSENTE	-	NO	0	OPENSTAX
a6c9e74def12	AUSENTE	-	NO	0	OPENSTAX
a6c9e74def13	AUSENTE	-	NO	0	OPENSTAX
a6c9e74def14	AUSENTE	-	NO	0	OPENSTAX
a6c9e74def15	AUSENTE	-	NO	0	OPENSTAX
a6c9e74def16	AUSENTE	-	NO	0	OPENSTAX
a6c9e74def17	AUSENTE	-	NO	0	OPENSTAX
a6c9e74def18	AUSENTE	-	SI	1	OPENSTAX
a6c9e74def19	AUSENTE	-	SI	1	OPENSTAX
a6c9e74def2	AUSENTE	-	NO	0	OPENSTAX
a6c9e74def20	AUSENTE	-	NO	0	OPENSTAX
a6c9e74def21	AUSENTE	-	NO	0	OPENSTAX
a6c9e74def22	AUSENTE	-	SI	1	OPENSTAX
a6c9e74def23	AUSENTE	-	NO	0	OPENSTAX
a6c9e74def24	AUSENTE	-	NO	0	OPENSTAX
a6c9e74def25	AUSENTE	-	NO	0	OPENSTAX
a6c9e74def26	AUSENTE	-	NO	0	OPENSTAX
a6c9e74def3	AUSENTE	-	NO	0	OPENSTAX
a6c9e74def4	AUSENTE	-	NO	0	OPENSTAX
a6c9e74def5	AUSENTE	-	NO	0	OPENSTAX
a6c9e74def6	AUSENTE	-	NO	0	OPENSTAX
a6c9e74def7	AUSENTE	-	NO	0	OPENSTAX
a6c9e74def8	AUSENTE	-	NO	0	OPENSTAX
a6c9e74def9	AUSENTE	-	NO	0	OPENSTAX
a6ca47dc4	AUSENTE	-	NO	0	OPENSTAX
a6ca47dc5	AUSENTE	-	NO	0	OPENSTAX
a6ca47ddomain12	RESOLUBLE	CC-BY-4.0	NO	0	OPENSTAX
a6ca47dlimit11	AUSENTE	-	SI	1	OPENSTAX
a6ca47dradfunc2	RESOLUBLE	CC-BY-4.0	NO	0	OPENSTAX
a6ca47drational13	RESOLUBLE	CC-BY-4.0	NO	0	OPENSTAX
a6ca47dtrig14	AUSENTE	-	NO	0	OPENSTAX
a6cbbb5deriv18	AUSENTE	-	SI	1	OPENSTAX
a6cbbb5deriv2	AUSENTE	-	NO	0	OPENSTAX
a6cbbb5deriv20	AUSENTE	-	SI	1	OPENSTAX
a6cbbb5deriv3	AUSENTE	-	SI	1	OPENSTAX
a6cbbb5deriv4	AUSENTE	-	SI	1	OPENSTAX
a6cbbb5deriv5	AUSENTE	-	SI	1	OPENSTAX
a6cbbb5deriv6	AUSENTE	-	SI	1	OPENSTAX
a6cbbb5deriv7	AUSENTE	-	SI	1	OPENSTAX
a6cbbb5deriv8	AUSENTE	-	SI	1	OPENSTAX
a6cf981T222-identanglesum-P01	AUSENTE	-	NO	0	NO-OPENSTAX
a6cf981T222-identanglesum-P02	AUSENTE	-	NO	0	NO-OPENSTAX
a6cf981T222-identanglesum-P03	AUSENTE	-	NO	0	NO-OPENSTAX
a6cf981T222-identanglesum-P04	AUSENTE	-	NO	0	NO-OPENSTAX
a6cf981T222-identanglesum-P05	AUSENTE	-	NO	0	NO-OPENSTAX
a6cf981T222-identanglesum-P06	AUSENTE	-	NO	0	NO-OPENSTAX
a6cf981T222-identanglesum-P07	AUSENTE	-	NO	0	NO-OPENSTAX
a6cf981T222-identanglesum-P08	AUSENTE	-	NO	0	NO-OPENSTAX
a6cf981T222-identanglesum-P09	AUSENTE	-	NO	0	NO-OPENSTAX
a6cf981T222-identanglesum-P10	AUSENTE	-	NO	0	NO-OPENSTAX
a6cf981T222-identanglesum-P11	AUSENTE	-	NO	0	NO-OPENSTAX
a6cf981T222-identanglesum-P12	AUSENTE	-	NO	0	NO-OPENSTAX
a6cf981T222-identanglesum-P13	AUSENTE	-	NO	0	NO-OPENSTAX
a6d0007exp1	RESOLUBLE	CC-BY-4.0	NO	0	OPENSTAX
a6d0007exp10	RESOLUBLE	CC-BY-4.0	NO	0	OPENSTAX
a6d0007exp11	RESOLUBLE	CC-BY-4.0	NO	0	OPENSTAX
a6d0007exp12	RESOLUBLE	CC-BY-4.0	NO	0	OPENSTAX
a6d0007exp13	RESOLUBLE	CC-BY-4.0	NO	0	OPENSTAX
a6d0007exp14	RESOLUBLE	CC-BY-4.0	NO	0	OPENSTAX
a6d0007exp15	RESOLUBLE	CC-BY-4.0	NO	0	OPENSTAX
a6d0007exp16	RESOLUBLE	CC-BY-4.0	NO	0	OPENSTAX
a6d0007exp17	RESOLUBLE	CC-BY-4.0	NO	0	OPENSTAX
a6d0007exp18	RESOLUBLE	CC-BY-4.0	NO	0	OPENSTAX
a6d0007exp19	RESOLUBLE	CC-BY-4.0	NO	0	OPENSTAX
a6d0007exp2	RESOLUBLE	CC-BY-4.0	NO	0	OPENSTAX
a6d0007exp20	RESOLUBLE	CC-BY-4.0	NO	0	OPENSTAX
a6d0007exp21	RESOLUBLE	CC-BY-4.0	NO	0	OPENSTAX
a6d0007exp22	RESOLUBLE	CC-BY-4.0	NO	0	OPENSTAX
a6d0007exp23	RESOLUBLE	CC-BY-4.0	NO	0	OPENSTAX
a6d0007exp24	RESOLUBLE	CC-BY-4.0	NO	0	OPENSTAX
a6d0007exp25	RESOLUBLE	CC-BY-4.0	NO	0	OPENSTAX
a6d0007exp3	RESOLUBLE	CC-BY-4.0	NO	0	OPENSTAX
a6d0007exp4	RESOLUBLE	CC-BY-4.0	NO	0	OPENSTAX
a6d0007exp5	RESOLUBLE	CC-BY-4.0	NO	0	OPENSTAX
a6d0007exp6	RESOLUBLE	CC-BY-4.0	NO	0	OPENSTAX
a6d0007exp7	RESOLUBLE	CC-BY-4.0	NO	0	OPENSTAX
a6d0007exp8	RESOLUBLE	CC-BY-4.0	NO	0	OPENSTAX
a6d0007exp9	RESOLUBLE	CC-BY-4.0	NO	0	OPENSTAX
a6d440d7.3q1	RESOLUBLE	CC-BY-4.0	NO	0	OPENSTAX
a6d440d7.3q10	RESOLUBLE	CC-BY-4.0	NO	0	OPENSTAX
a6d440d7.3q11	RESOLUBLE	CC-BY-4.0	NO	0	OPENSTAX
a6d440d7.3q12	RESOLUBLE	CC-BY-4.0	NO	0	OPENSTAX
a6d440d7.3q13	RESOLUBLE	CC-BY-4.0	NO	0	OPENSTAX
a6d440d7.3q14	RESOLUBLE	CC-BY-4.0	NO	0	OPENSTAX
a6d440d7.3q15	RESOLUBLE	CC-BY-4.0	NO	0	OPENSTAX
a6d440d7.3q2	RESOLUBLE	CC-BY-4.0	NO	0	OPENSTAX
a6d440d7.3q3	RESOLUBLE	CC-BY-4.0	NO	0	OPENSTAX
a6d440d7.3q4	RESOLUBLE	CC-BY-4.0	NO	0	OPENSTAX
a6d440d7.3q5	RESOLUBLE	CC-BY-4.0	NO	0	OPENSTAX
a6d440d7.3q6	RESOLUBLE	CC-BY-4.0	NO	0	OPENSTAX
a6d440d7.3q7	RESOLUBLE	CC-BY-4.0	NO	0	OPENSTAX
a6d440d7.3q8	RESOLUBLE	CC-BY-4.0	NO	0	OPENSTAX
a6d440d7.3q9	RESOLUBLE	CC-BY-4.0	NO	0	OPENSTAX
a6dd06fA131-fracequiv-P01	VERSION-SIN-VARIANTE	CC4.0	NO	0	NO-OPENSTAX
a6dd06fA131-fracequiv-P02	VERSION-SIN-VARIANTE	CC4.0	NO	0	NO-OPENSTAX
a6dd06fA131-fracequiv-P03	VERSION-SIN-VARIANTE	CC4.0	NO	0	NO-OPENSTAX
a6dd06fA131-fracequiv-P04	VERSION-SIN-VARIANTE	CC4.0	NO	0	NO-OPENSTAX
a6dd06fA131-fracequiv-P05	VERSION-SIN-VARIANTE	CC4.0	NO	0	NO-OPENSTAX
a6dd06fA131-fracequiv-P06	VERSION-SIN-VARIANTE	CC4.0	NO	0	NO-OPENSTAX
a6dd06fA131-fracequiv-P07	AUSENTE	-	NO	0	NO-OPENSTAX
a6dd06fA131-fracequiv-P08	AUSENTE	-	NO	0	NO-OPENSTAX
a6dd06fA131-fracequiv-P09	AUSENTE	-	NO	0	NO-OPENSTAX
a6dd06fA131-fracequiv-P10	AUSENTE	-	NO	0	NO-OPENSTAX
a6dd06fA131-fracequiv-P11	AUSENTE	-	NO	0	NO-OPENSTAX
a6dd06fA131-fracequiv-P12	AUSENTE	-	NO	0	NO-OPENSTAX
a6dd06fA131-fracequiv-P13	VERSION-SIN-VARIANTE	CC4.0	NO	0	NO-OPENSTAX
a6dd06fA131-fracequiv-P14	VERSION-SIN-VARIANTE	CC4.0	NO	0	NO-OPENSTAX
a6deb51T321-invtriggraph-P01	VERSION-SIN-VARIANTE	CC4.0	SI	2	NO-OPENSTAX
a6deb51T321-invtriggraph-P02	VERSION-SIN-VARIANTE	CC4.0	SI	2	NO-OPENSTAX
a6deb51T321-invtriggraph-P03	VERSION-SIN-VARIANTE	CC4.0	NO	0	NO-OPENSTAX
a6deb51T321-invtriggraph-P04	VERSION-SIN-VARIANTE	CC4.0	SI	1	NO-OPENSTAX
a6deb51T321-invtriggraph-P05	VERSION-SIN-VARIANTE	CC4.0	SI	1	NO-OPENSTAX
a6deb51T321-invtriggraph-P06	VERSION-SIN-VARIANTE	CC4.0	SI	1	NO-OPENSTAX
a6deb51T321-invtriggraph-P07	VERSION-SIN-VARIANTE	CC4.0	NO	0	NO-OPENSTAX
a6deb51T321-invtriggraph-P08	VERSION-SIN-VARIANTE	CC4.0	NO	0	NO-OPENSTAX
a6dffedreal1	RESOLUBLE	CC-BY-4.0	NO	0	OPENSTAX
a6dffedreal10	RESOLUBLE	CC-BY-4.0	NO	0	OPENSTAX
a6dffedreal11	RESOLUBLE	CC-BY-4.0	NO	0	OPENSTAX
a6dffedreal12	RESOLUBLE	CC-BY-4.0	NO	0	OPENSTAX
a6dffedreal13	RESOLUBLE	CC-BY-4.0	NO	0	OPENSTAX
a6dffedreal14	RESOLUBLE	CC-BY-4.0	NO	0	OPENSTAX
a6dffedreal15	RESOLUBLE	CC-BY-4.0	NO	0	OPENSTAX
a6dffedreal16	RESOLUBLE	CC-BY-4.0	NO	0	OPENSTAX
a6dffedreal17	RESOLUBLE	CC-BY-4.0	NO	0	OPENSTAX
a6dffedreal18	RESOLUBLE	CC-BY-4.0	NO	0	OPENSTAX
a6dffedreal19	RESOLUBLE	CC-BY-4.0	NO	0	OPENSTAX
a6dffedreal2	RESOLUBLE	CC-BY-4.0	NO	0	OPENSTAX
a6dffedreal20	RESOLUBLE	CC-BY-4.0	NO	0	OPENSTAX
a6dffedreal21	RESOLUBLE	CC-BY-4.0	NO	0	OPENSTAX
a6dffedreal22	RESOLUBLE	CC-BY-4.0	NO	0	OPENSTAX
a6dffedreal23	RESOLUBLE	CC-BY-4.0	NO	0	OPENSTAX
a6dffedreal24	RESOLUBLE	CC-BY-4.0	NO	0	OPENSTAX
a6dffedreal25	RESOLUBLE	CC-BY-4.0	NO	0	OPENSTAX
a6dffedreal26	RESOLUBLE	CC-BY-4.0	NO	0	OPENSTAX
a6dffedreal27	RESOLUBLE	CC-BY-4.0	NO	0	OPENSTAX
a6dffedreal28	RESOLUBLE	CC-BY-4.0	NO	0	OPENSTAX
a6dffedreal29	RESOLUBLE	CC-BY-4.0	NO	0	OPENSTAX
a6dffedreal3	RESOLUBLE	CC-BY-4.0	NO	0	OPENSTAX
a6dffedreal30	RESOLUBLE	CC-BY-4.0	NO	0	OPENSTAX
a6dffedreal4	RESOLUBLE	CC-BY-4.0	SI	1	OPENSTAX
a6dffedreal5	RESOLUBLE	CC-BY-4.0	NO	0	OPENSTAX
a6dffedreal6	RESOLUBLE	CC-BY-4.0	NO	0	OPENSTAX
a6dffedreal7	RESOLUBLE	CC-BY-4.0	NO	0	OPENSTAX
a6dffedreal8	RESOLUBLE	CC-BY-4.0	NO	0	OPENSTAX
a6dffedreal9	RESOLUBLE	CC-BY-4.0	NO	0	OPENSTAX
a6e12dcextrema1	AUSENTE	-	NO	0	OPENSTAX
a6e12dcextrema10	AUSENTE	-	NO	0	OPENSTAX
a6e12dcextrema11	AUSENTE	-	NO	0	OPENSTAX
a6e12dcextrema12	AUSENTE	-	NO	0	OPENSTAX
a6e12dcextrema13	AUSENTE	-	NO	0	OPENSTAX
a6e12dcextrema14	AUSENTE	-	NO	0	OPENSTAX
a6e12dcextrema15	AUSENTE	-	NO	0	OPENSTAX
a6e12dcextrema16	AUSENTE	-	NO	0	OPENSTAX
a6e12dcextrema17	AUSENTE	-	NO	0	OPENSTAX
a6e12dcextrema18	AUSENTE	-	NO	0	OPENSTAX
a6e12dcextrema19	AUSENTE	-	NO	0	OPENSTAX
a6e12dcextrema2	AUSENTE	-	NO	0	OPENSTAX
a6e12dcextrema20	AUSENTE	-	NO	0	OPENSTAX
a6e12dcextrema21	AUSENTE	-	NO	0	OPENSTAX
a6e12dcextrema22	AUSENTE	-	NO	0	OPENSTAX
a6e12dcextrema23	AUSENTE	-	NO	0	OPENSTAX
a6e12dcextrema24	AUSENTE	-	NO	0	OPENSTAX
a6e12dcextrema25	AUSENTE	-	NO	0	OPENSTAX
a6e12dcextrema3	AUSENTE	-	NO	0	OPENSTAX
a6e12dcextrema4	AUSENTE	-	NO	0	OPENSTAX
a6e12dcextrema5	AUSENTE	-	NO	0	OPENSTAX
a6e12dcextrema6	AUSENTE	-	NO	0	OPENSTAX
a6e12dcextrema7	AUSENTE	-	NO	0	OPENSTAX
a6e12dcextrema8	AUSENTE	-	NO	0	OPENSTAX
a6e12dcextrema9	AUSENTE	-	NO	0	OPENSTAX
a6e13b4MVT1	AUSENTE	-	NO	0	OPENSTAX
a6e13b4MVT10	AUSENTE	-	NO	0	OPENSTAX
a6e13b4MVT11	AUSENTE	-	NO	0	OPENSTAX
a6e13b4MVT12	AUSENTE	-	NO	0	OPENSTAX
a6e13b4MVT13	AUSENTE	-	NO	0	OPENSTAX
a6e13b4MVT14	AUSENTE	-	NO	0	OPENSTAX
a6e13b4MVT15	AUSENTE	-	NO	0	OPENSTAX
a6e13b4MVT2	AUSENTE	-	NO	0	OPENSTAX
a6e13b4MVT3	AUSENTE	-	NO	0	OPENSTAX
a6e13b4MVT4	AUSENTE	-	NO	0	OPENSTAX
a6e13b4MVT5	AUSENTE	-	NO	0	OPENSTAX
a6e13b4MVT6	AUSENTE	-	NO	0	OPENSTAX
a6e13b4MVT7	AUSENTE	-	NO	0	OPENSTAX
a6e13b4MVT8	AUSENTE	-	NO	0	OPENSTAX
a6e13b4MVT9	AUSENTE	-	NO	0	OPENSTAX
a6ead19multiplingyrational16	RESOLUBLE	CC-BY-4.0	NO	0	OPENSTAX
a6ead19multiplingyrational17	RESOLUBLE	CC-BY-4.0	NO	0	OPENSTAX
a6ead19multiplingyrational18	RESOLUBLE	CC-BY-4.0	NO	0	OPENSTAX
a6ead19multiplingyrational19	RESOLUBLE	CC-BY-4.0	NO	0	OPENSTAX
a6ead19multiplingyrational20	RESOLUBLE	CC-BY-4.0	NO	0	OPENSTAX
a6ead19multiplingyrational21	RESOLUBLE	CC-BY-4.0	NO	0	OPENSTAX
a6ead19multiplingyrational22	RESOLUBLE	CC-BY-4.0	NO	0	OPENSTAX
a6ead19multiplingyrational23	RESOLUBLE	CC-BY-4.0	NO	0	OPENSTAX
a6ead19multiplingyrational24	RESOLUBLE	CC-BY-4.0	NO	0	OPENSTAX
a6ead19multiplingyrational25	RESOLUBLE	CC-BY-4.0	NO	0	OPENSTAX
a6ead19multiplingyrational26	RESOLUBLE	CC-BY-4.0	NO	0	OPENSTAX
a6ead19multiplingyrational27	RESOLUBLE	CC-BY-4.0	NO	0	OPENSTAX
a6ead19multiplingyrational28	RESOLUBLE	CC-BY-4.0	NO	0	OPENSTAX
a6ead19multiplingyrational29	RESOLUBLE	CC-BY-4.0	NO	0	OPENSTAX
a6ead19multiplingyrational30	RESOLUBLE	CC-BY-4.0	NO	0	OPENSTAX
a6ead19multiplyingrationals1	RESOLUBLE	CC-BY-4.0	NO	0	OPENSTAX
a6ead19multiplyingrationals10	RESOLUBLE	CC-BY-4.0	NO	0	OPENSTAX
a6ead19multiplyingrationals11	RESOLUBLE	CC-BY-4.0	NO	0	OPENSTAX
a6ead19multiplyingrationals12	RESOLUBLE	CC-BY-4.0	NO	0	OPENSTAX
a6ead19multiplyingrationals13	RESOLUBLE	CC-BY-4.0	NO	0	OPENSTAX
a6ead19multiplyingrationals2	RESOLUBLE	CC-BY-4.0	NO	0	OPENSTAX
a6ead19multiplyingrationals3	RESOLUBLE	CC-BY-4.0	NO	0	OPENSTAX
a6ead19multiplyingrationals4	RESOLUBLE	CC-BY-4.0	NO	0	OPENSTAX
a6ead19multiplyingrationals5	RESOLUBLE	CC-BY-4.0	NO	0	OPENSTAX
a6ead19multiplyingrationals6	RESOLUBLE	CC-BY-4.0	NO	0	OPENSTAX
a6ead19multiplyingrationals7	RESOLUBLE	CC-BY-4.0	NO	0	OPENSTAX
a6ead19multiplyingrationals8	RESOLUBLE	CC-BY-4.0	NO	0	OPENSTAX
a6ead19multiplyingrationals9	RESOLUBLE	CC-BY-4.0	NO	0	OPENSTAX
a6eae5cconf1	RESOLUBLE	CC-BY-4.0	NO	0	OPENSTAX
a6eae5cconf2	RESOLUBLE	CC-BY-4.0	NO	0	OPENSTAX
a6eae5cconf3	RESOLUBLE	CC-BY-4.0	NO	0	OPENSTAX
a6eae5cconf4	RESOLUBLE	CC-BY-4.0	NO	0	OPENSTAX
a6eae5cconf5	RESOLUBLE	CC-BY-4.0	NO	0	OPENSTAX
a6eae5cconf6	RESOLUBLE	CC-BY-4.0	NO	0	OPENSTAX
a6eae5cconf7	RESOLUBLE	CC-BY-4.0	NO	0	OPENSTAX
a6eae5cconf8	RESOLUBLE	CC-BY-4.0	NO	0	OPENSTAX
a6eae5cconf9	RESOLUBLE	CC-BY-4.0	NO	0	OPENSTAX
a6ec5faothertrig1	RESOLUBLE	CC-BY-4.0	NO	0	OPENSTAX
a6ec5faothertrig10	RESOLUBLE	CC-BY-4.0	NO	0	OPENSTAX
a6ec5faothertrig11	RESOLUBLE	CC-BY-4.0	NO	0	OPENSTAX
a6ec5faothertrig12	RESOLUBLE	CC-BY-4.0	NO	0	OPENSTAX
a6ec5faothertrig13	RESOLUBLE	CC-BY-4.0	NO	0	OPENSTAX
a6ec5faothertrig14	RESOLUBLE	CC-BY-4.0	NO	0	OPENSTAX
a6ec5faothertrig15	RESOLUBLE	CC-BY-4.0	NO	0	OPENSTAX
a6ec5faothertrig16	RESOLUBLE	CC-BY-4.0	NO	0	OPENSTAX
a6ec5faothertrig17	RESOLUBLE	CC-BY-4.0	NO	0	OPENSTAX
a6ec5faothertrig18	RESOLUBLE	CC-BY-4.0	NO	0	OPENSTAX
a6ec5faothertrig19	RESOLUBLE	CC-BY-4.0	NO	0	OPENSTAX
a6ec5faothertrig2	RESOLUBLE	CC-BY-4.0	NO	0	OPENSTAX
a6ec5faothertrig20	RESOLUBLE	CC-BY-4.0	NO	0	OPENSTAX
a6ec5faothertrig21	RESOLUBLE	CC-BY-4.0	NO	0	OPENSTAX
a6ec5faothertrig22	RESOLUBLE	CC-BY-4.0	NO	0	OPENSTAX
a6ec5faothertrig23	RESOLUBLE	CC-BY-4.0	NO	0	OPENSTAX
a6ec5faothertrig24	RESOLUBLE	CC-BY-4.0	NO	0	OPENSTAX
a6ec5faothertrig25	RESOLUBLE	CC-BY-4.0	NO	0	OPENSTAX
a6ec5faothertrig26	RESOLUBLE	CC-BY-4.0	NO	0	OPENSTAX
a6ec5faothertrig27	RESOLUBLE	CC-BY-4.0	NO	0	OPENSTAX
a6ec5faothertrig28	RESOLUBLE	CC-BY-4.0	NO	0	OPENSTAX
a6ec5faothertrig29	RESOLUBLE	CC-BY-4.0	NO	0	OPENSTAX
a6ec5faothertrig3	RESOLUBLE	CC-BY-4.0	NO	0	OPENSTAX
a6ec5faothertrig30	RESOLUBLE	CC-BY-4.0	NO	0	OPENSTAX
a6ec5faothertrig4	RESOLUBLE	CC-BY-4.0	NO	0	OPENSTAX
a6ec5faothertrig5	RESOLUBLE	CC-BY-4.0	NO	0	OPENSTAX
a6ec5faothertrig6	RESOLUBLE	CC-BY-4.0	NO	0	OPENSTAX
a6ec5faothertrig7	RESOLUBLE	CC-BY-4.0	NO	0	OPENSTAX
a6ec5faothertrig8	RESOLUBLE	CC-BY-4.0	NO	0	OPENSTAX
a6ec5faothertrig9	RESOLUBLE	CC-BY-4.0	NO	0	OPENSTAX
a6f06c3real1	RESOLUBLE	CC-BY-4.0	NO	0	OPENSTAX
a6f06c3real10	RESOLUBLE	CC-BY-4.0	NO	0	OPENSTAX
a6f06c3real11	RESOLUBLE	CC-BY-4.0	NO	0	OPENSTAX
a6f06c3real12	RESOLUBLE	CC-BY-4.0	NO	0	OPENSTAX
a6f06c3real13	RESOLUBLE	CC-BY-4.0	NO	0	OPENSTAX
a6f06c3real14	RESOLUBLE	CC-BY-4.0	NO	0	OPENSTAX
a6f06c3real15	RESOLUBLE	CC-BY-4.0	NO	0	OPENSTAX
a6f06c3real16	RESOLUBLE	CC-BY-4.0	NO	0	OPENSTAX
a6f06c3real17	RESOLUBLE	CC-BY-4.0	NO	0	OPENSTAX
a6f06c3real18	RESOLUBLE	CC-BY-4.0	NO	0	OPENSTAX
a6f06c3real19	RESOLUBLE	CC-BY-4.0	NO	0	OPENSTAX
a6f06c3real2	RESOLUBLE	CC-BY-4.0	NO	0	OPENSTAX
a6f06c3real20	RESOLUBLE	CC-BY-4.0	NO	0	OPENSTAX
a6f06c3real21	RESOLUBLE	CC-BY-4.0	NO	0	OPENSTAX
a6f06c3real22	RESOLUBLE	CC-BY-4.0	NO	0	OPENSTAX
a6f06c3real23	RESOLUBLE	CC-BY-4.0	NO	0	OPENSTAX
a6f06c3real24	RESOLUBLE	CC-BY-4.0	NO	0	OPENSTAX
a6f06c3real25	RESOLUBLE	CC-BY-4.0	NO	0	OPENSTAX
a6f06c3real26	RESOLUBLE	CC-BY-4.0	NO	0	OPENSTAX
a6f06c3real27	RESOLUBLE	CC-BY-4.0	NO	0	OPENSTAX
a6f06c3real28	RESOLUBLE	CC-BY-4.0	NO	0	OPENSTAX
a6f06c3real29	RESOLUBLE	CC-BY-4.0	NO	0	OPENSTAX
a6f06c3real3	RESOLUBLE	CC-BY-4.0	NO	0	OPENSTAX
a6f06c3real30	RESOLUBLE	CC-BY-4.0	NO	0	OPENSTAX
a6f06c3real4	RESOLUBLE	CC-BY-4.0	NO	0	OPENSTAX
a6f06c3real5	RESOLUBLE	CC-BY-4.0	NO	0	OPENSTAX
a6f06c3real6	RESOLUBLE	CC-BY-4.0	NO	0	OPENSTAX
a6f06c3real7	RESOLUBLE	CC-BY-4.0	NO	0	OPENSTAX
a6f06c3real8	RESOLUBLE	CC-BY-4.0	NO	0	OPENSTAX
a6f06c3real9	RESOLUBLE	CC-BY-4.0	NO	0	OPENSTAX
a6f9727real1	RESOLUBLE	CC-BY-4.0	NO	0	OPENSTAX
a6f9727real10	RESOLUBLE	CC-BY-4.0	NO	0	OPENSTAX
a6f9727real11	RESOLUBLE	CC-BY-4.0	SI	1	OPENSTAX
a6f9727real12	RESOLUBLE	CC-BY-4.0	NO	0	OPENSTAX
a6f9727real13	RESOLUBLE	CC-BY-4.0	NO	0	OPENSTAX
a6f9727real14	RESOLUBLE	CC-BY-4.0	NO	0	OPENSTAX
a6f9727real15	RESOLUBLE	CC-BY-4.0	NO	0	OPENSTAX
a6f9727real16	RESOLUBLE	CC-BY-4.0	NO	0	OPENSTAX
a6f9727real17	RESOLUBLE	CC-BY-4.0	NO	0	OPENSTAX
a6f9727real18	RESOLUBLE	CC-BY-4.0	NO	0	OPENSTAX
a6f9727real19	RESOLUBLE	CC-BY-4.0	NO	0	OPENSTAX
a6f9727real2	RESOLUBLE	CC-BY-4.0	NO	0	OPENSTAX
a6f9727real20	RESOLUBLE	CC-BY-4.0	NO	0	OPENSTAX
a6f9727real21	RESOLUBLE	CC-BY-4.0	NO	0	OPENSTAX
a6f9727real22	RESOLUBLE	CC-BY-4.0	NO	0	OPENSTAX
a6f9727real23	RESOLUBLE	CC-BY-4.0	NO	0	OPENSTAX
a6f9727real24	RESOLUBLE	CC-BY-4.0	NO	0	OPENSTAX
a6f9727real25	RESOLUBLE	CC-BY-4.0	NO	0	OPENSTAX
a6f9727real26	RESOLUBLE	CC-BY-4.0	NO	0	OPENSTAX
a6f9727real27	RESOLUBLE	CC-BY-4.0	NO	0	OPENSTAX
a6f9727real28	RESOLUBLE	CC-BY-4.0	NO	0	OPENSTAX
a6f9727real3	RESOLUBLE	CC-BY-4.0	NO	0	OPENSTAX
a6f9727real4	RESOLUBLE	CC-BY-4.0	NO	0	OPENSTAX
a6f9727real5	RESOLUBLE	CC-BY-4.0	NO	0	OPENSTAX
a6f9727real6	RESOLUBLE	CC-BY-4.0	NO	0	OPENSTAX
a6f9727real7	RESOLUBLE	CC-BY-4.0	NO	0	OPENSTAX
a6f9727real8	RESOLUBLE	CC-BY-4.0	NO	0	OPENSTAX
a6f9727real9	RESOLUBLE	CC-BY-4.0	NO	0	OPENSTAX
a7077a0A111-algdef-P01	VERSION-SIN-VARIANTE	CC4.0	NO	0	NO-OPENSTAX
a7077a0A111-algdef-P02	VERSION-SIN-VARIANTE	CC4.0	NO	0	NO-OPENSTAX
a7077a0A111-algdef-P03	VERSION-SIN-VARIANTE	CC4.0	NO	0	NO-OPENSTAX
a7077a0A111-algdef-P04	VERSION-SIN-VARIANTE	CC4.0	NO	0	NO-OPENSTAX
a7077a0A111-algdef-P05	VERSION-SIN-VARIANTE	CC4.0	NO	0	NO-OPENSTAX
a7077a0A111-algdef-P06	VERSION-SIN-VARIANTE	CC4.0	NO	0	NO-OPENSTAX
a7079e8inverse1	AUSENTE	-	NO	0	OPENSTAX
a7079e8inverse10	AUSENTE	-	NO	0	OPENSTAX
a7079e8inverse11	AUSENTE	-	NO	0	OPENSTAX
a7079e8inverse12	AUSENTE	-	NO	0	OPENSTAX
a7079e8inverse13	AUSENTE	-	NO	0	OPENSTAX
a7079e8inverse14	AUSENTE	-	NO	0	OPENSTAX
a7079e8inverse15	AUSENTE	-	NO	0	OPENSTAX
a7079e8inverse16	AUSENTE	-	NO	0	OPENSTAX
a7079e8inverse17	AUSENTE	-	NO	0	OPENSTAX
a7079e8inverse18	AUSENTE	-	NO	0	OPENSTAX
a7079e8inverse19	AUSENTE	-	NO	0	OPENSTAX
a7079e8inverse2	AUSENTE	-	NO	0	OPENSTAX
a7079e8inverse20	AUSENTE	-	NO	0	OPENSTAX
a7079e8inverse21	AUSENTE	-	NO	0	OPENSTAX
a7079e8inverse22	AUSENTE	-	NO	0	OPENSTAX
a7079e8inverse23	AUSENTE	-	NO	0	OPENSTAX
a7079e8inverse24	AUSENTE	-	NO	0	OPENSTAX
a7079e8inverse25	AUSENTE	-	NO	0	OPENSTAX
a7079e8inverse3	AUSENTE	-	NO	0	OPENSTAX
a7079e8inverse4	AUSENTE	-	NO	0	OPENSTAX
a7079e8inverse5	AUSENTE	-	NO	0	OPENSTAX
a7079e8inverse6	AUSENTE	-	NO	0	OPENSTAX
a7079e8inverse7	AUSENTE	-	NO	0	OPENSTAX
a7079e8inverse8	AUSENTE	-	NO	0	OPENSTAX
a7079e8inverse9	AUSENTE	-	NO	0	OPENSTAX
a70d110lang10	RESOLUBLE	CC-BY-4.0	NO	0	OPENSTAX
a70d110lang2	RESOLUBLE	CC-BY-4.0	NO	0	OPENSTAX
a70d110lang3	RESOLUBLE	CC-BY-4.0	NO	0	OPENSTAX
a70d110lang4	RESOLUBLE	CC-BY-4.0	NO	0	OPENSTAX
a70d110lang5	RESOLUBLE	CC-BY-4.0	NO	0	OPENSTAX
a70d110lang6	RESOLUBLE	CC-BY-4.0	NO	0	OPENSTAX
a70d110lang7	RESOLUBLE	CC-BY-4.0	NO	0	OPENSTAX
a70d110lang8	AUSENTE	-	NO	0	OPENSTAX
a70d110lang9	RESOLUBLE	CC-BY-4.0	NO	0	OPENSTAX
a70d110whole10	RESOLUBLE	CC-BY-4.0	NO	0	OPENSTAX
a70d110whole11	RESOLUBLE	CC-BY-4.0	NO	0	OPENSTAX
a70d110whole14	RESOLUBLE	CC-BY-4.0	NO	0	OPENSTAX
a70d110whole15	RESOLUBLE	CC-BY-4.0	NO	0	OPENSTAX
a70d110whole16	RESOLUBLE	CC-BY-4.0	NO	0	OPENSTAX
a70d110whole17	RESOLUBLE	CC-BY-4.0	NO	0	OPENSTAX
a70ee94pythagorean1	RESOLUBLE	CC-BY-4.0	NO	0	OPENSTAX
a70ee94pythagorean10	RESOLUBLE	CC-BY-4.0	NO	0	OPENSTAX
a70ee94pythagorean11	RESOLUBLE	CC-BY-4.0	NO	0	OPENSTAX
a70ee94pythagorean12	RESOLUBLE	CC-BY-4.0	NO	0	OPENSTAX
a70ee94pythagorean13	RESOLUBLE	CC-BY-4.0	NO	0	OPENSTAX
a70ee94pythagorean2	RESOLUBLE	CC-BY-4.0	NO	0	OPENSTAX
a70ee94pythagorean3	RESOLUBLE	CC-BY-4.0	NO	0	OPENSTAX
a70ee94pythagorean4	RESOLUBLE	CC-BY-4.0	NO	0	OPENSTAX
a70ee94pythagorean5	RESOLUBLE	CC-BY-4.0	NO	0	OPENSTAX
a70ee94pythagorean6	RESOLUBLE	CC-BY-4.0	NO	0	OPENSTAX
a70ee94pythagorean7	RESOLUBLE	CC-BY-4.0	NO	0	OPENSTAX
a70ee94pythagorean8	RESOLUBLE	CC-BY-4.0	NO	0	OPENSTAX
a70ee94pythagorean9	RESOLUBLE	CC-BY-4.0	NO	0	OPENSTAX
a7139feFormula1	RESOLUBLE	CC-BY-4.0	NO	0	OPENSTAX
a7139feFormula10	RESOLUBLE	CC-BY-4.0	NO	0	OPENSTAX
a7139feFormula11	RESOLUBLE	CC-BY-4.0	NO	0	OPENSTAX
a7139feFormula12	RESOLUBLE	CC-BY-4.0	NO	0	OPENSTAX
a7139feFormula13	RESOLUBLE	CC-BY-4.0	NO	0	OPENSTAX
a7139feFormula14	RESOLUBLE	CC-BY-4.0	NO	0	OPENSTAX
a7139feFormula15	RESOLUBLE	CC-BY-4.0	NO	0	OPENSTAX
a7139feFormula16	RESOLUBLE	CC-BY-4.0	NO	0	OPENSTAX
a7139feFormula17	RESOLUBLE	CC-BY-4.0	NO	0	OPENSTAX
a7139feFormula18	RESOLUBLE	CC-BY-4.0	NO	0	OPENSTAX
a7139feFormula19	RESOLUBLE	CC-BY-4.0	NO	0	OPENSTAX
a7139feFormula2	RESOLUBLE	CC-BY-4.0	NO	0	OPENSTAX
a7139feFormula20	RESOLUBLE	CC-BY-4.0	NO	0	OPENSTAX
a7139feFormula21	RESOLUBLE	CC-BY-4.0	NO	0	OPENSTAX
a7139feFormula22	RESOLUBLE	CC-BY-4.0	NO	0	OPENSTAX
a7139feFormula3	RESOLUBLE	CC-BY-4.0	NO	0	OPENSTAX
a7139feFormula4	RESOLUBLE	CC-BY-4.0	NO	0	OPENSTAX
a7139feFormula5	RESOLUBLE	CC-BY-4.0	NO	0	OPENSTAX
a7139feFormula6	RESOLUBLE	CC-BY-4.0	NO	0	OPENSTAX
a7139feFormula7	RESOLUBLE	CC-BY-4.0	NO	0	OPENSTAX
a7139feFormula8	RESOLUBLE	CC-BY-4.0	NO	0	OPENSTAX
a7139feFormula9	RESOLUBLE	CC-BY-4.0	NO	0	OPENSTAX
a7139feLinear1	RESOLUBLE	CC-BY-4.0	NO	0	OPENSTAX
a7139feLinear2	RESOLUBLE	CC-BY-4.0	NO	0	OPENSTAX
a7139feLinear3	RESOLUBLE	CC-BY-4.0	NO	0	OPENSTAX
a7139feLinear4	RESOLUBLE	CC-BY-4.0	NO	0	OPENSTAX
a7139feSubAdd1	RESOLUBLE	CC-BY-4.0	NO	0	OPENSTAX
a7139feSubAdd2	RESOLUBLE	CC-BY-4.0	NO	0	OPENSTAX
a7139feSubAdd3	RESOLUBLE	CC-BY-4.0	NO	0	OPENSTAX
a7139feSubAdd4	RESOLUBLE	CC-BY-4.0	NO	0	OPENSTAX
a72a45crow10_p1	NO-ES-CESION	https://ds100.org/sp26/assets/exams/fa25/fa25_final_sol.pdf	NO	0	NO-OPENSTAX
a72a45crow10_p2	NO-ES-CESION	https://ds100.org/sp26/assets/exams/fa25/fa25_final_sol.pdf	SI	1	NO-OPENSTAX
a72a45crow2	NO-ES-CESION	https://ds100.org/sp26/assets/exams/fa25/fa25_final_sol.pdf	NO	0	NO-OPENSTAX
a72a45crow3	NO-ES-CESION	https://ds100.org/sp26/assets/exams/fa25/fa25_final_sol.pdf	SI	1	NO-OPENSTAX
a72a45crow4	NO-ES-CESION	https://ds100.org/sp26/assets/exams/fa25/fa25_final_sol.pdf	NO	0	NO-OPENSTAX
a72a45crow6	NO-ES-CESION	https://ds100.org/sp26/assets/exams/fa25/fa25_final_sol.pdf	NO	0	NO-OPENSTAX
a72a45crow7	NO-ES-CESION	https://ds100.org/sp26/assets/exams/fa25/fa25_final_sol.pdf	SI	1	NO-OPENSTAX
a72a45crow8	NO-ES-CESION	https://ds100.org/sp26/assets/exams/fa25/fa25_final_sol.pdf	SI	1	NO-OPENSTAX
a736a57T3-diag-P01	VERSION-SIN-VARIANTE	CC4.0	SI	1	NO-OPENSTAX
a736a57T3-diag-P02	VERSION-SIN-VARIANTE	CC4.0	SI	1	NO-OPENSTAX
a736a57T3-diag-P03	VERSION-SIN-VARIANTE	CC4.0	SI	1	NO-OPENSTAX
a736a57T3-diag-P04	VERSION-SIN-VARIANTE	CC4.0	SI	1	NO-OPENSTAX
a736a57T3-diag-P05	VERSION-SIN-VARIANTE	CC4.0	SI	1	NO-OPENSTAX
a736a57T3-diag-P06	VERSION-SIN-VARIANTE	CC4.0	SI	1	NO-OPENSTAX
a736a57T3-diag-P07	VERSION-SIN-VARIANTE	CC4.0	SI	1	NO-OPENSTAX
a736a57T3-diag-P08	VERSION-SIN-VARIANTE	CC4.0	NO	0	NO-OPENSTAX
a736a57T3-diag-P09	VERSION-SIN-VARIANTE	CC4.0	SI	1	NO-OPENSTAX
a736a57T3-diag-P10	VERSION-SIN-VARIANTE	CC4.0	SI	1	NO-OPENSTAX
a736a57T3-diag-P11	VERSION-SIN-VARIANTE	CC4.0	SI	3	NO-OPENSTAX
a736a57T3-diag-P12	VERSION-SIN-VARIANTE	CC4.0	SI	1	NO-OPENSTAX
a736a57T3-diag-P13	VERSION-SIN-VARIANTE	CC4.0	SI	1	NO-OPENSTAX
a73b129counting1	NO-RECONOCIDO	openstax	NO	0	OPENSTAX
a73b129counting10	NO-RECONOCIDO	openstax	NO	0	OPENSTAX
a73b129counting11	NO-RECONOCIDO	openstax	NO	0	OPENSTAX
a73b129counting12	NO-RECONOCIDO	openstax	NO	0	OPENSTAX
a73b129counting13	NO-RECONOCIDO	openstax	NO	0	OPENSTAX
a73b129counting14	NO-RECONOCIDO	openstax	NO	0	OPENSTAX
a73b129counting15	NO-RECONOCIDO	openstax	NO	0	OPENSTAX
a73b129counting16	NO-RECONOCIDO	openstax	NO	0	OPENSTAX
a73b129counting17	NO-RECONOCIDO	openstax	NO	0	OPENSTAX
a73b129counting18	NO-RECONOCIDO	openstax	NO	0	OPENSTAX
a73b129counting19	NO-RECONOCIDO	openstax	NO	0	OPENSTAX
a73b129counting2	NO-RECONOCIDO	openstax	NO	0	OPENSTAX
a73b129counting20	NO-RECONOCIDO	openstax	NO	0	OPENSTAX
a73b129counting21	NO-RECONOCIDO	openstax	NO	0	OPENSTAX
a73b129counting22	NO-RECONOCIDO	openstax	NO	0	OPENSTAX
a73b129counting23	NO-RECONOCIDO	openstax	NO	0	OPENSTAX
a73b129counting24	NO-RECONOCIDO	openstax	NO	0	OPENSTAX
a73b129counting25	NO-RECONOCIDO	openstax	NO	0	OPENSTAX
a73b129counting26	NO-RECONOCIDO	openstax	NO	0	OPENSTAX
a73b129counting27	NO-RECONOCIDO	openstax	NO	0	OPENSTAX
a73b129counting28	NO-RECONOCIDO	openstax	NO	0	OPENSTAX
a73b129counting29	NO-RECONOCIDO	openstax	NO	0	OPENSTAX
a73b129counting3	NO-RECONOCIDO	openstax	NO	0	OPENSTAX
a73b129counting30	NO-RECONOCIDO	openstax	NO	0	OPENSTAX
a73b129counting4	NO-RECONOCIDO	openstax	NO	0	OPENSTAX
a73b129counting5	NO-RECONOCIDO	openstax	NO	0	OPENSTAX
a73b129counting8	NO-RECONOCIDO	openstax	NO	0	OPENSTAX
a73b129counting9	NO-RECONOCIDO	openstax	NO	0	OPENSTAX
a73ccaalimits1	AUSENTE	-	SI	1	OPENSTAX
a73ccaalimits10	AUSENTE	-	NO	0	OPENSTAX
a73ccaalimits11	AUSENTE	-	NO	0	OPENSTAX
a73ccaalimits12	AUSENTE	-	NO	0	OPENSTAX
a73ccaalimits13	AUSENTE	-	NO	0	OPENSTAX
a73ccaalimits14	AUSENTE	-	NO	0	OPENSTAX
a73ccaalimits15	AUSENTE	-	NO	0	OPENSTAX
a73ccaalimits16	AUSENTE	-	NO	0	OPENSTAX
a73ccaalimits17	AUSENTE	-	NO	0	OPENSTAX
a73ccaalimits18	AUSENTE	-	NO	0	OPENSTAX
a73ccaalimits19	AUSENTE	-	NO	0	OPENSTAX
a73ccaalimits2	AUSENTE	-	SI	1	OPENSTAX
a73ccaalimits20	AUSENTE	-	NO	0	OPENSTAX
a73ccaalimits21	AUSENTE	-	NO	0	OPENSTAX
a73ccaalimits22	AUSENTE	-	NO	0	OPENSTAX
a73ccaalimits23	AUSENTE	-	NO	0	OPENSTAX
a73ccaalimits24	AUSENTE	-	NO	0	OPENSTAX
a73ccaalimits25	AUSENTE	-	NO	0	OPENSTAX
a73ccaalimits3	AUSENTE	-	SI	1	OPENSTAX
a73ccaalimits4	AUSENTE	-	SI	1	OPENSTAX
a73ccaalimits5	AUSENTE	-	SI	1	OPENSTAX
a73ccaalimits6	AUSENTE	-	NO	0	OPENSTAX
a73ccaalimits7	AUSENTE	-	NO	0	OPENSTAX
a73ccaalimits8	AUSENTE	-	NO	0	OPENSTAX
a73ccaalimits9	AUSENTE	-	NO	0	OPENSTAX
a73cd4bprobbasic1	RESOLUBLE	CC-BY-4.0	NO	0	OPENSTAX
a73cd4bprobbasic10	RESOLUBLE	CC-BY-4.0	NO	0	OPENSTAX
a73cd4bprobbasic11	RESOLUBLE	CC-BY-4.0	NO	0	OPENSTAX
a73cd4bprobbasic12	RESOLUBLE	CC-BY-4.0	NO	0	OPENSTAX
a73cd4bprobbasic13	RESOLUBLE	CC-BY-4.0	NO	0	OPENSTAX
a73cd4bprobbasic14	RESOLUBLE	CC-BY-4.0	NO	0	OPENSTAX
a73cd4bprobbasic15	RESOLUBLE	CC-BY-4.0	NO	0	OPENSTAX
a73cd4bprobbasic16	RESOLUBLE	CC-BY-4.0	NO	0	OPENSTAX
a73cd4bprobbasic17	RESOLUBLE	CC-BY-4.0	NO	0	OPENSTAX
a73cd4bprobbasic18	RESOLUBLE	CC-BY-4.0	NO	0	OPENSTAX
a73cd4bprobbasic19	RESOLUBLE	CC-BY-4.0	NO	0	OPENSTAX
a73cd4bprobbasic2	RESOLUBLE	CC-BY-4.0	NO	0	OPENSTAX
a73cd4bprobbasic20	RESOLUBLE	CC-BY-4.0	NO	0	OPENSTAX
a73cd4bprobbasic21	RESOLUBLE	CC-BY-4.0	NO	0	OPENSTAX
a73cd4bprobbasic22	RESOLUBLE	CC-BY-4.0	NO	0	OPENSTAX
a73cd4bprobbasic23	RESOLUBLE	CC-BY-4.0	NO	0	OPENSTAX
a73cd4bprobbasic24	RESOLUBLE	CC-BY-4.0	NO	0	OPENSTAX
a73cd4bprobbasic25	RESOLUBLE	CC-BY-4.0	NO	0	OPENSTAX
a73cd4bprobbasic3	RESOLUBLE	CC-BY-4.0	NO	0	OPENSTAX
a73cd4bprobbasic4	RESOLUBLE	CC-BY-4.0	NO	0	OPENSTAX
a73cd4bprobbasic5	RESOLUBLE	CC-BY-4.0	NO	0	OPENSTAX
a73cd4bprobbasic6	RESOLUBLE	CC-BY-4.0	NO	0	OPENSTAX
a73cd4bprobbasic7	RESOLUBLE	CC-BY-4.0	NO	0	OPENSTAX
a73cd4bprobbasic8	RESOLUBLE	CC-BY-4.0	NO	0	OPENSTAX
a73cd4bprobbasic9	RESOLUBLE	CC-BY-4.0	NO	0	OPENSTAX
a746c1bFactoring1	RESOLUBLE	CC-BY-4.0	NO	0	OPENSTAX
a746c1bFactoring10	RESOLUBLE	CC-BY-4.0	NO	0	OPENSTAX
a746c1bFactoring11	RESOLUBLE	CC-BY-4.0	NO	0	OPENSTAX
a746c1bFactoring12	RESOLUBLE	CC-BY-4.0	NO	0	OPENSTAX
a746c1bFactoring13	RESOLUBLE	CC-BY-4.0	NO	0	OPENSTAX
a746c1bFactoring14	RESOLUBLE	CC-BY-4.0	NO	0	OPENSTAX
a746c1bFactoring15	RESOLUBLE	CC-BY-4.0	NO	0	OPENSTAX
a746c1bFactoring2	RESOLUBLE	CC-BY-4.0	NO	0	OPENSTAX
a746c1bFactoring3	RESOLUBLE	CC-BY-4.0	NO	0	OPENSTAX
a746c1bFactoring4	RESOLUBLE	CC-BY-4.0	NO	0	OPENSTAX
a746c1bFactoring5	RESOLUBLE	CC-BY-4.0	NO	0	OPENSTAX
a746c1bFactoring6	RESOLUBLE	CC-BY-4.0	NO	0	OPENSTAX
a746c1bFactoring7	RESOLUBLE	CC-BY-4.0	NO	0	OPENSTAX
a746c1bFactoring8	RESOLUBLE	CC-BY-4.0	NO	0	OPENSTAX
a746c1bFactoring9	RESOLUBLE	CC-BY-4.0	NO	0	OPENSTAX
a746c1bfactoringpoly1	RESOLUBLE	CC-BY-4.0	NO	0	OPENSTAX
a746c1bfactoringpoly10	RESOLUBLE	CC-BY-4.0	NO	0	OPENSTAX
a746c1bfactoringpoly11	RESOLUBLE	CC-BY-4.0	NO	0	OPENSTAX
a746c1bfactoringpoly12	RESOLUBLE	CC-BY-4.0	NO	0	OPENSTAX
a746c1bfactoringpoly13	RESOLUBLE	CC-BY-4.0	NO	0	OPENSTAX
a746c1bfactoringpoly14	RESOLUBLE	CC-BY-4.0	NO	0	OPENSTAX
a746c1bfactoringpoly15	RESOLUBLE	CC-BY-4.0	NO	0	OPENSTAX
a746c1bfactoringpoly2	RESOLUBLE	CC-BY-4.0	NO	0	OPENSTAX
a746c1bfactoringpoly3	RESOLUBLE	CC-BY-4.0	NO	0	OPENSTAX
a746c1bfactoringpoly4	RESOLUBLE	CC-BY-4.0	NO	0	OPENSTAX
a746c1bfactoringpoly5	RESOLUBLE	CC-BY-4.0	NO	0	OPENSTAX
a746c1bfactoringpoly6	RESOLUBLE	CC-BY-4.0	NO	0	OPENSTAX
a746c1bfactoringpoly7	RESOLUBLE	CC-BY-4.0	NO	0	OPENSTAX
a746c1bfactoringpoly8	RESOLUBLE	CC-BY-4.0	NO	0	OPENSTAX
a746c1bfactoringpoly9	RESOLUBLE	CC-BY-4.0	NO	0	OPENSTAX
a750210trig1	AUSENTE	-	NO	0	OPENSTAX
a750210trig10	AUSENTE	-	NO	0	OPENSTAX
a750210trig11	AUSENTE	-	NO	0	OPENSTAX
a750210trig12	AUSENTE	-	NO	0	OPENSTAX
a750210trig13	AUSENTE	-	NO	0	OPENSTAX
a750210trig14	AUSENTE	-	NO	0	OPENSTAX
a750210trig15	AUSENTE	-	NO	0	OPENSTAX
a750210trig16	AUSENTE	-	NO	0	OPENSTAX
a750210trig17	AUSENTE	-	SI	1	OPENSTAX
a750210trig18	AUSENTE	-	SI	1	OPENSTAX
a750210trig19	AUSENTE	-	SI	1	OPENSTAX
a750210trig2	AUSENTE	-	NO	0	OPENSTAX
a750210trig20	AUSENTE	-	SI	1	OPENSTAX
a750210trig21	AUSENTE	-	SI	1	OPENSTAX
a750210trig22	AUSENTE	-	NO	0	OPENSTAX
a750210trig23	AUSENTE	-	NO	0	OPENSTAX
a750210trig24	AUSENTE	-	NO	0	OPENSTAX
a750210trig25	AUSENTE	-	NO	0	OPENSTAX
a750210trig26	AUSENTE	-	NO	0	OPENSTAX
a750210trig3	AUSENTE	-	NO	0	OPENSTAX
a750210trig4	AUSENTE	-	NO	0	OPENSTAX
a750210trig5	AUSENTE	-	NO	0	OPENSTAX
a750210trig6	AUSENTE	-	NO	0	OPENSTAX
a750210trig7	AUSENTE	-	NO	0	OPENSTAX
a750210trig8	AUSENTE	-	NO	0	OPENSTAX
a750210trig9	AUSENTE	-	NO	0	OPENSTAX
a755010polynomial1	RESOLUBLE	CC-BY-4.0	NO	0	OPENSTAX
a755010polynomial10	RESOLUBLE	CC-BY-4.0	NO	0	OPENSTAX
a755010polynomial11	RESOLUBLE	CC-BY-4.0	NO	0	OPENSTAX
a755010polynomial12	RESOLUBLE	CC-BY-4.0	NO	0	OPENSTAX
a755010polynomial13	RESOLUBLE	CC-BY-4.0	NO	0	OPENSTAX
a755010polynomial14	RESOLUBLE	CC-BY-4.0	NO	0	OPENSTAX
a755010polynomial15	RESOLUBLE	CC-BY-4.0	NO	0	OPENSTAX
a755010polynomial16	RESOLUBLE	CC-BY-4.0	NO	0	OPENSTAX
a755010polynomial17	RESOLUBLE	CC-BY-4.0	NO	0	OPENSTAX
a755010polynomial18	RESOLUBLE	CC-BY-4.0	NO	0	OPENSTAX
a755010polynomial19	RESOLUBLE	CC-BY-4.0	NO	0	OPENSTAX
a755010polynomial2	RESOLUBLE	CC-BY-4.0	NO	0	OPENSTAX
a755010polynomial20	RESOLUBLE	CC-BY-4.0	NO	0	OPENSTAX
a755010polynomial21	RESOLUBLE	CC-BY-4.0	NO	0	OPENSTAX
a755010polynomial22	RESOLUBLE	CC-BY-4.0	SI	1	OPENSTAX
a755010polynomial23	RESOLUBLE	CC-BY-4.0	SI	1	OPENSTAX
a755010polynomial25	RESOLUBLE	CC-BY-4.0	NO	0	OPENSTAX
a755010polynomial26	RESOLUBLE	CC-BY-4.0	NO	0	OPENSTAX
a755010polynomial27	RESOLUBLE	CC-BY-4.0	NO	0	OPENSTAX
a755010polynomial28	RESOLUBLE	CC-BY-4.0	NO	0	OPENSTAX
a755010polynomial4	RESOLUBLE	CC-BY-4.0	SI	1	OPENSTAX
a755010polynomial5	RESOLUBLE	CC-BY-4.0	SI	1	OPENSTAX
a755010polynomial6	RESOLUBLE	CC-BY-4.0	NO	0	OPENSTAX
a755010polynomial7	RESOLUBLE	CC-BY-4.0	NO	0	OPENSTAX
a755010polynomial8	RESOLUBLE	CC-BY-4.0	SI	1	OPENSTAX
a755010polynomial9	RESOLUBLE	CC-BY-4.0	NO	0	OPENSTAX
a7587b3rotational1	RESOLUBLE	CC-BY-4.0	NO	0	OPENSTAX
a7587b3rotational10	RESOLUBLE	CC-BY-4.0	NO	0	OPENSTAX
a7587b3rotational11	RESOLUBLE	CC-BY-4.0	SI	1	OPENSTAX
a7587b3rotational12	RESOLUBLE	CC-BY-4.0	NO	0	OPENSTAX
a7587b3rotational13	RESOLUBLE	CC-BY-4.0	NO	0	OPENSTAX
a7587b3rotational14	RESOLUBLE	CC-BY-4.0	NO	0	OPENSTAX
a7587b3rotational15	RESOLUBLE	CC-BY-4.0	NO	0	OPENSTAX
a7587b3rotational2	RESOLUBLE	CC-BY-4.0	NO	0	OPENSTAX
a7587b3rotational3	RESOLUBLE	CC-BY-4.0	NO	0	OPENSTAX
a7587b3rotational4	RESOLUBLE	CC-BY-4.0	NO	0	OPENSTAX
a7587b3rotational5	RESOLUBLE	CC-BY-4.0	NO	0	OPENSTAX
a7587b3rotational6	RESOLUBLE	CC-BY-4.0	NO	0	OPENSTAX
a7587b3rotational7	RESOLUBLE	CC-BY-4.0	NO	0	OPENSTAX
a7587b3rotational8	RESOLUBLE	CC-BY-4.0	NO	0	OPENSTAX
a7587b3rotational9	RESOLUBLE	CC-BY-4.0	NO	0	OPENSTAX
a75a1f8standard1	RESOLUBLE	CC-BY-4.0	NO	0	OPENSTAX
a75a1f8standard10	RESOLUBLE	CC-BY-4.0	NO	0	OPENSTAX
a75a1f8standard11	RESOLUBLE	CC-BY-4.0	NO	0	OPENSTAX
a75a1f8standard12	RESOLUBLE	CC-BY-4.0	NO	0	OPENSTAX
a75a1f8standard13	RESOLUBLE	CC-BY-4.0	NO	0	OPENSTAX
a75a1f8standard14	RESOLUBLE	CC-BY-4.0	NO	0	OPENSTAX
a75a1f8standard15	RESOLUBLE	CC-BY-4.0	NO	0	OPENSTAX
a75a1f8standard2	RESOLUBLE	CC-BY-4.0	NO	0	OPENSTAX
a75a1f8standard3	RESOLUBLE	CC-BY-4.0	NO	0	OPENSTAX
a75a1f8standard4	RESOLUBLE	CC-BY-4.0	NO	0	OPENSTAX
a75a1f8standard5	RESOLUBLE	CC-BY-4.0	NO	0	OPENSTAX
a75a1f8standard6	RESOLUBLE	CC-BY-4.0	NO	0	OPENSTAX
a75a1f8standard7	RESOLUBLE	CC-BY-4.0	NO	0	OPENSTAX
a75a1f8standard8	RESOLUBLE	CC-BY-4.0	NO	0	OPENSTAX
a75a1f8standard9	RESOLUBLE	CC-BY-4.0	NO	0	OPENSTAX
a75d03cRecCord1	RESOLUBLE	CC-BY-4.0	NO	0	OPENSTAX
a75d03cRecCord10	RESOLUBLE	CC-BY-4.0	NO	0	OPENSTAX
a75d03cRecCord11	RESOLUBLE	CC-BY-4.0	SI	1	OPENSTAX
a75d03cRecCord12	RESOLUBLE	CC-BY-4.0	NO	0	OPENSTAX
a75d03cRecCord13	RESOLUBLE	CC-BY-4.0	NO	0	OPENSTAX
a75d03cRecCord14	RESOLUBLE	CC-BY-4.0	NO	0	OPENSTAX
a75d03cRecCord15	RESOLUBLE	CC-BY-4.0	NO	0	OPENSTAX
a75d03cRecCord16	RESOLUBLE	CC-BY-4.0	NO	0	OPENSTAX
a75d03cRecCord17	RESOLUBLE	CC-BY-4.0	NO	0	OPENSTAX
a75d03cRecCord18	RESOLUBLE	CC-BY-4.0	NO	0	OPENSTAX
a75d03cRecCord19	RESOLUBLE	CC-BY-4.0	NO	0	OPENSTAX
a75d03cRecCord2	RESOLUBLE	CC-BY-4.0	NO	0	OPENSTAX
a75d03cRecCord20	RESOLUBLE	CC-BY-4.0	NO	0	OPENSTAX
a75d03cRecCord22	RESOLUBLE	CC-BY-4.0	NO	0	OPENSTAX
a75d03cRecCord23	RESOLUBLE	CC-BY-4.0	NO	0	OPENSTAX
a75d03cRecCord24	RESOLUBLE	CC-BY-4.0	NO	0	OPENSTAX
a75d03cRecCord25	RESOLUBLE	CC-BY-4.0	NO	0	OPENSTAX
a75d03cRecCord26	RESOLUBLE	CC-BY-4.0	NO	0	OPENSTAX
a75d03cRecCord27	RESOLUBLE	CC-BY-4.0	SI	1	OPENSTAX
a75d03cRecCord3	RESOLUBLE	CC-BY-4.0	NO	0	OPENSTAX
a75d03cRecCord4	RESOLUBLE	CC-BY-4.0	NO	0	OPENSTAX
a75d03cRecCord5	RESOLUBLE	CC-BY-4.0	NO	0	OPENSTAX
a75d03cRecCord6	RESOLUBLE	CC-BY-4.0	NO	0	OPENSTAX
a75d03cRecCord7	RESOLUBLE	CC-BY-4.0	NO	0	OPENSTAX
a75d03cRecCord8	RESOLUBLE	CC-BY-4.0	NO	0	OPENSTAX
a75d03cRecCord9	RESOLUBLE	CC-BY-4.0	NO	0	OPENSTAX
a767c30T221-identpyth-P01	VERSION-SIN-VARIANTE	CC4.0	NO	0	NO-OPENSTAX
a767c30T221-identpyth-P02	VERSION-SIN-VARIANTE	CC4.0	NO	0	NO-OPENSTAX
a767c30T221-identpyth-P03	VERSION-SIN-VARIANTE	CC4.0	NO	0	NO-OPENSTAX
a767c30T221-identpyth-P04	VERSION-SIN-VARIANTE	CC4.0	NO	0	NO-OPENSTAX
a767c30T221-identpyth-P05	VERSION-SIN-VARIANTE	CC4.0	NO	0	NO-OPENSTAX
a767c30T221-identpyth-P06	VERSION-SIN-VARIANTE	CC4.0	NO	0	NO-OPENSTAX
a76c342chainrule1	RESOLUBLE	CC-BY-4.0	NO	0	OPENSTAX
a76c342chainrule2	RESOLUBLE	CC-BY-4.0	NO	0	OPENSTAX
a76c342chainrule3	RESOLUBLE	CC-BY-4.0	NO	0	OPENSTAX
a76c342chainrule4	RESOLUBLE	CC-BY-4.0	NO	0	OPENSTAX
a76c342chainrule5	RESOLUBLE	CC-BY-4.0	NO	0	OPENSTAX
a76c342chainrule6	RESOLUBLE	CC-BY-4.0	NO	0	OPENSTAX
a76c342chainrule7	RESOLUBLE	CC-BY-4.0	NO	0	OPENSTAX
a76c342chainrule8	RESOLUBLE	CC-BY-4.0	NO	0	OPENSTAX
a76e5d4tab1	RESOLUBLE	CC-BY-4.0	SI	1	NO-OPENSTAX
a76e5d4tab2	RESOLUBLE	CC-BY-4.0	SI	1	NO-OPENSTAX
a76e5d4tab3	RESOLUBLE	CC-BY-4.0	SI	1	NO-OPENSTAX
a76e5d4tab4	RESOLUBLE	CC-BY-4.0	SI	1	NO-OPENSTAX
a76e5d4tab5	RESOLUBLE	CC-BY-4.0	SI	1	NO-OPENSTAX
a76e5d4tab6	RESOLUBLE	CC-BY-4.0	SI	1	NO-OPENSTAX
a76e5d4tab7	RESOLUBLE	CC-BY-4.0	SI	1	NO-OPENSTAX
a76e5d4tab8	RESOLUBLE	CC-BY-4.0	SI	1	NO-OPENSTAX
a76e5d4tab9	RESOLUBLE	CC-BY-4.0	SI	1	NO-OPENSTAX
a76f136limits10	RESOLUBLE	CC-BY-4.0	NO	0	OPENSTAX
a76f136limits12	RESOLUBLE	CC-BY-4.0	NO	0	OPENSTAX
a76f136limits14	RESOLUBLE	CC-BY-4.0	NO	0	OPENSTAX
a76f136limits15	RESOLUBLE	CC-BY-4.0	NO	0	OPENSTAX
a76f136limits16	RESOLUBLE	CC-BY-4.0	NO	0	OPENSTAX
a76f136limits17	RESOLUBLE	CC-BY-4.0	NO	0	OPENSTAX
a76f136limits18	RESOLUBLE	CC-BY-4.0	NO	0	OPENSTAX
a76f136limits19	RESOLUBLE	CC-BY-4.0	NO	0	OPENSTAX
a76f136limits20	RESOLUBLE	CC-BY-4.0	NO	0	OPENSTAX
a76f136limits21	RESOLUBLE	CC-BY-4.0	NO	0	OPENSTAX
a76f136limits22	RESOLUBLE	CC-BY-4.0	NO	0	OPENSTAX
a76f136limits23	RESOLUBLE	CC-BY-4.0	NO	0	OPENSTAX
a76f136limits24	RESOLUBLE	CC-BY-4.0	NO	0	OPENSTAX
a76f136limits26	RESOLUBLE	CC-BY-4.0	NO	0	OPENSTAX
a76f136limits27	RESOLUBLE	CC-BY-4.0	NO	0	OPENSTAX
a76f136limits28	RESOLUBLE	CC-BY-4.0	NO	0	OPENSTAX
a76f136limits29	RESOLUBLE	CC-BY-4.0	NO	0	OPENSTAX
a76f136limits3	RESOLUBLE	CC-BY-4.0	NO	0	OPENSTAX
a76f136limits30	RESOLUBLE	CC-BY-4.0	NO	0	OPENSTAX
a76f136limits4	RESOLUBLE	CC-BY-4.0	NO	0	OPENSTAX
a76f136limits5	RESOLUBLE	CC-BY-4.0	NO	0	OPENSTAX
a76f136limits6	RESOLUBLE	CC-BY-4.0	NO	0	OPENSTAX
a76f136limits8	RESOLUBLE	CC-BY-4.0	NO	0	OPENSTAX
a7811e5normal1	RESOLUBLE	CC-BY-4.0	SI	1	OPENSTAX
a7811e5normal10	RESOLUBLE	CC-BY-4.0	NO	0	OPENSTAX
a7811e5normal11	RESOLUBLE	CC-BY-4.0	NO	0	OPENSTAX
a7811e5normal12	RESOLUBLE	CC-BY-4.0	NO	0	OPENSTAX
a7811e5normal13	RESOLUBLE	CC-BY-4.0	SI	1	OPENSTAX
a7811e5normal14	RESOLUBLE	CC-BY-4.0	NO	0	OPENSTAX
a7811e5normal15	RESOLUBLE	CC-BY-4.0	NO	0	OPENSTAX
a7811e5normal2	AUSENTE	-	NO	0	OPENSTAX
a7811e5normal3	AUSENTE	-	NO	0	OPENSTAX
a7811e5normal4	RESOLUBLE	CC-BY-4.0	SI	1	OPENSTAX
a7811e5normal5	RESOLUBLE	CC-BY-4.0	NO	0	OPENSTAX
a7811e5normal6	RESOLUBLE	CC-BY-4.0	SI	1	OPENSTAX
a7811e5normal7	RESOLUBLE	CC-BY-4.0	SI	1	OPENSTAX
a7811e5normal8	RESOLUBLE	CC-BY-4.0	NO	0	OPENSTAX
a7811e5normal9	RESOLUBLE	CC-BY-4.0	NO	0	OPENSTAX
a78ba6esubsitution1	RESOLUBLE	CC-BY-4.0	NO	0	OPENSTAX
a78ba6esubsitution10	RESOLUBLE	CC-BY-4.0	NO	0	OPENSTAX
a78ba6esubsitution11	RESOLUBLE	CC-BY-4.0	NO	0	OPENSTAX
a78ba6esubsitution12	RESOLUBLE	CC-BY-4.0	NO	0	OPENSTAX
a78ba6esubsitution13	RESOLUBLE	CC-BY-4.0	NO	0	OPENSTAX
a78ba6esubsitution14	RESOLUBLE	CC-BY-4.0	NO	0	OPENSTAX
a78ba6esubsitution15	RESOLUBLE	CC-BY-4.0	NO	0	OPENSTAX
a78ba6esubsitution16	RESOLUBLE	CC-BY-4.0	NO	0	OPENSTAX
a78ba6esubsitution17	RESOLUBLE	CC-BY-4.0	NO	0	OPENSTAX
a78ba6esubsitution18	RESOLUBLE	CC-BY-4.0	NO	0	OPENSTAX
a78ba6esubsitution19	RESOLUBLE	CC-BY-4.0	NO	0	OPENSTAX
a78ba6esubsitution2	RESOLUBLE	CC-BY-4.0	NO	0	OPENSTAX
a78ba6esubsitution20	RESOLUBLE	CC-BY-4.0	NO	0	OPENSTAX
a78ba6esubsitution3	RESOLUBLE	CC-BY-4.0	NO	0	OPENSTAX
a78ba6esubsitution4	RESOLUBLE	CC-BY-4.0	NO	0	OPENSTAX
a78ba6esubsitution5	RESOLUBLE	CC-BY-4.0	NO	0	OPENSTAX
a78ba6esubsitution6	RESOLUBLE	CC-BY-4.0	NO	0	OPENSTAX
a78ba6esubsitution7	RESOLUBLE	CC-BY-4.0	NO	0	OPENSTAX
a78ba6esubsitution8	RESOLUBLE	CC-BY-4.0	NO	0	OPENSTAX
a78ba6esubsitution9	RESOLUBLE	CC-BY-4.0	NO	0	OPENSTAX
a790ea1type1	RESOLUBLE	CC-BY-4.0	NO	0	OPENSTAX
a790ea1type10	RESOLUBLE	CC-BY-4.0	NO	0	OPENSTAX
a790ea1type11	RESOLUBLE	CC-BY-4.0	NO	0	OPENSTAX
a790ea1type12	RESOLUBLE	CC-BY-4.0	NO	0	OPENSTAX
a790ea1type13	RESOLUBLE	CC-BY-4.0	NO	0	OPENSTAX
a790ea1type14	RESOLUBLE	CC-BY-4.0	NO	0	OPENSTAX
a790ea1type15	RESOLUBLE	CC-BY-4.0	NO	0	OPENSTAX
a790ea1type2	AUSENTE	-	NO	0	OPENSTAX
a790ea1type3	RESOLUBLE	CC-BY-4.0	NO	0	OPENSTAX
a790ea1type4	RESOLUBLE	CC-BY-4.0	NO	0	OPENSTAX
a790ea1type5	RESOLUBLE	CC-BY-4.0	NO	0	OPENSTAX
a790ea1type6	RESOLUBLE	CC-BY-4.0	NO	0	OPENSTAX
a790ea1type7	RESOLUBLE	CC-BY-4.0	NO	0	OPENSTAX
a790ea1type8	RESOLUBLE	CC-BY-4.0	NO	0	OPENSTAX
a790ea1type9	RESOLUBLE	CC-BY-4.0	NO	0	OPENSTAX
a79a53dgood1	RESOLUBLE	CC-BY-4.0	SI	3	OPENSTAX
a79a53dgood10	RESOLUBLE	CC-BY-4.0	SI	1	OPENSTAX
a79a53dgood11	RESOLUBLE	CC-BY-4.0	SI	1	OPENSTAX
a79a53dgood12	RESOLUBLE	CC-BY-4.0	SI	1	OPENSTAX
a79a53dgood13	RESOLUBLE	CC-BY-4.0	SI	2	OPENSTAX
a79a53dgood14	RESOLUBLE	CC-BY-4.0	SI	2	OPENSTAX
a79a53dgood15	RESOLUBLE	CC-BY-4.0	SI	1	OPENSTAX
a79a53dgood2	RESOLUBLE	CC-BY-4.0	SI	2	OPENSTAX
a79a53dgood3	AUSENTE	-	SI	1	OPENSTAX
a79a53dgood4	RESOLUBLE	CC-BY-4.0	SI	1	OPENSTAX
a79a53dgood5	RESOLUBLE	CC-BY-4.0	NO	0	OPENSTAX
a79a53dgood6	RESOLUBLE	CC-BY-4.0	NO	0	OPENSTAX
a79a53dgood7	RESOLUBLE	CC-BY-4.0	NO	0	OPENSTAX
a79a53dgood8	RESOLUBLE	CC-BY-4.0	SI	1	OPENSTAX
a79a53dgood9	RESOLUBLE	CC-BY-4.0	SI	1	OPENSTAX
a79dde1funccomp1	AUSENTE	-	NO	0	NO-OPENSTAX
a79dde1funccomp10	AUSENTE	-	NO	0	NO-OPENSTAX
a79dde1funccomp100	AUSENTE	-	NO	0	NO-OPENSTAX
a79dde1funccomp1000	AUSENTE	-	NO	0	NO-OPENSTAX
a79dde1funccomp101	AUSENTE	-	NO	0	NO-OPENSTAX
a79dde1funccomp101b	AUSENTE	-	NO	0	NO-OPENSTAX
a79dde1funccomp101c	AUSENTE	-	NO	0	NO-OPENSTAX
a79dde1funccomp10b	AUSENTE	-	NO	0	NO-OPENSTAX
a79dde1funccomp10c	AUSENTE	-	NO	0	NO-OPENSTAX
a79dde1funccomp10d	AUSENTE	-	NO	0	NO-OPENSTAX
a79dde1funccomp11	AUSENTE	-	NO	0	NO-OPENSTAX
a79dde1funccomp110	AUSENTE	-	NO	0	NO-OPENSTAX
a79dde1funccomp110b	AUSENTE	-	NO	0	NO-OPENSTAX
a79dde1funccomp111	AUSENTE	-	NO	0	NO-OPENSTAX
a79dde1funccomp2	AUSENTE	-	NO	0	NO-OPENSTAX
a79dde1funccomp3	AUSENTE	-	NO	0	NO-OPENSTAX
a79dde1funccomp4	AUSENTE	-	NO	0	NO-OPENSTAX
a7b6395A141-algprac-P01	VERSION-SIN-VARIANTE	CC4.0	NO	0	NO-OPENSTAX
a7b6395A141-algprac-P02	VERSION-SIN-VARIANTE	CC4.0	NO	0	NO-OPENSTAX
a7b6395A141-algprac-P03	VERSION-SIN-VARIANTE	CC4.0	NO	0	NO-OPENSTAX
a7b6395A141-algprac-P04	VERSION-SIN-VARIANTE	CC4.0	NO	0	NO-OPENSTAX
a7b6395A141-algprac-P05	VERSION-SIN-VARIANTE	CC4.0	NO	0	NO-OPENSTAX
a7b6395A141-algprac-P06	VERSION-SIN-VARIANTE	CC4.0	NO	0	NO-OPENSTAX
a7b6395A141-algprac-P07	VERSION-SIN-VARIANTE	CC4.0	NO	0	NO-OPENSTAX
a7b6395A141-algprac-P08	VERSION-SIN-VARIANTE	CC4.0	NO	0	NO-OPENSTAX
a7b6395A141-algprac-P09	VERSION-SIN-VARIANTE	CC4.0	NO	0	NO-OPENSTAX
a7b6395A141-algprac-P10	VERSION-SIN-VARIANTE	CC4.0	NO	0	NO-OPENSTAX
a7b6395A141-algprac-P11	VERSION-SIN-VARIANTE	CC4.0	NO	0	NO-OPENSTAX
a7b6395A141-algprac-P12	VERSION-SIN-VARIANTE	CC4.0	NO	0	NO-OPENSTAX
a7b6395A141-algprac-P14	VERSION-SIN-VARIANTE	CC4.0	NO	0	NO-OPENSTAX
a7b6395A141-algprac-P15	VERSION-SIN-VARIANTE	CC4.0	NO	0	NO-OPENSTAX
a7b6395A141-algprac-P16	VERSION-SIN-VARIANTE	CC4.0	NO	0	NO-OPENSTAX
a7b6395A141-algprac-P17	VERSION-SIN-VARIANTE	CC4.0	NO	0	NO-OPENSTAX
a7b7c31limits1	AUSENTE	-	SI	1	OPENSTAX
a7b7c31limits19	AUSENTE	-	NO	0	OPENSTAX
a7b7c31limits2	AUSENTE	-	SI	1	OPENSTAX
a7b7c31limits20	AUSENTE	-	NO	0	OPENSTAX
a7b7c31limits21	AUSENTE	-	NO	0	OPENSTAX
a7b7c31limits22	AUSENTE	-	NO	0	OPENSTAX
a7b98f9comp1	RESOLUBLE	CC-BY-4.0	NO	0	OPENSTAX
a7b98f9comp2	RESOLUBLE	CC-BY-4.0	NO	0	OPENSTAX
a7b98f9comp3	RESOLUBLE	CC-BY-4.0	NO	0	OPENSTAX
a7b98f9comp4	RESOLUBLE	CC-BY-4.0	NO	0	OPENSTAX
a7b98f9composition1	RESOLUBLE	CC-BY-4.0	NO	0	OPENSTAX
a7b98f9composition10	RESOLUBLE	CC-BY-4.0	NO	0	OPENSTAX
a7b98f9composition11	RESOLUBLE	CC-BY-4.0	NO	0	OPENSTAX
a7b98f9composition12	RESOLUBLE	CC-BY-4.0	NO	0	OPENSTAX
a7b98f9composition13	RESOLUBLE	CC-BY-4.0	NO	0	OPENSTAX
a7b98f9composition14	RESOLUBLE	CC-BY-4.0	NO	0	OPENSTAX
a7b98f9composition15	RESOLUBLE	CC-BY-4.0	NO	0	OPENSTAX
a7b98f9composition16	RESOLUBLE	CC-BY-4.0	NO	0	OPENSTAX
a7b98f9composition17	RESOLUBLE	CC-BY-4.0	NO	0	OPENSTAX
a7b98f9composition18	RESOLUBLE	CC-BY-4.0	NO	0	OPENSTAX
a7b98f9composition19	RESOLUBLE	CC-BY-4.0	NO	0	OPENSTAX
a7b98f9composition2	RESOLUBLE	CC-BY-4.0	NO	0	OPENSTAX
a7b98f9composition20	RESOLUBLE	CC-BY-4.0	NO	0	OPENSTAX
a7b98f9composition21	RESOLUBLE	CC-BY-4.0	NO	0	OPENSTAX
a7b98f9composition22	RESOLUBLE	CC-BY-4.0	NO	0	OPENSTAX
a7b98f9composition23	RESOLUBLE	CC-BY-4.0	NO	0	OPENSTAX
a7b98f9composition24	RESOLUBLE	CC-BY-4.0	NO	0	OPENSTAX
a7b98f9composition3	RESOLUBLE	CC-BY-4.0	NO	0	OPENSTAX
a7b98f9composition4	RESOLUBLE	CC-BY-4.0	NO	0	OPENSTAX
a7b98f9composition5	RESOLUBLE	CC-BY-4.0	NO	0	OPENSTAX
a7b98f9composition6	RESOLUBLE	CC-BY-4.0	NO	0	OPENSTAX
a7b98f9composition7	RESOLUBLE	CC-BY-4.0	NO	0	OPENSTAX
a7b98f9composition8	RESOLUBLE	CC-BY-4.0	NO	0	OPENSTAX
a7b98f9composition9	RESOLUBLE	CC-BY-4.0	NO	0	OPENSTAX
a7c4d8316	RESOLUBLE	CC-BY-4.0	NO	0	OPENSTAX
a7c4d8318	RESOLUBLE	CC-BY-4.0	NO	0	OPENSTAX
a7c4d8320a	RESOLUBLE	CC-BY-4.0	NO	0	OPENSTAX
a7c4d8321	RESOLUBLE	CC-BY-4.0	NO	0	OPENSTAX
a7c4d8323	RESOLUBLE	CC-BY-4.0	NO	0	OPENSTAX
a7c4d8327	RESOLUBLE	CC-BY-4.0	NO	0	OPENSTAX
a7c4d8328a	RESOLUBLE	CC-BY-4.0	NO	0	OPENSTAX
a7c4d8329a	RESOLUBLE	CC-BY-4.0	NO	0	OPENSTAX
a7c4d8331a	RESOLUBLE	CC-BY-4.0	NO	0	OPENSTAX
a7c4d8333a	RESOLUBLE	CC-BY-4.0	NO	0	OPENSTAX
a7c4d8335a	RESOLUBLE	CC-BY-4.0	NO	0	OPENSTAX
a7c4d8347	RESOLUBLE	CC-BY-4.0	NO	0	OPENSTAX
a7c4d8357	RESOLUBLE	CC-BY-4.0	NO	0	OPENSTAX
a7c4d83average_speed11	RESOLUBLE	CC-BY-4.0	NO	0	OPENSTAX
a7c4d83average_speed5	RESOLUBLE	CC-BY-4.0	NO	0	OPENSTAX
a7c4d83average_speed9	RESOLUBLE	CC-BY-4.0	NO	0	OPENSTAX
a7c4d83displacement1	RESOLUBLE	CC-BY-4.0	SI	1	OPENSTAX
a7c4d83displacement3	RESOLUBLE	CC-BY-4.0	SI	1	OPENSTAX
a7c4d83time7	RESOLUBLE	CC-BY-4.0	NO	0	OPENSTAX
a7d2c45Arithseq1	RESOLUBLE	CC-BY-4.0	NO	0	OPENSTAX
a7d2c45Arithseq10	RESOLUBLE	CC-BY-4.0	NO	0	OPENSTAX
a7d2c45Arithseq11	RESOLUBLE	CC-BY-4.0	NO	0	OPENSTAX
a7d2c45Arithseq12	RESOLUBLE	CC-BY-4.0	NO	0	OPENSTAX
a7d2c45Arithseq13	RESOLUBLE	CC-BY-4.0	NO	0	OPENSTAX
a7d2c45Arithseq14	RESOLUBLE	CC-BY-4.0	NO	0	OPENSTAX
a7d2c45Arithseq15	RESOLUBLE	CC-BY-4.0	NO	0	OPENSTAX
a7d2c45Arithseq16	RESOLUBLE	CC-BY-4.0	NO	0	OPENSTAX
a7d2c45Arithseq17	RESOLUBLE	CC-BY-4.0	NO	0	OPENSTAX
a7d2c45Arithseq18	RESOLUBLE	CC-BY-4.0	NO	0	OPENSTAX
a7d2c45Arithseq19	RESOLUBLE	CC-BY-4.0	NO	0	OPENSTAX
a7d2c45Arithseq2	RESOLUBLE	CC-BY-4.0	NO	0	OPENSTAX
a7d2c45Arithseq20	RESOLUBLE	CC-BY-4.0	NO	0	OPENSTAX
a7d2c45Arithseq21	RESOLUBLE	CC-BY-4.0	NO	0	OPENSTAX
a7d2c45Arithseq22	RESOLUBLE	CC-BY-4.0	NO	0	OPENSTAX
a7d2c45Arithseq23	RESOLUBLE	CC-BY-4.0	NO	0	OPENSTAX
a7d2c45Arithseq24	RESOLUBLE	CC-BY-4.0	NO	0	OPENSTAX
a7d2c45Arithseq25	RESOLUBLE	CC-BY-4.0	NO	0	OPENSTAX
a7d2c45Arithseq26	RESOLUBLE	CC-BY-4.0	NO	0	OPENSTAX
a7d2c45Arithseq27	RESOLUBLE	CC-BY-4.0	NO	0	OPENSTAX
a7d2c45Arithseq28	RESOLUBLE	CC-BY-4.0	NO	0	OPENSTAX
a7d2c45Arithseq3	RESOLUBLE	CC-BY-4.0	NO	0	OPENSTAX
a7d2c45Arithseq4	RESOLUBLE	CC-BY-4.0	NO	0	OPENSTAX
a7d2c45Arithseq5	RESOLUBLE	CC-BY-4.0	NO	0	OPENSTAX
a7d2c45Arithseq6	RESOLUBLE	CC-BY-4.0	NO	0	OPENSTAX
a7d2c45Arithseq7	RESOLUBLE	CC-BY-4.0	NO	0	OPENSTAX
a7d2c45Arithseq8	RESOLUBLE	CC-BY-4.0	NO	0	OPENSTAX
a7d2c45Arithseq9	RESOLUBLE	CC-BY-4.0	NO	0	OPENSTAX
a7db3eepoly_gcf_1	AUSENTE	-	NO	0	OPENSTAX
a7db3eepoly_gcf_2	AUSENTE	-	NO	0	OPENSTAX
a7db3eepoly_gcf_4	AUSENTE	-	NO	0	OPENSTAX
a7db3eepoly_gcf_5	AUSENTE	-	NO	0	OPENSTAX
a7db3eepolygcf1	AUSENTE	-	NO	0	OPENSTAX
a7db3eepolygcf10	AUSENTE	-	NO	0	OPENSTAX
a7db3eepolygcf11	AUSENTE	-	NO	0	OPENSTAX
a7db3eepolygcf12	AUSENTE	-	NO	0	OPENSTAX
a7db3eepolygcf2	AUSENTE	-	NO	0	OPENSTAX
a7db3eepolygcf3	AUSENTE	-	NO	0	OPENSTAX
a7db3eepolygcf4	AUSENTE	-	NO	0	OPENSTAX
a7db3eepolygcf5	AUSENTE	-	NO	0	OPENSTAX
a7db3eepolygcf6	AUSENTE	-	NO	0	OPENSTAX
a7db3eepolygcf7	AUSENTE	-	NO	0	OPENSTAX
a7db3eepolygcf8	AUSENTE	-	NO	0	OPENSTAX
a7db3eepolygcf9	AUSENTE	-	NO	0	OPENSTAX
a7dc5fftransformation1	RESOLUBLE	CC-BY-4.0	NO	0	OPENSTAX
a7dc5fftransformation10	RESOLUBLE	CC-BY-4.0	NO	0	OPENSTAX
a7dc5fftransformation11	RESOLUBLE	CC-BY-4.0	NO	0	OPENSTAX
a7dc5fftransformation12	RESOLUBLE	CC-BY-4.0	NO	0	OPENSTAX
a7dc5fftransformation13	RESOLUBLE	CC-BY-4.0	NO	0	OPENSTAX
a7dc5fftransformation14	RESOLUBLE	CC-BY-4.0	NO	0	OPENSTAX
a7dc5fftransformation15	RESOLUBLE	CC-BY-4.0	NO	0	OPENSTAX
a7dc5fftransformation16	RESOLUBLE	CC-BY-4.0	NO	0	OPENSTAX
a7dc5fftransformation17	RESOLUBLE	CC-BY-4.0	NO	0	OPENSTAX
a7dc5fftransformation18	RESOLUBLE	CC-BY-4.0	NO	0	OPENSTAX
a7dc5fftransformation19	RESOLUBLE	CC-BY-4.0	NO	0	OPENSTAX
a7dc5fftransformation2	RESOLUBLE	CC-BY-4.0	NO	0	OPENSTAX
a7dc5fftransformation20	RESOLUBLE	CC-BY-4.0	NO	0	OPENSTAX
a7dc5fftransformation21	RESOLUBLE	CC-BY-4.0	NO	0	OPENSTAX
a7dc5fftransformation22	RESOLUBLE	CC-BY-4.0	NO	0	OPENSTAX
a7dc5fftransformation23	RESOLUBLE	CC-BY-4.0	NO	0	OPENSTAX
a7dc5fftransformation24	RESOLUBLE	CC-BY-4.0	NO	0	OPENSTAX
a7dc5fftransformation3	RESOLUBLE	CC-BY-4.0	NO	0	OPENSTAX
a7dc5fftransformation4	RESOLUBLE	CC-BY-4.0	NO	0	OPENSTAX
a7dc5fftransformation5	RESOLUBLE	CC-BY-4.0	NO	0	OPENSTAX
a7dc5fftransformation6	RESOLUBLE	CC-BY-4.0	NO	0	OPENSTAX
a7dc5fftransformation7	RESOLUBLE	CC-BY-4.0	NO	0	OPENSTAX
a7dc5fftransformation8	RESOLUBLE	CC-BY-4.0	NO	0	OPENSTAX
a7dc5fftransformation9	RESOLUBLE	CC-BY-4.0	NO	0	OPENSTAX
a7defd5Radicals2	RESOLUBLE	CC-BY-4.0	NO	0	OPENSTAX
a7defd5Radicals23	RESOLUBLE	CC-BY-4.0	NO	0	OPENSTAX
a7defd5Sim13	RESOLUBLE	CC-BY-4.0	NO	0	OPENSTAX
a7defd5Sim14	RESOLUBLE	CC-BY-4.0	NO	0	OPENSTAX
a7e096bFormula22	RESOLUBLE	CC-BY-4.0	NO	0	OPENSTAX
a7e096bFormula23	RESOLUBLE	CC-BY-4.0	NO	0	OPENSTAX
a7e096bFormula24	RESOLUBLE	CC-BY-4.0	NO	0	OPENSTAX
a7e096bFormula25	RESOLUBLE	CC-BY-4.0	NO	0	OPENSTAX
a7e096bFormula26	RESOLUBLE	CC-BY-4.0	NO	0	OPENSTAX
a7e096bFormula27	RESOLUBLE	CC-BY-4.0	NO	0	OPENSTAX
a7e096bFormula28	RESOLUBLE	CC-BY-4.0	NO	0	OPENSTAX
a7e096bFormula29	RESOLUBLE	CC-BY-4.0	NO	0	OPENSTAX
a7e096bFormula30	RESOLUBLE	CC-BY-4.0	NO	0	OPENSTAX
a7e096bFormula31	RESOLUBLE	CC-BY-4.0	NO	0	OPENSTAX
a7e096bGenStr1	RESOLUBLE	CC-BY-4.0	NO	0	OPENSTAX
a7e096bGenStr10	RESOLUBLE	CC-BY-4.0	NO	0	OPENSTAX
a7e096bGenStr11	RESOLUBLE	CC-BY-4.0	NO	0	OPENSTAX
a7e096bGenStr12	RESOLUBLE	CC-BY-4.0	NO	0	OPENSTAX
a7e096bGenStr13	RESOLUBLE	CC-BY-4.0	NO	0	OPENSTAX
a7e096bGenStr14	RESOLUBLE	CC-BY-4.0	NO	0	OPENSTAX
a7e096bGenStr15	RESOLUBLE	CC-BY-4.0	NO	0	OPENSTAX
a7e096bGenStr16	RESOLUBLE	CC-BY-4.0	NO	0	OPENSTAX
a7e096bGenStr17	RESOLUBLE	CC-BY-4.0	NO	0	OPENSTAX
a7e096bGenStr18	RESOLUBLE	CC-BY-4.0	NO	0	OPENSTAX
a7e096bGenStr19	RESOLUBLE	CC-BY-4.0	NO	0	OPENSTAX
a7e096bGenStr2	RESOLUBLE	CC-BY-4.0	NO	0	OPENSTAX
a7e096bGenStr3	RESOLUBLE	CC-BY-4.0	NO	0	OPENSTAX
a7e096bGenStr4	RESOLUBLE	CC-BY-4.0	NO	0	OPENSTAX
a7e096bGenStr5	RESOLUBLE	CC-BY-4.0	NO	0	OPENSTAX
a7e096bGenStr6	RESOLUBLE	CC-BY-4.0	NO	0	OPENSTAX
a7e096bGenStr7	RESOLUBLE	CC-BY-4.0	NO	0	OPENSTAX
a7e096bGenStr8	RESOLUBLE	CC-BY-4.0	NO	0	OPENSTAX
a7e096bGenStr9	RESOLUBLE	CC-BY-4.0	NO	0	OPENSTAX
a7ea646graph1	RESOLUBLE	CC-BY-4.0	NO	0	OPENSTAX
a7ea646graph10	RESOLUBLE	CC-BY-4.0	NO	0	OPENSTAX
a7ea646graph11	RESOLUBLE	CC-BY-4.0	NO	0	OPENSTAX
a7ea646graph12	RESOLUBLE	CC-BY-4.0	NO	0	OPENSTAX
a7ea646graph13	RESOLUBLE	CC-BY-4.0	NO	0	OPENSTAX
a7ea646graph14	RESOLUBLE	CC-BY-4.0	NO	0	OPENSTAX
a7ea646graph15	RESOLUBLE	CC-BY-4.0	NO	0	OPENSTAX
a7ea646graph16	RESOLUBLE	CC-BY-4.0	NO	0	OPENSTAX
a7ea646graph17	RESOLUBLE	CC-BY-4.0	NO	0	OPENSTAX
a7ea646graph18	RESOLUBLE	CC-BY-4.0	NO	0	OPENSTAX
a7ea646graph19	RESOLUBLE	CC-BY-4.0	NO	0	OPENSTAX
a7ea646graph2	RESOLUBLE	CC-BY-4.0	NO	0	OPENSTAX
a7ea646graph20	RESOLUBLE	CC-BY-4.0	NO	0	OPENSTAX
a7ea646graph21	RESOLUBLE	CC-BY-4.0	NO	0	OPENSTAX
a7ea646graph22	RESOLUBLE	CC-BY-4.0	NO	0	OPENSTAX
a7ea646graph23	RESOLUBLE	CC-BY-4.0	NO	0	OPENSTAX
a7ea646graph24	RESOLUBLE	CC-BY-4.0	NO	0	OPENSTAX
a7ea646graph25	RESOLUBLE	CC-BY-4.0	NO	0	OPENSTAX
a7ea646graph26	RESOLUBLE	CC-BY-4.0	NO	0	OPENSTAX
a7ea646graph27	RESOLUBLE	CC-BY-4.0	NO	0	OPENSTAX
a7ea646graph28	RESOLUBLE	CC-BY-4.0	NO	0	OPENSTAX
a7ea646graph29	RESOLUBLE	CC-BY-4.0	NO	0	OPENSTAX
a7ea646graph3	RESOLUBLE	CC-BY-4.0	NO	0	OPENSTAX
a7ea646graph30	RESOLUBLE	CC-BY-4.0	NO	0	OPENSTAX
a7ea646graph31	RESOLUBLE	CC-BY-4.0	NO	0	OPENSTAX
a7ea646graph32	RESOLUBLE	CC-BY-4.0	NO	0	OPENSTAX
a7ea646graph4	RESOLUBLE	CC-BY-4.0	SI	1	OPENSTAX
a7ea646graph5	RESOLUBLE	CC-BY-4.0	NO	0	OPENSTAX
a7ea646graph6	RESOLUBLE	CC-BY-4.0	SI	1	OPENSTAX
a7ea646graph7	RESOLUBLE	CC-BY-4.0	NO	0	OPENSTAX
a7ea646graph8	RESOLUBLE	CC-BY-4.0	NO	0	OPENSTAX
a7ea646graph9	RESOLUBLE	CC-BY-4.0	NO	0	OPENSTAX
a7ecb8ffactoring1	RESOLUBLE	CC-BY-4.0	NO	0	OPENSTAX
a7ecb8ffactoring10	RESOLUBLE	CC-BY-4.0	NO	0	OPENSTAX
a7ecb8ffactoring11	RESOLUBLE	CC-BY-4.0	NO	0	OPENSTAX
a7ecb8ffactoring12	RESOLUBLE	CC-BY-4.0	NO	0	OPENSTAX
a7ecb8ffactoring13	RESOLUBLE	CC-BY-4.0	NO	0	OPENSTAX
a7ecb8ffactoring14	RESOLUBLE	CC-BY-4.0	NO	0	OPENSTAX
a7ecb8ffactoring15	RESOLUBLE	CC-BY-4.0	NO	0	OPENSTAX
a7ecb8ffactoring2	RESOLUBLE	CC-BY-4.0	NO	0	OPENSTAX
a7ecb8ffactoring3	RESOLUBLE	CC-BY-4.0	NO	0	OPENSTAX
a7ecb8ffactoring4	RESOLUBLE	CC-BY-4.0	NO	0	OPENSTAX
a7ecb8ffactoring5	RESOLUBLE	CC-BY-4.0	NO	0	OPENSTAX
a7ecb8ffactoring6	RESOLUBLE	CC-BY-4.0	NO	0	OPENSTAX
a7ecb8ffactoring7	RESOLUBLE	CC-BY-4.0	NO	0	OPENSTAX
a7ecb8ffactoring8	RESOLUBLE	CC-BY-4.0	NO	0	OPENSTAX
a7ecb8ffactoring9	RESOLUBLE	CC-BY-4.0	NO	0	OPENSTAX
a7fd07f5.1continuous1	RESOLUBLE	CC-BY-4.0	NO	0	OPENSTAX
a7fd07f5.1continuous2	RESOLUBLE	CC-BY-4.0	NO	0	OPENSTAX
a7fd07f5.1continuous3	RESOLUBLE	CC-BY-4.0	NO	0	OPENSTAX
a7fd07f5.1intro	RESOLUBLE	CC-BY-4.0	SI	2	OPENSTAX
a7fd07f5.1normal	RESOLUBLE	CC-BY-4.0	SI	1	OPENSTAX
a7fd07f5.1rectangle	RESOLUBLE	CC-BY-4.0	SI	1	OPENSTAX
a7fd07f5.1rectangle2	RESOLUBLE	CC-BY-4.0	SI	1	OPENSTAX
a7fd07f5.1wedge	RESOLUBLE	CC-BY-4.0	SI	1	OPENSTAX
a7fd07f5.1wedge2	RESOLUBLE	CC-BY-4.0	SI	1	OPENSTAX
a805812corr1	RESOLUBLE	CC-BY-4.0	SI	1	OPENSTAX
a805812corr2	RESOLUBLE	CC-BY-4.0	SI	1	OPENSTAX
a805812corr3	RESOLUBLE	CC-BY-4.0	SI	1	OPENSTAX
a805812corr4	RESOLUBLE	CC-BY-4.0	SI	1	OPENSTAX
a805812corr5	RESOLUBLE	CC-BY-4.0	SI	1	OPENSTAX
a805812corr6	RESOLUBLE	CC-BY-4.0	SI	1	OPENSTAX
a805812corr7	RESOLUBLE	CC-BY-4.0	SI	1	OPENSTAX
a80f26flinear1	RESOLUBLE	CC-BY-4.0	NO	0	OPENSTAX
a80f26flinear10	RESOLUBLE	CC-BY-4.0	NO	0	OPENSTAX
a80f26flinear11	RESOLUBLE	CC-BY-4.0	NO	0	OPENSTAX
a80f26flinear12	RESOLUBLE	CC-BY-4.0	NO	0	OPENSTAX
a80f26flinear13	RESOLUBLE	CC-BY-4.0	NO	0	OPENSTAX
a80f26flinear14	RESOLUBLE	CC-BY-4.0	NO	0	OPENSTAX
a80f26flinear15	RESOLUBLE	CC-BY-4.0	NO	0	OPENSTAX
a80f26flinear16	RESOLUBLE	CC-BY-4.0	NO	0	OPENSTAX
a80f26flinear2	RESOLUBLE	CC-BY-4.0	NO	0	OPENSTAX
a80f26flinear3	RESOLUBLE	CC-BY-4.0	NO	0	OPENSTAX
a80f26flinear4	RESOLUBLE	CC-BY-4.0	NO	0	OPENSTAX
a80f26flinear5	RESOLUBLE	CC-BY-4.0	NO	0	OPENSTAX
a80f26flinear6	RESOLUBLE	CC-BY-4.0	SI	1	OPENSTAX
a80f26flinear7	RESOLUBLE	CC-BY-4.0	NO	0	OPENSTAX
a80f26flinear8	RESOLUBLE	CC-BY-4.0	NO	0	OPENSTAX
a80f26flinear9	RESOLUBLE	CC-BY-4.0	NO	0	OPENSTAX
a81d715SolRadical1	RESOLUBLE	CC-BY-4.0	NO	0	OPENSTAX
a81d715SolRadical10	RESOLUBLE	CC-BY-4.0	NO	0	OPENSTAX
a81d715SolRadical11	RESOLUBLE	CC-BY-4.0	NO	0	OPENSTAX
a81d715SolRadical12	RESOLUBLE	CC-BY-4.0	NO	0	OPENSTAX
a81d715SolRadical13	RESOLUBLE	CC-BY-4.0	NO	0	OPENSTAX
a81d715SolRadical14	RESOLUBLE	CC-BY-4.0	NO	0	OPENSTAX
a81d715SolRadical15	RESOLUBLE	CC-BY-4.0	NO	0	OPENSTAX
a81d715SolRadical16	RESOLUBLE	CC-BY-4.0	NO	0	OPENSTAX
a81d715SolRadical17	RESOLUBLE	CC-BY-4.0	NO	0	OPENSTAX
a81d715SolRadical18	RESOLUBLE	CC-BY-4.0	NO	0	OPENSTAX
a81d715SolRadical19	RESOLUBLE	CC-BY-4.0	NO	0	OPENSTAX
a81d715SolRadical2	RESOLUBLE	CC-BY-4.0	NO	0	OPENSTAX
a81d715SolRadical20	RESOLUBLE	CC-BY-4.0	NO	0	OPENSTAX
a81d715SolRadical21	RESOLUBLE	CC-BY-4.0	NO	0	OPENSTAX
a81d715SolRadical22	RESOLUBLE	CC-BY-4.0	NO	0	OPENSTAX
a81d715SolRadical23	RESOLUBLE	CC-BY-4.0	NO	0	OPENSTAX
a81d715SolRadical24	RESOLUBLE	CC-BY-4.0	NO	0	OPENSTAX
a81d715SolRadical25	RESOLUBLE	CC-BY-4.0	NO	0	OPENSTAX
a81d715SolRadical26	RESOLUBLE	CC-BY-4.0	NO	0	OPENSTAX
a81d715SolRadical27	RESOLUBLE	CC-BY-4.0	NO	0	OPENSTAX
a81d715SolRadical28	RESOLUBLE	CC-BY-4.0	NO	0	OPENSTAX
a81d715SolRadical29	RESOLUBLE	CC-BY-4.0	NO	0	OPENSTAX
a81d715SolRadical3	RESOLUBLE	CC-BY-4.0	NO	0	OPENSTAX
a81d715SolRadical30	RESOLUBLE	CC-BY-4.0	NO	0	OPENSTAX
a81d715SolRadical4	RESOLUBLE	CC-BY-4.0	NO	0	OPENSTAX
a81d715SolRadical5	RESOLUBLE	CC-BY-4.0	NO	0	OPENSTAX
a81d715SolRadical6	RESOLUBLE	CC-BY-4.0	NO	0	OPENSTAX
a81d715SolRadical7	RESOLUBLE	CC-BY-4.0	NO	0	OPENSTAX
a81d715SolRadical8	RESOLUBLE	CC-BY-4.0	NO	0	OPENSTAX
a81d715SolRadical9	RESOLUBLE	CC-BY-4.0	NO	0	OPENSTAX
a8274f3A231-lawsexpproduct-P01	VERSION-SIN-VARIANTE	CC4.0	NO	0	NO-OPENSTAX
a8274f3A231-lawsexpproduct-P02	VERSION-SIN-VARIANTE	CC4.0	NO	0	NO-OPENSTAX
a8274f3A231-lawsexpproduct-P03	VERSION-SIN-VARIANTE	CC4.0	NO	0	NO-OPENSTAX
a8274f3A231-lawsexpproduct-P04	VERSION-SIN-VARIANTE	CC4.0	NO	0	NO-OPENSTAX
a8274f3A231-lawsexpproduct-P05	VERSION-SIN-VARIANTE	CC4.0	NO	0	NO-OPENSTAX
a8274f3A231-lawsexpproduct-P07	VERSION-SIN-VARIANTE	CC4.0	NO	0	NO-OPENSTAX
a82acbdstat1	RESOLUBLE	CC-BY-4.0	NO	0	OPENSTAX
a82acbdstat10	RESOLUBLE	CC-BY-4.0	NO	0	OPENSTAX
a82acbdstat11	RESOLUBLE	CC-BY-4.0	NO	0	OPENSTAX
a82acbdstat12	RESOLUBLE	CC-BY-4.0	NO	0	OPENSTAX
a82acbdstat13	RESOLUBLE	CC-BY-4.0	NO	0	OPENSTAX
a82acbdstat14	RESOLUBLE	CC-BY-4.0	NO	0	OPENSTAX
a82acbdstat15	RESOLUBLE	CC-BY-4.0	NO	0	OPENSTAX
a82acbdstat2	RESOLUBLE	CC-BY-4.0	NO	0	OPENSTAX
a82acbdstat3	RESOLUBLE	CC-BY-4.0	NO	0	OPENSTAX
a82acbdstat4	RESOLUBLE	CC-BY-4.0	NO	0	OPENSTAX
a82acbdstat5	RESOLUBLE	CC-BY-4.0	NO	0	OPENSTAX
a82acbdstat6	RESOLUBLE	CC-BY-4.0	NO	0	OPENSTAX
a82acbdstat7	RESOLUBLE	CC-BY-4.0	NO	0	OPENSTAX
a82acbdstat8	RESOLUBLE	CC-BY-4.0	NO	0	OPENSTAX
a82acbdstat9	RESOLUBLE	CC-BY-4.0	SI	1	OPENSTAX
a82e37dA232-lawsexpquotient-P01	VERSION-SIN-VARIANTE	CC4.0	NO	0	NO-OPENSTAX
a82e37dA232-lawsexpquotient-P02	VERSION-SIN-VARIANTE	CC4.0	NO	0	NO-OPENSTAX
a82e37dA232-lawsexpquotient-P03	VERSION-SIN-VARIANTE	CC4.0	NO	0	NO-OPENSTAX
a82e37dA232-lawsexpquotient-P04	VERSION-SIN-VARIANTE	CC4.0	NO	0	NO-OPENSTAX
a82e37dA232-lawsexpquotient-P05	VERSION-SIN-VARIANTE	CC4.0	NO	0	NO-OPENSTAX
a82e37dA232-lawsexpquotient-P06	VERSION-SIN-VARIANTE	CC4.0	NO	0	NO-OPENSTAX
a82e37dA232-lawsexpquotient-P07	VERSION-SIN-VARIANTE	CC4.0	NO	0	NO-OPENSTAX
a82e37dA232-lawsexpquotient-P08	VERSION-SIN-VARIANTE	CC4.0	NO	0	NO-OPENSTAX
a82e37dA232-lawsexpquotient-P09	VERSION-SIN-VARIANTE	CC4.0	NO	0	NO-OPENSTAX
a82e37dA232-lawsexpquotient-P10	VERSION-SIN-VARIANTE	CC4.0	NO	0	NO-OPENSTAX
a82ea5csubstitution1	AUSENTE	-	NO	0	OPENSTAX
a82ea5csubstitution10	AUSENTE	-	NO	0	OPENSTAX
a82ea5csubstitution11	AUSENTE	-	NO	0	OPENSTAX
a82ea5csubstitution12	AUSENTE	-	NO	0	OPENSTAX
a82ea5csubstitution13	AUSENTE	-	NO	0	OPENSTAX
a82ea5csubstitution14	AUSENTE	-	NO	0	OPENSTAX
a82ea5csubstitution15	AUSENTE	-	NO	0	OPENSTAX
a82ea5csubstitution16	AUSENTE	-	NO	0	OPENSTAX
a82ea5csubstitution17	AUSENTE	-	NO	0	OPENSTAX
a82ea5csubstitution18	AUSENTE	-	NO	0	OPENSTAX
a82ea5csubstitution19	AUSENTE	-	NO	0	OPENSTAX
a82ea5csubstitution2	AUSENTE	-	NO	0	OPENSTAX
a82ea5csubstitution20	AUSENTE	-	SI	1	OPENSTAX
a82ea5csubstitution3	AUSENTE	-	NO	0	OPENSTAX
a82ea5csubstitution4	AUSENTE	-	NO	0	OPENSTAX
a82ea5csubstitution5	AUSENTE	-	NO	0	OPENSTAX
a82ea5csubstitution6	AUSENTE	-	NO	0	OPENSTAX
a82ea5csubstitution7	AUSENTE	-	NO	0	OPENSTAX
a82ea5csubstitution8	AUSENTE	-	NO	0	OPENSTAX
a82ea5csubstitution9	AUSENTE	-	NO	0	OPENSTAX
a82f4c0inverse1	AUSENTE	-	NO	0	OPENSTAX
a82f4c0inverse12	AUSENTE	-	NO	0	OPENSTAX
a82f4c0inverse13	AUSENTE	-	NO	0	OPENSTAX
a82f4c0inverse14	AUSENTE	-	NO	0	OPENSTAX
a82f4c0inverse15	AUSENTE	-	NO	0	OPENSTAX
a82f4c0inverse5	AUSENTE	-	NO	0	OPENSTAX
a82f4c0inverse6	AUSENTE	-	NO	0	OPENSTAX
a833c22linear1	RESOLUBLE	CC-BY-4.0	NO	0	OPENSTAX
a833c22linear10	RESOLUBLE	CC-BY-4.0	NO	0	OPENSTAX
a833c22linear11	RESOLUBLE	CC-BY-4.0	NO	0	OPENSTAX
a833c22linear12	RESOLUBLE	CC-BY-4.0	NO	0	OPENSTAX
a833c22linear13	RESOLUBLE	CC-BY-4.0	NO	0	OPENSTAX
a833c22linear14	RESOLUBLE	CC-BY-4.0	NO	0	OPENSTAX
a833c22linear15	RESOLUBLE	CC-BY-4.0	SI	1	OPENSTAX
a833c22linear16	RESOLUBLE	CC-BY-4.0	SI	1	OPENSTAX
a833c22linear17	RESOLUBLE	CC-BY-4.0	NO	0	OPENSTAX
a833c22linear18	RESOLUBLE	CC-BY-4.0	NO	0	OPENSTAX
a833c22linear19	RESOLUBLE	CC-BY-4.0	NO	0	OPENSTAX
a833c22linear2	RESOLUBLE	CC-BY-4.0	NO	0	OPENSTAX
a833c22linear20	RESOLUBLE	CC-BY-4.0	NO	0	OPENSTAX
a833c22linear21	RESOLUBLE	CC-BY-4.0	NO	0	OPENSTAX
a833c22linear22	RESOLUBLE	CC-BY-4.0	NO	0	OPENSTAX
a833c22linear23	RESOLUBLE	CC-BY-4.0	SI	1	OPENSTAX
a833c22linear24	RESOLUBLE	CC-BY-4.0	NO	0	OPENSTAX
a833c22linear25	RESOLUBLE	CC-BY-4.0	NO	0	OPENSTAX
a833c22linear26	RESOLUBLE	CC-BY-4.0	NO	0	OPENSTAX
a833c22linear27	RESOLUBLE	CC-BY-4.0	NO	0	OPENSTAX
a833c22linear28	RESOLUBLE	CC-BY-4.0	SI	1	OPENSTAX
a833c22linear29	RESOLUBLE	CC-BY-4.0	SI	1	OPENSTAX
a833c22linear3	RESOLUBLE	CC-BY-4.0	NO	0	OPENSTAX
a833c22linear4	RESOLUBLE	CC-BY-4.0	NO	0	OPENSTAX
a833c22linear5	RESOLUBLE	CC-BY-4.0	NO	0	OPENSTAX
a833c22linear6	RESOLUBLE	CC-BY-4.0	NO	0	OPENSTAX
a833c22linear7	RESOLUBLE	CC-BY-4.0	NO	0	OPENSTAX
a833c22linear8	RESOLUBLE	CC-BY-4.0	NO	0	OPENSTAX
a833c22linear9	RESOLUBLE	CC-BY-4.0	NO	0	OPENSTAX
a838a73projectile1	RESOLUBLE	CC-BY-4.0	NO	0	OPENSTAX
a838a73projectile2	RESOLUBLE	CC-BY-4.0	NO	0	OPENSTAX
a838a73projectile3	RESOLUBLE	CC-BY-4.0	NO	0	OPENSTAX
a838a73projectile4	RESOLUBLE	CC-BY-4.0	NO	0	OPENSTAX
a838a73vectoranalytical1new	RESOLUBLE	CC-BY-4.0	NO	0	OPENSTAX
a838a73vectoranalytical2new	RESOLUBLE	CC-BY-4.0	NO	0	OPENSTAX
a838a73vectoranalytical3new	RESOLUBLE	CC-BY-4.0	NO	0	OPENSTAX
a838a73vectoranalytical4new	RESOLUBLE	CC-BY-4.0	NO	0	OPENSTAX
a838a73vectoranalytical5new	RESOLUBLE	CC-BY-4.0	NO	0	OPENSTAX
a838a73vectoranalytical6new	RESOLUBLE	CC-BY-4.0	NO	0	OPENSTAX
a838a73vectoranalytical7	RESOLUBLE	CC-BY-4.0	SI	1	OPENSTAX
a838a73vectoranalytical7new	RESOLUBLE	CC-BY-4.0	NO	0	OPENSTAX
a838a73vectoranalytical8	RESOLUBLE	CC-BY-4.0	SI	1	OPENSTAX
a838a73vectorgraphical1	RESOLUBLE	CC-BY-4.0	SI	1	OPENSTAX
a838a73vectorgraphical2	RESOLUBLE	CC-BY-4.0	SI	1	OPENSTAX
a838a73vectorgraphical3	RESOLUBLE	CC-BY-4.0	SI	1	OPENSTAX
a838a73vectorgraphical4	RESOLUBLE	CC-BY-4.0	SI	1	OPENSTAX
a838a73vectorgraphical5	RESOLUBLE	CC-BY-4.0	NO	0	OPENSTAX
a838a73vectorgraphical6	RESOLUBLE	CC-BY-4.0	SI	1	OPENSTAX
a838a73vectorgraphical7	RESOLUBLE	CC-BY-4.0	SI	1	OPENSTAX
a838a73vectorgraphical8	RESOLUBLE	CC-BY-4.0	SI	1	OPENSTAX
a838a73vectorgraphical9	RESOLUBLE	CC-BY-4.0	SI	1	OPENSTAX
a83b2ddmodel1	AUSENTE	-	NO	0	OPENSTAX
a83b2ddmodel10	AUSENTE	-	NO	0	OPENSTAX
a83b2ddmodel11	AUSENTE	-	NO	0	OPENSTAX
a83b2ddmodel12	AUSENTE	-	NO	0	OPENSTAX
a83b2ddmodel13	AUSENTE	-	NO	0	OPENSTAX
a83b2ddmodel14	AUSENTE	-	NO	0	OPENSTAX
a83b2ddmodel15	AUSENTE	-	NO	0	OPENSTAX
a83b2ddmodel16	AUSENTE	-	NO	0	OPENSTAX
a83b2ddmodel17	AUSENTE	-	NO	0	OPENSTAX
a83b2ddmodel18	AUSENTE	-	NO	0	OPENSTAX
a83b2ddmodel19	AUSENTE	-	NO	0	OPENSTAX
a83b2ddmodel2	AUSENTE	-	NO	0	OPENSTAX
a83b2ddmodel20	AUSENTE	-	NO	0	OPENSTAX
a83b2ddmodel21	AUSENTE	-	NO	0	OPENSTAX
a83b2ddmodel22	AUSENTE	-	NO	0	OPENSTAX
a83b2ddmodel23	AUSENTE	-	NO	0	OPENSTAX
a83b2ddmodel24	AUSENTE	-	NO	0	OPENSTAX
a83b2ddmodel25	AUSENTE	-	NO	0	OPENSTAX
a83b2ddmodel26	AUSENTE	-	NO	0	OPENSTAX
a83b2ddmodel3	AUSENTE	-	NO	0	OPENSTAX
a83b2ddmodel4	AUSENTE	-	NO	0	OPENSTAX
a83b2ddmodel5	AUSENTE	-	NO	0	OPENSTAX
a83b2ddmodel6	AUSENTE	-	NO	0	OPENSTAX
a83b2ddmodel9	AUSENTE	-	NO	0	OPENSTAX
a8435depolynomial1	RESOLUBLE	CC-BY-4.0	NO	0	OPENSTAX
a8435depolynomial10	RESOLUBLE	CC-BY-4.0	NO	0	OPENSTAX
a8435depolynomial11	RESOLUBLE	CC-BY-4.0	NO	0	OPENSTAX
a8435depolynomial12	RESOLUBLE	CC-BY-4.0	NO	0	OPENSTAX
a8435depolynomial13	RESOLUBLE	CC-BY-4.0	NO	0	OPENSTAX
a8435depolynomial14	RESOLUBLE	CC-BY-4.0	NO	0	OPENSTAX
a8435depolynomial15	RESOLUBLE	CC-BY-4.0	NO	0	OPENSTAX
a8435depolynomial16	RESOLUBLE	CC-BY-4.0	NO	0	OPENSTAX
a8435depolynomial17	RESOLUBLE	CC-BY-4.0	NO	0	OPENSTAX
a8435depolynomial18	RESOLUBLE	CC-BY-4.0	NO	0	OPENSTAX
a8435depolynomial19	RESOLUBLE	CC-BY-4.0	NO	0	OPENSTAX
a8435depolynomial2	RESOLUBLE	CC-BY-4.0	NO	0	OPENSTAX
a8435depolynomial20	RESOLUBLE	CC-BY-4.0	NO	0	OPENSTAX
a8435depolynomial21	RESOLUBLE	CC-BY-4.0	NO	0	OPENSTAX
a8435depolynomial22	RESOLUBLE	CC-BY-4.0	NO	0	OPENSTAX
a8435depolynomial23	RESOLUBLE	CC-BY-4.0	NO	0	OPENSTAX
a8435depolynomial24	RESOLUBLE	CC-BY-4.0	NO	0	OPENSTAX
a8435depolynomial25	RESOLUBLE	CC-BY-4.0	NO	0	OPENSTAX
a8435depolynomial26	RESOLUBLE	CC-BY-4.0	NO	0	OPENSTAX
a8435depolynomial27	RESOLUBLE	CC-BY-4.0	NO	0	OPENSTAX
a8435depolynomial28	RESOLUBLE	CC-BY-4.0	NO	0	OPENSTAX
a8435depolynomial29	RESOLUBLE	CC-BY-4.0	NO	0	OPENSTAX
a8435depolynomial3	RESOLUBLE	CC-BY-4.0	NO	0	OPENSTAX
a8435depolynomial30	RESOLUBLE	CC-BY-4.0	NO	0	OPENSTAX
a8435depolynomial4	RESOLUBLE	CC-BY-4.0	NO	0	OPENSTAX
a8435depolynomial5	RESOLUBLE	CC-BY-4.0	NO	0	OPENSTAX
a8435depolynomial6	RESOLUBLE	CC-BY-4.0	NO	0	OPENSTAX
a8435depolynomial7	RESOLUBLE	CC-BY-4.0	NO	0	OPENSTAX
a8435depolynomial8	RESOLUBLE	CC-BY-4.0	NO	0	OPENSTAX
a8435depolynomial9	RESOLUBLE	CC-BY-4.0	NO	0	OPENSTAX
a846989decimals1	RESOLUBLE	CC-BY-4.0	NO	0	OPENSTAX
a846989decimals10	RESOLUBLE	CC-BY-4.0	NO	0	OPENSTAX
a846989decimals11	RESOLUBLE	CC-BY-4.0	NO	0	OPENSTAX
a846989decimals12	RESOLUBLE	CC-BY-4.0	NO	0	OPENSTAX
a846989decimals13	RESOLUBLE	CC-BY-4.0	NO	0	OPENSTAX
a846989decimals14	RESOLUBLE	CC-BY-4.0	NO	0	OPENSTAX
a846989decimals15	RESOLUBLE	CC-BY-4.0	NO	0	OPENSTAX
a846989decimals16	RESOLUBLE	CC-BY-4.0	NO	0	OPENSTAX
a846989decimals17	RESOLUBLE	CC-BY-4.0	NO	0	OPENSTAX
a846989decimals18	RESOLUBLE	CC-BY-4.0	NO	0	OPENSTAX
a846989decimals19	RESOLUBLE	CC-BY-4.0	NO	0	OPENSTAX
a846989decimals2	RESOLUBLE	CC-BY-4.0	NO	0	OPENSTAX
a846989decimals3	RESOLUBLE	CC-BY-4.0	NO	0	OPENSTAX
a846989decimals4	RESOLUBLE	CC-BY-4.0	NO	0	OPENSTAX
a846989decimals5	RESOLUBLE	CC-BY-4.0	NO	0	OPENSTAX
a846989decimals6	RESOLUBLE	CC-BY-4.0	NO	0	OPENSTAX
a846989decimals7	RESOLUBLE	CC-BY-4.0	NO	0	OPENSTAX
a846989decimals8	RESOLUBLE	CC-BY-4.0	NO	0	OPENSTAX
a846989decimals9	RESOLUBLE	CC-BY-4.0	NO	0	OPENSTAX
a8583b4FracDec1	RESOLUBLE	CC-BY-4.0	NO	0	OPENSTAX
a8583b4FracDec10	RESOLUBLE	CC-BY-4.0	NO	0	OPENSTAX
a8583b4FracDec11	RESOLUBLE	CC-BY-4.0	NO	0	OPENSTAX
a8583b4FracDec12	RESOLUBLE	CC-BY-4.0	NO	0	OPENSTAX
a8583b4FracDec13	RESOLUBLE	CC-BY-4.0	NO	0	OPENSTAX
a8583b4FracDec14	RESOLUBLE	CC-BY-4.0	NO	0	OPENSTAX
a8583b4FracDec15	RESOLUBLE	CC-BY-4.0	NO	0	OPENSTAX
a8583b4FracDec16	RESOLUBLE	CC-BY-4.0	NO	0	OPENSTAX
a8583b4FracDec17	RESOLUBLE	CC-BY-4.0	NO	0	OPENSTAX
a8583b4FracDec18	RESOLUBLE	CC-BY-4.0	NO	0	OPENSTAX
a8583b4FracDec19	RESOLUBLE	CC-BY-4.0	NO	0	OPENSTAX
a8583b4FracDec2	RESOLUBLE	CC-BY-4.0	NO	0	OPENSTAX
a8583b4FracDec20	RESOLUBLE	CC-BY-4.0	NO	0	OPENSTAX
a8583b4FracDec21	RESOLUBLE	CC-BY-4.0	NO	0	OPENSTAX
a8583b4FracDec22	RESOLUBLE	CC-BY-4.0	NO	0	OPENSTAX
a8583b4FracDec23	RESOLUBLE	CC-BY-4.0	NO	0	OPENSTAX
a8583b4FracDec24	RESOLUBLE	CC-BY-4.0	NO	0	OPENSTAX
a8583b4FracDec25	RESOLUBLE	CC-BY-4.0	NO	0	OPENSTAX
a8583b4FracDec26	RESOLUBLE	CC-BY-4.0	NO	0	OPENSTAX
a8583b4FracDec27	RESOLUBLE	CC-BY-4.0	NO	0	OPENSTAX
a8583b4FracDec28	RESOLUBLE	CC-BY-4.0	NO	0	OPENSTAX
a8583b4FracDec29	RESOLUBLE	CC-BY-4.0	NO	0	OPENSTAX
a8583b4FracDec3	RESOLUBLE	CC-BY-4.0	NO	0	OPENSTAX
a8583b4FracDec30	RESOLUBLE	CC-BY-4.0	NO	0	OPENSTAX
a8583b4FracDec4	RESOLUBLE	CC-BY-4.0	NO	0	OPENSTAX
a8583b4FracDec5	RESOLUBLE	CC-BY-4.0	NO	0	OPENSTAX
a8583b4FracDec6	RESOLUBLE	CC-BY-4.0	NO	0	OPENSTAX
a8583b4FracDec7	RESOLUBLE	CC-BY-4.0	NO	0	OPENSTAX
a8583b4FracDec8	RESOLUBLE	CC-BY-4.0	NO	0	OPENSTAX
a8583b4FracDec9	RESOLUBLE	CC-BY-4.0	NO	0	OPENSTAX
a85f143Inequality1	RESOLUBLE	CC-BY-4.0	NO	0	OPENSTAX
a85f143Inequality2	RESOLUBLE	CC-BY-4.0	NO	0	OPENSTAX
a85f143Inequality3	RESOLUBLE	CC-BY-4.0	NO	0	OPENSTAX
a85f143Inequality4	RESOLUBLE	CC-BY-4.0	NO	0	OPENSTAX
a85f143Inequality5	RESOLUBLE	CC-BY-4.0	NO	0	OPENSTAX
a85f143Inequality6	RESOLUBLE	CC-BY-4.0	NO	0	OPENSTAX
a85f143Inequality7	RESOLUBLE	CC-BY-4.0	NO	0	OPENSTAX
a85f143inequalities16	RESOLUBLE	CC-BY-4.0	NO	0	OPENSTAX
a85f143inequalities17	RESOLUBLE	CC-BY-4.0	NO	0	OPENSTAX
a85f143inequalities18	RESOLUBLE	CC-BY-4.0	NO	0	OPENSTAX
a85f143linear10	RESOLUBLE	CC-BY-4.0	NO	0	OPENSTAX
a85f143linear11	RESOLUBLE	CC-BY-4.0	NO	0	OPENSTAX
a85f143linear12	RESOLUBLE	CC-BY-4.0	NO	0	OPENSTAX
a85f143linear13	RESOLUBLE	CC-BY-4.0	NO	0	OPENSTAX
a85f143linear14	RESOLUBLE	CC-BY-4.0	NO	0	OPENSTAX
a85f143linear7	RESOLUBLE	CC-BY-4.0	NO	0	OPENSTAX
a85f143linear8	RESOLUBLE	CC-BY-4.0	NO	0	OPENSTAX
a85f143linear9	RESOLUBLE	CC-BY-4.0	NO	0	OPENSTAX
a870b02DivMul1	RESOLUBLE	CC-BY-4.0	NO	0	OPENSTAX
a870b02DivMul10	RESOLUBLE	CC-BY-4.0	NO	0	OPENSTAX
a870b02DivMul11	RESOLUBLE	CC-BY-4.0	NO	0	OPENSTAX
a870b02DivMul12	RESOLUBLE	CC-BY-4.0	NO	0	OPENSTAX
a870b02DivMul13	RESOLUBLE	CC-BY-4.0	NO	0	OPENSTAX
a870b02DivMul14	RESOLUBLE	CC-BY-4.0	NO	0	OPENSTAX
a870b02DivMul15	RESOLUBLE	CC-BY-4.0	NO	0	OPENSTAX
a870b02DivMul16	RESOLUBLE	CC-BY-4.0	NO	0	OPENSTAX
a870b02DivMul17	RESOLUBLE	CC-BY-4.0	NO	0	OPENSTAX
a870b02DivMul18	RESOLUBLE	CC-BY-4.0	NO	0	OPENSTAX
a870b02DivMul19	RESOLUBLE	CC-BY-4.0	NO	0	OPENSTAX
a870b02DivMul2	RESOLUBLE	CC-BY-4.0	NO	0	OPENSTAX
a870b02DivMul20	RESOLUBLE	CC-BY-4.0	NO	0	OPENSTAX
a870b02DivMul21	RESOLUBLE	CC-BY-4.0	NO	0	OPENSTAX
a870b02DivMul22	RESOLUBLE	CC-BY-4.0	NO	0	OPENSTAX
a870b02DivMul23	RESOLUBLE	CC-BY-4.0	NO	0	OPENSTAX
a870b02DivMul24	RESOLUBLE	CC-BY-4.0	NO	0	OPENSTAX
a870b02DivMul25	RESOLUBLE	CC-BY-4.0	NO	0	OPENSTAX
a870b02DivMul26	RESOLUBLE	CC-BY-4.0	NO	0	OPENSTAX
a870b02DivMul27	RESOLUBLE	CC-BY-4.0	NO	0	OPENSTAX
a870b02DivMul28	RESOLUBLE	CC-BY-4.0	NO	0	OPENSTAX
a870b02DivMul29	RESOLUBLE	CC-BY-4.0	NO	0	OPENSTAX
a870b02DivMul3	RESOLUBLE	CC-BY-4.0	NO	0	OPENSTAX
a870b02DivMul30	RESOLUBLE	CC-BY-4.0	NO	0	OPENSTAX
a870b02DivMul31	RESOLUBLE	CC-BY-4.0	NO	0	OPENSTAX
a870b02DivMul32	RESOLUBLE	CC-BY-4.0	NO	0	OPENSTAX
a870b02DivMul33	RESOLUBLE	CC-BY-4.0	NO	0	OPENSTAX
a870b02DivMul34	RESOLUBLE	CC-BY-4.0	NO	0	OPENSTAX
a870b02DivMul35	RESOLUBLE	CC-BY-4.0	NO	0	OPENSTAX
a870b02DivMul36	RESOLUBLE	CC-BY-4.0	NO	0	OPENSTAX
a870b02DivMul37	RESOLUBLE	CC-BY-4.0	NO	0	OPENSTAX
a870b02DivMul38	RESOLUBLE	CC-BY-4.0	NO	0	OPENSTAX
a870b02DivMul39	RESOLUBLE	CC-BY-4.0	NO	0	OPENSTAX
a870b02DivMul4	RESOLUBLE	CC-BY-4.0	NO	0	OPENSTAX
a870b02DivMul40	RESOLUBLE	CC-BY-4.0	NO	0	OPENSTAX
a870b02DivMul5	RESOLUBLE	CC-BY-4.0	NO	0	OPENSTAX
a870b02DivMul6	RESOLUBLE	CC-BY-4.0	NO	0	OPENSTAX
a870b02DivMul7	RESOLUBLE	CC-BY-4.0	NO	0	OPENSTAX
a870b02DivMul8	RESOLUBLE	CC-BY-4.0	NO	0	OPENSTAX
a870b02DivMul9	RESOLUBLE	CC-BY-4.0	NO	0	OPENSTAX
a873512coordinates1	RESOLUBLE	CC-BY-4.0	NO	0	OPENSTAX
a873512coordinates10	RESOLUBLE	CC-BY-4.0	NO	0	OPENSTAX
a873512coordinates11	RESOLUBLE	CC-BY-4.0	NO	0	OPENSTAX
a873512coordinates12	RESOLUBLE	CC-BY-4.0	NO	0	OPENSTAX
a873512coordinates13	RESOLUBLE	CC-BY-4.0	NO	0	OPENSTAX
a873512coordinates14	RESOLUBLE	CC-BY-4.0	NO	0	OPENSTAX
a873512coordinates15	RESOLUBLE	CC-BY-4.0	NO	0	OPENSTAX
a873512coordinates16	RESOLUBLE	CC-BY-4.0	NO	0	OPENSTAX
a873512coordinates17	RESOLUBLE	CC-BY-4.0	NO	0	OPENSTAX
a873512coordinates18	RESOLUBLE	CC-BY-4.0	NO	0	OPENSTAX
a873512coordinates19	RESOLUBLE	CC-BY-4.0	NO	0	OPENSTAX
a873512coordinates2	RESOLUBLE	CC-BY-4.0	NO	0	OPENSTAX
a873512coordinates20	RESOLUBLE	CC-BY-4.0	NO	0	OPENSTAX
a873512coordinates21	RESOLUBLE	CC-BY-4.0	NO	0	OPENSTAX
a873512coordinates22	RESOLUBLE	CC-BY-4.0	NO	0	OPENSTAX
a873512coordinates23	RESOLUBLE	CC-BY-4.0	NO	0	OPENSTAX
a873512coordinates24	RESOLUBLE	CC-BY-4.0	NO	0	OPENSTAX
a873512coordinates25	RESOLUBLE	CC-BY-4.0	NO	0	OPENSTAX
a873512coordinates26	RESOLUBLE	CC-BY-4.0	NO	0	OPENSTAX
a873512coordinates27	RESOLUBLE	CC-BY-4.0	NO	0	OPENSTAX
a873512coordinates28	RESOLUBLE	CC-BY-4.0	NO	0	OPENSTAX
a873512coordinates29	RESOLUBLE	CC-BY-4.0	NO	0	OPENSTAX
a873512coordinates3	RESOLUBLE	CC-BY-4.0	NO	0	OPENSTAX
a873512coordinates30	RESOLUBLE	CC-BY-4.0	NO	0	OPENSTAX
a873512coordinates4	RESOLUBLE	CC-BY-4.0	NO	0	OPENSTAX
a873512coordinates5	RESOLUBLE	CC-BY-4.0	NO	0	OPENSTAX
a873512coordinates6	RESOLUBLE	CC-BY-4.0	NO	0	OPENSTAX
a873512coordinates7	RESOLUBLE	CC-BY-4.0	NO	0	OPENSTAX
a873512coordinates8	RESOLUBLE	CC-BY-4.0	NO	0	OPENSTAX
a873512coordinates9	RESOLUBLE	CC-BY-4.0	NO	0	OPENSTAX
a876364momentum1	RESOLUBLE	CC-BY-4.0	NO	0	OPENSTAX
a876364momentum10	RESOLUBLE	CC-BY-4.0	NO	0	OPENSTAX
a876364momentum11	RESOLUBLE	CC-BY-4.0	NO	0	OPENSTAX
a876364momentum13	RESOLUBLE	CC-BY-4.0	NO	0	OPENSTAX
a876364momentum14	RESOLUBLE	CC-BY-4.0	NO	0	OPENSTAX
a876364momentum15	RESOLUBLE	CC-BY-4.0	NO	0	OPENSTAX
a876364momentum16	RESOLUBLE	CC-BY-4.0	NO	0	OPENSTAX
a876364momentum17	RESOLUBLE	CC-BY-4.0	NO	0	OPENSTAX
a876364momentum18	RESOLUBLE	CC-BY-4.0	NO	0	OPENSTAX
a876364momentum19	RESOLUBLE	CC-BY-4.0	NO	0	OPENSTAX
a876364momentum2	RESOLUBLE	CC-BY-4.0	NO	0	OPENSTAX
a876364momentum20	AUSENTE	-	NO	0	OPENSTAX
a876364momentum21	RESOLUBLE	CC-BY-4.0	NO	0	OPENSTAX
a876364momentum22	RESOLUBLE	CC-BY-4.0	NO	0	OPENSTAX
a876364momentum23	RESOLUBLE	CC-BY-4.0	NO	0	OPENSTAX
a876364momentum25	RESOLUBLE	CC-BY-4.0	NO	0	OPENSTAX
a876364momentum26	RESOLUBLE	CC-BY-4.0	NO	0	OPENSTAX
a876364momentum27	RESOLUBLE	CC-BY-4.0	NO	0	OPENSTAX
a876364momentum3	RESOLUBLE	CC-BY-4.0	NO	0	OPENSTAX
a876364momentum4	RESOLUBLE	CC-BY-4.0	NO	0	OPENSTAX
a876364momentum5	RESOLUBLE	CC-BY-4.0	NO	0	OPENSTAX
a876364momentum6	RESOLUBLE	CC-BY-4.0	NO	0	OPENSTAX
a876364momentum7	RESOLUBLE	CC-BY-4.0	NO	0	OPENSTAX
a876364momentum8	RESOLUBLE	CC-BY-4.0	NO	0	OPENSTAX
a876364momentum9	RESOLUBLE	CC-BY-4.0	NO	0	OPENSTAX
a8802f1std1	RESOLUBLE	CC-BY-4.0	SI	3	OPENSTAX
a8802f1std10	RESOLUBLE	CC-BY-4.0	SI	1	OPENSTAX
a8802f1std11	RESOLUBLE	CC-BY-4.0	SI	1	OPENSTAX
a8802f1std12	RESOLUBLE	CC-BY-4.0	SI	1	OPENSTAX
a8802f1std13	RESOLUBLE	CC-BY-4.0	SI	1	OPENSTAX
a8802f1std14	RESOLUBLE	CC-BY-4.0	SI	1	OPENSTAX
a8802f1std15	RESOLUBLE	CC-BY-4.0	SI	1	OPENSTAX
a8802f1std16	RESOLUBLE	CC-BY-4.0	SI	2	OPENSTAX
a8802f1std17	RESOLUBLE	CC-BY-4.0	SI	1	OPENSTAX
a8802f1std18	RESOLUBLE	CC-BY-4.0	SI	1	OPENSTAX
a8802f1std19	RESOLUBLE	CC-BY-4.0	SI	2	OPENSTAX
a8802f1std2	RESOLUBLE	CC-BY-4.0	NO	0	OPENSTAX
a8802f1std20	RESOLUBLE	CC-BY-4.0	SI	1	OPENSTAX
a8802f1std3	RESOLUBLE	CC-BY-4.0	NO	0	OPENSTAX
a8802f1std4	RESOLUBLE	CC-BY-4.0	NO	0	OPENSTAX
a8802f1std5	RESOLUBLE	CC-BY-4.0	NO	0	OPENSTAX
a8802f1std6	RESOLUBLE	CC-BY-4.0	NO	0	OPENSTAX
a8802f1std7	RESOLUBLE	CC-BY-4.0	SI	1	OPENSTAX
a8802f1std8	RESOLUBLE	CC-BY-4.0	NO	0	OPENSTAX
a8802f1std9	RESOLUBLE	CC-BY-4.0	NO	0	OPENSTAX
a8824c9add10	RESOLUBLE	CC-BY-4.0	NO	0	OPENSTAX
a8824c9add11	RESOLUBLE	CC-BY-4.0	NO	0	OPENSTAX
a8824c9add12	RESOLUBLE	CC-BY-4.0	NO	0	OPENSTAX
a8824c9add13	RESOLUBLE	CC-BY-4.0	NO	0	OPENSTAX
a8824c9add14	RESOLUBLE	CC-BY-4.0	NO	0	OPENSTAX
a8824c9add15	RESOLUBLE	CC-BY-4.0	NO	0	OPENSTAX
a8824c9add21	RESOLUBLE	CC-BY-4.0	NO	0	OPENSTAX
a8824c9add22	RESOLUBLE	CC-BY-4.0	NO	0	OPENSTAX
a8824c9add23	RESOLUBLE	CC-BY-4.0	NO	0	OPENSTAX
a8824c9add24	RESOLUBLE	CC-BY-4.0	NO	0	OPENSTAX
a8824c9add25	RESOLUBLE	CC-BY-4.0	NO	0	OPENSTAX
a8824c9add26	RESOLUBLE	CC-BY-4.0	NO	0	OPENSTAX
a8824c9add27	RESOLUBLE	CC-BY-4.0	NO	0	OPENSTAX
a8824c9add28	RESOLUBLE	CC-BY-4.0	NO	0	OPENSTAX
a8824c9add29	RESOLUBLE	CC-BY-4.0	NO	0	OPENSTAX
a8824c9add30	RESOLUBLE	CC-BY-4.0	NO	0	OPENSTAX
a8824c9add8	RESOLUBLE	CC-BY-4.0	NO	0	OPENSTAX
a8824c9add9	RESOLUBLE	CC-BY-4.0	NO	0	OPENSTAX
a8824c9use10	RESOLUBLE	CC-BY-4.0	NO	0	OPENSTAX
a8824c9use11	RESOLUBLE	CC-BY-4.0	NO	0	OPENSTAX
a8824c9use12	RESOLUBLE	CC-BY-4.0	NO	0	OPENSTAX
a8824c9use13	RESOLUBLE	CC-BY-4.0	NO	0	OPENSTAX
a8824c9use14	RESOLUBLE	CC-BY-4.0	NO	0	OPENSTAX
a8824c9use15	RESOLUBLE	CC-BY-4.0	NO	0	OPENSTAX
a8824c9use16	RESOLUBLE	CC-BY-4.0	NO	0	OPENSTAX
a8824c9use5	RESOLUBLE	CC-BY-4.0	NO	0	OPENSTAX
a8824c9use6	RESOLUBLE	CC-BY-4.0	NO	0	OPENSTAX
a8824c9use7	RESOLUBLE	CC-BY-4.0	NO	0	OPENSTAX
a8824c9use8	RESOLUBLE	CC-BY-4.0	NO	0	OPENSTAX
a8824c9use9	RESOLUBLE	CC-BY-4.0	NO	0	OPENSTAX
a883d8f5.3anniversary1	RESOLUBLE	CC-BY-4.0	NO	0	OPENSTAX
a883d8f5.3commuters1	RESOLUBLE	CC-BY-4.0	NO	0	OPENSTAX
a883d8f5.3computer1	RESOLUBLE	CC-BY-4.0	SI	1	OPENSTAX
a883d8f5.3highway1	RESOLUBLE	CC-BY-4.0	NO	0	OPENSTAX
a883d8f5.3intro1	RESOLUBLE	CC-BY-4.0	NO	0	OPENSTAX
a883d8f5.3intro2	RESOLUBLE	CC-BY-4.0	SI	3	OPENSTAX
a883d8f5.3phone1	RESOLUBLE	CC-BY-4.0	NO	0	OPENSTAX
a883d8f5.3police1	RESOLUBLE	CC-BY-4.0	SI	1	OPENSTAX
a883d8f5.3repair1	RESOLUBLE	CC-BY-4.0	NO	0	OPENSTAX
a883d8f5.3retire1	RESOLUBLE	CC-BY-4.0	NO	0	OPENSTAX
a883d8f5.3runner1	RESOLUBLE	CC-BY-4.0	NO	0	OPENSTAX
a883d8f5.3runningshoes1	RESOLUBLE	CC-BY-4.0	NO	0	OPENSTAX
a883d8f5.3store1	RESOLUBLE	CC-BY-4.0	SI	1	OPENSTAX
a883d8f5.3traveler1	RESOLUBLE	CC-BY-4.0	NO	0	OPENSTAX
a88aae9QuadEq1	RESOLUBLE	CC-BY-4.0	NO	0	OPENSTAX
a88aae9QuadEq10	RESOLUBLE	CC-BY-4.0	NO	0	OPENSTAX
a88aae9QuadEq11	RESOLUBLE	CC-BY-4.0	NO	0	OPENSTAX
a88aae9QuadEq12	RESOLUBLE	CC-BY-4.0	NO	0	OPENSTAX
a88aae9QuadEq13	RESOLUBLE	CC-BY-4.0	NO	0	OPENSTAX
a88aae9QuadEq14	RESOLUBLE	CC-BY-4.0	NO	0	OPENSTAX
a88aae9QuadEq15	RESOLUBLE	CC-BY-4.0	NO	0	OPENSTAX
a88aae9QuadEq16	RESOLUBLE	CC-BY-4.0	NO	0	OPENSTAX
a88aae9QuadEq17	RESOLUBLE	CC-BY-4.0	NO	0	OPENSTAX
a88aae9QuadEq18	RESOLUBLE	CC-BY-4.0	NO	0	OPENSTAX
a88aae9QuadEq19	RESOLUBLE	CC-BY-4.0	NO	0	OPENSTAX
a88aae9QuadEq2	RESOLUBLE	CC-BY-4.0	NO	0	OPENSTAX
a88aae9QuadEq20	RESOLUBLE	CC-BY-4.0	NO	0	OPENSTAX
a88aae9QuadEq21	RESOLUBLE	CC-BY-4.0	NO	0	OPENSTAX
a88aae9QuadEq22	RESOLUBLE	CC-BY-4.0	NO	0	OPENSTAX
a88aae9QuadEq23	RESOLUBLE	CC-BY-4.0	NO	0	OPENSTAX
a88aae9QuadEq24	RESOLUBLE	CC-BY-4.0	NO	0	OPENSTAX
a88aae9QuadEq25	RESOLUBLE	CC-BY-4.0	NO	0	OPENSTAX
a88aae9QuadEq26	RESOLUBLE	CC-BY-4.0	NO	0	OPENSTAX
a88aae9QuadEq27	RESOLUBLE	CC-BY-4.0	NO	0	OPENSTAX
a88aae9QuadEq28	RESOLUBLE	CC-BY-4.0	NO	0	OPENSTAX
a88aae9QuadEq29	RESOLUBLE	CC-BY-4.0	NO	0	OPENSTAX
a88aae9QuadEq3	RESOLUBLE	CC-BY-4.0	NO	0	OPENSTAX
a88aae9QuadEq30	RESOLUBLE	CC-BY-4.0	NO	0	OPENSTAX
a88aae9QuadEq4	RESOLUBLE	CC-BY-4.0	NO	0	OPENSTAX
a88aae9QuadEq5	RESOLUBLE	CC-BY-4.0	NO	0	OPENSTAX
a88aae9QuadEq6	RESOLUBLE	CC-BY-4.0	NO	0	OPENSTAX
a88aae9QuadEq7	RESOLUBLE	CC-BY-4.0	NO	0	OPENSTAX
a88aae9QuadEq8	RESOLUBLE	CC-BY-4.0	NO	0	OPENSTAX
a88aae9QuadEq9	RESOLUBLE	CC-BY-4.0	NO	0	OPENSTAX
a88b451a394625deriv11	RESOLUBLE	CC-BY-4.0	NO	0	NO-OPENSTAX
a88b451a394625deriv13	RESOLUBLE	CC-BY-4.0	NO	0	NO-OPENSTAX
a88b451a394625deriv15	RESOLUBLE	CC-BY-4.0	NO	0	NO-OPENSTAX
a88b451a394625deriv20	RESOLUBLE	CC-BY-4.0	NO	0	NO-OPENSTAX
a88b451a394625deriv21	RESOLUBLE	CC-BY-4.0	NO	0	NO-OPENSTAX
a88b451a394625deriv23	RESOLUBLE	CC-BY-4.0	NO	0	NO-OPENSTAX
a88b451a394625deriv24	RESOLUBLE	CC-BY-4.0	NO	0	NO-OPENSTAX
a88b451a394625deriv25	RESOLUBLE	CC-BY-4.0	NO	0	NO-OPENSTAX
a88b451a394625deriv4	RESOLUBLE	CC-BY-4.0	NO	0	NO-OPENSTAX
a88b451a394625deriv7	RESOLUBLE	CC-BY-4.0	NO	0	NO-OPENSTAX
a88bf5afacts1	RESOLUBLE	CC-BY-4.0	NO	0	OPENSTAX
a88bf5afacts10	RESOLUBLE	CC-BY-4.0	NO	0	OPENSTAX
a88bf5afacts11	RESOLUBLE	CC-BY-4.0	NO	0	OPENSTAX
a88bf5afacts12	RESOLUBLE	CC-BY-4.0	NO	0	OPENSTAX
a88bf5afacts13	RESOLUBLE	CC-BY-4.0	NO	0	OPENSTAX
a88bf5afacts14	RESOLUBLE	CC-BY-4.0	NO	0	OPENSTAX
a88bf5afacts15	RESOLUBLE	CC-BY-4.0	NO	0	OPENSTAX
a88bf5afacts16	RESOLUBLE	CC-BY-4.0	NO	0	OPENSTAX
a88bf5afacts2	RESOLUBLE	CC-BY-4.0	NO	0	OPENSTAX
a88bf5afacts3	RESOLUBLE	CC-BY-4.0	NO	0	OPENSTAX
a88bf5afacts4	RESOLUBLE	CC-BY-4.0	NO	0	OPENSTAX
a88bf5afacts5	RESOLUBLE	CC-BY-4.0	NO	0	OPENSTAX
a88bf5afacts6	RESOLUBLE	CC-BY-4.0	NO	0	OPENSTAX
a88bf5afacts7	RESOLUBLE	CC-BY-4.0	NO	0	OPENSTAX
a88bf5afacts8	RESOLUBLE	CC-BY-4.0	NO	0	OPENSTAX
a88bf5afacts9	RESOLUBLE	CC-BY-4.0	SI	1	OPENSTAX
a88c93efixedaxis1	RESOLUBLE	CC-BY-4.0	NO	0	OPENSTAX
a88c93efixedaxis10	RESOLUBLE	CC-BY-4.0	NO	0	OPENSTAX
a88c93efixedaxis11	RESOLUBLE	CC-BY-4.0	NO	0	OPENSTAX
a88c93efixedaxis12	RESOLUBLE	CC-BY-4.0	NO	0	OPENSTAX
a88c93efixedaxis13	RESOLUBLE	CC-BY-4.0	NO	0	OPENSTAX
a88c93efixedaxis14	RESOLUBLE	CC-BY-4.0	NO	0	OPENSTAX
a88c93efixedaxis15	RESOLUBLE	CC-BY-4.0	NO	0	OPENSTAX
a88c93efixedaxis16	RESOLUBLE	CC-BY-4.0	NO	0	OPENSTAX
a88c93efixedaxis17	RESOLUBLE	CC-BY-4.0	NO	0	OPENSTAX
a88c93efixedaxis18	RESOLUBLE	CC-BY-4.0	NO	0	OPENSTAX
a88c93efixedaxis19	RESOLUBLE	CC-BY-4.0	NO	0	OPENSTAX
a88c93efixedaxis2	RESOLUBLE	CC-BY-4.0	NO	0	OPENSTAX
a88c93efixedaxis20	RESOLUBLE	CC-BY-4.0	NO	0	OPENSTAX
a88c93efixedaxis21	RESOLUBLE	CC-BY-4.0	NO	0	OPENSTAX
a88c93efixedaxis22	RESOLUBLE	CC-BY-4.0	NO	0	OPENSTAX
a88c93efixedaxis3	RESOLUBLE	CC-BY-4.0	NO	0	OPENSTAX
a88c93efixedaxis4	RESOLUBLE	CC-BY-4.0	NO	0	OPENSTAX
a88c93efixedaxis5	RESOLUBLE	CC-BY-4.0	NO	0	OPENSTAX
a88c93efixedaxis6	RESOLUBLE	CC-BY-4.0	NO	0	OPENSTAX
a88c93efixedaxis7	RESOLUBLE	CC-BY-4.0	NO	0	OPENSTAX
a88c93efixedaxis8	RESOLUBLE	CC-BY-4.0	NO	0	OPENSTAX
a89b247ds100-fa17-final-Q16	NO-ES-CESION	https://ds100.org/su26/past-exams/	SI	1	NO-OPENSTAX
a89b247ds100-fa17-final-Q17	NO-ES-CESION	https://ds100.org/su26/past-exams/	SI	1	NO-OPENSTAX
a89b247ds100-fa18-final-Q13	NO-ES-CESION	https://ds100.org/su26/past-exams/	NO	0	NO-OPENSTAX
a89b247ds100-fa18-final-Q14	NO-ES-CESION	https://ds100.org/su26/past-exams/	SI	8	NO-OPENSTAX
a89b247ds100-fa19-mt2-Q3	NO-ES-CESION	https://ds100.org/su26/past-exams/	SI	1	NO-OPENSTAX
a89b247ds100-fa20-final-Q6	NO-ES-CESION	https://ds100.org/su26/past-exams/	NO	0	NO-OPENSTAX
a89b247ds100-fa21-mt-Q2	NO-ES-CESION	https://ds100.org/su26/past-exams/	SI	1	NO-OPENSTAX
a89b247ds100-fa24-final-Q3b	NO-ES-CESION	https://ds100.org/su26/past-exams/	NO	0	NO-OPENSTAX
a89b247ds100-fa25-mt2-Q6	NO-ES-CESION	https://ds100.org/su26/past-exams/	NO	0	NO-OPENSTAX
a89b247ds100-sp17-final-Q7	NO-ES-CESION	https://ds100.org/su26/past-exams/	NO	0	NO-OPENSTAX
a89b247ds100-sp19-final-Q8	NO-ES-CESION	https://ds100.org/su26/past-exams/	NO	0	NO-OPENSTAX
a89b247ds100-sp21-final-Q12	NO-ES-CESION	https://ds100.org/su26/past-exams/	NO	0	NO-OPENSTAX
a89b247ds100-sp22-mt2-Q2	NO-ES-CESION	https://ds100.org/su26/past-exams/	NO	0	NO-OPENSTAX
a89b247ds100-sp24-final-Q6	NO-ES-CESION	https://ds100.org/su26/past-exams/	NO	0	NO-OPENSTAX
a89b247ds100-sp25-final-Q2b	NO-ES-CESION	https://ds100.org/su26/past-exams/	NO	0	NO-OPENSTAX
a89b247ds100-su19-final-Q6	NO-ES-CESION	https://ds100.org/su26/past-exams/	SI	15	NO-OPENSTAX
a89b247ds100-su20-final-Q5a	NO-ES-CESION	https://ds100.org/su26/past-exams/	NO	0	NO-OPENSTAX
a8ad46flog1	RESOLUBLE	CC-BY-4.0	NO	0	OPENSTAX
a8ad46flog10	RESOLUBLE	CC-BY-4.0	NO	0	OPENSTAX
a8ad46flog11	RESOLUBLE	CC-BY-4.0	NO	0	OPENSTAX
a8ad46flog12	RESOLUBLE	CC-BY-4.0	NO	0	OPENSTAX
a8ad46flog13	RESOLUBLE	CC-BY-4.0	NO	0	OPENSTAX
a8ad46flog14	RESOLUBLE	CC-BY-4.0	NO	0	OPENSTAX
a8ad46flog15	RESOLUBLE	CC-BY-4.0	NO	0	OPENSTAX
a8ad46flog16	RESOLUBLE	CC-BY-4.0	NO	0	OPENSTAX
a8ad46flog17	RESOLUBLE	CC-BY-4.0	NO	0	OPENSTAX
a8ad46flog18	RESOLUBLE	CC-BY-4.0	NO	0	OPENSTAX
a8ad46flog19	RESOLUBLE	CC-BY-4.0	NO	0	OPENSTAX
a8ad46flog2	RESOLUBLE	CC-BY-4.0	NO	0	OPENSTAX
a8ad46flog20	RESOLUBLE	CC-BY-4.0	NO	0	OPENSTAX
a8ad46flog21	RESOLUBLE	CC-BY-4.0	NO	0	OPENSTAX
a8ad46flog22	RESOLUBLE	CC-BY-4.0	NO	0	OPENSTAX
a8ad46flog23	RESOLUBLE	CC-BY-4.0	NO	0	OPENSTAX
a8ad46flog24	RESOLUBLE	CC-BY-4.0	NO	0	OPENSTAX
a8ad46flog25	RESOLUBLE	CC-BY-4.0	NO	0	OPENSTAX
a8ad46flog26	RESOLUBLE	CC-BY-4.0	NO	0	OPENSTAX
a8ad46flog27	RESOLUBLE	CC-BY-4.0	NO	0	OPENSTAX
a8ad46flog28	RESOLUBLE	CC-BY-4.0	NO	0	OPENSTAX
a8ad46flog29	RESOLUBLE	CC-BY-4.0	NO	0	OPENSTAX
a8ad46flog3	RESOLUBLE	CC-BY-4.0	NO	0	OPENSTAX
a8ad46flog30	RESOLUBLE	CC-BY-4.0	NO	0	OPENSTAX
a8ad46flog4	RESOLUBLE	CC-BY-4.0	NO	0	OPENSTAX
a8ad46flog5	RESOLUBLE	CC-BY-4.0	NO	0	OPENSTAX
a8ad46flog6	RESOLUBLE	CC-BY-4.0	NO	0	OPENSTAX
a8ad46flog7	RESOLUBLE	CC-BY-4.0	NO	0	OPENSTAX
a8ad46flog8	RESOLUBLE	CC-BY-4.0	NO	0	OPENSTAX
a8ad46flog9	RESOLUBLE	CC-BY-4.0	NO	0	OPENSTAX
a8b5fd4mixapp13	RESOLUBLE	CC-BY-4.0	NO	0	OPENSTAX
a8b5fd4mixapp14	RESOLUBLE	CC-BY-4.0	NO	0	OPENSTAX
a8b5fd4mixapp2	RESOLUBLE	CC-BY-4.0	NO	0	OPENSTAX
a8b5fd4mixapp3	RESOLUBLE	CC-BY-4.0	NO	0	OPENSTAX
a8b5fd4mixapp4	RESOLUBLE	CC-BY-4.0	NO	0	OPENSTAX
a8b5fd4mixapp5	RESOLUBLE	CC-BY-4.0	NO	0	OPENSTAX
a8b65afdynamics1	RESOLUBLE	CC-BY-4.0	NO	0	OPENSTAX
a8b65afdynamics10	RESOLUBLE	CC-BY-4.0	SI	1	OPENSTAX
a8b65afdynamics11	RESOLUBLE	CC-BY-4.0	NO	0	OPENSTAX
a8b65afdynamics12	RESOLUBLE	CC-BY-4.0	NO	0	OPENSTAX
a8b65afdynamics13	RESOLUBLE	CC-BY-4.0	NO	0	OPENSTAX
a8b65afdynamics14	RESOLUBLE	CC-BY-4.0	NO	0	OPENSTAX
a8b65afdynamics15	RESOLUBLE	CC-BY-4.0	NO	0	OPENSTAX
a8b65afdynamics16	RESOLUBLE	CC-BY-4.0	NO	0	OPENSTAX
a8b65afdynamics17	RESOLUBLE	CC-BY-4.0	NO	0	OPENSTAX
a8b65afdynamics18	RESOLUBLE	CC-BY-4.0	SI	1	OPENSTAX
a8b65afdynamics19	RESOLUBLE	CC-BY-4.0	SI	1	OPENSTAX
a8b65afdynamics2	RESOLUBLE	CC-BY-4.0	NO	0	OPENSTAX
a8b65afdynamics20	RESOLUBLE	CC-BY-4.0	NO	0	OPENSTAX
a8b65afdynamics21	RESOLUBLE	CC-BY-4.0	NO	0	OPENSTAX
a8b65afdynamics22	RESOLUBLE	CC-BY-4.0	NO	0	OPENSTAX
a8b65afdynamics23	RESOLUBLE	CC-BY-4.0	NO	0	OPENSTAX
a8b65afdynamics24	RESOLUBLE	CC-BY-4.0	NO	0	OPENSTAX
a8b65afdynamics25	RESOLUBLE	CC-BY-4.0	NO	0	OPENSTAX
a8b65afdynamics26	RESOLUBLE	CC-BY-4.0	NO	0	OPENSTAX
a8b65afdynamics3	RESOLUBLE	CC-BY-4.0	SI	1	OPENSTAX
a8b65afdynamics4	RESOLUBLE	CC-BY-4.0	SI	1	OPENSTAX
a8b65afdynamics5	RESOLUBLE	CC-BY-4.0	NO	0	OPENSTAX
a8b65afdynamics6	RESOLUBLE	CC-BY-4.0	NO	0	OPENSTAX
a8b65afdynamics7new	RESOLUBLE	CC-BY-4.0	NO	0	OPENSTAX
a8b65afdynamics8	RESOLUBLE	CC-BY-4.0	NO	0	OPENSTAX
a8b65afdynamics9	RESOLUBLE	CC-BY-4.0	NO	0	OPENSTAX
a8b6b9fLinear1	RESOLUBLE	CC-BY-4.0	NO	0	OPENSTAX
a8b6b9fLinear10	RESOLUBLE	CC-BY-4.0	NO	0	OPENSTAX
a8b6b9fLinear11	RESOLUBLE	CC-BY-4.0	NO	0	OPENSTAX
a8b6b9fLinear12	RESOLUBLE	CC-BY-4.0	NO	0	OPENSTAX
a8b6b9fLinear13	RESOLUBLE	CC-BY-4.0	NO	0	OPENSTAX
a8b6b9fLinear14	RESOLUBLE	CC-BY-4.0	NO	0	OPENSTAX
a8b6b9fLinear15	RESOLUBLE	CC-BY-4.0	NO	0	OPENSTAX
a8b6b9fLinear16	RESOLUBLE	CC-BY-4.0	NO	0	OPENSTAX
a8b6b9fLinear17	RESOLUBLE	CC-BY-4.0	NO	0	OPENSTAX
a8b6b9fLinear18	RESOLUBLE	CC-BY-4.0	NO	0	OPENSTAX
a8b6b9fLinear19	RESOLUBLE	CC-BY-4.0	NO	0	OPENSTAX
a8b6b9fLinear2	RESOLUBLE	CC-BY-4.0	NO	0	OPENSTAX
a8b6b9fLinear20	RESOLUBLE	CC-BY-4.0	NO	0	OPENSTAX
a8b6b9fLinear21	RESOLUBLE	CC-BY-4.0	NO	0	OPENSTAX
a8b6b9fLinear22	RESOLUBLE	CC-BY-4.0	NO	0	OPENSTAX
a8b6b9fLinear23	RESOLUBLE	CC-BY-4.0	NO	0	OPENSTAX
a8b6b9fLinear24	RESOLUBLE	CC-BY-4.0	NO	0	OPENSTAX
a8b6b9fLinear25	RESOLUBLE	CC-BY-4.0	NO	0	OPENSTAX
a8b6b9fLinear26	RESOLUBLE	CC-BY-4.0	NO	0	OPENSTAX
a8b6b9fLinear27	RESOLUBLE	CC-BY-4.0	NO	0	OPENSTAX
a8b6b9fLinear28	RESOLUBLE	CC-BY-4.0	NO	0	OPENSTAX
a8b6b9fLinear29	RESOLUBLE	CC-BY-4.0	NO	0	OPENSTAX
a8b6b9fLinear3	RESOLUBLE	CC-BY-4.0	NO	0	OPENSTAX
a8b6b9fLinear30	RESOLUBLE	CC-BY-4.0	NO	0	OPENSTAX
a8b6b9fLinear4	RESOLUBLE	CC-BY-4.0	NO	0	OPENSTAX
a8b6b9fLinear5	RESOLUBLE	CC-BY-4.0	NO	0	OPENSTAX
a8b6b9fLinear6	RESOLUBLE	CC-BY-4.0	NO	0	OPENSTAX
a8b6b9fLinear7	RESOLUBLE	CC-BY-4.0	NO	0	OPENSTAX
a8b6b9fLinear8	RESOLUBLE	CC-BY-4.0	NO	0	OPENSTAX
a8b6b9fLinear9	RESOLUBLE	CC-BY-4.0	NO	0	OPENSTAX
a8b76d1A223-lawsexpmisconcept-P01	VERSION-SIN-VARIANTE	CC4.0	NO	0	NO-OPENSTAX
a8b76d1A223-lawsexpmisconcept-P02	VERSION-SIN-VARIANTE	CC4.0	NO	0	NO-OPENSTAX
a8b76d1A223-lawsexpmisconcept-P03	VERSION-SIN-VARIANTE	CC4.0	NO	0	NO-OPENSTAX
a8b76d1A223-lawsexpmisconcept-P04	VERSION-SIN-VARIANTE	CC4.0	NO	0	NO-OPENSTAX
a8b76d1A223-lawsexpmisconcept-P05	VERSION-SIN-VARIANTE	CC4.0	NO	0	NO-OPENSTAX
a8b76d1A223-lawsexpmisconcept-P06	VERSION-SIN-VARIANTE	CC4.0	NO	0	NO-OPENSTAX
a8b76d1A223-lawsexpmisconcept-P07	VERSION-SIN-VARIANTE	CC4.0	NO	0	NO-OPENSTAX
a8b76d1A223-lawsexpmisconcept-P08	VERSION-SIN-VARIANTE	CC4.0	NO	0	NO-OPENSTAX
a8b76d1A223-lawsexpmisconcept-P09	VERSION-SIN-VARIANTE	CC4.0	NO	0	NO-OPENSTAX
a8ba05dlang11	RESOLUBLE	CC-BY-4.0	NO	0	OPENSTAX
a8ba05dlang12	RESOLUBLE	CC-BY-4.0	NO	0	OPENSTAX
a8ba05dlang16	RESOLUBLE	CC-BY-4.0	NO	0	OPENSTAX
a8ba05dlang17	RESOLUBLE	CC-BY-4.0	NO	0	OPENSTAX
a8ba05dlang18	RESOLUBLE	CC-BY-4.0	NO	0	OPENSTAX
a8ba05dlang19	RESOLUBLE	CC-BY-4.0	NO	0	OPENSTAX
a8ba05dlang20	RESOLUBLE	CC-BY-4.0	NO	0	OPENSTAX
a8ba05dlang21	RESOLUBLE	CC-BY-4.0	NO	0	OPENSTAX
a8ba05dlang22	RESOLUBLE	CC-BY-4.0	NO	0	OPENSTAX
a8ba05dlang23	RESOLUBLE	CC-BY-4.0	NO	0	OPENSTAX
a8ba05dlang24	RESOLUBLE	CC-BY-4.0	NO	0	OPENSTAX
a8ba05dlang25	RESOLUBLE	CC-BY-4.0	NO	0	OPENSTAX
a8ba05dlang26	RESOLUBLE	CC-BY-4.0	NO	0	OPENSTAX
a8ba05dlang27	RESOLUBLE	CC-BY-4.0	NO	0	OPENSTAX
a8ba05dlang4	RESOLUBLE	CC-BY-4.0	NO	0	OPENSTAX
a8ba05dlang5	RESOLUBLE	CC-BY-4.0	NO	0	OPENSTAX
a8ba05duse31	RESOLUBLE	CC-BY-4.0	NO	0	OPENSTAX
a8ba05duse32	RESOLUBLE	CC-BY-4.0	NO	0	OPENSTAX
a8ba05duse33	RESOLUBLE	CC-BY-4.0	NO	0	OPENSTAX
a8ba05duse34	RESOLUBLE	CC-BY-4.0	NO	0	OPENSTAX
a8ba05duse35	RESOLUBLE	CC-BY-4.0	NO	0	OPENSTAX
a8ba05duse36	RESOLUBLE	CC-BY-4.0	NO	0	OPENSTAX
a8c5fd6T213-trigvals-P01	AUSENTE	-	SI	7	NO-OPENSTAX
a8c5fd6T213-trigvals-P02	AUSENTE	-	SI	7	NO-OPENSTAX
a8c5fd6T213-trigvals-P03	AUSENTE	-	SI	7	NO-OPENSTAX
a8c5fd6T213-trigvals-P04	AUSENTE	-	SI	7	NO-OPENSTAX
a8c5fd6T213-trigvals-P05	AUSENTE	-	SI	7	NO-OPENSTAX
a8c5fd6T213-trigvals-P06	AUSENTE	-	SI	7	NO-OPENSTAX
a8c5fd6T213-trigvals-P07	AUSENTE	-	SI	7	NO-OPENSTAX
a8c5fd6T213-trigvals-P08	AUSENTE	-	SI	7	NO-OPENSTAX
a8c5fd6T213-trigvals-P09	AUSENTE	-	SI	7	NO-OPENSTAX
a8c5fd6T213-trigvals-P10	AUSENTE	-	SI	7	NO-OPENSTAX
a8c5fd6T213-trigvals-P11	AUSENTE	-	SI	7	NO-OPENSTAX
a8c5fd6T213-trigvals-P12	AUSENTE	-	SI	7	NO-OPENSTAX
a8c5fd6T213-trigvals-P13	VERSION-SIN-VARIANTE	CC4.0	NO	0	NO-OPENSTAX
a8c5fd6T213-trigvals-P14	VERSION-SIN-VARIANTE	CC4.0	NO	0	NO-OPENSTAX
a8c5fd6T213-trigvals-P15	VERSION-SIN-VARIANTE	CC4.0	NO	0	NO-OPENSTAX
a8c8399ds100-fa19-mt2-Q6	NO-ES-CESION	https://ds100.org/su26/past-exams/	NO	0	NO-OPENSTAX
a8c8399ds100-fa20-final-Q12	NO-ES-CESION	https://ds100.org/su26/past-exams/	SI	6	NO-OPENSTAX
a8c8399ds100-fa21-mt-Q1	NO-ES-CESION	https://ds100.org/su26/past-exams/	SI	1	NO-OPENSTAX
a8c8399ds100-fa24-final-Q3d	NO-ES-CESION	https://ds100.org/su26/past-exams/	SI	5	NO-OPENSTAX
a8c8399ds100-fa25-mt2-Q2	NO-ES-CESION	https://ds100.org/su26/past-exams/	NO	0	NO-OPENSTAX
a8c8399ds100-fa25-mt2-Q4	NO-ES-CESION	https://ds100.org/su26/past-exams/	SI	1	NO-OPENSTAX
a8c8399ds100-fa25-mt2-Q6	NO-ES-CESION	https://ds100.org/su26/past-exams/	SI	1	NO-OPENSTAX
a8c8399ds100-sp19-final-Q3	NO-ES-CESION	https://ds100.org/su26/past-exams/	SI	16	NO-OPENSTAX
a8c8399ds100-sp22-mt2-Q6	NO-ES-CESION	https://ds100.org/su26/past-exams/	SI	5	NO-OPENSTAX
a8c8399ds100-sp24-final-Q3b,Q3c,Q3d	NO-ES-CESION	https://ds100.org/su26/past-exams/	SI	3	NO-OPENSTAX
a8c8399ds100-sp25-mt-Q4b	NO-ES-CESION	https://ds100.org/su26/past-exams/	SI	1	NO-OPENSTAX
a8c8399ds100-su20-final-Q4	NO-ES-CESION	https://ds100.org/su26/past-exams/	SI	2	NO-OPENSTAX
a8c8399ds100-su20-mt2-Q4	NO-ES-CESION	https://ds100.org/su26/past-exams/	NO	0	NO-OPENSTAX
a8c8399ds100-su21-final-Q8	NO-ES-CESION	https://ds100.org/su26/past-exams/	SI	1	NO-OPENSTAX
a8c8399ds100-su25-mt-Q3c	NO-ES-CESION	https://ds100.org/su26/past-exams/	SI	6	NO-OPENSTAX
a8cc02freal1	RESOLUBLE	CC-BY-4.0	NO	0	OPENSTAX
a8cc02freal10	RESOLUBLE	CC-BY-4.0	NO	0	OPENSTAX
a8cc02freal11	RESOLUBLE	CC-BY-4.0	NO	0	OPENSTAX
a8cc02freal12	RESOLUBLE	CC-BY-4.0	NO	0	OPENSTAX
a8cc02freal13	RESOLUBLE	CC-BY-4.0	NO	0	OPENSTAX
a8cc02freal14	RESOLUBLE	CC-BY-4.0	NO	0	OPENSTAX
a8cc02freal15	RESOLUBLE	CC-BY-4.0	NO	0	OPENSTAX
a8cc02freal16	RESOLUBLE	CC-BY-4.0	NO	0	OPENSTAX
a8cc02freal17	RESOLUBLE	CC-BY-4.0	NO	0	OPENSTAX
a8cc02freal18	RESOLUBLE	CC-BY-4.0	NO	0	OPENSTAX
a8cc02freal19	RESOLUBLE	CC-BY-4.0	NO	0	OPENSTAX
a8cc02freal2	RESOLUBLE	CC-BY-4.0	NO	0	OPENSTAX
a8cc02freal20	RESOLUBLE	CC-BY-4.0	NO	0	OPENSTAX
a8cc02freal21	RESOLUBLE	CC-BY-4.0	NO	0	OPENSTAX
a8cc02freal22	RESOLUBLE	CC-BY-4.0	NO	0	OPENSTAX
a8cc02freal23	RESOLUBLE	CC-BY-4.0	NO	0	OPENSTAX
a8cc02freal24	RESOLUBLE	CC-BY-4.0	NO	0	OPENSTAX
a8cc02freal25	RESOLUBLE	CC-BY-4.0	NO	0	OPENSTAX
a8cc02freal26	RESOLUBLE	CC-BY-4.0	NO	0	OPENSTAX
a8cc02freal27	RESOLUBLE	CC-BY-4.0	NO	0	OPENSTAX
a8cc02freal28	RESOLUBLE	CC-BY-4.0	NO	0	OPENSTAX
a8cc02freal29	RESOLUBLE	CC-BY-4.0	NO	0	OPENSTAX
a8cc02freal3	RESOLUBLE	CC-BY-4.0	NO	0	OPENSTAX
a8cc02freal4	RESOLUBLE	CC-BY-4.0	NO	0	OPENSTAX
a8cc02freal5	RESOLUBLE	CC-BY-4.0	NO	0	OPENSTAX
a8cc02freal6	RESOLUBLE	CC-BY-4.0	NO	0	OPENSTAX
a8cc02freal7	RESOLUBLE	CC-BY-4.0	NO	0	OPENSTAX
a8cc02freal8	RESOLUBLE	CC-BY-4.0	NO	0	OPENSTAX
a8cc02freal9	RESOLUBLE	CC-BY-4.0	NO	0	OPENSTAX
a8ce029A121-solveq-P01	VERSION-SIN-VARIANTE	CC4.0	NO	0	NO-OPENSTAX
a8ce029A121-solveq-P02	VERSION-SIN-VARIANTE	CC4.0	NO	0	NO-OPENSTAX
a8ce029A121-solveq-P03	VERSION-SIN-VARIANTE	CC4.0	NO	0	NO-OPENSTAX
a8ce029A121-solveq-P04	VERSION-SIN-VARIANTE	CC4.0	NO	0	NO-OPENSTAX
a8ce029A121-solveq-P05	VERSION-SIN-VARIANTE	CC4.0	NO	0	NO-OPENSTAX
a8ce029A121-solveq-P06	VERSION-SIN-VARIANTE	CC4.0	NO	0	NO-OPENSTAX
a8ce029A121-solveq-P07	VERSION-SIN-VARIANTE	CC4.0	NO	0	NO-OPENSTAX
a8ce029A121-solveq-P08	VERSION-SIN-VARIANTE	CC4.0	NO	0	NO-OPENSTAX
a8ce029A121-solveq-P09	VERSION-SIN-VARIANTE	CC4.0	NO	0	NO-OPENSTAX
a8ce029A121-solveq-P10	VERSION-SIN-VARIANTE	CC4.0	NO	0	NO-OPENSTAX
a8ce029A121-solveq-P11	VERSION-SIN-VARIANTE	CC4.0	NO	0	NO-OPENSTAX
a8ce029A121-solveq-P12	VERSION-SIN-VARIANTE	CC4.0	NO	0	NO-OPENSTAX
a8ce029A121-solveq-P13	VERSION-SIN-VARIANTE	CC4.0	NO	0	NO-OPENSTAX
a8d511eDeterminant1	RESOLUBLE	CC-BY-4.0	NO	0	OPENSTAX
a8d511eDeterminant10	RESOLUBLE	CC-BY-4.0	NO	0	OPENSTAX
a8d511eDeterminant11	RESOLUBLE	CC-BY-4.0	NO	0	OPENSTAX
a8d511eDeterminant12	RESOLUBLE	CC-BY-4.0	NO	0	OPENSTAX
a8d511eDeterminant13	RESOLUBLE	CC-BY-4.0	NO	0	OPENSTAX
a8d511eDeterminant14	RESOLUBLE	CC-BY-4.0	NO	0	OPENSTAX
a8d511eDeterminant15	RESOLUBLE	CC-BY-4.0	NO	0	OPENSTAX
a8d511eDeterminant16	RESOLUBLE	CC-BY-4.0	NO	0	OPENSTAX
a8d511eDeterminant17	RESOLUBLE	CC-BY-4.0	NO	0	OPENSTAX
a8d511eDeterminant18	RESOLUBLE	CC-BY-4.0	NO	0	OPENSTAX
a8d511eDeterminant19	RESOLUBLE	CC-BY-4.0	NO	0	OPENSTAX
a8d511eDeterminant2	RESOLUBLE	CC-BY-4.0	NO	0	OPENSTAX
a8d511eDeterminant20	RESOLUBLE	CC-BY-4.0	NO	0	OPENSTAX
a8d511eDeterminant21	RESOLUBLE	CC-BY-4.0	NO	0	OPENSTAX
a8d511eDeterminant22	RESOLUBLE	CC-BY-4.0	NO	0	OPENSTAX
a8d511eDeterminant23	RESOLUBLE	CC-BY-4.0	NO	0	OPENSTAX
a8d511eDeterminant24	RESOLUBLE	CC-BY-4.0	NO	0	OPENSTAX
a8d511eDeterminant25	RESOLUBLE	CC-BY-4.0	NO	0	OPENSTAX
a8d511eDeterminant26	RESOLUBLE	CC-BY-4.0	NO	0	OPENSTAX
a8d511eDeterminant27	RESOLUBLE	CC-BY-4.0	NO	0	OPENSTAX
a8d511eDeterminant28	RESOLUBLE	CC-BY-4.0	NO	0	OPENSTAX
a8d511eDeterminant29	RESOLUBLE	CC-BY-4.0	NO	0	OPENSTAX
a8d511eDeterminant3	RESOLUBLE	CC-BY-4.0	NO	0	OPENSTAX
a8d511eDeterminant30	RESOLUBLE	CC-BY-4.0	NO	0	OPENSTAX
a8d511eDeterminant4	RESOLUBLE	CC-BY-4.0	NO	0	OPENSTAX
a8d511eDeterminant5	RESOLUBLE	CC-BY-4.0	NO	0	OPENSTAX
a8d511eDeterminant6	RESOLUBLE	CC-BY-4.0	NO	0	OPENSTAX
a8d511eDeterminant7	RESOLUBLE	CC-BY-4.0	NO	0	OPENSTAX
a8d511eDeterminant8	RESOLUBLE	CC-BY-4.0	NO	0	OPENSTAX
a8d511eDeterminant9	RESOLUBLE	CC-BY-4.0	NO	0	OPENSTAX
a8d81afgaussian1	NO-RECONOCIDO	openstax	NO	0	OPENSTAX
a8d81afgaussian10	NO-RECONOCIDO	openstax	NO	0	OPENSTAX
a8d81afgaussian11	NO-RECONOCIDO	openstax	NO	0	OPENSTAX
a8d81afgaussian13	NO-RECONOCIDO	openstax	NO	0	OPENSTAX
a8d81afgaussian14	NO-RECONOCIDO	openstax	NO	0	OPENSTAX
a8d81afgaussian15	NO-RECONOCIDO	openstax	NO	0	OPENSTAX
a8d81afgaussian16	NO-RECONOCIDO	openstax	NO	0	OPENSTAX
a8d81afgaussian17	NO-RECONOCIDO	openstax	NO	0	OPENSTAX
a8d81afgaussian18	NO-RECONOCIDO	openstax	NO	0	OPENSTAX
a8d81afgaussian19	NO-RECONOCIDO	openstax	NO	0	OPENSTAX
a8d81afgaussian2	NO-RECONOCIDO	openstax	NO	0	OPENSTAX
a8d81afgaussian20	NO-RECONOCIDO	openstax	NO	0	OPENSTAX
a8d81afgaussian21	NO-RECONOCIDO	openstax	NO	0	OPENSTAX
a8d81afgaussian23	NO-RECONOCIDO	openstax	NO	0	OPENSTAX
a8d81afgaussian24	NO-RECONOCIDO	openstax	NO	0	OPENSTAX
a8d81afgaussian25	NO-RECONOCIDO	openstax	NO	0	OPENSTAX
a8d81afgaussian26	NO-RECONOCIDO	openstax	NO	0	OPENSTAX
a8d81afgaussian27	NO-RECONOCIDO	openstax	NO	0	OPENSTAX
a8d81afgaussian29	NO-RECONOCIDO	openstax	NO	0	OPENSTAX
a8d81afgaussian3	NO-RECONOCIDO	openstax	NO	0	OPENSTAX
a8d81afgaussian4	NO-RECONOCIDO	openstax	NO	0	OPENSTAX
a8d81afgaussian5	NO-RECONOCIDO	openstax	NO	0	OPENSTAX
a8d81afgaussian6	NO-RECONOCIDO	openstax	NO	0	OPENSTAX
a8d81afgaussian7	NO-RECONOCIDO	openstax	NO	0	OPENSTAX
a8d81afgaussian8	NO-RECONOCIDO	openstax	NO	0	OPENSTAX
a8d81afgaussian9	NO-RECONOCIDO	openstax	NO	0	OPENSTAX
a8e1cdadrag1	RESOLUBLE	CC-BY-4.0	NO	0	OPENSTAX
a8e1cdadrag2	RESOLUBLE	CC-BY-4.0	NO	0	OPENSTAX
a8e1cdadrag3	RESOLUBLE	CC-BY-4.0	NO	0	OPENSTAX
a8e1cdadrag4	RESOLUBLE	CC-BY-4.0	NO	0	OPENSTAX
a8e1cdaelasticity1	RESOLUBLE	CC-BY-4.0	NO	0	OPENSTAX
a8e1cdaelasticity2	RESOLUBLE	CC-BY-4.0	NO	0	OPENSTAX
a8e1cdaelasticity3	RESOLUBLE	CC-BY-4.0	NO	0	OPENSTAX
a8e1cdaelasticity4	RESOLUBLE	CC-BY-4.0	NO	0	OPENSTAX
a8e1cdaelasticity5	RESOLUBLE	CC-BY-4.0	NO	0	OPENSTAX
a8e1cdaelasticity6	RESOLUBLE	CC-BY-4.0	NO	0	OPENSTAX
a8e1cdaelasticity7	RESOLUBLE	CC-BY-4.0	NO	0	OPENSTAX
a8e1cdafriction1	RESOLUBLE	CC-BY-4.0	NO	0	OPENSTAX
a8e1cdafriction10	RESOLUBLE	CC-BY-4.0	NO	0	OPENSTAX
a8e1cdafriction2	RESOLUBLE	CC-BY-4.0	NO	0	OPENSTAX
a8e1cdafriction3	RESOLUBLE	CC-BY-4.0	NO	0	OPENSTAX
a8e1cdafriction4	RESOLUBLE	CC-BY-4.0	NO	0	OPENSTAX
a8e1cdafriction5	RESOLUBLE	CC-BY-4.0	NO	0	OPENSTAX
a8e1cdafriction6	RESOLUBLE	CC-BY-4.0	NO	0	OPENSTAX
a8e1cdafriction7	RESOLUBLE	CC-BY-4.0	SI	1	OPENSTAX
a8e1cdafriction8	RESOLUBLE	CC-BY-4.0	NO	0	OPENSTAX
a8e1cdafriction9	RESOLUBLE	CC-BY-4.0	NO	0	OPENSTAX
a8e6481uni1	RESOLUBLE	CC-BY-4.0	SI	1	OPENSTAX
a8e6481uni10	RESOLUBLE	CC-BY-4.0	SI	1	OPENSTAX
a8e6481uni11	RESOLUBLE	CC-BY-4.0	NO	0	OPENSTAX
a8e6481uni12	RESOLUBLE	CC-BY-4.0	NO	0	OPENSTAX
a8e6481uni13	RESOLUBLE	CC-BY-4.0	SI	1	OPENSTAX
a8e6481uni14	RESOLUBLE	CC-BY-4.0	NO	0	OPENSTAX
a8e6481uni15	RESOLUBLE	CC-BY-4.0	NO	0	OPENSTAX
a8e6481uni16	RESOLUBLE	CC-BY-4.0	NO	0	OPENSTAX
a8e6481uni17	RESOLUBLE	CC-BY-4.0	NO	0	OPENSTAX
a8e6481uni18	RESOLUBLE	CC-BY-4.0	NO	0	OPENSTAX
a8e6481uni19	RESOLUBLE	CC-BY-4.0	NO	0	OPENSTAX
a8e6481uni2	RESOLUBLE	CC-BY-4.0	NO	0	OPENSTAX
a8e6481uni20	RESOLUBLE	CC-BY-4.0	NO	0	OPENSTAX
a8e6481uni21	RESOLUBLE	CC-BY-4.0	NO	0	OPENSTAX
a8e6481uni22	RESOLUBLE	CC-BY-4.0	NO	0	OPENSTAX
a8e6481uni23	RESOLUBLE	CC-BY-4.0	NO	0	OPENSTAX
a8e6481uni24	RESOLUBLE	CC-BY-4.0	NO	0	OPENSTAX
a8e6481uni25	RESOLUBLE	CC-BY-4.0	NO	0	OPENSTAX
a8e6481uni26	RESOLUBLE	CC-BY-4.0	NO	0	OPENSTAX
a8e6481uni27	RESOLUBLE	CC-BY-4.0	NO	0	OPENSTAX
a8e6481uni28	RESOLUBLE	CC-BY-4.0	NO	0	OPENSTAX
a8e6481uni29	RESOLUBLE	CC-BY-4.0	NO	0	OPENSTAX
a8e6481uni3	RESOLUBLE	CC-BY-4.0	NO	0	OPENSTAX
a8e6481uni30	RESOLUBLE	CC-BY-4.0	NO	0	OPENSTAX
a8e6481uni4	RESOLUBLE	CC-BY-4.0	SI	1	OPENSTAX
a8e6481uni5	RESOLUBLE	CC-BY-4.0	NO	0	OPENSTAX
a8e6481uni6	RESOLUBLE	CC-BY-4.0	NO	0	OPENSTAX
a8e6481uni7	RESOLUBLE	CC-BY-4.0	SI	1	OPENSTAX
a8e6481uni8	RESOLUBLE	CC-BY-4.0	NO	0	OPENSTAX
a8e6481uni9	RESOLUBLE	CC-BY-4.0	NO	0	OPENSTAX
a8ee2e6real1	RESOLUBLE	CC-BY-4.0	NO	0	OPENSTAX
a8ee2e6real10	RESOLUBLE	CC-BY-4.0	NO	0	OPENSTAX
a8ee2e6real11	RESOLUBLE	CC-BY-4.0	NO	0	OPENSTAX
a8ee2e6real12	RESOLUBLE	CC-BY-4.0	NO	0	OPENSTAX
a8ee2e6real13	RESOLUBLE	CC-BY-4.0	NO	0	OPENSTAX
a8ee2e6real14	RESOLUBLE	CC-BY-4.0	NO	0	OPENSTAX
a8ee2e6real15	RESOLUBLE	CC-BY-4.0	NO	0	OPENSTAX
a8ee2e6real16	RESOLUBLE	CC-BY-4.0	NO	0	OPENSTAX
a8ee2e6real17	RESOLUBLE	CC-BY-4.0	NO	0	OPENSTAX
a8ee2e6real18	RESOLUBLE	CC-BY-4.0	NO	0	OPENSTAX
a8ee2e6real19	RESOLUBLE	CC-BY-4.0	NO	0	OPENSTAX
a8ee2e6real2	RESOLUBLE	CC-BY-4.0	NO	0	OPENSTAX
a8ee2e6real20	RESOLUBLE	CC-BY-4.0	NO	0	OPENSTAX
a8ee2e6real21	RESOLUBLE	CC-BY-4.0	NO	0	OPENSTAX
a8ee2e6real22	RESOLUBLE	CC-BY-4.0	NO	0	OPENSTAX
a8ee2e6real23	RESOLUBLE	CC-BY-4.0	NO	0	OPENSTAX
a8ee2e6real24	RESOLUBLE	CC-BY-4.0	NO	0	OPENSTAX
a8ee2e6real25	RESOLUBLE	CC-BY-4.0	NO	0	OPENSTAX
a8ee2e6real26	RESOLUBLE	CC-BY-4.0	NO	0	OPENSTAX
a8ee2e6real27	RESOLUBLE	CC-BY-4.0	NO	0	OPENSTAX
a8ee2e6real28	RESOLUBLE	CC-BY-4.0	NO	0	OPENSTAX
a8ee2e6real29	RESOLUBLE	CC-BY-4.0	NO	0	OPENSTAX
a8ee2e6real3	RESOLUBLE	CC-BY-4.0	NO	0	OPENSTAX
a8ee2e6real30	RESOLUBLE	CC-BY-4.0	NO	0	OPENSTAX
a8ee2e6real4	RESOLUBLE	CC-BY-4.0	NO	0	OPENSTAX
a8ee2e6real5	RESOLUBLE	CC-BY-4.0	NO	0	OPENSTAX
a8ee2e6real6	RESOLUBLE	CC-BY-4.0	NO	0	OPENSTAX
a8ee2e6real7	RESOLUBLE	CC-BY-4.0	NO	0	OPENSTAX
a8ee2e6real8	RESOLUBLE	CC-BY-4.0	NO	0	OPENSTAX
a8ee2e6real9	RESOLUBLE	CC-BY-4.0	NO	0	OPENSTAX
a8f47f3deriv1	AUSENTE	-	NO	0	OPENSTAX
a8f47f3deriv10	AUSENTE	-	SI	1	OPENSTAX
a8f47f3deriv11	AUSENTE	-	SI	1	OPENSTAX
a8f47f3deriv12	AUSENTE	-	SI	1	OPENSTAX
a8f47f3deriv13	AUSENTE	-	SI	1	OPENSTAX
a8f47f3deriv14	AUSENTE	-	SI	1	OPENSTAX
a8f47f3deriv15	AUSENTE	-	SI	1	OPENSTAX
a8f47f3deriv16	AUSENTE	-	SI	1	OPENSTAX
a8f47f3deriv17	AUSENTE	-	SI	1	OPENSTAX
a8f47f3deriv18	AUSENTE	-	SI	1	OPENSTAX
a8f47f3deriv19	AUSENTE	-	SI	1	OPENSTAX
a8f47f3deriv2	AUSENTE	-	NO	0	OPENSTAX
a8f47f3deriv20	AUSENTE	-	SI	1	OPENSTAX
a8f47f3deriv3	AUSENTE	-	SI	1	OPENSTAX
a8f47f3deriv4	AUSENTE	-	SI	1	OPENSTAX
a8f47f3deriv5	AUSENTE	-	SI	1	OPENSTAX
a8f47f3deriv6	AUSENTE	-	SI	1	OPENSTAX
a8f47f3deriv7	AUSENTE	-	SI	1	OPENSTAX
a8f47f3deriv8	AUSENTE	-	SI	1	OPENSTAX
a8f47f3deriv9	AUSENTE	-	SI	1	OPENSTAX
a8ffef9inverses1	RESOLUBLE	CC-BY-4.0	NO	0	OPENSTAX
a8ffef9inverses10	RESOLUBLE	CC-BY-4.0	NO	0	OPENSTAX
a8ffef9inverses11	RESOLUBLE	CC-BY-4.0	NO	0	OPENSTAX
a8ffef9inverses12	RESOLUBLE	CC-BY-4.0	NO	0	OPENSTAX
a8ffef9inverses13	RESOLUBLE	CC-BY-4.0	NO	0	OPENSTAX
a8ffef9inverses14	RESOLUBLE	CC-BY-4.0	NO	0	OPENSTAX
a8ffef9inverses15	RESOLUBLE	CC-BY-4.0	NO	0	OPENSTAX
a8ffef9inverses16	RESOLUBLE	CC-BY-4.0	NO	0	OPENSTAX
a8ffef9inverses17	RESOLUBLE	CC-BY-4.0	NO	0	OPENSTAX
a8ffef9inverses18	RESOLUBLE	CC-BY-4.0	NO	0	OPENSTAX
a8ffef9inverses19	RESOLUBLE	CC-BY-4.0	NO	0	OPENSTAX
a8ffef9inverses20	RESOLUBLE	CC-BY-4.0	NO	0	OPENSTAX
a8ffef9inverses21	RESOLUBLE	CC-BY-4.0	NO	0	OPENSTAX
a8ffef9inverses22	RESOLUBLE	CC-BY-4.0	NO	0	OPENSTAX
a8ffef9inverses23	RESOLUBLE	CC-BY-4.0	NO	0	OPENSTAX
a8ffef9inverses24	RESOLUBLE	CC-BY-4.0	NO	0	OPENSTAX
a8ffef9inverses25	RESOLUBLE	CC-BY-4.0	NO	0	OPENSTAX
a8ffef9inverses26	RESOLUBLE	CC-BY-4.0	NO	0	OPENSTAX
a8ffef9inverses27	RESOLUBLE	CC-BY-4.0	NO	0	OPENSTAX
a8ffef9inverses28	RESOLUBLE	CC-BY-4.0	NO	0	OPENSTAX
a8ffef9inverses3	RESOLUBLE	CC-BY-4.0	NO	0	OPENSTAX
a8ffef9inverses4	RESOLUBLE	CC-BY-4.0	NO	0	OPENSTAX
a8ffef9inverses5	RESOLUBLE	CC-BY-4.0	NO	0	OPENSTAX
a8ffef9inverses6	RESOLUBLE	CC-BY-4.0	NO	0	OPENSTAX
a8ffef9inverses8	RESOLUBLE	CC-BY-4.0	NO	0	OPENSTAX
a8ffef9inverses9	RESOLUBLE	CC-BY-4.0	NO	0	OPENSTAX
a904dedmultdiveq1	AUSENTE	-	NO	0	OPENSTAX
a904dedmultdiveq10	AUSENTE	-	NO	0	OPENSTAX
a904dedmultdiveq11	AUSENTE	-	NO	0	OPENSTAX
a904dedmultdiveq12	AUSENTE	-	NO	0	OPENSTAX
a904dedmultdiveq13	AUSENTE	-	NO	0	OPENSTAX
a904dedmultdiveq14	AUSENTE	-	NO	0	OPENSTAX
a904dedmultdiveq15	AUSENTE	-	NO	0	OPENSTAX
a904dedmultdiveq16	AUSENTE	-	NO	0	OPENSTAX
a904dedmultdiveq2	AUSENTE	-	NO	0	OPENSTAX
a904dedmultdiveq3	AUSENTE	-	NO	0	OPENSTAX
a904dedmultdiveq4	AUSENTE	-	NO	0	OPENSTAX
a904dedmultdiveq5	AUSENTE	-	NO	0	OPENSTAX
a904dedmultdiveq6	AUSENTE	-	NO	0	OPENSTAX
a904dedmultdiveq7	AUSENTE	-	NO	0	OPENSTAX
a904dedmultdiveq8	AUSENTE	-	NO	0	OPENSTAX
a904dedmultdiveq9	AUSENTE	-	NO	0	OPENSTAX
a909d26DivMul1	RESOLUBLE	CC-BY-4.0	NO	0	OPENSTAX
a909d26DivMul10	RESOLUBLE	CC-BY-4.0	NO	0	OPENSTAX
a909d26DivMul11	RESOLUBLE	CC-BY-4.0	NO	0	OPENSTAX
a909d26DivMul12	RESOLUBLE	CC-BY-4.0	NO	0	OPENSTAX
a909d26DivMul13	RESOLUBLE	CC-BY-4.0	NO	0	OPENSTAX
a909d26DivMul14	RESOLUBLE	CC-BY-4.0	NO	0	OPENSTAX
a909d26DivMul15	RESOLUBLE	CC-BY-4.0	NO	0	OPENSTAX
a909d26DivMul2	RESOLUBLE	CC-BY-4.0	NO	0	OPENSTAX
a909d26DivMul3	RESOLUBLE	CC-BY-4.0	NO	0	OPENSTAX
a909d26DivMul4	RESOLUBLE	CC-BY-4.0	NO	0	OPENSTAX
a909d26DivMul5	RESOLUBLE	CC-BY-4.0	NO	0	OPENSTAX
a909d26DivMul6	RESOLUBLE	CC-BY-4.0	NO	0	OPENSTAX
a909d26DivMul7	RESOLUBLE	CC-BY-4.0	NO	0	OPENSTAX
a909d26DivMul8	RESOLUBLE	CC-BY-4.0	NO	0	OPENSTAX
a909d26DivMul9	RESOLUBLE	CC-BY-4.0	NO	0	OPENSTAX
a909d26SubAdd1	RESOLUBLE	CC-BY-4.0	NO	0	OPENSTAX
a909d26SubAdd10	RESOLUBLE	CC-BY-4.0	NO	0	OPENSTAX
a909d26SubAdd11	RESOLUBLE	CC-BY-4.0	NO	0	OPENSTAX
a909d26SubAdd12	RESOLUBLE	CC-BY-4.0	NO	0	OPENSTAX
a909d26SubAdd13	RESOLUBLE	CC-BY-4.0	NO	0	OPENSTAX
a909d26SubAdd14	RESOLUBLE	CC-BY-4.0	NO	0	OPENSTAX
a909d26SubAdd15	RESOLUBLE	CC-BY-4.0	NO	0	OPENSTAX
a909d26SubAdd2	RESOLUBLE	CC-BY-4.0	NO	0	OPENSTAX
a909d26SubAdd3	RESOLUBLE	CC-BY-4.0	NO	0	OPENSTAX
a909d26SubAdd4	RESOLUBLE	CC-BY-4.0	NO	0	OPENSTAX
a909d26SubAdd5	RESOLUBLE	CC-BY-4.0	NO	0	OPENSTAX
a909d26SubAdd6	RESOLUBLE	CC-BY-4.0	NO	0	OPENSTAX
a909d26SubAdd7	RESOLUBLE	CC-BY-4.0	NO	0	OPENSTAX
a909d26SubAdd8	RESOLUBLE	CC-BY-4.0	NO	0	OPENSTAX
a909d26SubAdd9	RESOLUBLE	CC-BY-4.0	NO	0	OPENSTAX
a912db6arithmetic1	RESOLUBLE	CC-BY-4.0	NO	0	OPENSTAX
a912db6arithmetic10	RESOLUBLE	CC-BY-4.0	NO	0	OPENSTAX
a912db6arithmetic11	RESOLUBLE	CC-BY-4.0	NO	0	OPENSTAX
a912db6arithmetic12	RESOLUBLE	CC-BY-4.0	NO	0	OPENSTAX
a912db6arithmetic13	RESOLUBLE	CC-BY-4.0	NO	0	OPENSTAX
a912db6arithmetic14	RESOLUBLE	CC-BY-4.0	NO	0	OPENSTAX
a912db6arithmetic15	RESOLUBLE	CC-BY-4.0	NO	0	OPENSTAX
a912db6arithmetic3	RESOLUBLE	CC-BY-4.0	NO	0	OPENSTAX
a912db6arithmetic4	RESOLUBLE	CC-BY-4.0	NO	0	OPENSTAX
a912db6arithmetic5	RESOLUBLE	CC-BY-4.0	NO	0	OPENSTAX
a912db6arithmetic6	RESOLUBLE	CC-BY-4.0	NO	0	OPENSTAX
a912db6arithmetic7	RESOLUBLE	CC-BY-4.0	NO	0	OPENSTAX
a912db6arithmetic9	RESOLUBLE	CC-BY-4.0	NO	0	OPENSTAX
a91e303graphhyper1	RESOLUBLE	CC-BY-4.0	SI	1	OPENSTAX
a91e303graphhyper10	RESOLUBLE	CC-BY-4.0	SI	1	OPENSTAX
a91e303graphhyper11	RESOLUBLE	CC-BY-4.0	SI	1	OPENSTAX
a91e303graphhyper12	RESOLUBLE	CC-BY-4.0	SI	1	OPENSTAX
a91e303graphhyper13	RESOLUBLE	CC-BY-4.0	SI	1	OPENSTAX
a91e303graphhyper14	RESOLUBLE	CC-BY-4.0	SI	1	OPENSTAX
a91e303graphhyper15	RESOLUBLE	CC-BY-4.0	SI	1	OPENSTAX
a91e303graphhyper16	RESOLUBLE	CC-BY-4.0	SI	1	OPENSTAX
a91e303graphhyper17	RESOLUBLE	CC-BY-4.0	SI	1	OPENSTAX
a91e303graphhyper18	RESOLUBLE	CC-BY-4.0	SI	1	OPENSTAX
a91e303graphhyper19	RESOLUBLE	CC-BY-4.0	SI	1	OPENSTAX
a91e303graphhyper2	RESOLUBLE	CC-BY-4.0	SI	1	OPENSTAX
a91e303graphhyper20	RESOLUBLE	CC-BY-4.0	SI	1	OPENSTAX
a91e303graphhyper21	RESOLUBLE	CC-BY-4.0	SI	1	OPENSTAX
a91e303graphhyper22	RESOLUBLE	CC-BY-4.0	SI	1	OPENSTAX
a91e303graphhyper23	RESOLUBLE	CC-BY-4.0	SI	1	OPENSTAX
a91e303graphhyper24	RESOLUBLE	CC-BY-4.0	SI	1	OPENSTAX
a91e303graphhyper25	RESOLUBLE	CC-BY-4.0	SI	1	OPENSTAX
a91e303graphhyper26	RESOLUBLE	CC-BY-4.0	SI	1	OPENSTAX
a91e303graphhyper27	RESOLUBLE	CC-BY-4.0	SI	1	OPENSTAX
a91e303graphhyper28	RESOLUBLE	CC-BY-4.0	SI	1	OPENSTAX
a91e303graphhyper29	RESOLUBLE	CC-BY-4.0	NO	0	OPENSTAX
a91e303graphhyper3	RESOLUBLE	CC-BY-4.0	SI	1	OPENSTAX
a91e303graphhyper30	RESOLUBLE	CC-BY-4.0	NO	0	OPENSTAX
a91e303graphhyper4	RESOLUBLE	CC-BY-4.0	SI	1	OPENSTAX
a91e303graphhyper5	RESOLUBLE	CC-BY-4.0	SI	1	OPENSTAX
a91e303graphhyper6	RESOLUBLE	CC-BY-4.0	SI	1	OPENSTAX
a91e303graphhyper7	RESOLUBLE	CC-BY-4.0	SI	1	OPENSTAX
a91e303graphhyper8	RESOLUBLE	CC-BY-4.0	SI	1	OPENSTAX
a91e303graphhyper9	RESOLUBLE	CC-BY-4.0	SI	1	OPENSTAX
a92ac99ds100-fa17-final-Q10	NO-ES-CESION	https://ds100.org/su26/past-exams/	SI	1	NO-OPENSTAX
a92ac99ds100-fa17-final-Q11	NO-ES-CESION	https://ds100.org/su26/past-exams/	NO	0	NO-OPENSTAX
a92ac99ds100-fa17-mt-Q25	NO-ES-CESION	https://ds100.org/su26/past-exams/	NO	0	NO-OPENSTAX
a92ac99ds100-fa17-mt-Q26	NO-ES-CESION	https://ds100.org/su26/past-exams/	NO	0	NO-OPENSTAX
a92ac99ds100-fa17-mt-Q27	NO-ES-CESION	https://ds100.org/su26/past-exams/	SI	1	NO-OPENSTAX
a92ac99ds100-fa18-final-Q5	NO-ES-CESION	https://ds100.org/su26/past-exams/	SI	1	NO-OPENSTAX
a949afaangmom1	RESOLUBLE	CC-BY-4.0	NO	0	OPENSTAX
a949afaangmom10	RESOLUBLE	CC-BY-4.0	NO	0	OPENSTAX
a949afaangmom11	RESOLUBLE	CC-BY-4.0	NO	0	OPENSTAX
a949afaangmom12	RESOLUBLE	CC-BY-4.0	NO	0	OPENSTAX
a949afaangmom13	RESOLUBLE	CC-BY-4.0	NO	0	OPENSTAX
a949afaangmom14	RESOLUBLE	CC-BY-4.0	NO	0	OPENSTAX
a949afaangmom15	RESOLUBLE	CC-BY-4.0	NO	0	OPENSTAX
a949afaangmom16	RESOLUBLE	CC-BY-4.0	NO	0	OPENSTAX
a949afaangmom17	RESOLUBLE	CC-BY-4.0	NO	0	OPENSTAX
a949afaangmom18	RESOLUBLE	CC-BY-4.0	NO	0	OPENSTAX
a949afaangmom19	RESOLUBLE	CC-BY-4.0	NO	0	OPENSTAX
a949afaangmom2	RESOLUBLE	CC-BY-4.0	NO	0	OPENSTAX
a949afaangmom20	RESOLUBLE	CC-BY-4.0	NO	0	OPENSTAX
a949afaangmom21	RESOLUBLE	CC-BY-4.0	NO	0	OPENSTAX
a949afaangmom3	RESOLUBLE	CC-BY-4.0	NO	0	OPENSTAX
a949afaangmom4	RESOLUBLE	CC-BY-4.0	NO	0	OPENSTAX
a949afaangmom5	RESOLUBLE	CC-BY-4.0	NO	0	OPENSTAX
a949afaangmom6	RESOLUBLE	CC-BY-4.0	NO	0	OPENSTAX
a949afaangmom7	RESOLUBLE	CC-BY-4.0	NO	0	OPENSTAX
a949afaangmom8	RESOLUBLE	CC-BY-4.0	NO	0	OPENSTAX
a949afaangmom9	RESOLUBLE	CC-BY-4.0	NO	0	OPENSTAX
a94a0a4prediction1	RESOLUBLE	CC-BY-4.0	NO	0	OPENSTAX
a94a0a4prediction10	RESOLUBLE	CC-BY-4.0	SI	1	OPENSTAX
a94a0a4prediction11	RESOLUBLE	CC-BY-4.0	SI	1	OPENSTAX
a94a0a4prediction12	RESOLUBLE	CC-BY-4.0	SI	1	OPENSTAX
a94a0a4prediction2	RESOLUBLE	CC-BY-4.0	NO	0	OPENSTAX
a94a0a4prediction3	RESOLUBLE	CC-BY-4.0	NO	0	OPENSTAX
a94a0a4prediction4	RESOLUBLE	CC-BY-4.0	SI	1	OPENSTAX
a94a0a4prediction5	RESOLUBLE	CC-BY-4.0	SI	1	OPENSTAX
a94a0a4prediction6	RESOLUBLE	CC-BY-4.0	SI	1	OPENSTAX
a94a0a4prediction7	RESOLUBLE	CC-BY-4.0	SI	1	OPENSTAX
a94a0a4prediction8	RESOLUBLE	CC-BY-4.0	SI	1	OPENSTAX
a94a0a4prediction9	RESOLUBLE	CC-BY-4.0	SI	1	OPENSTAX
a94b3d5means1	RESOLUBLE	CC-BY-4.0	SI	1	OPENSTAX
a94b3d5means2	RESOLUBLE	CC-BY-4.0	NO	0	OPENSTAX
a94b3d5means3	RESOLUBLE	CC-BY-4.0	SI	1	OPENSTAX
a94b3d5means4	RESOLUBLE	CC-BY-4.0	SI	1	OPENSTAX
a94b3d5means5	RESOLUBLE	CC-BY-4.0	SI	1	OPENSTAX
a94b3d5means6	RESOLUBLE	CC-BY-4.0	SI	1	OPENSTAX
a94b3d5means7	RESOLUBLE	CC-BY-4.0	SI	1	OPENSTAX
a94b3d5means8	RESOLUBLE	CC-BY-4.0	SI	1	OPENSTAX
a94b3d5means9	RESOLUBLE	CC-BY-4.0	SI	1	OPENSTAX
a94dfb6extrema11	AUSENTE	-	NO	0	OPENSTAX
a94dfb6extrema12	AUSENTE	-	NO	0	OPENSTAX
a94dfb6extrema13	AUSENTE	-	NO	0	OPENSTAX
a94dfb6extrema17	AUSENTE	-	NO	0	OPENSTAX
a94dfb6extrema18	AUSENTE	-	NO	0	OPENSTAX
a94dfb6extrema19	AUSENTE	-	NO	0	OPENSTAX
a94dfb6extrema20	AUSENTE	-	NO	0	OPENSTAX
a95836f13.1assumption1	RESOLUBLE	CC-BY-4.0	NO	0	OPENSTAX
a95836f13.1assumption2	RESOLUBLE	CC-BY-4.0	NO	0	OPENSTAX
a95836f13.1assumption3	RESOLUBLE	CC-BY-4.0	NO	0	OPENSTAX
a95836f13.1assumption4	RESOLUBLE	CC-BY-4.0	NO	0	OPENSTAX
a95836f13.1assumption5	RESOLUBLE	CC-BY-4.0	NO	0	OPENSTAX
a95836f13.1assumption6	RESOLUBLE	CC-BY-4.0	NO	0	OPENSTAX
a95836f13.1assumption7	RESOLUBLE	CC-BY-4.0	NO	0	OPENSTAX
a95836f13.1driverslicense	RESOLUBLE	CC-BY-4.0	SI	1	OPENSTAX
a95836f13.1traffic	RESOLUBLE	CC-BY-4.0	SI	1	OPENSTAX
a961302definite1	AUSENTE	-	NO	0	OPENSTAX
a961302definite10	AUSENTE	-	NO	0	OPENSTAX
a961302definite11	AUSENTE	-	NO	0	OPENSTAX
a961302definite12	AUSENTE	-	SI	1	OPENSTAX
a961302definite13	AUSENTE	-	SI	1	OPENSTAX
a961302definite14	AUSENTE	-	NO	0	OPENSTAX
a961302definite15	AUSENTE	-	SI	1	OPENSTAX
a961302definite16	AUSENTE	-	NO	0	OPENSTAX
a961302definite17	AUSENTE	-	NO	0	OPENSTAX
a961302definite18	AUSENTE	-	NO	0	OPENSTAX
a961302definite19	AUSENTE	-	NO	0	OPENSTAX
a961302definite2	AUSENTE	-	SI	1	OPENSTAX
a961302definite20	AUSENTE	-	NO	0	OPENSTAX
a961302definite21	AUSENTE	-	SI	1	OPENSTAX
a961302definite3	AUSENTE	-	SI	1	OPENSTAX
a961302definite4	AUSENTE	-	SI	1	OPENSTAX
a961302definite5	AUSENTE	-	NO	0	OPENSTAX
a961302definite6	AUSENTE	-	NO	0	OPENSTAX
a961302definite7	AUSENTE	-	SI	1	OPENSTAX
a961302definite8	AUSENTE	-	SI	1	OPENSTAX
a961302definite9	AUSENTE	-	NO	0	OPENSTAX
a969466InverseFunc1	AUSENTE	-	SI	1	OPENSTAX
a969466InverseFunc10	AUSENTE	-	NO	0	OPENSTAX
a969466InverseFunc11	AUSENTE	-	NO	0	OPENSTAX
a969466InverseFunc12	AUSENTE	-	NO	0	OPENSTAX
a969466InverseFunc13	AUSENTE	-	NO	0	OPENSTAX
a969466InverseFunc14	AUSENTE	-	NO	0	OPENSTAX
a969466InverseFunc15	AUSENTE	-	NO	0	OPENSTAX
a969466InverseFunc16	AUSENTE	-	NO	0	OPENSTAX
a969466InverseFunc17	RESOLUBLE	CC-BY-4.0	NO	0	OPENSTAX
a969466InverseFunc18	RESOLUBLE	CC-BY-4.0	NO	0	OPENSTAX
a969466InverseFunc2	AUSENTE	-	SI	1	OPENSTAX
a969466InverseFunc20	AUSENTE	-	NO	0	OPENSTAX
a969466InverseFunc21	AUSENTE	-	NO	0	OPENSTAX
a969466InverseFunc22	AUSENTE	-	NO	0	OPENSTAX
a969466InverseFunc23	AUSENTE	-	NO	0	OPENSTAX
a969466InverseFunc24	AUSENTE	-	NO	0	OPENSTAX
a969466InverseFunc25	AUSENTE	-	NO	0	OPENSTAX
a969466InverseFunc26	AUSENTE	-	NO	0	OPENSTAX
a969466InverseFunc3	AUSENTE	-	SI	1	OPENSTAX
a969466InverseFunc4	AUSENTE	-	NO	0	OPENSTAX
a969466InverseFunc5	AUSENTE	-	NO	0	OPENSTAX
a969466InverseFunc6	AUSENTE	-	NO	0	OPENSTAX
a969466InverseFunc7	AUSENTE	-	NO	0	OPENSTAX
a969466InverseFunc8	AUSENTE	-	NO	0	OPENSTAX
a969466InverseFunc9	AUSENTE	-	NO	0	OPENSTAX
a96f11611.6FCC	RESOLUBLE	CC-BY-4.0	NO	0	OPENSTAX
a96f11611.6airline1	RESOLUBLE	CC-BY-4.0	NO	0	OPENSTAX
a96f11611.6airline2	RESOLUBLE	CC-BY-4.0	NO	0	OPENSTAX
a96f11611.6archer	RESOLUBLE	CC-BY-4.0	NO	0	OPENSTAX
a96f11611.6doctor1	RESOLUBLE	CC-BY-4.0	NO	0	OPENSTAX
a96f11611.6heights	RESOLUBLE	CC-BY-4.0	NO	0	OPENSTAX
a96f11611.6mathinstructor	RESOLUBLE	CC-BY-4.0	NO	0	OPENSTAX
a96f11611.6post	RESOLUBLE	CC-BY-4.0	SI	1	OPENSTAX
a96f11611.6studentheights	RESOLUBLE	CC-BY-4.0	NO	0	OPENSTAX
a96f11611.6studentheights2	RESOLUBLE	CC-BY-4.0	NO	0	OPENSTAX
a970b2ahypergeometric1	RESOLUBLE	CC-BY-4.0	NO	0	OPENSTAX
a970b2ahypergeometric10	RESOLUBLE	CC-BY-4.0	NO	0	OPENSTAX
a970b2ahypergeometric11	RESOLUBLE	CC-BY-4.0	NO	0	OPENSTAX
a970b2ahypergeometric12	RESOLUBLE	CC-BY-4.0	NO	0	OPENSTAX
a970b2ahypergeometric13	RESOLUBLE	CC-BY-4.0	NO	0	OPENSTAX
a970b2ahypergeometric14	RESOLUBLE	CC-BY-4.0	NO	0	OPENSTAX
a970b2ahypergeometric15	RESOLUBLE	CC-BY-4.0	NO	0	OPENSTAX
a970b2ahypergeometric16	RESOLUBLE	CC-BY-4.0	NO	0	OPENSTAX
a970b2ahypergeometric17	RESOLUBLE	CC-BY-4.0	NO	0	OPENSTAX
a970b2ahypergeometric18	RESOLUBLE	CC-BY-4.0	NO	0	OPENSTAX
a970b2ahypergeometric19	RESOLUBLE	CC-BY-4.0	NO	0	OPENSTAX
a970b2ahypergeometric2	RESOLUBLE	CC-BY-4.0	NO	0	OPENSTAX
a970b2ahypergeometric20	RESOLUBLE	CC-BY-4.0	NO	0	OPENSTAX
a970b2ahypergeometric3	RESOLUBLE	CC-BY-4.0	NO	0	OPENSTAX
a970b2ahypergeometric4	RESOLUBLE	CC-BY-4.0	NO	0	OPENSTAX
a970b2ahypergeometric5	RESOLUBLE	CC-BY-4.0	NO	0	OPENSTAX
a970b2ahypergeometric6	RESOLUBLE	CC-BY-4.0	NO	0	OPENSTAX
a970b2ahypergeometric7	RESOLUBLE	CC-BY-4.0	NO	0	OPENSTAX
a970b2ahypergeometric8	RESOLUBLE	CC-BY-4.0	NO	0	OPENSTAX
a970b2ahypergeometric9	RESOLUBLE	CC-BY-4.0	NO	0	OPENSTAX
a975ae1MultDivInts1	RESOLUBLE	CC-BY-4.0	NO	0	OPENSTAX
a975ae1MultDivInts10	RESOLUBLE	CC-BY-4.0	NO	0	OPENSTAX
a975ae1MultDivInts11	RESOLUBLE	CC-BY-4.0	NO	0	OPENSTAX
a975ae1MultDivInts12	RESOLUBLE	CC-BY-4.0	NO	0	OPENSTAX
a975ae1MultDivInts13	RESOLUBLE	CC-BY-4.0	NO	0	OPENSTAX
a975ae1MultDivInts14	RESOLUBLE	CC-BY-4.0	NO	0	OPENSTAX
a975ae1MultDivInts15	RESOLUBLE	CC-BY-4.0	NO	0	OPENSTAX
a975ae1MultDivInts16	RESOLUBLE	CC-BY-4.0	NO	0	OPENSTAX
a975ae1MultDivInts17	RESOLUBLE	CC-BY-4.0	NO	0	OPENSTAX
a975ae1MultDivInts18	RESOLUBLE	CC-BY-4.0	NO	0	OPENSTAX
a975ae1MultDivInts19	RESOLUBLE	CC-BY-4.0	NO	0	OPENSTAX
a975ae1MultDivInts2	RESOLUBLE	CC-BY-4.0	NO	0	OPENSTAX
a975ae1MultDivInts20	RESOLUBLE	CC-BY-4.0	NO	0	OPENSTAX
a975ae1MultDivInts21	RESOLUBLE	CC-BY-4.0	NO	0	OPENSTAX
a975ae1MultDivInts22	RESOLUBLE	CC-BY-4.0	NO	0	OPENSTAX
a975ae1MultDivInts23	RESOLUBLE	CC-BY-4.0	NO	0	OPENSTAX
a975ae1MultDivInts24	RESOLUBLE	CC-BY-4.0	NO	0	OPENSTAX
a975ae1MultDivInts25	RESOLUBLE	CC-BY-4.0	NO	0	OPENSTAX
a975ae1MultDivInts26	RESOLUBLE	CC-BY-4.0	NO	0	OPENSTAX
a975ae1MultDivInts27	RESOLUBLE	CC-BY-4.0	NO	0	OPENSTAX
a975ae1MultDivInts28	RESOLUBLE	CC-BY-4.0	NO	0	OPENSTAX
a975ae1MultDivInts29	RESOLUBLE	CC-BY-4.0	NO	0	OPENSTAX
a975ae1MultDivInts3	RESOLUBLE	CC-BY-4.0	NO	0	OPENSTAX
a975ae1MultDivInts30	RESOLUBLE	CC-BY-4.0	NO	0	OPENSTAX
a975ae1MultDivInts4	RESOLUBLE	CC-BY-4.0	NO	0	OPENSTAX
a975ae1MultDivInts5	RESOLUBLE	CC-BY-4.0	NO	0	OPENSTAX
a975ae1MultDivInts6	RESOLUBLE	CC-BY-4.0	NO	0	OPENSTAX
a975ae1MultDivInts7	RESOLUBLE	CC-BY-4.0	NO	0	OPENSTAX
a975ae1MultDivInts8	RESOLUBLE	CC-BY-4.0	NO	0	OPENSTAX
a975ae1MultDivInts9	RESOLUBLE	CC-BY-4.0	NO	0	OPENSTAX
a9790f0System1	RESOLUBLE	CC-BY-4.0	NO	0	OPENSTAX
a9790f0System10	RESOLUBLE	CC-BY-4.0	NO	0	OPENSTAX
a9790f0System11	RESOLUBLE	CC-BY-4.0	NO	0	OPENSTAX
a9790f0System12	RESOLUBLE	CC-BY-4.0	NO	0	OPENSTAX
a9790f0System13	RESOLUBLE	CC-BY-4.0	NO	0	OPENSTAX
a9790f0System14	RESOLUBLE	CC-BY-4.0	NO	0	OPENSTAX
a9790f0System15	RESOLUBLE	CC-BY-4.0	NO	0	OPENSTAX
a9790f0System16	RESOLUBLE	CC-BY-4.0	NO	0	OPENSTAX
a9790f0System17	RESOLUBLE	CC-BY-4.0	NO	0	OPENSTAX
a9790f0System18	RESOLUBLE	CC-BY-4.0	NO	0	OPENSTAX
a9790f0System19	RESOLUBLE	CC-BY-4.0	NO	0	OPENSTAX
a9790f0System2	RESOLUBLE	CC-BY-4.0	NO	0	OPENSTAX
a9790f0System20	RESOLUBLE	CC-BY-4.0	NO	0	OPENSTAX
a9790f0System21	RESOLUBLE	CC-BY-4.0	NO	0	OPENSTAX
a9790f0System22	RESOLUBLE	CC-BY-4.0	NO	0	OPENSTAX
a9790f0System23	RESOLUBLE	CC-BY-4.0	NO	0	OPENSTAX
a9790f0System24	RESOLUBLE	CC-BY-4.0	NO	0	OPENSTAX
a9790f0System25	RESOLUBLE	CC-BY-4.0	NO	0	OPENSTAX
a9790f0System26	RESOLUBLE	CC-BY-4.0	NO	0	OPENSTAX
a9790f0System27	RESOLUBLE	CC-BY-4.0	NO	0	OPENSTAX
a9790f0System28	RESOLUBLE	CC-BY-4.0	NO	0	OPENSTAX
a9790f0System29	RESOLUBLE	CC-BY-4.0	NO	0	OPENSTAX
a9790f0System3	RESOLUBLE	CC-BY-4.0	NO	0	OPENSTAX
a9790f0System30	RESOLUBLE	CC-BY-4.0	NO	0	OPENSTAX
a9790f0System4	RESOLUBLE	CC-BY-4.0	NO	0	OPENSTAX
a9790f0System5	RESOLUBLE	CC-BY-4.0	NO	0	OPENSTAX
a9790f0System6	RESOLUBLE	CC-BY-4.0	NO	0	OPENSTAX
a9790f0System7	RESOLUBLE	CC-BY-4.0	NO	0	OPENSTAX
a9790f0System8	RESOLUBLE	CC-BY-4.0	NO	0	OPENSTAX
a9790f0System9	RESOLUBLE	CC-BY-4.0	NO	0	OPENSTAX
a97d67fcoordinates1	RESOLUBLE	CC-BY-4.0	NO	0	OPENSTAX
a97d67fcoordinates10	RESOLUBLE	CC-BY-4.0	NO	0	OPENSTAX
a97d67fcoordinates11	RESOLUBLE	CC-BY-4.0	NO	0	OPENSTAX
a97d67fcoordinates12	RESOLUBLE	CC-BY-4.0	NO	0	OPENSTAX
a97d67fcoordinates13	RESOLUBLE	CC-BY-4.0	NO	0	OPENSTAX
a97d67fcoordinates14	RESOLUBLE	CC-BY-4.0	NO	0	OPENSTAX
a97d67fcoordinates15	RESOLUBLE	CC-BY-4.0	NO	0	OPENSTAX
a97d67fcoordinates16	RESOLUBLE	CC-BY-4.0	NO	0	OPENSTAX
a97d67fcoordinates2	RESOLUBLE	CC-BY-4.0	NO	0	OPENSTAX
a97d67fcoordinates3	RESOLUBLE	CC-BY-4.0	NO	0	OPENSTAX
a97d67fcoordinates4	RESOLUBLE	CC-BY-4.0	NO	0	OPENSTAX
a97d67fcoordinates5	RESOLUBLE	CC-BY-4.0	NO	0	OPENSTAX
a97d67fcoordinates6	RESOLUBLE	CC-BY-4.0	NO	0	OPENSTAX
a97d67fcoordinates7	RESOLUBLE	CC-BY-4.0	NO	0	OPENSTAX
a97d67fcoordinates8	RESOLUBLE	CC-BY-4.0	NO	0	OPENSTAX
a97d67fcoordinates9	RESOLUBLE	CC-BY-4.0	NO	0	OPENSTAX
a982aa6exe1	RESOLUBLE	CC-BY-4.0	NO	0	OPENSTAX
a982aa6exe12	RESOLUBLE	CC-BY-4.0	NO	0	OPENSTAX
a982aa6factoring1	RESOLUBLE	CC-BY-4.0	NO	0	OPENSTAX
a982aa6factoring2	RESOLUBLE	CC-BY-4.0	NO	0	OPENSTAX
a982aa6general1	RESOLUBLE	CC-BY-4.0	NO	0	OPENSTAX
a982aa6gre17	RESOLUBLE	CC-BY-4.0	NO	0	OPENSTAX
a982aa6gre20	RESOLUBLE	CC-BY-4.0	NO	0	OPENSTAX
a982aa6trifactor5	RESOLUBLE	CC-BY-4.0	NO	0	OPENSTAX
a982aa6trifactor6	RESOLUBLE	CC-BY-4.0	NO	0	OPENSTAX
a984816test01	VERSION-SIN-VARIANTE	CC4.0	SI	1	NO-OPENSTAX
a984816test02	VERSION-SIN-VARIANTE	CC4.0	NO	0	NO-OPENSTAX
a984816test03	VERSION-SIN-VARIANTE	CC4.0	NO	0	NO-OPENSTAX
a984816test04	VERSION-SIN-VARIANTE	CC4.0	NO	0	NO-OPENSTAX
a984816test05	VERSION-SIN-VARIANTE	CC4.0	NO	0	NO-OPENSTAX
a984816test06	VERSION-SIN-VARIANTE	CC4.0	NO	0	NO-OPENSTAX
a984816test07	VERSION-SIN-VARIANTE	CC4.0	SI	3	NO-OPENSTAX
a985d52Square1	RESOLUBLE	CC-BY-4.0	NO	0	OPENSTAX
a985d52Square10	RESOLUBLE	CC-BY-4.0	NO	0	OPENSTAX
a985d52Square11	RESOLUBLE	CC-BY-4.0	NO	0	OPENSTAX
a985d52Square12	RESOLUBLE	CC-BY-4.0	NO	0	OPENSTAX
a985d52Square13	RESOLUBLE	CC-BY-4.0	NO	0	OPENSTAX
a985d52Square14	RESOLUBLE	CC-BY-4.0	NO	0	OPENSTAX
a985d52Square15	RESOLUBLE	CC-BY-4.0	NO	0	OPENSTAX
a985d52Square16	RESOLUBLE	CC-BY-4.0	NO	0	OPENSTAX
a985d52Square17	RESOLUBLE	CC-BY-4.0	NO	0	OPENSTAX
a985d52Square18	RESOLUBLE	CC-BY-4.0	NO	0	OPENSTAX
a985d52Square19	RESOLUBLE	CC-BY-4.0	NO	0	OPENSTAX
a985d52Square2	RESOLUBLE	CC-BY-4.0	NO	0	OPENSTAX
a985d52Square20	RESOLUBLE	CC-BY-4.0	NO	0	OPENSTAX
a985d52Square21	RESOLUBLE	CC-BY-4.0	NO	0	OPENSTAX
a985d52Square22	RESOLUBLE	CC-BY-4.0	NO	0	OPENSTAX
a985d52Square23	RESOLUBLE	CC-BY-4.0	NO	0	OPENSTAX
a985d52Square24	RESOLUBLE	CC-BY-4.0	NO	0	OPENSTAX
a985d52Square25	RESOLUBLE	CC-BY-4.0	NO	0	OPENSTAX
a985d52Square26	RESOLUBLE	CC-BY-4.0	NO	0	OPENSTAX
a985d52Square3	RESOLUBLE	CC-BY-4.0	NO	0	OPENSTAX
a985d52Square4	RESOLUBLE	CC-BY-4.0	NO	0	OPENSTAX
a985d52Square5	RESOLUBLE	CC-BY-4.0	NO	0	OPENSTAX
a985d52Square6	RESOLUBLE	CC-BY-4.0	NO	0	OPENSTAX
a985d52Square7	RESOLUBLE	CC-BY-4.0	NO	0	OPENSTAX
a985d52Square8	RESOLUBLE	CC-BY-4.0	NO	0	OPENSTAX
a985d52Square9	RESOLUBLE	CC-BY-4.0	NO	0	OPENSTAX
a98a015ds100-fa19-final-Q8	NO-ES-CESION	https://ds100.org/su26/past-exams/	NO	0	NO-OPENSTAX
a98a015ds100-fa19-mt2-Q1	NO-ES-CESION	https://ds100.org/su26/past-exams/	SI	4	NO-OPENSTAX
a98a015ds100-fa20-final-Q10	NO-ES-CESION	https://ds100.org/su26/past-exams/	SI	3	NO-OPENSTAX
a98a015ds100-fa24-final-Q7	NO-ES-CESION	https://ds100.org/su26/past-exams/	SI	8	NO-OPENSTAX
a98a015ds100-sp19-final-Q6c	NO-ES-CESION	https://ds100.org/su26/past-exams/	NO	0	NO-OPENSTAX
a98a015ds100-sp21-final-Q11	NO-ES-CESION	https://ds100.org/su26/past-exams/	SI	1	NO-OPENSTAX
a98a015ds100-sp24-final-Q9	NO-ES-CESION	https://ds100.org/su26/past-exams/	SI	3	NO-OPENSTAX
a98a015ds100-sp25-final-Q4a,Q4b	NO-ES-CESION	https://ds100.org/su26/past-exams/	SI	3	NO-OPENSTAX
a98a015ds100-su19-final-Q2b	NO-ES-CESION	https://ds100.org/su26/past-exams/	SI	3	NO-OPENSTAX
a98a015ds100-su20-final-Q7	NO-ES-CESION	https://ds100.org/su26/past-exams/	NO	0	NO-OPENSTAX
a98a015ds100-su20-final-Q8	NO-ES-CESION	https://ds100.org/su26/past-exams/	NO	0	NO-OPENSTAX
a98a015ds100-su25-final-Q3d	NO-ES-CESION	https://ds100.org/su26/past-exams/	SI	1	NO-OPENSTAX
a98b1afgraphlog1	RESOLUBLE	CC-BY-4.0	NO	0	OPENSTAX
a98b1afgraphlog10	RESOLUBLE	CC-BY-4.0	NO	0	OPENSTAX
a98b1afgraphlog11	RESOLUBLE	CC-BY-4.0	NO	0	OPENSTAX
a98b1afgraphlog12	RESOLUBLE	CC-BY-4.0	NO	0	OPENSTAX
a98b1afgraphlog13	RESOLUBLE	CC-BY-4.0	NO	0	OPENSTAX
a98b1afgraphlog14	RESOLUBLE	CC-BY-4.0	NO	0	OPENSTAX
a98b1afgraphlog15	RESOLUBLE	CC-BY-4.0	NO	0	OPENSTAX
a98b1afgraphlog16	RESOLUBLE	CC-BY-4.0	NO	0	OPENSTAX
a98b1afgraphlog17	RESOLUBLE	CC-BY-4.0	NO	0	OPENSTAX
a98b1afgraphlog18	RESOLUBLE	CC-BY-4.0	NO	0	OPENSTAX
a98b1afgraphlog19	RESOLUBLE	CC-BY-4.0	NO	0	OPENSTAX
a98b1afgraphlog2	RESOLUBLE	CC-BY-4.0	NO	0	OPENSTAX
a98b1afgraphlog20	RESOLUBLE	CC-BY-4.0	NO	0	OPENSTAX
a98b1afgraphlog3	RESOLUBLE	CC-BY-4.0	NO	0	OPENSTAX
a98b1afgraphlog4	RESOLUBLE	CC-BY-4.0	NO	0	OPENSTAX
a98b1afgraphlog5	RESOLUBLE	CC-BY-4.0	NO	0	OPENSTAX
a98b1afgraphlog6	RESOLUBLE	CC-BY-4.0	NO	0	OPENSTAX
a98b1afgraphlog7	RESOLUBLE	CC-BY-4.0	NO	0	OPENSTAX
a98b1afgraphlog8	RESOLUBLE	CC-BY-4.0	NO	0	OPENSTAX
a98b1afgraphlog9	RESOLUBLE	CC-BY-4.0	NO	0	OPENSTAX
a9981abAbsolute1	RESOLUBLE	CC-BY-4.0	NO	0	OPENSTAX
a9981abAbsolute2	RESOLUBLE	CC-BY-4.0	NO	0	OPENSTAX
a9981abAbsolute3	RESOLUBLE	CC-BY-4.0	NO	0	OPENSTAX
a9981abAbsolute4	RESOLUBLE	CC-BY-4.0	NO	0	OPENSTAX
a9981abAbsolute5	RESOLUBLE	CC-BY-4.0	NO	0	OPENSTAX
a9981ababs1	RESOLUBLE	CC-BY-4.0	NO	0	OPENSTAX
a9981ababs10	RESOLUBLE	CC-BY-4.0	NO	0	OPENSTAX
a9981ababs11	RESOLUBLE	CC-BY-4.0	NO	0	OPENSTAX
a9981ababs12	RESOLUBLE	CC-BY-4.0	NO	0	OPENSTAX
a9981ababs13	RESOLUBLE	CC-BY-4.0	NO	0	OPENSTAX
a9981ababs14	RESOLUBLE	CC-BY-4.0	NO	0	OPENSTAX
a9981ababs15	RESOLUBLE	CC-BY-4.0	NO	0	OPENSTAX
a9981ababs16	RESOLUBLE	CC-BY-4.0	NO	0	OPENSTAX
a9981ababs17	RESOLUBLE	CC-BY-4.0	NO	0	OPENSTAX
a9981ababs18	RESOLUBLE	CC-BY-4.0	NO	0	OPENSTAX
a9981ababs2	RESOLUBLE	CC-BY-4.0	NO	0	OPENSTAX
a9981ababs3	RESOLUBLE	CC-BY-4.0	NO	0	OPENSTAX
a9981ababs4	RESOLUBLE	CC-BY-4.0	NO	0	OPENSTAX
a9981ababs5	RESOLUBLE	CC-BY-4.0	NO	0	OPENSTAX
a9981ababs6	RESOLUBLE	CC-BY-4.0	NO	0	OPENSTAX
a9981ababs7	RESOLUBLE	CC-BY-4.0	NO	0	OPENSTAX
a9981ababs8	RESOLUBLE	CC-BY-4.0	NO	0	OPENSTAX
a9981ababs9	RESOLUBLE	CC-BY-4.0	NO	0	OPENSTAX
a9ad3f8applications1	RESOLUBLE	CC-BY-4.0	NO	0	OPENSTAX
a9ad3f8applications10	RESOLUBLE	CC-BY-4.0	NO	0	OPENSTAX
a9ad3f8applications11	RESOLUBLE	CC-BY-4.0	NO	0	OPENSTAX
a9ad3f8applications12	RESOLUBLE	CC-BY-4.0	NO	0	OPENSTAX
a9ad3f8applications13	RESOLUBLE	CC-BY-4.0	NO	0	OPENSTAX
a9ad3f8applications14	RESOLUBLE	CC-BY-4.0	NO	0	OPENSTAX
a9ad3f8applications15	RESOLUBLE	CC-BY-4.0	NO	0	OPENSTAX
a9ad3f8applications16	RESOLUBLE	CC-BY-4.0	NO	0	OPENSTAX
a9ad3f8applications17	RESOLUBLE	CC-BY-4.0	NO	0	OPENSTAX
a9ad3f8applications18	RESOLUBLE	CC-BY-4.0	NO	0	OPENSTAX
a9ad3f8applications19	RESOLUBLE	CC-BY-4.0	NO	0	OPENSTAX
a9ad3f8applications2	RESOLUBLE	CC-BY-4.0	NO	0	OPENSTAX
a9ad3f8applications20	RESOLUBLE	CC-BY-4.0	NO	0	OPENSTAX
a9ad3f8applications21	RESOLUBLE	CC-BY-4.0	NO	0	OPENSTAX
a9ad3f8applications22	RESOLUBLE	CC-BY-4.0	NO	0	OPENSTAX
a9ad3f8applications23	RESOLUBLE	CC-BY-4.0	NO	0	OPENSTAX
a9ad3f8applications24	RESOLUBLE	CC-BY-4.0	NO	0	OPENSTAX
a9ad3f8applications25	RESOLUBLE	CC-BY-4.0	NO	0	OPENSTAX
a9ad3f8applications26	RESOLUBLE	CC-BY-4.0	NO	0	OPENSTAX
a9ad3f8applications27	RESOLUBLE	CC-BY-4.0	NO	0	OPENSTAX
a9ad3f8applications28	RESOLUBLE	CC-BY-4.0	NO	0	OPENSTAX
a9ad3f8applications29	RESOLUBLE	CC-BY-4.0	NO	0	OPENSTAX
a9ad3f8applications3	RESOLUBLE	CC-BY-4.0	NO	0	OPENSTAX
a9ad3f8applications30	RESOLUBLE	CC-BY-4.0	NO	0	OPENSTAX
a9ad3f8applications4	RESOLUBLE	CC-BY-4.0	NO	0	OPENSTAX
a9ad3f8applications5	RESOLUBLE	CC-BY-4.0	NO	0	OPENSTAX
a9ad3f8applications6	RESOLUBLE	CC-BY-4.0	NO	0	OPENSTAX
a9ad3f8applications7	RESOLUBLE	CC-BY-4.0	NO	0	OPENSTAX
a9ad3f8applications8	RESOLUBLE	CC-BY-4.0	NO	0	OPENSTAX
a9ad3f8applications9	RESOLUBLE	CC-BY-4.0	NO	0	OPENSTAX
a9ade3dRadicals1	RESOLUBLE	CC-BY-4.0	NO	0	OPENSTAX
a9ade3dRadicals12	RESOLUBLE	CC-BY-4.0	NO	0	OPENSTAX
a9ade3dRadicals13	RESOLUBLE	CC-BY-4.0	NO	0	OPENSTAX
a9ade3dRadicals16	RESOLUBLE	CC-BY-4.0	NO	0	OPENSTAX
a9ade3dRadicals19	RESOLUBLE	CC-BY-4.0	NO	0	OPENSTAX
a9ade3dRadicals2	RESOLUBLE	CC-BY-4.0	NO	0	OPENSTAX
a9ade3dRadicals21	RESOLUBLE	CC-BY-4.0	NO	0	OPENSTAX
a9ade3dRadicals22	RESOLUBLE	CC-BY-4.0	NO	0	OPENSTAX
a9ade3dRadicals23	RESOLUBLE	CC-BY-4.0	NO	0	OPENSTAX
a9ade3dRadicals24	RESOLUBLE	CC-BY-4.0	NO	0	OPENSTAX
a9ade3dRadicals25	RESOLUBLE	CC-BY-4.0	NO	0	OPENSTAX
a9ade3dRadicals3	RESOLUBLE	CC-BY-4.0	NO	0	OPENSTAX
a9ade3dRadicals4	RESOLUBLE	CC-BY-4.0	NO	0	OPENSTAX
a9ade3dRadicals5	RESOLUBLE	CC-BY-4.0	NO	0	OPENSTAX
a9ade3dRadicals6	RESOLUBLE	CC-BY-4.0	NO	0	OPENSTAX
a9ade3dRadicals7	RESOLUBLE	CC-BY-4.0	NO	0	OPENSTAX
a9ade3dRadicals9	RESOLUBLE	CC-BY-4.0	NO	0	OPENSTAX
a9ae528add1	RESOLUBLE	CC-BY-4.0	NO	0	OPENSTAX
a9ae528add10	RESOLUBLE	CC-BY-4.0	NO	0	OPENSTAX
a9ae528add11	RESOLUBLE	CC-BY-4.0	NO	0	OPENSTAX
a9ae528add12	RESOLUBLE	CC-BY-4.0	NO	0	OPENSTAX
a9ae528add13	RESOLUBLE	CC-BY-4.0	NO	0	OPENSTAX
a9ae528add14	RESOLUBLE	CC-BY-4.0	NO	0	OPENSTAX
a9ae528add15	RESOLUBLE	CC-BY-4.0	NO	0	OPENSTAX
a9ae528add16	RESOLUBLE	CC-BY-4.0	NO	0	OPENSTAX
a9ae528add17	RESOLUBLE	CC-BY-4.0	NO	0	OPENSTAX
a9ae528add18	RESOLUBLE	CC-BY-4.0	NO	0	OPENSTAX
a9ae528add19	RESOLUBLE	CC-BY-4.0	NO	0	OPENSTAX
a9ae528add2	RESOLUBLE	CC-BY-4.0	NO	0	OPENSTAX
a9ae528add20	RESOLUBLE	CC-BY-4.0	NO	0	OPENSTAX
a9ae528add21	RESOLUBLE	CC-BY-4.0	NO	0	OPENSTAX
a9ae528add22	RESOLUBLE	CC-BY-4.0	NO	0	OPENSTAX
a9ae528add23	RESOLUBLE	CC-BY-4.0	NO	0	OPENSTAX
a9ae528add24	RESOLUBLE	CC-BY-4.0	NO	0	OPENSTAX
a9ae528add25	RESOLUBLE	CC-BY-4.0	NO	0	OPENSTAX
a9ae528add26	RESOLUBLE	CC-BY-4.0	NO	0	OPENSTAX
a9ae528add27	RESOLUBLE	CC-BY-4.0	NO	0	OPENSTAX
a9ae528add28	RESOLUBLE	CC-BY-4.0	NO	0	OPENSTAX
a9ae528add29	RESOLUBLE	CC-BY-4.0	NO	0	OPENSTAX
a9ae528add3	RESOLUBLE	CC-BY-4.0	SI	2	OPENSTAX
a9ae528add30	RESOLUBLE	CC-BY-4.0	NO	0	OPENSTAX
a9ae528add4	RESOLUBLE	CC-BY-4.0	SI	2	OPENSTAX
a9ae528add5	RESOLUBLE	CC-BY-4.0	NO	0	OPENSTAX
a9ae528add6	RESOLUBLE	CC-BY-4.0	NO	0	OPENSTAX
a9ae528add7	RESOLUBLE	CC-BY-4.0	NO	0	OPENSTAX
a9ae528add8	RESOLUBLE	CC-BY-4.0	NO	0	OPENSTAX
a9ae528add9	RESOLUBLE	CC-BY-4.0	NO	0	OPENSTAX
a9b0a01SolveGeometry1	RESOLUBLE	CC-BY-4.0	NO	0	OPENSTAX
a9b0a01SolveGeometry2	RESOLUBLE	CC-BY-4.0	NO	0	OPENSTAX
a9b0a01SolveGeometry3	RESOLUBLE	CC-BY-4.0	NO	0	OPENSTAX
a9b0a01SolveGeometry4	RESOLUBLE	CC-BY-4.0	NO	0	OPENSTAX
a9b0a01SolveGeometry5	RESOLUBLE	CC-BY-4.0	NO	0	OPENSTAX
a9b0a01SolveGeometry6	RESOLUBLE	CC-BY-4.0	NO	0	OPENSTAX
a9b0a01SolveGeometry7	RESOLUBLE	CC-BY-4.0	NO	0	OPENSTAX
a9b0a01SolveGeometry8	RESOLUBLE	CC-BY-4.0	NO	0	OPENSTAX
a9b0a01SolveGeometry9	RESOLUBLE	CC-BY-4.0	NO	0	OPENSTAX
a9b0a01geo1	RESOLUBLE	CC-BY-4.0	NO	0	OPENSTAX
a9b0a01geo10	RESOLUBLE	CC-BY-4.0	NO	0	OPENSTAX
a9b0a01geo11	RESOLUBLE	CC-BY-4.0	NO	0	OPENSTAX
a9b0a01geo12	RESOLUBLE	CC-BY-4.0	NO	0	OPENSTAX
a9b0a01geo13	RESOLUBLE	CC-BY-4.0	NO	0	OPENSTAX
a9b0a01geo14	RESOLUBLE	CC-BY-4.0	NO	0	OPENSTAX
a9b0a01geo15	RESOLUBLE	CC-BY-4.0	NO	0	OPENSTAX
a9b0a01geo2	RESOLUBLE	CC-BY-4.0	NO	0	OPENSTAX
a9b0a01geo3	RESOLUBLE	CC-BY-4.0	NO	0	OPENSTAX
a9b0a01geo4	RESOLUBLE	CC-BY-4.0	NO	0	OPENSTAX
a9b0a01geo5	RESOLUBLE	CC-BY-4.0	NO	0	OPENSTAX
a9b0a01geo6	RESOLUBLE	CC-BY-4.0	NO	0	OPENSTAX
a9b0a01geo7	RESOLUBLE	CC-BY-4.0	NO	0	OPENSTAX
a9b0a01geo8	RESOLUBLE	CC-BY-4.0	NO	0	OPENSTAX
a9b0a01geo9	RESOLUBLE	CC-BY-4.0	NO	0	OPENSTAX
a9bee85sqroots12	RESOLUBLE	CC-BY-4.0	NO	0	OPENSTAX
a9bee85sqroots13	RESOLUBLE	CC-BY-4.0	NO	0	OPENSTAX
a9bee85sqroots14	RESOLUBLE	CC-BY-4.0	NO	0	OPENSTAX
a9bee85sqroots15	RESOLUBLE	CC-BY-4.0	NO	0	OPENSTAX
a9bee85sqroots16	RESOLUBLE	CC-BY-4.0	NO	0	OPENSTAX
a9bee85sqroots17	RESOLUBLE	CC-BY-4.0	NO	0	OPENSTAX
a9bee85sqroots18	RESOLUBLE	CC-BY-4.0	NO	0	OPENSTAX
a9bee85sqroots19	RESOLUBLE	CC-BY-4.0	NO	0	OPENSTAX
a9bee85sqroots20	RESOLUBLE	CC-BY-4.0	NO	0	OPENSTAX
a9bee85sqroots21	RESOLUBLE	CC-BY-4.0	NO	0	OPENSTAX
a9bee85sqroots22	RESOLUBLE	CC-BY-4.0	NO	0	OPENSTAX
a9bee85sqroots23	RESOLUBLE	CC-BY-4.0	NO	0	OPENSTAX
a9bee85sqroots24	RESOLUBLE	CC-BY-4.0	NO	0	OPENSTAX
a9bee85sqroots25	RESOLUBLE	CC-BY-4.0	NO	0	OPENSTAX
a9bee85sqroots26	RESOLUBLE	CC-BY-4.0	NO	0	OPENSTAX
a9bee85sqroots27	RESOLUBLE	CC-BY-4.0	NO	0	OPENSTAX
a9bee85sqroots28	RESOLUBLE	CC-BY-4.0	NO	0	OPENSTAX
a9c142dVarCon1	RESOLUBLE	CC-BY-4.0	NO	0	OPENSTAX
a9c142dVarCon10	RESOLUBLE	CC-BY-4.0	NO	0	OPENSTAX
a9c142dVarCon11	RESOLUBLE	CC-BY-4.0	NO	0	OPENSTAX
a9c142dVarCon12	RESOLUBLE	CC-BY-4.0	NO	0	OPENSTAX
a9c142dVarCon13	RESOLUBLE	CC-BY-4.0	NO	0	OPENSTAX
a9c142dVarCon14	RESOLUBLE	CC-BY-4.0	NO	0	OPENSTAX
a9c142dVarCon15	RESOLUBLE	CC-BY-4.0	NO	0	OPENSTAX
a9c142dVarCon16	RESOLUBLE	CC-BY-4.0	NO	0	OPENSTAX
a9c142dVarCon17	RESOLUBLE	CC-BY-4.0	NO	0	OPENSTAX
a9c142dVarCon18	RESOLUBLE	CC-BY-4.0	NO	0	OPENSTAX
a9c142dVarCon19	RESOLUBLE	CC-BY-4.0	NO	0	OPENSTAX
a9c142dVarCon2	RESOLUBLE	CC-BY-4.0	NO	0	OPENSTAX
a9c142dVarCon20	RESOLUBLE	CC-BY-4.0	NO	0	OPENSTAX
a9c142dVarCon21	RESOLUBLE	CC-BY-4.0	NO	0	OPENSTAX
a9c142dVarCon22	RESOLUBLE	CC-BY-4.0	NO	0	OPENSTAX
a9c142dVarCon23	RESOLUBLE	CC-BY-4.0	NO	0	OPENSTAX
a9c142dVarCon24	RESOLUBLE	CC-BY-4.0	NO	0	OPENSTAX
a9c142dVarCon25	RESOLUBLE	CC-BY-4.0	NO	0	OPENSTAX
a9c142dVarCon26	RESOLUBLE	CC-BY-4.0	NO	0	OPENSTAX
a9c142dVarCon27	RESOLUBLE	CC-BY-4.0	NO	0	OPENSTAX
a9c142dVarCon28	RESOLUBLE	CC-BY-4.0	NO	0	OPENSTAX
a9c142dVarCon29	RESOLUBLE	CC-BY-4.0	NO	0	OPENSTAX
a9c142dVarCon3	RESOLUBLE	CC-BY-4.0	NO	0	OPENSTAX
a9c142dVarCon30	RESOLUBLE	CC-BY-4.0	NO	0	OPENSTAX
a9c142dVarCon31	RESOLUBLE	CC-BY-4.0	NO	0	OPENSTAX
a9c142dVarCon32	RESOLUBLE	CC-BY-4.0	NO	0	OPENSTAX
a9c142dVarCon33	RESOLUBLE	CC-BY-4.0	NO	0	OPENSTAX
a9c142dVarCon4	RESOLUBLE	CC-BY-4.0	NO	0	OPENSTAX
a9c142dVarCon5	RESOLUBLE	CC-BY-4.0	NO	0	OPENSTAX
a9c142dVarCon6	RESOLUBLE	CC-BY-4.0	NO	0	OPENSTAX
a9c142dVarCon7	RESOLUBLE	CC-BY-4.0	NO	0	OPENSTAX
a9c142dVarCon8	RESOLUBLE	CC-BY-4.0	NO	0	OPENSTAX
a9c142dVarCon9	RESOLUBLE	CC-BY-4.0	NO	0	OPENSTAX
a9c64f0series1	RESOLUBLE	CC-BY-4.0	NO	0	OPENSTAX
a9c64f0series10	RESOLUBLE	CC-BY-4.0	NO	0	OPENSTAX
a9c64f0series11	RESOLUBLE	CC-BY-4.0	NO	0	OPENSTAX
a9c64f0series12	RESOLUBLE	CC-BY-4.0	NO	0	OPENSTAX
a9c64f0series13	RESOLUBLE	CC-BY-4.0	NO	0	OPENSTAX
a9c64f0series14	RESOLUBLE	CC-BY-4.0	NO	0	OPENSTAX
a9c64f0series15	RESOLUBLE	CC-BY-4.0	NO	0	OPENSTAX
a9c64f0series17	RESOLUBLE	CC-BY-4.0	NO	0	OPENSTAX
a9c64f0series18	RESOLUBLE	CC-BY-4.0	NO	0	OPENSTAX
a9c64f0series19	RESOLUBLE	CC-BY-4.0	NO	0	OPENSTAX
a9c64f0series2	RESOLUBLE	CC-BY-4.0	NO	0	OPENSTAX
a9c64f0series20	RESOLUBLE	CC-BY-4.0	NO	0	OPENSTAX
a9c64f0series21	RESOLUBLE	CC-BY-4.0	NO	0	OPENSTAX
a9c64f0series22	RESOLUBLE	CC-BY-4.0	NO	0	OPENSTAX
a9c64f0series23	RESOLUBLE	CC-BY-4.0	NO	0	OPENSTAX
a9c64f0series24	RESOLUBLE	CC-BY-4.0	NO	0	OPENSTAX
a9c64f0series25	RESOLUBLE	CC-BY-4.0	NO	0	OPENSTAX
a9c64f0series26	RESOLUBLE	CC-BY-4.0	NO	0	OPENSTAX
a9c64f0series27	RESOLUBLE	CC-BY-4.0	NO	0	OPENSTAX
a9c64f0series28	RESOLUBLE	CC-BY-4.0	NO	0	OPENSTAX
a9c64f0series29	RESOLUBLE	CC-BY-4.0	NO	0	OPENSTAX
a9c64f0series30	RESOLUBLE	CC-BY-4.0	NO	0	OPENSTAX
a9c64f0series5	RESOLUBLE	CC-BY-4.0	NO	0	OPENSTAX
a9c64f0series7	RESOLUBLE	CC-BY-4.0	NO	0	OPENSTAX
a9c64f0series8	RESOLUBLE	CC-BY-4.0	NO	0	OPENSTAX
a9c64f0series9	RESOLUBLE	CC-BY-4.0	NO	0	OPENSTAX
a9c994ba1cc0dcareas10	RESOLUBLE	CC-BY-4.0	NO	0	NO-OPENSTAX
a9c994ba1cc0dcareas11	RESOLUBLE	CC-BY-4.0	SI	1	NO-OPENSTAX
a9c994ba1cc0dcareas6	RESOLUBLE	CC-BY-4.0	SI	1	NO-OPENSTAX
a9cf10atrig1	RESOLUBLE	CC-BY-4.0	NO	0	OPENSTAX
a9cf10atrig10	RESOLUBLE	CC-BY-4.0	NO	0	OPENSTAX
a9cf10atrig11	RESOLUBLE	CC-BY-4.0	NO	0	OPENSTAX
a9cf10atrig12	RESOLUBLE	CC-BY-4.0	NO	0	OPENSTAX
a9cf10atrig13	RESOLUBLE	CC-BY-4.0	NO	0	OPENSTAX
a9cf10atrig14	RESOLUBLE	CC-BY-4.0	NO	0	OPENSTAX
a9cf10atrig15	RESOLUBLE	CC-BY-4.0	NO	0	OPENSTAX
a9cf10atrig16	RESOLUBLE	CC-BY-4.0	NO	0	OPENSTAX
a9cf10atrig17	RESOLUBLE	CC-BY-4.0	NO	0	OPENSTAX
a9cf10atrig18	RESOLUBLE	CC-BY-4.0	NO	0	OPENSTAX
a9cf10atrig19	RESOLUBLE	CC-BY-4.0	NO	0	OPENSTAX
a9cf10atrig2	RESOLUBLE	CC-BY-4.0	NO	0	OPENSTAX
a9cf10atrig20	RESOLUBLE	CC-BY-4.0	NO	0	OPENSTAX
a9cf10atrig21	RESOLUBLE	CC-BY-4.0	NO	0	OPENSTAX
a9cf10atrig22	RESOLUBLE	CC-BY-4.0	NO	0	OPENSTAX
a9cf10atrig23	RESOLUBLE	CC-BY-4.0	NO	0	OPENSTAX
a9cf10atrig24	RESOLUBLE	CC-BY-4.0	NO	0	OPENSTAX
a9cf10atrig25	RESOLUBLE	CC-BY-4.0	NO	0	OPENSTAX
a9cf10atrig26	RESOLUBLE	CC-BY-4.0	NO	0	OPENSTAX
a9cf10atrig27	RESOLUBLE	CC-BY-4.0	NO	0	OPENSTAX
a9cf10atrig28	RESOLUBLE	CC-BY-4.0	NO	0	OPENSTAX
a9cf10atrig29	RESOLUBLE	CC-BY-4.0	NO	0	OPENSTAX
a9cf10atrig3	RESOLUBLE	CC-BY-4.0	NO	0	OPENSTAX
a9cf10atrig30	RESOLUBLE	CC-BY-4.0	NO	0	OPENSTAX
a9cf10atrig4	RESOLUBLE	CC-BY-4.0	NO	0	OPENSTAX
a9cf10atrig5	RESOLUBLE	CC-BY-4.0	NO	0	OPENSTAX
a9cf10atrig6	RESOLUBLE	CC-BY-4.0	NO	0	OPENSTAX
a9cf10atrig7	RESOLUBLE	CC-BY-4.0	NO	0	OPENSTAX
a9cf10atrig8	RESOLUBLE	CC-BY-4.0	NO	0	OPENSTAX
a9cf10atrig9	RESOLUBLE	CC-BY-4.0	NO	0	OPENSTAX
a9cf449complex1	RESOLUBLE	CC-BY-4.0	NO	0	OPENSTAX
a9cf449complex10	RESOLUBLE	CC-BY-4.0	NO	0	OPENSTAX
a9cf449complex11	RESOLUBLE	CC-BY-4.0	NO	0	OPENSTAX
a9cf449complex12	RESOLUBLE	CC-BY-4.0	NO	0	OPENSTAX
a9cf449complex13	RESOLUBLE	CC-BY-4.0	NO	0	OPENSTAX
a9cf449complex14	RESOLUBLE	CC-BY-4.0	NO	0	OPENSTAX
a9cf449complex15	RESOLUBLE	CC-BY-4.0	NO	0	OPENSTAX
a9cf449complex16	RESOLUBLE	CC-BY-4.0	NO	0	OPENSTAX
a9cf449complex17	RESOLUBLE	CC-BY-4.0	NO	0	OPENSTAX
a9cf449complex18	RESOLUBLE	CC-BY-4.0	NO	0	OPENSTAX
a9cf449complex19	RESOLUBLE	CC-BY-4.0	NO	0	OPENSTAX
a9cf449complex2	RESOLUBLE	CC-BY-4.0	NO	0	OPENSTAX
a9cf449complex20	RESOLUBLE	CC-BY-4.0	NO	0	OPENSTAX
a9cf449complex21	RESOLUBLE	CC-BY-4.0	NO	0	OPENSTAX
a9cf449complex22	RESOLUBLE	CC-BY-4.0	NO	0	OPENSTAX
a9cf449complex23	RESOLUBLE	CC-BY-4.0	NO	0	OPENSTAX
a9cf449complex24	RESOLUBLE	CC-BY-4.0	NO	0	OPENSTAX
a9cf449complex25	RESOLUBLE	CC-BY-4.0	NO	0	OPENSTAX
a9cf449complex26	RESOLUBLE	CC-BY-4.0	NO	0	OPENSTAX
a9cf449complex27	RESOLUBLE	CC-BY-4.0	NO	0	OPENSTAX
a9cf449complex28	RESOLUBLE	CC-BY-4.0	NO	0	OPENSTAX
a9cf449complex3	RESOLUBLE	CC-BY-4.0	NO	0	OPENSTAX
a9cf449complex4	RESOLUBLE	CC-BY-4.0	NO	0	OPENSTAX
a9cf449complex5	RESOLUBLE	CC-BY-4.0	NO	0	OPENSTAX
a9cf449complex6	RESOLUBLE	CC-BY-4.0	NO	0	OPENSTAX
a9cf449complex7	RESOLUBLE	CC-BY-4.0	NO	0	OPENSTAX
a9cf449complex8	RESOLUBLE	CC-BY-4.0	NO	0	OPENSTAX
a9cf449complex9	RESOLUBLE	CC-BY-4.0	NO	0	OPENSTAX
a9d3659treeandvenn16	RESOLUBLE	CC-BY-4.0	NO	0	OPENSTAX
a9d3659treeandvenn21	RESOLUBLE	CC-BY-4.0	NO	0	OPENSTAX
a9d3659treeandvenn25	RESOLUBLE	CC-BY-4.0	NO	0	OPENSTAX
a9d3aa3stat1	RESOLUBLE	CC-BY-4.0	NO	0	OPENSTAX
a9d3aa3stat10	RESOLUBLE	CC-BY-4.0	NO	0	OPENSTAX
a9d3aa3stat11	RESOLUBLE	CC-BY-4.0	NO	0	OPENSTAX
a9d3aa3stat12	RESOLUBLE	CC-BY-4.0	NO	0	OPENSTAX
a9d3aa3stat13	RESOLUBLE	CC-BY-4.0	NO	0	OPENSTAX
a9d3aa3stat14	RESOLUBLE	CC-BY-4.0	NO	0	OPENSTAX
a9d3aa3stat15	RESOLUBLE	CC-BY-4.0	NO	0	OPENSTAX
a9d3aa3stat2	RESOLUBLE	CC-BY-4.0	NO	0	OPENSTAX
a9d3aa3stat3	RESOLUBLE	CC-BY-4.0	NO	0	OPENSTAX
a9d3aa3stat4	RESOLUBLE	CC-BY-4.0	NO	0	OPENSTAX
a9d3aa3stat5	RESOLUBLE	CC-BY-4.0	NO	0	OPENSTAX
a9d3aa3stat6	RESOLUBLE	CC-BY-4.0	NO	0	OPENSTAX
a9d3aa3stat7	RESOLUBLE	CC-BY-4.0	NO	0	OPENSTAX
a9d3aa3stat8	RESOLUBLE	CC-BY-4.0	NO	0	OPENSTAX
a9d3aa3stat9	RESOLUBLE	CC-BY-4.0	SI	1	OPENSTAX
a9d566eA243-logsofpowers-P01	VERSION-SIN-VARIANTE	CC4.0	NO	0	NO-OPENSTAX
a9d566eA243-logsofpowers-P02	VERSION-SIN-VARIANTE	CC4.0	NO	0	NO-OPENSTAX
a9d566eA243-logsofpowers-P03	VERSION-SIN-VARIANTE	CC4.0	NO	0	NO-OPENSTAX
a9d566eA243-logsofpowers-P04	VERSION-SIN-VARIANTE	CC4.0	NO	0	NO-OPENSTAX
a9d566eA243-logsofpowers-P05	VERSION-SIN-VARIANTE	CC4.0	NO	0	NO-OPENSTAX
a9d566eA243-logsofpowers-P06	VERSION-SIN-VARIANTE	CC4.0	NO	0	NO-OPENSTAX
a9d566eA243-logsofpowers-P07	VERSION-SIN-VARIANTE	CC4.0	NO	0	NO-OPENSTAX
a9d566eA243-logsofpowers-P08	VERSION-SIN-VARIANTE	CC4.0	NO	0	NO-OPENSTAX
a9d566eA243-logsofpowers-P09	VERSION-SIN-VARIANTE	CC4.0	NO	0	NO-OPENSTAX
a9d566eA243-logsofpowers-P10	VERSION-SIN-VARIANTE	CC4.0	NO	0	NO-OPENSTAX
a9d566eA243-logsofpowers-P11	VERSION-SIN-VARIANTE	CC4.0	NO	0	NO-OPENSTAX
a9e42b3CompInv1	RESOLUBLE	CC-BY-4.0	NO	0	OPENSTAX
a9e42b3CompInv10	RESOLUBLE	CC-BY-4.0	SI	1	OPENSTAX
a9e42b3CompInv11	RESOLUBLE	CC-BY-4.0	SI	1	OPENSTAX
a9e42b3CompInv12	RESOLUBLE	CC-BY-4.0	SI	1	OPENSTAX
a9e42b3CompInv13	RESOLUBLE	CC-BY-4.0	SI	1	OPENSTAX
a9e42b3CompInv14	RESOLUBLE	CC-BY-4.0	SI	1	OPENSTAX
a9e42b3CompInv15	RESOLUBLE	CC-BY-4.0	SI	1	OPENSTAX
a9e42b3CompInv16	RESOLUBLE	CC-BY-4.0	NO	0	OPENSTAX
a9e42b3CompInv17	RESOLUBLE	CC-BY-4.0	NO	0	OPENSTAX
a9e42b3CompInv18	RESOLUBLE	CC-BY-4.0	NO	0	OPENSTAX
a9e42b3CompInv19	RESOLUBLE	CC-BY-4.0	NO	0	OPENSTAX
a9e42b3CompInv2	RESOLUBLE	CC-BY-4.0	NO	0	OPENSTAX
a9e42b3CompInv20	RESOLUBLE	CC-BY-4.0	NO	0	OPENSTAX
a9e42b3CompInv21	RESOLUBLE	CC-BY-4.0	NO	0	OPENSTAX
a9e42b3CompInv22	RESOLUBLE	CC-BY-4.0	NO	0	OPENSTAX
a9e42b3CompInv23	RESOLUBLE	CC-BY-4.0	NO	0	OPENSTAX
a9e42b3CompInv24	RESOLUBLE	CC-BY-4.0	NO	0	OPENSTAX
a9e42b3CompInv25	RESOLUBLE	CC-BY-4.0	NO	0	OPENSTAX
a9e42b3CompInv26	RESOLUBLE	CC-BY-4.0	NO	0	OPENSTAX
a9e42b3CompInv27	RESOLUBLE	CC-BY-4.0	NO	0	OPENSTAX
a9e42b3CompInv28	RESOLUBLE	CC-BY-4.0	NO	0	OPENSTAX
a9e42b3CompInv29	RESOLUBLE	CC-BY-4.0	NO	0	OPENSTAX
a9e42b3CompInv3	RESOLUBLE	CC-BY-4.0	NO	0	OPENSTAX
a9e42b3CompInv30	RESOLUBLE	CC-BY-4.0	NO	0	OPENSTAX
a9e42b3CompInv4	RESOLUBLE	CC-BY-4.0	NO	0	OPENSTAX
a9e42b3CompInv5	RESOLUBLE	CC-BY-4.0	NO	0	OPENSTAX
a9e42b3CompInv6	RESOLUBLE	CC-BY-4.0	NO	0	OPENSTAX
a9e42b3CompInv7	RESOLUBLE	CC-BY-4.0	SI	1	OPENSTAX
a9e42b3CompInv8	RESOLUBLE	CC-BY-4.0	SI	1	OPENSTAX
a9e42b3CompInv9	RESOLUBLE	CC-BY-4.0	SI	1	OPENSTAX
a9ed39ahyperbola1	RESOLUBLE	CC-BY-4.0	SI	2	OPENSTAX
a9ed39ahyperbola10	RESOLUBLE	CC-BY-4.0	NO	0	OPENSTAX
a9ed39ahyperbola11	RESOLUBLE	CC-BY-4.0	NO	0	OPENSTAX
a9ed39ahyperbola12	RESOLUBLE	CC-BY-4.0	NO	0	OPENSTAX
a9ed39ahyperbola13	RESOLUBLE	CC-BY-4.0	NO	0	OPENSTAX
a9ed39ahyperbola14	RESOLUBLE	CC-BY-4.0	NO	0	OPENSTAX
a9ed39ahyperbola15	RESOLUBLE	CC-BY-4.0	NO	0	OPENSTAX
a9ed39ahyperbola16	RESOLUBLE	CC-BY-4.0	NO	0	OPENSTAX
a9ed39ahyperbola17	RESOLUBLE	CC-BY-4.0	NO	0	OPENSTAX
a9ed39ahyperbola18	RESOLUBLE	CC-BY-4.0	NO	0	OPENSTAX
a9ed39ahyperbola19	RESOLUBLE	CC-BY-4.0	NO	0	OPENSTAX
a9ed39ahyperbola2	RESOLUBLE	CC-BY-4.0	SI	2	OPENSTAX
a9ed39ahyperbola20	RESOLUBLE	CC-BY-4.0	NO	0	OPENSTAX
a9ed39ahyperbola21	RESOLUBLE	CC-BY-4.0	NO	0	OPENSTAX
a9ed39ahyperbola22	RESOLUBLE	CC-BY-4.0	NO	0	OPENSTAX
a9ed39ahyperbola23	RESOLUBLE	CC-BY-4.0	NO	0	OPENSTAX
a9ed39ahyperbola24	RESOLUBLE	CC-BY-4.0	NO	0	OPENSTAX
a9ed39ahyperbola3	RESOLUBLE	CC-BY-4.0	SI	2	OPENSTAX
a9ed39ahyperbola4	RESOLUBLE	CC-BY-4.0	SI	1	OPENSTAX
a9ed39ahyperbola5	RESOLUBLE	CC-BY-4.0	SI	1	OPENSTAX
a9ed39ahyperbola6	RESOLUBLE	CC-BY-4.0	SI	1	OPENSTAX
a9ed39ahyperbola7	RESOLUBLE	CC-BY-4.0	SI	2	OPENSTAX
a9ed39ahyperbola8	RESOLUBLE	CC-BY-4.0	SI	2	OPENSTAX
a9ed39ahyperbola9	RESOLUBLE	CC-BY-4.0	NO	0	OPENSTAX
a9edaf5ds100-fa20-final-Q7	NO-ES-CESION	https://ds100.org/su26/past-exams/	NO	0	NO-OPENSTAX
a9edaf5ds100-fa21-mt-Q1	NO-ES-CESION	https://ds100.org/su26/past-exams/	SI	1	NO-OPENSTAX
a9edaf5ds100-fa24-final-Q3f	NO-ES-CESION	https://ds100.org/su26/past-exams/	SI	2	NO-OPENSTAX
a9edaf5ds100-fa24-final-Q4a,Q4b,Q4c	NO-ES-CESION	https://ds100.org/su26/past-exams/	SI	1	NO-OPENSTAX
a9edaf5ds100-fa25-mt2-Q1	NO-ES-CESION	https://ds100.org/su26/past-exams/	NO	0	NO-OPENSTAX
a9edaf5ds100-fa25-mt2-Q6	NO-ES-CESION	https://ds100.org/su26/past-exams/	SI	1	NO-OPENSTAX
a9edaf5ds100-sp21-final-Q13	NO-ES-CESION	https://ds100.org/su26/past-exams/	NO	0	NO-OPENSTAX
a9edaf5ds100-sp22-mt2-Q5	NO-ES-CESION	https://ds100.org/su26/past-exams/	SI	1	NO-OPENSTAX
a9edaf5ds100-sp24-final-Q4b,Q4c,Q4d	NO-ES-CESION	https://ds100.org/su26/past-exams/	SI	1	NO-OPENSTAX
a9edaf5ds100-sp25-final-Q2a,Q2c,Q2d	NO-ES-CESION	https://ds100.org/su26/past-exams/	SI	1	NO-OPENSTAX
a9edaf5ds100-su20-final-Q11	NO-ES-CESION	https://ds100.org/su26/past-exams/	NO	0	NO-OPENSTAX
a9edaf5ds100-su20-final-Q4	NO-ES-CESION	https://ds100.org/su26/past-exams/	SI	1	NO-OPENSTAX
a9edaf5ds100-su20-final-Q5	NO-ES-CESION	https://ds100.org/su26/past-exams/	NO	0	NO-OPENSTAX
a9edaf5ds100-su21-final-Q4	NO-ES-CESION	https://ds100.org/su26/past-exams/	SI	5	NO-OPENSTAX
a9edaf5ds100-su25-final-Q2d	NO-ES-CESION	https://ds100.org/su26/past-exams/	NO	0	NO-OPENSTAX
a9ef311slicing10	AUSENTE	-	SI	1	OPENSTAX
a9ef311slicing11	AUSENTE	-	SI	1	OPENSTAX
a9ef311slicing12	AUSENTE	-	NO	0	OPENSTAX
a9ef311slicing13	AUSENTE	-	SI	1	OPENSTAX
a9ef311slicing14	AUSENTE	-	SI	1	OPENSTAX
a9ef311slicing15	AUSENTE	-	SI	1	OPENSTAX
a9ef311slicing16	AUSENTE	-	SI	1	OPENSTAX
a9ef311slicing17	AUSENTE	-	SI	1	OPENSTAX
a9ef311slicing18	AUSENTE	-	SI	1	OPENSTAX
a9ef311slicing19	AUSENTE	-	SI	1	OPENSTAX
a9ef311slicing2	AUSENTE	-	SI	2	OPENSTAX
a9ef311slicing20	AUSENTE	-	SI	1	OPENSTAX
a9ef311slicing3	AUSENTE	-	SI	1	OPENSTAX
a9ef311slicing4	AUSENTE	-	SI	2	OPENSTAX
a9ef311slicing5	AUSENTE	-	SI	1	OPENSTAX
a9ef311slicing6	AUSENTE	-	SI	1	OPENSTAX
a9ef311slicing7	AUSENTE	-	SI	1	OPENSTAX
a9ef311slicing8	AUSENTE	-	SI	1	OPENSTAX
a9ef311slicing9	AUSENTE	-	NO	0	OPENSTAX
a9f55eblinearmodels1	RESOLUBLE	CC-BY-4.0	NO	0	OPENSTAX
a9f55eblinearmodels10	RESOLUBLE	CC-BY-4.0	NO	0	OPENSTAX
a9f55eblinearmodels11	RESOLUBLE	CC-BY-4.0	NO	0	OPENSTAX
a9f55eblinearmodels12	RESOLUBLE	CC-BY-4.0	NO	0	OPENSTAX
a9f55eblinearmodels13	RESOLUBLE	CC-BY-4.0	SI	2	OPENSTAX
a9f55eblinearmodels14	RESOLUBLE	CC-BY-4.0	NO	0	OPENSTAX
a9f55eblinearmodels15	RESOLUBLE	CC-BY-4.0	SI	1	OPENSTAX
a9f55eblinearmodels16	RESOLUBLE	CC-BY-4.0	NO	0	OPENSTAX
a9f55eblinearmodels17	RESOLUBLE	CC-BY-4.0	NO	0	OPENSTAX
a9f55eblinearmodels18	RESOLUBLE	CC-BY-4.0	NO	0	OPENSTAX
a9f55eblinearmodels19	RESOLUBLE	CC-BY-4.0	NO	0	OPENSTAX
a9f55eblinearmodels2	RESOLUBLE	CC-BY-4.0	NO	0	OPENSTAX
a9f55eblinearmodels20	RESOLUBLE	CC-BY-4.0	NO	0	OPENSTAX
a9f55eblinearmodels21	RESOLUBLE	CC-BY-4.0	NO	0	OPENSTAX
a9f55eblinearmodels3	RESOLUBLE	CC-BY-4.0	NO	0	OPENSTAX
a9f55eblinearmodels4	RESOLUBLE	CC-BY-4.0	NO	0	OPENSTAX
a9f55eblinearmodels5	RESOLUBLE	CC-BY-4.0	NO	0	OPENSTAX
a9f55eblinearmodels6	RESOLUBLE	CC-BY-4.0	NO	0	OPENSTAX
a9f55eblinearmodels7	RESOLUBLE	CC-BY-4.0	NO	0	OPENSTAX
a9f55eblinearmodels8	RESOLUBLE	CC-BY-4.0	NO	0	OPENSTAX
a9f55eblinearmodels9	RESOLUBLE	CC-BY-4.0	NO	0	OPENSTAX
a9f812aLinEqua29	RESOLUBLE	CC-BY-4.0	NO	0	OPENSTAX
a9f812aLinEqua30	RESOLUBLE	CC-BY-4.0	NO	0	OPENSTAX
a9f812aslope14	RESOLUBLE	CC-BY-4.0	NO	0	OPENSTAX
a9f812aslope15	RESOLUBLE	CC-BY-4.0	NO	0	OPENSTAX
a9f812aslope16	RESOLUBLE	CC-BY-4.0	NO	0	OPENSTAX
a9f812aslope17	RESOLUBLE	CC-BY-4.0	NO	0	OPENSTAX
a9f812aslope18	RESOLUBLE	CC-BY-4.0	NO	0	OPENSTAX
a9f812aslope19	RESOLUBLE	CC-BY-4.0	NO	0	OPENSTAX
a9f812aslope20	RESOLUBLE	CC-BY-4.0	NO	0	OPENSTAX
a9f812aslope21	RESOLUBLE	CC-BY-4.0	NO	0	OPENSTAX
a9f812aslope22	RESOLUBLE	CC-BY-4.0	NO	0	OPENSTAX
a9f9bc74.1baker1	RESOLUBLE	CC-BY-4.0	SI	1	OPENSTAX
a9f9bc74.1basketball1	RESOLUBLE	CC-BY-4.0	NO	0	OPENSTAX
a9f9bc74.1ellen1	RESOLUBLE	CC-BY-4.0	NO	0	OPENSTAX
a9f9bc74.1employer1	RESOLUBLE	CC-BY-4.0	SI	1	OPENSTAX
a9f9bc74.1javier1	RESOLUBLE	CC-BY-4.0	NO	0	OPENSTAX
a9f9bc74.1nancy1	RESOLUBLE	CC-BY-4.0	NO	0	OPENSTAX
a9f9bc74.1nancy3	RESOLUBLE	CC-BY-4.0	NO	0	OPENSTAX
a9fd720matrix1	RESOLUBLE	CC-BY-4.0	SI	1	OPENSTAX
a9fd720matrix11	RESOLUBLE	CC-BY-4.0	NO	0	OPENSTAX
a9fd720matrix12	RESOLUBLE	CC-BY-4.0	NO	0	OPENSTAX
a9fd720matrix13	RESOLUBLE	CC-BY-4.0	NO	0	OPENSTAX
a9fd720matrix14	RESOLUBLE	CC-BY-4.0	NO	0	OPENSTAX
a9fd720matrix15	RESOLUBLE	CC-BY-4.0	NO	0	OPENSTAX
a9fd720matrix17	RESOLUBLE	CC-BY-4.0	NO	0	OPENSTAX
a9fd720matrix18	RESOLUBLE	CC-BY-4.0	NO	0	OPENSTAX
a9fd720matrix19	RESOLUBLE	CC-BY-4.0	NO	0	OPENSTAX
a9fd720matrix2	RESOLUBLE	CC-BY-4.0	SI	1	OPENSTAX
a9fd720matrix20	RESOLUBLE	CC-BY-4.0	NO	0	OPENSTAX
a9fd720matrix21	RESOLUBLE	CC-BY-4.0	NO	0	OPENSTAX
a9fd720matrix22	RESOLUBLE	CC-BY-4.0	NO	0	OPENSTAX
a9fd720matrix23	RESOLUBLE	CC-BY-4.0	NO	0	OPENSTAX
a9fd720matrix24	RESOLUBLE	CC-BY-4.0	NO	0	OPENSTAX
a9fd720matrix25	RESOLUBLE	CC-BY-4.0	NO	0	OPENSTAX
a9fd720matrix26	RESOLUBLE	CC-BY-4.0	NO	0	OPENSTAX
a9fd720matrix27	RESOLUBLE	CC-BY-4.0	NO	0	OPENSTAX
a9fd720matrix3	RESOLUBLE	CC-BY-4.0	NO	0	OPENSTAX
a9fd720matrix4	RESOLUBLE	CC-BY-4.0	NO	0	OPENSTAX
a9fd720matrix5	RESOLUBLE	CC-BY-4.0	NO	0	OPENSTAX
a9fd720matrix6	RESOLUBLE	CC-BY-4.0	NO	0	OPENSTAX
a9fd720matrix8	RESOLUBLE	CC-BY-4.0	NO	0	OPENSTAX
a9ff35apoly1	RESOLUBLE	CC-BY-4.0	NO	0	OPENSTAX
a9ff35apoly10	RESOLUBLE	CC-BY-4.0	NO	0	OPENSTAX
a9ff35apoly11	RESOLUBLE	CC-BY-4.0	NO	0	OPENSTAX
a9ff35apoly12	RESOLUBLE	CC-BY-4.0	NO	0	OPENSTAX
a9ff35apoly13	RESOLUBLE	CC-BY-4.0	NO	0	OPENSTAX
a9ff35apoly14	RESOLUBLE	CC-BY-4.0	NO	0	OPENSTAX
a9ff35apoly15	RESOLUBLE	CC-BY-4.0	NO	0	OPENSTAX
a9ff35apoly2	RESOLUBLE	CC-BY-4.0	NO	0	OPENSTAX
a9ff35apoly3	RESOLUBLE	CC-BY-4.0	NO	0	OPENSTAX
a9ff35apoly4	RESOLUBLE	CC-BY-4.0	NO	0	OPENSTAX
a9ff35apoly5	RESOLUBLE	CC-BY-4.0	NO	0	OPENSTAX
a9ff35apoly6	RESOLUBLE	CC-BY-4.0	NO	0	OPENSTAX
a9ff35apoly7	RESOLUBLE	CC-BY-4.0	NO	0	OPENSTAX
a9ff35apoly8	RESOLUBLE	CC-BY-4.0	NO	0	OPENSTAX
a9ff35apoly9	RESOLUBLE	CC-BY-4.0	NO	0	OPENSTAX
aa008ddT1-diag-P01	VERSION-SIN-VARIANTE	CC4.0	SI	1	NO-OPENSTAX
aa008ddT1-diag-P02	VERSION-SIN-VARIANTE	CC4.0	SI	1	NO-OPENSTAX
aa008ddT1-diag-P03	VERSION-SIN-VARIANTE	CC4.0	SI	1	NO-OPENSTAX
aa008ddT1-diag-P04	VERSION-SIN-VARIANTE	CC4.0	SI	1	NO-OPENSTAX
aa008ddT1-diag-P06	VERSION-SIN-VARIANTE	CC4.0	SI	1	NO-OPENSTAX
aa008ddT1-diag-P07	VERSION-SIN-VARIANTE	CC4.0	SI	1	NO-OPENSTAX
aa008ddT1-diag-P08	VERSION-SIN-VARIANTE	CC4.0	SI	1	NO-OPENSTAX
aa008ddT1-diag-P09	VERSION-SIN-VARIANTE	CC4.0	NO	0	NO-OPENSTAX
aa008ddT1-diag-P10	VERSION-SIN-VARIANTE	CC4.0	NO	0	NO-OPENSTAX
aa167ebA241-logsofproducts-P01	VERSION-SIN-VARIANTE	CC4.0	NO	0	NO-OPENSTAX
aa167ebA241-logsofproducts-P02	VERSION-SIN-VARIANTE	CC4.0	NO	0	NO-OPENSTAX
aa167ebA241-logsofproducts-P03	VERSION-SIN-VARIANTE	CC4.0	NO	0	NO-OPENSTAX
aa167ebA241-logsofproducts-P04	VERSION-SIN-VARIANTE	CC4.0	NO	0	NO-OPENSTAX
aa167ebA241-logsofproducts-P05	VERSION-SIN-VARIANTE	CC4.0	NO	0	NO-OPENSTAX
aa167ebA241-logsofproducts-P06	VERSION-SIN-VARIANTE	CC4.0	NO	0	NO-OPENSTAX
aa167ebA241-logsofproducts-P07	VERSION-SIN-VARIANTE	CC4.0	NO	0	NO-OPENSTAX
aa167ebA241-logsofproducts-P08	VERSION-SIN-VARIANTE	CC4.0	NO	0	NO-OPENSTAX
aa167ebA241-logsofproducts-P09	VERSION-SIN-VARIANTE	CC4.0	NO	0	NO-OPENSTAX
aa167ebA241-logsofproducts-P10	VERSION-SIN-VARIANTE	CC4.0	NO	0	NO-OPENSTAX
aa167ebA241-logsofproducts-P11	VERSION-SIN-VARIANTE	CC4.0	NO	0	NO-OPENSTAX
aa1f4c6expprop1	RESOLUBLE	CC-BY-4.0	NO	0	OPENSTAX
aa1f4c6expprop10	RESOLUBLE	CC-BY-4.0	NO	0	OPENSTAX
aa1f4c6expprop11	RESOLUBLE	CC-BY-4.0	NO	0	OPENSTAX
aa1f4c6expprop12	RESOLUBLE	CC-BY-4.0	NO	0	OPENSTAX
aa1f4c6expprop13	RESOLUBLE	CC-BY-4.0	NO	0	OPENSTAX
aa1f4c6expprop14	RESOLUBLE	CC-BY-4.0	NO	0	OPENSTAX
aa1f4c6expprop15	RESOLUBLE	CC-BY-4.0	NO	0	OPENSTAX
aa1f4c6expprop16	RESOLUBLE	CC-BY-4.0	NO	0	OPENSTAX
aa1f4c6expprop17	RESOLUBLE	CC-BY-4.0	NO	0	OPENSTAX
aa1f4c6expprop18	RESOLUBLE	CC-BY-4.0	NO	0	OPENSTAX
aa1f4c6expprop19	RESOLUBLE	CC-BY-4.0	NO	0	OPENSTAX
aa1f4c6expprop2	RESOLUBLE	CC-BY-4.0	NO	0	OPENSTAX
aa1f4c6expprop20	RESOLUBLE	CC-BY-4.0	NO	0	OPENSTAX
aa1f4c6expprop21	RESOLUBLE	CC-BY-4.0	NO	0	OPENSTAX
aa1f4c6expprop22	RESOLUBLE	CC-BY-4.0	NO	0	OPENSTAX
aa1f4c6expprop23	RESOLUBLE	CC-BY-4.0	NO	0	OPENSTAX
aa1f4c6expprop24	RESOLUBLE	CC-BY-4.0	NO	0	OPENSTAX
aa1f4c6expprop25	RESOLUBLE	CC-BY-4.0	NO	0	OPENSTAX
aa1f4c6expprop26	RESOLUBLE	CC-BY-4.0	NO	0	OPENSTAX
aa1f4c6expprop27	RESOLUBLE	CC-BY-4.0	NO	0	OPENSTAX
aa1f4c6expprop28	RESOLUBLE	CC-BY-4.0	NO	0	OPENSTAX
aa1f4c6expprop29	RESOLUBLE	CC-BY-4.0	NO	0	OPENSTAX
aa1f4c6expprop3	RESOLUBLE	CC-BY-4.0	NO	0	OPENSTAX
aa1f4c6expprop30	RESOLUBLE	CC-BY-4.0	NO	0	OPENSTAX
aa1f4c6expprop4	RESOLUBLE	CC-BY-4.0	NO	0	OPENSTAX
aa1f4c6expprop5	RESOLUBLE	CC-BY-4.0	NO	0	OPENSTAX
aa1f4c6expprop6	RESOLUBLE	CC-BY-4.0	NO	0	OPENSTAX
aa1f4c6expprop7	RESOLUBLE	CC-BY-4.0	NO	0	OPENSTAX
aa1f4c6expprop8	RESOLUBLE	CC-BY-4.0	NO	0	OPENSTAX
aa1f4c6expprop9	RESOLUBLE	CC-BY-4.0	NO	0	OPENSTAX
aa27eearational1	RESOLUBLE	CC-BY-4.0	NO	0	OPENSTAX
aa27eearational10	RESOLUBLE	CC-BY-4.0	NO	0	OPENSTAX
aa27eearational11	RESOLUBLE	CC-BY-4.0	NO	0	OPENSTAX
aa27eearational12	RESOLUBLE	CC-BY-4.0	NO	0	OPENSTAX
aa27eearational13	RESOLUBLE	CC-BY-4.0	NO	0	OPENSTAX
aa27eearational14	RESOLUBLE	CC-BY-4.0	NO	0	OPENSTAX
aa27eearational15	RESOLUBLE	CC-BY-4.0	NO	0	OPENSTAX
aa27eearational2	RESOLUBLE	CC-BY-4.0	NO	0	OPENSTAX
aa27eearational3	RESOLUBLE	CC-BY-4.0	NO	0	OPENSTAX
aa27eearational4	RESOLUBLE	CC-BY-4.0	NO	0	OPENSTAX
aa27eearational5	RESOLUBLE	CC-BY-4.0	NO	0	OPENSTAX
aa27eearational6	RESOLUBLE	CC-BY-4.0	NO	0	OPENSTAX
aa27eearational7	RESOLUBLE	CC-BY-4.0	NO	0	OPENSTAX
aa27eearational8	RESOLUBLE	CC-BY-4.0	NO	0	OPENSTAX
aa27eearational9	RESOLUBLE	CC-BY-4.0	NO	0	OPENSTAX
aa30a09exponents1	RESOLUBLE	CC-BY-4.0	NO	0	OPENSTAX
aa30a09exponents10	RESOLUBLE	CC-BY-4.0	NO	0	OPENSTAX
aa30a09exponents11	RESOLUBLE	CC-BY-4.0	NO	0	OPENSTAX
aa30a09exponents12	RESOLUBLE	CC-BY-4.0	NO	0	OPENSTAX
aa30a09exponents13	RESOLUBLE	CC-BY-4.0	NO	0	OPENSTAX
aa30a09exponents14	RESOLUBLE	CC-BY-4.0	NO	0	OPENSTAX
aa30a09exponents15	RESOLUBLE	CC-BY-4.0	NO	0	OPENSTAX
aa30a09exponents16	RESOLUBLE	CC-BY-4.0	NO	0	OPENSTAX
aa30a09exponents17	RESOLUBLE	CC-BY-4.0	NO	0	OPENSTAX
aa30a09exponents18	RESOLUBLE	CC-BY-4.0	NO	0	OPENSTAX
aa30a09exponents19	RESOLUBLE	CC-BY-4.0	NO	0	OPENSTAX
aa30a09exponents2	RESOLUBLE	CC-BY-4.0	NO	0	OPENSTAX
aa30a09exponents20	RESOLUBLE	CC-BY-4.0	NO	0	OPENSTAX
aa30a09exponents21	RESOLUBLE	CC-BY-4.0	NO	0	OPENSTAX
aa30a09exponents22	RESOLUBLE	CC-BY-4.0	NO	0	OPENSTAX
aa30a09exponents23	RESOLUBLE	CC-BY-4.0	NO	0	OPENSTAX
aa30a09exponents24	RESOLUBLE	CC-BY-4.0	NO	0	OPENSTAX
aa30a09exponents25	RESOLUBLE	CC-BY-4.0	NO	0	OPENSTAX
aa30a09exponents26	RESOLUBLE	CC-BY-4.0	NO	0	OPENSTAX
aa30a09exponents27	RESOLUBLE	CC-BY-4.0	NO	0	OPENSTAX
aa30a09exponents28	RESOLUBLE	CC-BY-4.0	NO	0	OPENSTAX
aa30a09exponents29	RESOLUBLE	CC-BY-4.0	NO	0	OPENSTAX
aa30a09exponents3	RESOLUBLE	CC-BY-4.0	NO	0	OPENSTAX
aa30a09exponents30	RESOLUBLE	CC-BY-4.0	NO	0	OPENSTAX
aa30a09exponents4	RESOLUBLE	CC-BY-4.0	NO	0	OPENSTAX
aa30a09exponents5	RESOLUBLE	CC-BY-4.0	NO	0	OPENSTAX
aa30a09exponents6	RESOLUBLE	CC-BY-4.0	NO	0	OPENSTAX
aa30a09exponents7	RESOLUBLE	CC-BY-4.0	NO	0	OPENSTAX
aa30a09exponents8	RESOLUBLE	CC-BY-4.0	NO	0	OPENSTAX
aa30a09exponents9	RESOLUBLE	CC-BY-4.0	NO	0	OPENSTAX
aa47907quad19	RESOLUBLE	CC-BY-4.0	SI	1	OPENSTAX
aa47907quad21	RESOLUBLE	CC-BY-4.0	NO	0	OPENSTAX
aa47907trig23	AUSENTE	-	NO	0	OPENSTAX
aa47907trig24	AUSENTE	-	NO	0	OPENSTAX
aa47907trig25	AUSENTE	-	NO	0	OPENSTAX
aa47f81type1	RESOLUBLE	CC-BY-4.0	NO	0	OPENSTAX
aa47f81type10	RESOLUBLE	CC-BY-4.0	NO	0	OPENSTAX
aa47f81type11	RESOLUBLE	CC-BY-4.0	NO	0	OPENSTAX
aa47f81type12	RESOLUBLE	CC-BY-4.0	NO	0	OPENSTAX
aa47f81type13	RESOLUBLE	CC-BY-4.0	NO	0	OPENSTAX
aa47f81type14	RESOLUBLE	CC-BY-4.0	NO	0	OPENSTAX
aa47f81type15	RESOLUBLE	CC-BY-4.0	NO	0	OPENSTAX
aa47f81type2	AUSENTE	-	NO	0	OPENSTAX
aa47f81type3	RESOLUBLE	CC-BY-4.0	NO	0	OPENSTAX
aa47f81type4	RESOLUBLE	CC-BY-4.0	NO	0	OPENSTAX
aa47f81type5	RESOLUBLE	CC-BY-4.0	NO	0	OPENSTAX
aa47f81type6	RESOLUBLE	CC-BY-4.0	NO	0	OPENSTAX
aa47f81type7	RESOLUBLE	CC-BY-4.0	NO	0	OPENSTAX
aa47f81type8	RESOLUBLE	CC-BY-4.0	NO	0	OPENSTAX
aa47f81type9	RESOLUBLE	CC-BY-4.0	NO	0	OPENSTAX
aa4d8eereal1	RESOLUBLE	CC-BY-4.0	NO	0	OPENSTAX
aa4d8eereal10	RESOLUBLE	CC-BY-4.0	NO	0	OPENSTAX
aa4d8eereal11	RESOLUBLE	CC-BY-4.0	NO	0	OPENSTAX
aa4d8eereal12	RESOLUBLE	CC-BY-4.0	NO	0	OPENSTAX
aa4d8eereal13	RESOLUBLE	CC-BY-4.0	NO	0	OPENSTAX
aa4d8eereal14	RESOLUBLE	CC-BY-4.0	NO	0	OPENSTAX
aa4d8eereal15	RESOLUBLE	CC-BY-4.0	NO	0	OPENSTAX
aa4d8eereal16	RESOLUBLE	CC-BY-4.0	NO	0	OPENSTAX
aa4d8eereal17	RESOLUBLE	CC-BY-4.0	NO	0	OPENSTAX
aa4d8eereal18	RESOLUBLE	CC-BY-4.0	NO	0	OPENSTAX
aa4d8eereal19	RESOLUBLE	CC-BY-4.0	NO	0	OPENSTAX
aa4d8eereal2	RESOLUBLE	CC-BY-4.0	NO	0	OPENSTAX
aa4d8eereal20	RESOLUBLE	CC-BY-4.0	NO	0	OPENSTAX
aa4d8eereal21	RESOLUBLE	CC-BY-4.0	NO	0	OPENSTAX
aa4d8eereal22	RESOLUBLE	CC-BY-4.0	NO	0	OPENSTAX
aa4d8eereal23	RESOLUBLE	CC-BY-4.0	NO	0	OPENSTAX
aa4d8eereal24	RESOLUBLE	CC-BY-4.0	NO	0	OPENSTAX
aa4d8eereal25	RESOLUBLE	CC-BY-4.0	SI	1	OPENSTAX
aa4d8eereal26	RESOLUBLE	CC-BY-4.0	SI	1	OPENSTAX
aa4d8eereal27	RESOLUBLE	CC-BY-4.0	SI	1	OPENSTAX
aa4d8eereal28	RESOLUBLE	CC-BY-4.0	SI	1	OPENSTAX
aa4d8eereal29	RESOLUBLE	CC-BY-4.0	NO	0	OPENSTAX
aa4d8eereal3	RESOLUBLE	CC-BY-4.0	NO	0	OPENSTAX
aa4d8eereal30	RESOLUBLE	CC-BY-4.0	NO	0	OPENSTAX
aa4d8eereal4	RESOLUBLE	CC-BY-4.0	NO	0	OPENSTAX
aa4d8eereal5	RESOLUBLE	CC-BY-4.0	NO	0	OPENSTAX
aa4d8eereal6	RESOLUBLE	CC-BY-4.0	NO	0	OPENSTAX
aa4d8eereal7	RESOLUBLE	CC-BY-4.0	NO	0	OPENSTAX
aa4d8eereal8	RESOLUBLE	CC-BY-4.0	NO	0	OPENSTAX
aa4d8eereal9	RESOLUBLE	CC-BY-4.0	NO	0	OPENSTAX
aa58d65c1	AUSENTE	-	NO	0	OPENSTAX
aa58d65c10	AUSENTE	-	SI	1	OPENSTAX
aa58d65c2	AUSENTE	-	NO	0	OPENSTAX
aa58d65c3	AUSENTE	-	NO	0	OPENSTAX
aa58d65c4	AUSENTE	-	NO	0	OPENSTAX
aa58d65c5	AUSENTE	-	NO	0	OPENSTAX
aa58d65c6	AUSENTE	-	NO	0	OPENSTAX
aa58d65c7	AUSENTE	-	NO	0	OPENSTAX
aa58d65c8	AUSENTE	-	NO	0	OPENSTAX
aa58d65c9	AUSENTE	-	SI	1	OPENSTAX
aa5ef86inv1	RESOLUBLE	CC-BY-4.0	NO	0	OPENSTAX
aa5ef86inv10	RESOLUBLE	CC-BY-4.0	NO	0	OPENSTAX
aa5ef86inv11	RESOLUBLE	CC-BY-4.0	NO	0	OPENSTAX
aa5ef86inv12	RESOLUBLE	CC-BY-4.0	NO	0	OPENSTAX
aa5ef86inv13	RESOLUBLE	CC-BY-4.0	NO	0	OPENSTAX
aa5ef86inv14	RESOLUBLE	CC-BY-4.0	NO	0	OPENSTAX
aa5ef86inv15	RESOLUBLE	CC-BY-4.0	NO	0	OPENSTAX
aa5ef86inv16	RESOLUBLE	CC-BY-4.0	NO	0	OPENSTAX
aa5ef86inv17	RESOLUBLE	CC-BY-4.0	NO	0	OPENSTAX
aa5ef86inv18	RESOLUBLE	CC-BY-4.0	NO	0	OPENSTAX
aa5ef86inv19	RESOLUBLE	CC-BY-4.0	NO	0	OPENSTAX
aa5ef86inv2	RESOLUBLE	CC-BY-4.0	NO	0	OPENSTAX
aa5ef86inv20	RESOLUBLE	CC-BY-4.0	NO	0	OPENSTAX
aa5ef86inv21	RESOLUBLE	CC-BY-4.0	NO	0	OPENSTAX
aa5ef86inv22	RESOLUBLE	CC-BY-4.0	NO	0	OPENSTAX
aa5ef86inv23	RESOLUBLE	CC-BY-4.0	NO	0	OPENSTAX
aa5ef86inv24	RESOLUBLE	CC-BY-4.0	NO	0	OPENSTAX
aa5ef86inv3	RESOLUBLE	CC-BY-4.0	NO	0	OPENSTAX
aa5ef86inv4	RESOLUBLE	CC-BY-4.0	NO	0	OPENSTAX
aa5ef86inv5	RESOLUBLE	CC-BY-4.0	NO	0	OPENSTAX
aa5ef86inv6	RESOLUBLE	CC-BY-4.0	NO	0	OPENSTAX
aa5ef86inv7	RESOLUBLE	CC-BY-4.0	NO	0	OPENSTAX
aa5ef86inv8	RESOLUBLE	CC-BY-4.0	NO	0	OPENSTAX
aa5ef86inv9	RESOLUBLE	CC-BY-4.0	NO	0	OPENSTAX
aa60f04hist1	RESOLUBLE	CC-BY-4.0	NO	0	OPENSTAX
aa60f04hist2	RESOLUBLE	CC-BY-4.0	NO	0	OPENSTAX
aa60f04hist3	RESOLUBLE	CC-BY-4.0	NO	0	OPENSTAX
aa60f04hist4	RESOLUBLE	CC-BY-4.0	SI	1	OPENSTAX
aa60f04hist5	RESOLUBLE	CC-BY-4.0	NO	0	OPENSTAX
aa60f04hist6	RESOLUBLE	CC-BY-4.0	SI	2	OPENSTAX
aa60f04hist7	RESOLUBLE	CC-BY-4.0	SI	2	OPENSTAX
aa60f04hist8	RESOLUBLE	CC-BY-4.0	SI	1	OPENSTAX
aa60f04hist9	RESOLUBLE	CC-BY-4.0	SI	1	OPENSTAX
aa74655Polynomial1	RESOLUBLE	CC-BY-4.0	NO	0	OPENSTAX
aa74655Polynomial2	RESOLUBLE	CC-BY-4.0	NO	0	OPENSTAX
aa74655add1	RESOLUBLE	CC-BY-4.0	NO	0	OPENSTAX
aa74655add2	RESOLUBLE	CC-BY-4.0	NO	0	OPENSTAX
aa74655add3	RESOLUBLE	CC-BY-4.0	NO	0	OPENSTAX
aa74655add4	RESOLUBLE	CC-BY-4.0	NO	0	OPENSTAX
aa74655add5	RESOLUBLE	CC-BY-4.0	NO	0	OPENSTAX
aa74655add6	RESOLUBLE	CC-BY-4.0	NO	0	OPENSTAX
aa74655add7	RESOLUBLE	CC-BY-4.0	NO	0	OPENSTAX
aa74655power1	RESOLUBLE	CC-BY-4.0	NO	0	OPENSTAX
aa74655power10	RESOLUBLE	CC-BY-4.0	NO	0	OPENSTAX
aa74655power11	RESOLUBLE	CC-BY-4.0	NO	0	OPENSTAX
aa74655power12	RESOLUBLE	CC-BY-4.0	NO	0	OPENSTAX
aa74655power13	RESOLUBLE	CC-BY-4.0	NO	0	OPENSTAX
aa74655power14	RESOLUBLE	CC-BY-4.0	NO	0	OPENSTAX
aa74655power15	RESOLUBLE	CC-BY-4.0	NO	0	OPENSTAX
aa74655power16	RESOLUBLE	CC-BY-4.0	NO	0	OPENSTAX
aa74655power17	RESOLUBLE	CC-BY-4.0	NO	0	OPENSTAX
aa74655power18	RESOLUBLE	CC-BY-4.0	NO	0	OPENSTAX
aa74655power19	RESOLUBLE	CC-BY-4.0	NO	0	OPENSTAX
aa74655power2	RESOLUBLE	CC-BY-4.0	NO	0	OPENSTAX
aa74655power20	RESOLUBLE	CC-BY-4.0	NO	0	OPENSTAX
aa74655power21	RESOLUBLE	CC-BY-4.0	NO	0	OPENSTAX
aa74655power3	RESOLUBLE	CC-BY-4.0	NO	0	OPENSTAX
aa74655power4	RESOLUBLE	CC-BY-4.0	NO	0	OPENSTAX
aa74655power5	RESOLUBLE	CC-BY-4.0	NO	0	OPENSTAX
aa74655power6	RESOLUBLE	CC-BY-4.0	NO	0	OPENSTAX
aa74655power7	RESOLUBLE	CC-BY-4.0	NO	0	OPENSTAX
aa74655power8	RESOLUBLE	CC-BY-4.0	NO	0	OPENSTAX
aa74655power9	RESOLUBLE	CC-BY-4.0	NO	0	OPENSTAX
aa7aa5dsampling1	RESOLUBLE	CC-BY-4.0	NO	0	OPENSTAX
aa7aa5dsampling10	RESOLUBLE	CC-BY-4.0	NO	0	OPENSTAX
aa7aa5dsampling11	RESOLUBLE	CC-BY-4.0	NO	0	OPENSTAX
aa7aa5dsampling12	RESOLUBLE	CC-BY-4.0	NO	0	OPENSTAX
aa7aa5dsampling13	RESOLUBLE	CC-BY-4.0	NO	0	OPENSTAX
aa7aa5dsampling2	RESOLUBLE	CC-BY-4.0	NO	0	OPENSTAX
aa7aa5dsampling3	RESOLUBLE	CC-BY-4.0	NO	0	OPENSTAX
aa7aa5dsampling4	RESOLUBLE	CC-BY-4.0	NO	0	OPENSTAX
aa7aa5dsampling5	RESOLUBLE	CC-BY-4.0	NO	0	OPENSTAX
aa7aa5dsampling6	RESOLUBLE	CC-BY-4.0	NO	0	OPENSTAX
aa7aa5dsampling7	RESOLUBLE	CC-BY-4.0	NO	0	OPENSTAX
aa7aa5dsampling8	RESOLUBLE	CC-BY-4.0	NO	0	OPENSTAX
aa7aa5dsampling9	RESOLUBLE	CC-BY-4.0	NO	0	OPENSTAX
aa822f8UniMotion1	RESOLUBLE	CC-BY-4.0	NO	0	OPENSTAX
aa822f8UniMotion10	RESOLUBLE	CC-BY-4.0	NO	0	OPENSTAX
aa822f8UniMotion11	RESOLUBLE	CC-BY-4.0	NO	0	OPENSTAX
aa822f8UniMotion12	RESOLUBLE	CC-BY-4.0	NO	0	OPENSTAX
aa822f8UniMotion13	RESOLUBLE	CC-BY-4.0	NO	0	OPENSTAX
aa822f8UniMotion14	RESOLUBLE	CC-BY-4.0	NO	0	OPENSTAX
aa822f8UniMotion15	RESOLUBLE	CC-BY-4.0	NO	0	OPENSTAX
aa822f8UniMotion16	RESOLUBLE	CC-BY-4.0	NO	0	OPENSTAX
aa822f8UniMotion17	RESOLUBLE	CC-BY-4.0	NO	0	OPENSTAX
aa822f8UniMotion18	RESOLUBLE	CC-BY-4.0	NO	0	OPENSTAX
aa822f8UniMotion19	RESOLUBLE	CC-BY-4.0	NO	0	OPENSTAX
aa822f8UniMotion2	RESOLUBLE	CC-BY-4.0	NO	0	OPENSTAX
aa822f8UniMotion20	RESOLUBLE	CC-BY-4.0	NO	0	OPENSTAX
aa822f8UniMotion21	RESOLUBLE	CC-BY-4.0	NO	0	OPENSTAX
aa822f8UniMotion22	RESOLUBLE	CC-BY-4.0	NO	0	OPENSTAX
aa822f8UniMotion23	RESOLUBLE	CC-BY-4.0	NO	0	OPENSTAX
aa822f8UniMotion24	RESOLUBLE	CC-BY-4.0	NO	0	OPENSTAX
aa822f8UniMotion25	RESOLUBLE	CC-BY-4.0	NO	0	OPENSTAX
aa822f8UniMotion26	RESOLUBLE	CC-BY-4.0	NO	0	OPENSTAX
aa822f8UniMotion27	RESOLUBLE	CC-BY-4.0	NO	0	OPENSTAX
aa822f8UniMotion28	RESOLUBLE	CC-BY-4.0	NO	0	OPENSTAX
aa822f8UniMotion29	RESOLUBLE	CC-BY-4.0	NO	0	OPENSTAX
aa822f8UniMotion3	RESOLUBLE	CC-BY-4.0	NO	0	OPENSTAX
aa822f8UniMotion30	RESOLUBLE	CC-BY-4.0	NO	0	OPENSTAX
aa822f8UniMotion31	RESOLUBLE	CC-BY-4.0	NO	0	OPENSTAX
aa822f8UniMotion32	RESOLUBLE	CC-BY-4.0	NO	0	OPENSTAX
aa822f8UniMotion33	RESOLUBLE	CC-BY-4.0	NO	0	OPENSTAX
aa822f8UniMotion34	RESOLUBLE	CC-BY-4.0	NO	0	OPENSTAX
aa822f8UniMotion35	RESOLUBLE	CC-BY-4.0	NO	0	OPENSTAX
aa822f8UniMotion36	RESOLUBLE	CC-BY-4.0	NO	0	OPENSTAX
aa822f8UniMotion4	RESOLUBLE	CC-BY-4.0	NO	0	OPENSTAX
aa822f8UniMotion5	RESOLUBLE	CC-BY-4.0	NO	0	OPENSTAX
aa822f8UniMotion6	RESOLUBLE	CC-BY-4.0	NO	0	OPENSTAX
aa822f8UniMotion7	RESOLUBLE	CC-BY-4.0	NO	0	OPENSTAX
aa822f8UniMotion8	RESOLUBLE	CC-BY-4.0	NO	0	OPENSTAX
aa822f8UniMotion9	RESOLUBLE	CC-BY-4.0	NO	0	OPENSTAX
aa82aec5.4q1	RESOLUBLE	CC-BY-4.0	NO	0	OPENSTAX
aa82aec5.4q10	RESOLUBLE	CC-BY-4.0	NO	0	OPENSTAX
aa82aec5.4q11	RESOLUBLE	CC-BY-4.0	NO	0	OPENSTAX
aa82aec5.4q12	RESOLUBLE	CC-BY-4.0	NO	0	OPENSTAX
aa82aec5.4q13	RESOLUBLE	CC-BY-4.0	NO	0	OPENSTAX
aa82aec5.4q14	RESOLUBLE	CC-BY-4.0	NO	0	OPENSTAX
aa82aec5.4q15	RESOLUBLE	CC-BY-4.0	NO	0	OPENSTAX
aa82aec5.4q2	RESOLUBLE	CC-BY-4.0	NO	0	OPENSTAX
aa82aec5.4q3	RESOLUBLE	CC-BY-4.0	NO	0	OPENSTAX
aa82aec5.4q4	RESOLUBLE	CC-BY-4.0	NO	0	OPENSTAX
aa82aec5.4q5	RESOLUBLE	CC-BY-4.0	NO	0	OPENSTAX
aa82aec5.4q6	RESOLUBLE	CC-BY-4.0	NO	0	OPENSTAX
aa82aec5.4q7	RESOLUBLE	CC-BY-4.0	NO	0	OPENSTAX
aa82aec5.4q8	RESOLUBLE	CC-BY-4.0	NO	0	OPENSTAX
aa82aec5.4q9	RESOLUBLE	CC-BY-4.0	NO	0	OPENSTAX
aa97d5brate1	RESOLUBLE	CC-BY-4.0	NO	0	OPENSTAX
aa97d5brate10	RESOLUBLE	CC-BY-4.0	NO	0	OPENSTAX
aa97d5brate11	RESOLUBLE	CC-BY-4.0	NO	0	OPENSTAX
aa97d5brate12	RESOLUBLE	CC-BY-4.0	NO	0	OPENSTAX
aa97d5brate13	RESOLUBLE	CC-BY-4.0	NO	0	OPENSTAX
aa97d5brate14	RESOLUBLE	CC-BY-4.0	NO	0	OPENSTAX
aa97d5brate15	RESOLUBLE	CC-BY-4.0	NO	0	OPENSTAX
aa97d5brate16	RESOLUBLE	CC-BY-4.0	NO	0	OPENSTAX
aa97d5brate17	RESOLUBLE	CC-BY-4.0	NO	0	OPENSTAX
aa97d5brate18	RESOLUBLE	CC-BY-4.0	NO	0	OPENSTAX
aa97d5brate19	RESOLUBLE	CC-BY-4.0	NO	0	OPENSTAX
aa97d5brate2	RESOLUBLE	CC-BY-4.0	NO	0	OPENSTAX
aa97d5brate20	RESOLUBLE	CC-BY-4.0	NO	0	OPENSTAX
aa97d5brate3	RESOLUBLE	CC-BY-4.0	NO	0	OPENSTAX
aa97d5brate4	RESOLUBLE	CC-BY-4.0	NO	0	OPENSTAX
aa97d5brate5	RESOLUBLE	CC-BY-4.0	NO	0	OPENSTAX
aa97d5brate6	RESOLUBLE	CC-BY-4.0	NO	0	OPENSTAX
aa97d5brate7	RESOLUBLE	CC-BY-4.0	NO	0	OPENSTAX
aa97d5brate8	RESOLUBLE	CC-BY-4.0	NO	0	OPENSTAX
aa97d5brate9	RESOLUBLE	CC-BY-4.0	NO	0	OPENSTAX
aa97d5brates1	RESOLUBLE	CC-BY-4.0	SI	1	OPENSTAX
aa97d5brates2	RESOLUBLE	CC-BY-4.0	NO	0	OPENSTAX
aa97d5brates3	RESOLUBLE	CC-BY-4.0	NO	0	OPENSTAX
aa97d5brates4	RESOLUBLE	CC-BY-4.0	NO	0	OPENSTAX
aa97d5brates5	RESOLUBLE	CC-BY-4.0	SI	1	OPENSTAX
aa97d5brates6	RESOLUBLE	CC-BY-4.0	SI	1	OPENSTAX
aa97d5brates7	RESOLUBLE	CC-BY-4.0	SI	1	OPENSTAX
aa9eca4stat1	RESOLUBLE	CC-BY-4.0	NO	0	OPENSTAX
aa9eca4stat2	RESOLUBLE	CC-BY-4.0	NO	0	OPENSTAX
aa9eca4stat3	RESOLUBLE	CC-BY-4.0	NO	0	OPENSTAX
aa9eca4stat4	RESOLUBLE	CC-BY-4.0	NO	0	OPENSTAX
aa9eca4stat5	RESOLUBLE	CC-BY-4.0	NO	0	OPENSTAX
aa9eca4stat6	RESOLUBLE	CC-BY-4.0	NO	0	OPENSTAX
aa9eca4stat7	RESOLUBLE	CC-BY-4.0	NO	0	OPENSTAX
aa9eca4stat8	RESOLUBLE	CC-BY-4.0	NO	0	OPENSTAX
aa9eca4stat9	RESOLUBLE	CC-BY-4.0	NO	0	OPENSTAX
aaa317eLinIneq1	RESOLUBLE	CC-BY-4.0	NO	0	OPENSTAX
aaa317eLinIneq10	RESOLUBLE	CC-BY-4.0	NO	0	OPENSTAX
aaa317eLinIneq11	RESOLUBLE	CC-BY-4.0	SI	1	OPENSTAX
aaa317eLinIneq12	RESOLUBLE	CC-BY-4.0	NO	0	OPENSTAX
aaa317eLinIneq13	RESOLUBLE	CC-BY-4.0	NO	0	OPENSTAX
aaa317eLinIneq14	RESOLUBLE	CC-BY-4.0	NO	0	OPENSTAX
aaa317eLinIneq15	RESOLUBLE	CC-BY-4.0	NO	0	OPENSTAX
aaa317eLinIneq16	RESOLUBLE	CC-BY-4.0	NO	0	OPENSTAX
aaa317eLinIneq17	RESOLUBLE	CC-BY-4.0	NO	0	OPENSTAX
aaa317eLinIneq18	RESOLUBLE	CC-BY-4.0	NO	0	OPENSTAX
aaa317eLinIneq19	RESOLUBLE	CC-BY-4.0	NO	0	OPENSTAX
aaa317eLinIneq2	RESOLUBLE	CC-BY-4.0	NO	0	OPENSTAX
aaa317eLinIneq20	RESOLUBLE	CC-BY-4.0	NO	0	OPENSTAX
aaa317eLinIneq21	RESOLUBLE	CC-BY-4.0	NO	0	OPENSTAX
aaa317eLinIneq22	RESOLUBLE	CC-BY-4.0	NO	0	OPENSTAX
aaa317eLinIneq23	RESOLUBLE	CC-BY-4.0	NO	0	OPENSTAX
aaa317eLinIneq24	RESOLUBLE	CC-BY-4.0	NO	0	OPENSTAX
aaa317eLinIneq25	RESOLUBLE	CC-BY-4.0	NO	0	OPENSTAX
aaa317eLinIneq26	RESOLUBLE	CC-BY-4.0	NO	0	OPENSTAX
aaa317eLinIneq27	RESOLUBLE	CC-BY-4.0	NO	0	OPENSTAX
aaa317eLinIneq28	RESOLUBLE	CC-BY-4.0	NO	0	OPENSTAX
aaa317eLinIneq29	RESOLUBLE	CC-BY-4.0	NO	0	OPENSTAX
aaa317eLinIneq3	RESOLUBLE	CC-BY-4.0	NO	0	OPENSTAX
aaa317eLinIneq30	RESOLUBLE	CC-BY-4.0	NO	0	OPENSTAX
aaa317eLinIneq4	RESOLUBLE	CC-BY-4.0	NO	0	OPENSTAX
aaa317eLinIneq5	RESOLUBLE	CC-BY-4.0	NO	0	OPENSTAX
aaa317eLinIneq6	RESOLUBLE	CC-BY-4.0	NO	0	OPENSTAX
aaa317eLinIneq7	RESOLUBLE	CC-BY-4.0	NO	0	OPENSTAX
aaa317eLinIneq8	RESOLUBLE	CC-BY-4.0	NO	0	OPENSTAX
aaa317eLinIneq9	RESOLUBLE	CC-BY-4.0	NO	0	OPENSTAX
aaa465eanov1	RESOLUBLE	CC-BY-4.0	SI	1	OPENSTAX
aaa465eanov2	RESOLUBLE	CC-BY-4.0	SI	1	OPENSTAX
aaa465eanov3	RESOLUBLE	CC-BY-4.0	SI	1	OPENSTAX
aaa465eanov4	RESOLUBLE	CC-BY-4.0	SI	1	OPENSTAX
aaa465eanov5	RESOLUBLE	CC-BY-4.0	SI	1	OPENSTAX
aaa465efdist1	RESOLUBLE	CC-BY-4.0	SI	3	OPENSTAX
aaa465efdist2	RESOLUBLE	CC-BY-4.0	SI	3	OPENSTAX
aaa465efdist3	RESOLUBLE	CC-BY-4.0	SI	4	OPENSTAX
aaac80bvis1	RESOLUBLE	CC-BY-4.0	SI	1	NO-OPENSTAX
aaac80bvis10	AUSENTE	-	SI	2	NO-OPENSTAX
aaac80bvis11	AUSENTE	-	SI	2	NO-OPENSTAX
aaac80bvis3	AUSENTE	-	SI	1	NO-OPENSTAX
aaac80bvis4	AUSENTE	-	SI	1	NO-OPENSTAX
aaac80bvis5	AUSENTE	-	SI	1	NO-OPENSTAX
aaac80bvis6	AUSENTE	-	SI	2	NO-OPENSTAX
aaac80bvis7	AUSENTE	-	SI	2	NO-OPENSTAX
aaac80bvis8	AUSENTE	-	SI	2	NO-OPENSTAX
aaac80bvis9	AUSENTE	-	SI	2	NO-OPENSTAX
aaaec44conf1	RESOLUBLE	CC-BY-4.0	NO	0	OPENSTAX
aaaec44conf2	RESOLUBLE	CC-BY-4.0	NO	0	OPENSTAX
aaaec44conf3	RESOLUBLE	CC-BY-4.0	NO	0	OPENSTAX
aaaec44conf4	RESOLUBLE	CC-BY-4.0	NO	0	OPENSTAX
aaaec44conf5	RESOLUBLE	CC-BY-4.0	NO	0	OPENSTAX
aaaec44conf6	RESOLUBLE	CC-BY-4.0	NO	0	OPENSTAX
aaaec44conf7	RESOLUBLE	CC-BY-4.0	NO	0	OPENSTAX
aaaec44conf8	RESOLUBLE	CC-BY-4.0	NO	0	OPENSTAX
aaaec44conf9	RESOLUBLE	CC-BY-4.0	NO	0	OPENSTAX
aab36429.3baker1	RESOLUBLE	CC-BY-4.0	SI	1	OPENSTAX
aab36429.3decisionmaking1	RESOLUBLE	CC-BY-4.0	NO	0	OPENSTAX
aab36429.3distributionchoice	RESOLUBLE	CC-BY-4.0	NO	0	OPENSTAX
aab36429.3distributionchoice2	RESOLUBLE	CC-BY-4.0	NO	0	OPENSTAX
aab36429.3distributionreview	RESOLUBLE	CC-BY-4.0	NO	0	OPENSTAX
aab36429.3distributionreview2	RESOLUBLE	CC-BY-4.0	NO	0	OPENSTAX
aab36429.3laketahoe	RESOLUBLE	CC-BY-4.0	NO	0	OPENSTAX
aab36429.3studenthours	RESOLUBLE	CC-BY-4.0	NO	0	OPENSTAX
aabf119factor1	RESOLUBLE	CC-BY-4.0	NO	0	OPENSTAX
aabf119factor10	RESOLUBLE	CC-BY-4.0	NO	0	OPENSTAX
aabf119factor11	RESOLUBLE	CC-BY-4.0	NO	0	OPENSTAX
aabf119factor12	RESOLUBLE	CC-BY-4.0	NO	0	OPENSTAX
aabf119factor13	RESOLUBLE	CC-BY-4.0	NO	0	OPENSTAX
aabf119factor14	AUSENTE	-	NO	0	OPENSTAX
aabf119factor15	AUSENTE	-	NO	0	OPENSTAX
aabf119factor16	AUSENTE	-	NO	0	OPENSTAX
aabf119factor17	AUSENTE	-	NO	0	OPENSTAX
aabf119factor18	AUSENTE	-	NO	0	OPENSTAX
aabf119factor19	AUSENTE	-	NO	0	OPENSTAX
aabf119factor2	RESOLUBLE	CC-BY-4.0	NO	0	OPENSTAX
aabf119factor20	AUSENTE	-	NO	0	OPENSTAX
aabf119factor21	RESOLUBLE	CC-BY-4.0	NO	0	OPENSTAX
aabf119factor22	RESOLUBLE	CC-BY-4.0	NO	0	OPENSTAX
aabf119factor23	RESOLUBLE	CC-BY-4.0	NO	0	OPENSTAX
aabf119factor24	RESOLUBLE	CC-BY-4.0	NO	0	OPENSTAX
aabf119factor25	RESOLUBLE	CC-BY-4.0	NO	0	OPENSTAX
aabf119factor26	RESOLUBLE	CC-BY-4.0	NO	0	OPENSTAX
aabf119factor27	RESOLUBLE	CC-BY-4.0	NO	0	OPENSTAX
aabf119factor28	RESOLUBLE	CC-BY-4.0	NO	0	OPENSTAX
aabf119factor3	RESOLUBLE	CC-BY-4.0	NO	0	OPENSTAX
aabf119factor4	RESOLUBLE	CC-BY-4.0	NO	0	OPENSTAX
aabf119factor5	RESOLUBLE	CC-BY-4.0	NO	0	OPENSTAX
aabf119factor6	RESOLUBLE	CC-BY-4.0	NO	0	OPENSTAX
aabf119factor7	RESOLUBLE	CC-BY-4.0	NO	0	OPENSTAX
aabf119factor8	RESOLUBLE	CC-BY-4.0	NO	0	OPENSTAX
aabf119factor9	RESOLUBLE	CC-BY-4.0	NO	0	OPENSTAX
aac2a9fantiderivative1	AUSENTE	-	NO	0	OPENSTAX
aac2a9fantiderivative10	AUSENTE	-	NO	0	OPENSTAX
aac2a9fantiderivative11	AUSENTE	-	NO	0	OPENSTAX
aac2a9fantiderivative12	AUSENTE	-	NO	0	OPENSTAX
aac2a9fantiderivative13	AUSENTE	-	NO	0	OPENSTAX
aac2a9fantiderivative14	AUSENTE	-	NO	0	OPENSTAX
aac2a9fantiderivative2	AUSENTE	-	NO	0	OPENSTAX
aac2a9fantiderivative3	AUSENTE	-	NO	0	OPENSTAX
aac2a9fantiderivative4	AUSENTE	-	NO	0	OPENSTAX
aac2a9fantiderivative6	AUSENTE	-	NO	0	OPENSTAX
aac2a9fantiderivative7	AUSENTE	-	NO	0	OPENSTAX
aac2a9fantiderivative8	AUSENTE	-	NO	0	OPENSTAX
aac2a9fantiderivative9	AUSENTE	-	NO	0	OPENSTAX
aac5661polarcoords1	RESOLUBLE	CC-BY-4.0	NO	0	OPENSTAX
aac5661polarcoords10	RESOLUBLE	CC-BY-4.0	NO	0	OPENSTAX
aac5661polarcoords11	RESOLUBLE	CC-BY-4.0	NO	0	OPENSTAX
aac5661polarcoords12	RESOLUBLE	CC-BY-4.0	NO	0	OPENSTAX
aac5661polarcoords13	RESOLUBLE	CC-BY-4.0	NO	0	OPENSTAX
aac5661polarcoords14	RESOLUBLE	CC-BY-4.0	NO	0	OPENSTAX
aac5661polarcoords15	RESOLUBLE	CC-BY-4.0	NO	0	OPENSTAX
aac5661polarcoords16	RESOLUBLE	CC-BY-4.0	NO	0	OPENSTAX
aac5661polarcoords17	RESOLUBLE	CC-BY-4.0	NO	0	OPENSTAX
aac5661polarcoords18	RESOLUBLE	CC-BY-4.0	NO	0	OPENSTAX
aac5661polarcoords19	RESOLUBLE	CC-BY-4.0	NO	0	OPENSTAX
aac5661polarcoords2	RESOLUBLE	CC-BY-4.0	NO	0	OPENSTAX
aac5661polarcoords20	RESOLUBLE	CC-BY-4.0	NO	0	OPENSTAX
aac5661polarcoords21	RESOLUBLE	CC-BY-4.0	NO	0	OPENSTAX
aac5661polarcoords22	RESOLUBLE	CC-BY-4.0	NO	0	OPENSTAX
aac5661polarcoords23	RESOLUBLE	CC-BY-4.0	NO	0	OPENSTAX
aac5661polarcoords24	RESOLUBLE	CC-BY-4.0	NO	0	OPENSTAX
aac5661polarcoords25	RESOLUBLE	CC-BY-4.0	NO	0	OPENSTAX
aac5661polarcoords26	RESOLUBLE	CC-BY-4.0	NO	0	OPENSTAX
aac5661polarcoords27	RESOLUBLE	CC-BY-4.0	NO	0	OPENSTAX
aac5661polarcoords28	RESOLUBLE	CC-BY-4.0	NO	0	OPENSTAX
aac5661polarcoords29	RESOLUBLE	CC-BY-4.0	NO	0	OPENSTAX
aac5661polarcoords3	RESOLUBLE	CC-BY-4.0	NO	0	OPENSTAX
aac5661polarcoords30	RESOLUBLE	CC-BY-4.0	NO	0	OPENSTAX
aac5661polarcoords4	RESOLUBLE	CC-BY-4.0	NO	0	OPENSTAX
aac5661polarcoords5	RESOLUBLE	CC-BY-4.0	NO	0	OPENSTAX
aac5661polarcoords6	RESOLUBLE	CC-BY-4.0	NO	0	OPENSTAX
aac5661polarcoords7	RESOLUBLE	CC-BY-4.0	NO	0	OPENSTAX
aac5661polarcoords8	RESOLUBLE	CC-BY-4.0	NO	0	OPENSTAX
aac5661polarcoords9	RESOLUBLE	CC-BY-4.0	NO	0	OPENSTAX
aac97ednormal1	RESOLUBLE	CC-BY-4.0	SI	1	OPENSTAX
aac97ednormal10	RESOLUBLE	CC-BY-4.0	NO	0	OPENSTAX
aac97ednormal11	RESOLUBLE	CC-BY-4.0	NO	0	OPENSTAX
aac97ednormal12	RESOLUBLE	CC-BY-4.0	NO	0	OPENSTAX
aac97ednormal13	RESOLUBLE	CC-BY-4.0	SI	1	OPENSTAX
aac97ednormal14	RESOLUBLE	CC-BY-4.0	NO	0	OPENSTAX
aac97ednormal15	RESOLUBLE	CC-BY-4.0	NO	0	OPENSTAX
aac97ednormal2	AUSENTE	-	NO	0	OPENSTAX
aac97ednormal3	AUSENTE	-	NO	0	OPENSTAX
aac97ednormal4	RESOLUBLE	CC-BY-4.0	SI	1	OPENSTAX
aac97ednormal5	RESOLUBLE	CC-BY-4.0	NO	0	OPENSTAX
aac97ednormal6	RESOLUBLE	CC-BY-4.0	SI	1	OPENSTAX
aac97ednormal7	RESOLUBLE	CC-BY-4.0	SI	1	OPENSTAX
aac97ednormal8	RESOLUBLE	CC-BY-4.0	NO	0	OPENSTAX
aac97ednormal9	RESOLUBLE	CC-BY-4.0	NO	0	OPENSTAX
aade29bmod1	RESOLUBLE	CC-BY-4.0	NO	0	NO-OPENSTAX
aade29bmod2	RESOLUBLE	CC-BY-4.0	SI	11	NO-OPENSTAX
aade29bmod3	RESOLUBLE	CC-BY-4.0	SI	1	NO-OPENSTAX
aadff92AppQuad1	RESOLUBLE	CC-BY-4.0	NO	0	OPENSTAX
aadff92AppQuad10	RESOLUBLE	CC-BY-4.0	NO	0	OPENSTAX
aadff92AppQuad11	RESOLUBLE	CC-BY-4.0	NO	0	OPENSTAX
aadff92AppQuad12	RESOLUBLE	CC-BY-4.0	NO	0	OPENSTAX
aadff92AppQuad13	RESOLUBLE	CC-BY-4.0	NO	0	OPENSTAX
aadff92AppQuad14	RESOLUBLE	CC-BY-4.0	NO	0	OPENSTAX
aadff92AppQuad15	RESOLUBLE	CC-BY-4.0	NO	0	OPENSTAX
aadff92AppQuad16	RESOLUBLE	CC-BY-4.0	NO	0	OPENSTAX
aadff92AppQuad17	RESOLUBLE	CC-BY-4.0	SI	1	OPENSTAX
aadff92AppQuad18	RESOLUBLE	CC-BY-4.0	SI	1	OPENSTAX
aadff92AppQuad19	RESOLUBLE	CC-BY-4.0	NO	0	OPENSTAX
aadff92AppQuad2	RESOLUBLE	CC-BY-4.0	NO	0	OPENSTAX
aadff92AppQuad20	RESOLUBLE	CC-BY-4.0	NO	0	OPENSTAX
aadff92AppQuad21	RESOLUBLE	CC-BY-4.0	NO	0	OPENSTAX
aadff92AppQuad22	RESOLUBLE	CC-BY-4.0	NO	0	OPENSTAX
aadff92AppQuad23	RESOLUBLE	CC-BY-4.0	NO	0	OPENSTAX
aadff92AppQuad24	RESOLUBLE	CC-BY-4.0	NO	0	OPENSTAX
aadff92AppQuad25	RESOLUBLE	CC-BY-4.0	NO	0	OPENSTAX
aadff92AppQuad26	RESOLUBLE	CC-BY-4.0	NO	0	OPENSTAX
aadff92AppQuad27	RESOLUBLE	CC-BY-4.0	NO	0	OPENSTAX
aadff92AppQuad28	RESOLUBLE	CC-BY-4.0	NO	0	OPENSTAX
aadff92AppQuad29	RESOLUBLE	CC-BY-4.0	NO	0	OPENSTAX
aadff92AppQuad3	RESOLUBLE	CC-BY-4.0	NO	0	OPENSTAX
aadff92AppQuad30	RESOLUBLE	CC-BY-4.0	NO	0	OPENSTAX
aadff92AppQuad4	RESOLUBLE	CC-BY-4.0	NO	0	OPENSTAX
aadff92AppQuad5	RESOLUBLE	CC-BY-4.0	NO	0	OPENSTAX
aadff92AppQuad6	RESOLUBLE	CC-BY-4.0	NO	0	OPENSTAX
aadff92AppQuad7	RESOLUBLE	CC-BY-4.0	NO	0	OPENSTAX
aadff92AppQuad8	RESOLUBLE	CC-BY-4.0	NO	0	OPENSTAX
aadff92AppQuad9	RESOLUBLE	CC-BY-4.0	NO	0	OPENSTAX
aae56detrig1	AUSENTE	-	NO	0	OPENSTAX
aae56detrig10	AUSENTE	-	NO	0	OPENSTAX
aae56detrig11	AUSENTE	-	NO	0	OPENSTAX
aae56detrig12	AUSENTE	-	NO	0	OPENSTAX
aae56detrig13	AUSENTE	-	NO	0	OPENSTAX
aae56detrig15	AUSENTE	-	NO	0	OPENSTAX
aae56detrig16	AUSENTE	-	NO	0	OPENSTAX
aae56detrig17	AUSENTE	-	NO	0	OPENSTAX
aae56detrig18	AUSENTE	-	NO	0	OPENSTAX
aae56detrig19	AUSENTE	-	NO	0	OPENSTAX
aae56detrig2	AUSENTE	-	NO	0	OPENSTAX
aae56detrig20	AUSENTE	-	NO	0	OPENSTAX
aae56detrig21	AUSENTE	-	NO	0	OPENSTAX
aae56detrig22	AUSENTE	-	NO	0	OPENSTAX
aae56detrig23	AUSENTE	-	NO	0	OPENSTAX
aae56detrig24	AUSENTE	-	NO	0	OPENSTAX
aae56detrig25	AUSENTE	-	NO	0	OPENSTAX
aae56detrig26	AUSENTE	-	NO	0	OPENSTAX
aae56detrig27	AUSENTE	-	NO	0	OPENSTAX
aae56detrig28	AUSENTE	-	NO	0	OPENSTAX
aae56detrig29	AUSENTE	-	NO	0	OPENSTAX
aae56detrig3	AUSENTE	-	NO	0	OPENSTAX
aae56detrig30	AUSENTE	-	NO	0	OPENSTAX
aae56detrig31	AUSENTE	-	NO	0	OPENSTAX
aae56detrig32	AUSENTE	-	NO	0	OPENSTAX
aae56detrig33	AUSENTE	-	NO	0	OPENSTAX
aae56detrig34	AUSENTE	-	NO	0	OPENSTAX
aae56detrig35	AUSENTE	-	NO	0	OPENSTAX
aae56detrig5	AUSENTE	-	NO	0	OPENSTAX
aae56detrig6	AUSENTE	-	NO	0	OPENSTAX
aae56detrig7	AUSENTE	-	NO	0	OPENSTAX
aae56detrig8	AUSENTE	-	NO	0	OPENSTAX
aae56detrig9	AUSENTE	-	NO	0	OPENSTAX
aae6efeSolving1	RESOLUBLE	CC-BY-4.0	NO	0	OPENSTAX
aae6efeSolving10	RESOLUBLE	CC-BY-4.0	NO	0	OPENSTAX
aae6efeSolving11	RESOLUBLE	CC-BY-4.0	NO	0	OPENSTAX
aae6efeSolving12	RESOLUBLE	CC-BY-4.0	NO	0	OPENSTAX
aae6efeSolving16	RESOLUBLE	CC-BY-4.0	NO	0	OPENSTAX
aae6efeSolving17	RESOLUBLE	CC-BY-4.0	NO	0	OPENSTAX
aae6efeSolving18	RESOLUBLE	CC-BY-4.0	NO	0	OPENSTAX
aae6efeSolving19	RESOLUBLE	CC-BY-4.0	NO	0	OPENSTAX
aae6efeSolving2	RESOLUBLE	CC-BY-4.0	NO	0	OPENSTAX
aae6efeSolving20	RESOLUBLE	CC-BY-4.0	NO	0	OPENSTAX
aae6efeSolving21	RESOLUBLE	CC-BY-4.0	NO	0	OPENSTAX
aae6efeSolving22	RESOLUBLE	CC-BY-4.0	NO	0	OPENSTAX
aae6efeSolving23	RESOLUBLE	CC-BY-4.0	NO	0	OPENSTAX
aae6efeSolving24	RESOLUBLE	CC-BY-4.0	NO	0	OPENSTAX
aae6efeSolving25	RESOLUBLE	CC-BY-4.0	NO	0	OPENSTAX
aae6efeSolving26	RESOLUBLE	CC-BY-4.0	NO	0	OPENSTAX
aae6efeSolving27	RESOLUBLE	CC-BY-4.0	NO	0	OPENSTAX
aae6efeSolving28	RESOLUBLE	CC-BY-4.0	NO	0	OPENSTAX
aae6efeSolving29	RESOLUBLE	CC-BY-4.0	NO	0	OPENSTAX
aae6efeSolving3	RESOLUBLE	CC-BY-4.0	NO	0	OPENSTAX
aae6efeSolving30	RESOLUBLE	CC-BY-4.0	NO	0	OPENSTAX
aae6efeSolving4	RESOLUBLE	CC-BY-4.0	NO	0	OPENSTAX
aae6efeSolving5	RESOLUBLE	CC-BY-4.0	NO	0	OPENSTAX
aae6efeSolving6	RESOLUBLE	CC-BY-4.0	NO	0	OPENSTAX
aae6efeSolving7	RESOLUBLE	CC-BY-4.0	NO	0	OPENSTAX
aae6efeSolving8	RESOLUBLE	CC-BY-4.0	NO	0	OPENSTAX
aae6efeSolving9	RESOLUBLE	CC-BY-4.0	NO	0	OPENSTAX
aaebddaPolynomial1	RESOLUBLE	CC-BY-4.0	NO	0	OPENSTAX
aaebddaPolynomial10	RESOLUBLE	CC-BY-4.0	NO	0	OPENSTAX
aaebddaPolynomial11	RESOLUBLE	CC-BY-4.0	NO	0	OPENSTAX
aaebddaPolynomial12	RESOLUBLE	CC-BY-4.0	NO	0	OPENSTAX
aaebddaPolynomial13	RESOLUBLE	CC-BY-4.0	NO	0	OPENSTAX
aaebddaPolynomial14	RESOLUBLE	CC-BY-4.0	NO	0	OPENSTAX
aaebddaPolynomial15	RESOLUBLE	CC-BY-4.0	NO	0	OPENSTAX
aaebddaPolynomial16	RESOLUBLE	CC-BY-4.0	NO	0	OPENSTAX
aaebddaPolynomial17	RESOLUBLE	CC-BY-4.0	NO	0	OPENSTAX
aaebddaPolynomial18	RESOLUBLE	CC-BY-4.0	NO	0	OPENSTAX
aaebddaPolynomial19	RESOLUBLE	CC-BY-4.0	NO	0	OPENSTAX
aaebddaPolynomial2	RESOLUBLE	CC-BY-4.0	NO	0	OPENSTAX
aaebddaPolynomial20	RESOLUBLE	CC-BY-4.0	NO	0	OPENSTAX
aaebddaPolynomial21	RESOLUBLE	CC-BY-4.0	NO	0	OPENSTAX
aaebddaPolynomial22	RESOLUBLE	CC-BY-4.0	NO	0	OPENSTAX
aaebddaPolynomial23	RESOLUBLE	CC-BY-4.0	NO	0	OPENSTAX
aaebddaPolynomial24	RESOLUBLE	CC-BY-4.0	NO	0	OPENSTAX
aaebddaPolynomial25	RESOLUBLE	CC-BY-4.0	NO	0	OPENSTAX
aaebddaPolynomial26	RESOLUBLE	CC-BY-4.0	NO	0	OPENSTAX
aaebddaPolynomial27	RESOLUBLE	CC-BY-4.0	NO	0	OPENSTAX
aaebddaPolynomial28	RESOLUBLE	CC-BY-4.0	NO	0	OPENSTAX
aaebddaPolynomial29	RESOLUBLE	CC-BY-4.0	NO	0	OPENSTAX
aaebddaPolynomial3	RESOLUBLE	CC-BY-4.0	NO	0	OPENSTAX
aaebddaPolynomial30	RESOLUBLE	CC-BY-4.0	NO	0	OPENSTAX
aaebddaPolynomial4	RESOLUBLE	CC-BY-4.0	NO	0	OPENSTAX
aaebddaPolynomial5	RESOLUBLE	CC-BY-4.0	NO	0	OPENSTAX
aaebddaPolynomial6	RESOLUBLE	CC-BY-4.0	NO	0	OPENSTAX
aaebddaPolynomial7	RESOLUBLE	CC-BY-4.0	NO	0	OPENSTAX
aaebddaPolynomial8	RESOLUBLE	CC-BY-4.0	NO	0	OPENSTAX
aaebddaPolynomial9	RESOLUBLE	CC-BY-4.0	NO	0	OPENSTAX
aaf274fA113-algconseq-P01	VERSION-SIN-VARIANTE	CC4.0	NO	0	NO-OPENSTAX
aaf274fA113-algconseq-P02	VERSION-SIN-VARIANTE	CC4.0	NO	0	NO-OPENSTAX
aaf274fA113-algconseq-P03	VERSION-SIN-VARIANTE	CC4.0	NO	0	NO-OPENSTAX
aaf274fA113-algconseq-P04	VERSION-SIN-VARIANTE	CC4.0	NO	0	NO-OPENSTAX
aaf274fA113-algconseq-P05	VERSION-SIN-VARIANTE	CC4.0	NO	0	NO-OPENSTAX
aaf274fA113-algconseq-P06	VERSION-SIN-VARIANTE	CC4.0	NO	0	NO-OPENSTAX
aaf274fA113-algconseq-P07	VERSION-SIN-VARIANTE	CC4.0	NO	0	NO-OPENSTAX
aaf274fA113-algconseq-P08	VERSION-SIN-VARIANTE	CC4.0	NO	0	NO-OPENSTAX
aaf274fA113-algconseq-P09	VERSION-SIN-VARIANTE	CC4.0	NO	0	NO-OPENSTAX
aaf274fA113-algconseq-P10	VERSION-SIN-VARIANTE	CC4.0	NO	0	NO-OPENSTAX
aaf274fA113-algconseq-P11	VERSION-SIN-VARIANTE	CC4.0	NO	0	NO-OPENSTAX
aaf274fA113-algconseq-P12	VERSION-SIN-VARIANTE	CC4.0	NO	0	NO-OPENSTAX
aaf8369DiscreteD1	RESOLUBLE	CC-BY-4.0	NO	0	OPENSTAX
aaf8369DiscreteD10	RESOLUBLE	CC-BY-4.0	NO	0	OPENSTAX
aaf8369DiscreteD11	RESOLUBLE	CC-BY-4.0	NO	0	OPENSTAX
aaf8369DiscreteD12	RESOLUBLE	CC-BY-4.0	NO	0	OPENSTAX
aaf8369DiscreteD13	RESOLUBLE	CC-BY-4.0	NO	0	OPENSTAX
aaf8369DiscreteD14	RESOLUBLE	CC-BY-4.0	NO	0	OPENSTAX
aaf8369DiscreteD15	RESOLUBLE	CC-BY-4.0	NO	0	OPENSTAX
aaf8369DiscreteD16	RESOLUBLE	CC-BY-4.0	NO	0	OPENSTAX
aaf8369DiscreteD17	RESOLUBLE	CC-BY-4.0	NO	0	OPENSTAX
aaf8369DiscreteD18	RESOLUBLE	CC-BY-4.0	NO	0	OPENSTAX
aaf8369DiscreteD19	RESOLUBLE	CC-BY-4.0	NO	0	OPENSTAX
aaf8369DiscreteD2	RESOLUBLE	CC-BY-4.0	NO	0	OPENSTAX
aaf8369DiscreteD20	RESOLUBLE	CC-BY-4.0	NO	0	OPENSTAX
aaf8369DiscreteD3	RESOLUBLE	CC-BY-4.0	NO	0	OPENSTAX
aaf8369DiscreteD4	RESOLUBLE	CC-BY-4.0	NO	0	OPENSTAX
aaf8369DiscreteD5	RESOLUBLE	CC-BY-4.0	NO	0	OPENSTAX
aaf8369DiscreteD6	RESOLUBLE	CC-BY-4.0	NO	0	OPENSTAX
aaf8369DiscreteD7	RESOLUBLE	CC-BY-4.0	NO	0	OPENSTAX
aaf8369DiscreteD8	RESOLUBLE	CC-BY-4.0	NO	0	OPENSTAX
aaf8369DiscreteD9	RESOLUBLE	CC-BY-4.0	NO	0	OPENSTAX
aaf87e0equilibrium1	RESOLUBLE	CC-BY-4.0	NO	0	OPENSTAX
aaf87e0equilibrium10	RESOLUBLE	CC-BY-4.0	NO	0	OPENSTAX
aaf87e0equilibrium2	RESOLUBLE	CC-BY-4.0	NO	0	OPENSTAX
aaf87e0equilibrium3	RESOLUBLE	CC-BY-4.0	NO	0	OPENSTAX
aaf87e0equilibrium4	RESOLUBLE	CC-BY-4.0	NO	0	OPENSTAX
aaf87e0equilibrium5	RESOLUBLE	CC-BY-4.0	NO	0	OPENSTAX
aaf87e0equilibrium6	RESOLUBLE	CC-BY-4.0	NO	0	OPENSTAX
aaf87e0equilibrium7	RESOLUBLE	CC-BY-4.0	NO	0	OPENSTAX
aaf87e0equilibrium8	RESOLUBLE	CC-BY-4.0	NO	0	OPENSTAX
aaf87e0equilibrium9	RESOLUBLE	CC-BY-4.0	NO	0	OPENSTAX
aafbadeintercepts1	RESOLUBLE	CC-BY-4.0	SI	1	OPENSTAX
aafbadeintercepts10	RESOLUBLE	CC-BY-4.0	NO	0	OPENSTAX
aafbadeintercepts11	RESOLUBLE	CC-BY-4.0	NO	0	OPENSTAX
aafbadeintercepts12	RESOLUBLE	CC-BY-4.0	NO	0	OPENSTAX
aafbadeintercepts13	RESOLUBLE	CC-BY-4.0	NO	0	OPENSTAX
aafbadeintercepts14	RESOLUBLE	CC-BY-4.0	NO	0	OPENSTAX
aafbadeintercepts15	RESOLUBLE	CC-BY-4.0	NO	0	OPENSTAX
aafbadeintercepts16	RESOLUBLE	CC-BY-4.0	NO	0	OPENSTAX
aafbadeintercepts17	RESOLUBLE	CC-BY-4.0	NO	0	OPENSTAX
aafbadeintercepts18	RESOLUBLE	CC-BY-4.0	NO	0	OPENSTAX
aafbadeintercepts2	RESOLUBLE	CC-BY-4.0	SI	1	OPENSTAX
aafbadeintercepts20	RESOLUBLE	CC-BY-4.0	NO	0	OPENSTAX
aafbadeintercepts21	RESOLUBLE	CC-BY-4.0	NO	0	OPENSTAX
aafbadeintercepts22	RESOLUBLE	CC-BY-4.0	NO	0	OPENSTAX
aafbadeintercepts23	RESOLUBLE	CC-BY-4.0	NO	0	OPENSTAX
aafbadeintercepts24	RESOLUBLE	CC-BY-4.0	NO	0	OPENSTAX
aafbadeintercepts25	RESOLUBLE	CC-BY-4.0	NO	0	OPENSTAX
aafbadeintercepts26	RESOLUBLE	CC-BY-4.0	NO	0	OPENSTAX
aafbadeintercepts27	RESOLUBLE	CC-BY-4.0	NO	0	OPENSTAX
aafbadeintercepts28	RESOLUBLE	CC-BY-4.0	NO	0	OPENSTAX
aafbadeintercepts29	RESOLUBLE	CC-BY-4.0	NO	0	OPENSTAX
aafbadeintercepts3	RESOLUBLE	CC-BY-4.0	SI	1	OPENSTAX
aafbadeintercepts30	RESOLUBLE	CC-BY-4.0	NO	0	OPENSTAX
aafbadeintercepts31	RESOLUBLE	CC-BY-4.0	NO	0	OPENSTAX
aafbadeintercepts4	RESOLUBLE	CC-BY-4.0	NO	0	OPENSTAX
aafbadeintercepts5	RESOLUBLE	CC-BY-4.0	NO	0	OPENSTAX
aafbadeintercepts6	RESOLUBLE	CC-BY-4.0	NO	0	OPENSTAX
aafbadeintercepts7	RESOLUBLE	CC-BY-4.0	NO	0	OPENSTAX
aafbadeintercepts8	RESOLUBLE	CC-BY-4.0	NO	0	OPENSTAX
aafbadeintercepts9	RESOLUBLE	CC-BY-4.0	NO	0	OPENSTAX
aafc2dcMultiply1	RESOLUBLE	CC-BY-4.0	NO	0	OPENSTAX
aafc2dcMultiply10	RESOLUBLE	CC-BY-4.0	NO	0	OPENSTAX
aafc2dcMultiply11	RESOLUBLE	CC-BY-4.0	NO	0	OPENSTAX
aafc2dcMultiply12	RESOLUBLE	CC-BY-4.0	NO	0	OPENSTAX
aafc2dcMultiply13	RESOLUBLE	CC-BY-4.0	NO	0	OPENSTAX
aafc2dcMultiply14	RESOLUBLE	CC-BY-4.0	NO	0	OPENSTAX
aafc2dcMultiply15	RESOLUBLE	CC-BY-4.0	NO	0	OPENSTAX
aafc2dcMultiply16	RESOLUBLE	CC-BY-4.0	NO	0	OPENSTAX
aafc2dcMultiply17	RESOLUBLE	CC-BY-4.0	NO	0	OPENSTAX
aafc2dcMultiply18	RESOLUBLE	CC-BY-4.0	NO	0	OPENSTAX
aafc2dcMultiply19	RESOLUBLE	CC-BY-4.0	NO	0	OPENSTAX
aafc2dcMultiply2	RESOLUBLE	CC-BY-4.0	NO	0	OPENSTAX
aafc2dcMultiply20	RESOLUBLE	CC-BY-4.0	NO	0	OPENSTAX
aafc2dcMultiply21	RESOLUBLE	CC-BY-4.0	NO	0	OPENSTAX
aafc2dcMultiply22	RESOLUBLE	CC-BY-4.0	NO	0	OPENSTAX
aafc2dcMultiply23	RESOLUBLE	CC-BY-4.0	NO	0	OPENSTAX
aafc2dcMultiply24	RESOLUBLE	CC-BY-4.0	NO	0	OPENSTAX
aafc2dcMultiply25	RESOLUBLE	CC-BY-4.0	NO	0	OPENSTAX
aafc2dcMultiply26	RESOLUBLE	CC-BY-4.0	NO	0	OPENSTAX
aafc2dcMultiply27	RESOLUBLE	CC-BY-4.0	NO	0	OPENSTAX
aafc2dcMultiply28	RESOLUBLE	CC-BY-4.0	NO	0	OPENSTAX
aafc2dcMultiply29	RESOLUBLE	CC-BY-4.0	NO	0	OPENSTAX
aafc2dcMultiply3	RESOLUBLE	CC-BY-4.0	NO	0	OPENSTAX
aafc2dcMultiply30	RESOLUBLE	CC-BY-4.0	NO	0	OPENSTAX
aafc2dcMultiply4	RESOLUBLE	CC-BY-4.0	NO	0	OPENSTAX
aafc2dcMultiply5	RESOLUBLE	CC-BY-4.0	NO	0	OPENSTAX
aafc2dcMultiply6	RESOLUBLE	CC-BY-4.0	NO	0	OPENSTAX
aafc2dcMultiply7	RESOLUBLE	CC-BY-4.0	NO	0	OPENSTAX
aafc2dcMultiply8	RESOLUBLE	CC-BY-4.0	NO	0	OPENSTAX
aafc2dcMultiply9	RESOLUBLE	CC-BY-4.0	NO	0	OPENSTAX
aaff50dradical1	RESOLUBLE	CC-BY-4.0	NO	0	OPENSTAX
aaff50dradical10	RESOLUBLE	CC-BY-4.0	NO	0	OPENSTAX
aaff50dradical11	RESOLUBLE	CC-BY-4.0	NO	0	OPENSTAX
aaff50dradical12	RESOLUBLE	CC-BY-4.0	NO	0	OPENSTAX
aaff50dradical13	RESOLUBLE	CC-BY-4.0	NO	0	OPENSTAX
aaff50dradical14	RESOLUBLE	CC-BY-4.0	NO	0	OPENSTAX
aaff50dradical15	RESOLUBLE	CC-BY-4.0	NO	0	OPENSTAX
aaff50dradical16	RESOLUBLE	CC-BY-4.0	NO	0	OPENSTAX
aaff50dradical17	RESOLUBLE	CC-BY-4.0	NO	0	OPENSTAX
aaff50dradical18	RESOLUBLE	CC-BY-4.0	NO	0	OPENSTAX
aaff50dradical19	RESOLUBLE	CC-BY-4.0	NO	0	OPENSTAX
aaff50dradical2	RESOLUBLE	CC-BY-4.0	NO	0	OPENSTAX
aaff50dradical20	RESOLUBLE	CC-BY-4.0	NO	0	OPENSTAX
aaff50dradical21	RESOLUBLE	CC-BY-4.0	NO	0	OPENSTAX
aaff50dradical22	RESOLUBLE	CC-BY-4.0	NO	0	OPENSTAX
aaff50dradical23	RESOLUBLE	CC-BY-4.0	NO	0	OPENSTAX
aaff50dradical24	RESOLUBLE	CC-BY-4.0	NO	0	OPENSTAX
aaff50dradical25	RESOLUBLE	CC-BY-4.0	NO	0	OPENSTAX
aaff50dradical26	RESOLUBLE	CC-BY-4.0	NO	0	OPENSTAX
aaff50dradical27	RESOLUBLE	CC-BY-4.0	NO	0	OPENSTAX
aaff50dradical28	RESOLUBLE	CC-BY-4.0	NO	0	OPENSTAX
aaff50dradical29	RESOLUBLE	CC-BY-4.0	NO	0	OPENSTAX
aaff50dradical3	RESOLUBLE	CC-BY-4.0	NO	0	OPENSTAX
aaff50dradical30	RESOLUBLE	CC-BY-4.0	NO	0	OPENSTAX
aaff50dradical31	RESOLUBLE	CC-BY-4.0	NO	0	OPENSTAX
aaff50dradical4	RESOLUBLE	CC-BY-4.0	NO	0	OPENSTAX
aaff50dradical5	RESOLUBLE	CC-BY-4.0	NO	0	OPENSTAX
aaff50dradical6	RESOLUBLE	CC-BY-4.0	NO	0	OPENSTAX
aaff50dradical7	RESOLUBLE	CC-BY-4.0	NO	0	OPENSTAX
aaff50dradical8	RESOLUBLE	CC-BY-4.0	NO	0	OPENSTAX
aaff50dradical9	RESOLUBLE	CC-BY-4.0	NO	0	OPENSTAX
ab002b1ke1	RESOLUBLE	CC-BY-4.0	NO	0	OPENSTAX
ab002b1ke2	RESOLUBLE	CC-BY-4.0	NO	0	OPENSTAX
ab002b1ke3	RESOLUBLE	CC-BY-4.0	NO	0	OPENSTAX
ab002b1ke4	RESOLUBLE	CC-BY-4.0	NO	0	OPENSTAX
ab002b1power1	RESOLUBLE	CC-BY-4.0	NO	0	OPENSTAX
ab002b1power2	RESOLUBLE	CC-BY-4.0	NO	0	OPENSTAX
ab002b1power3	RESOLUBLE	CC-BY-4.0	NO	0	OPENSTAX
ab002b1power4	RESOLUBLE	CC-BY-4.0	NO	0	OPENSTAX
ab002b1power5	RESOLUBLE	CC-BY-4.0	NO	0	OPENSTAX
ab002b1power6	RESOLUBLE	CC-BY-4.0	NO	0	OPENSTAX
ab002b1wet1	RESOLUBLE	CC-BY-4.0	NO	0	OPENSTAX
ab002b1wet2	RESOLUBLE	CC-BY-4.0	NO	0	OPENSTAX
ab002b1wet3	RESOLUBLE	CC-BY-4.0	NO	0	OPENSTAX
ab002b1wet4	RESOLUBLE	CC-BY-4.0	NO	0	OPENSTAX
ab002b1work1	RESOLUBLE	CC-BY-4.0	NO	0	OPENSTAX
ab002b1work2	RESOLUBLE	CC-BY-4.0	NO	0	OPENSTAX
ab002b1work3	RESOLUBLE	CC-BY-4.0	NO	0	OPENSTAX
ab002b1work4	RESOLUBLE	CC-BY-4.0	NO	0	OPENSTAX
ab002b1work5	RESOLUBLE	CC-BY-4.0	NO	0	OPENSTAX
ab002b1work6	RESOLUBLE	CC-BY-4.0	NO	0	OPENSTAX
ab04f69Additional10	RESOLUBLE	CC-BY-4.0	NO	0	OPENSTAX
ab04f69Additional11	RESOLUBLE	CC-BY-4.0	NO	0	OPENSTAX
ab04f69Additional12	RESOLUBLE	CC-BY-4.0	NO	0	OPENSTAX
ab04f69Additional13	RESOLUBLE	CC-BY-4.0	NO	0	OPENSTAX
ab04f69Additional14	RESOLUBLE	CC-BY-4.0	NO	0	OPENSTAX
ab04f69Additional15	RESOLUBLE	CC-BY-4.0	NO	0	OPENSTAX
ab04f69Additional4	RESOLUBLE	CC-BY-4.0	NO	0	OPENSTAX
ab04f69Additional5	RESOLUBLE	CC-BY-4.0	NO	0	OPENSTAX
ab04f69Additional6	RESOLUBLE	CC-BY-4.0	NO	0	OPENSTAX
ab04f69Additional7	RESOLUBLE	CC-BY-4.0	NO	0	OPENSTAX
ab04f69Additional8	RESOLUBLE	CC-BY-4.0	NO	0	OPENSTAX
ab04f69Additional9	RESOLUBLE	CC-BY-4.0	NO	0	OPENSTAX
ab04f69Addtional1	RESOLUBLE	CC-BY-4.0	NO	0	OPENSTAX
ab04f69Addtional2	RESOLUBLE	CC-BY-4.0	NO	0	OPENSTAX
ab04f69Addtional3	RESOLUBLE	CC-BY-4.0	NO	0	OPENSTAX
ab05b78Fraction12	RESOLUBLE	CC-BY-4.0	NO	0	OPENSTAX
ab05b78Fraction14	RESOLUBLE	CC-BY-4.0	NO	0	OPENSTAX
ab05b78Fraction15	RESOLUBLE	CC-BY-4.0	NO	0	OPENSTAX
ab05b78Fraction9	RESOLUBLE	CC-BY-4.0	NO	0	OPENSTAX
ab05b78addand1	RESOLUBLE	CC-BY-4.0	NO	0	OPENSTAX
ab05b78addand10	RESOLUBLE	CC-BY-4.0	NO	0	OPENSTAX
ab05b78addand11	RESOLUBLE	CC-BY-4.0	NO	0	OPENSTAX
ab05b78addand12	RESOLUBLE	CC-BY-4.0	NO	0	OPENSTAX
ab05b78addand13	RESOLUBLE	CC-BY-4.0	NO	0	OPENSTAX
ab05b78addand14	RESOLUBLE	CC-BY-4.0	NO	0	OPENSTAX
ab05b78addand15	RESOLUBLE	CC-BY-4.0	NO	0	OPENSTAX
ab05b78addand16	RESOLUBLE	CC-BY-4.0	NO	0	OPENSTAX
ab05b78addand17	RESOLUBLE	CC-BY-4.0	NO	0	OPENSTAX
ab05b78addand18	RESOLUBLE	CC-BY-4.0	NO	0	OPENSTAX
ab05b78addand19	RESOLUBLE	CC-BY-4.0	NO	0	OPENSTAX
ab05b78addand2	RESOLUBLE	CC-BY-4.0	NO	0	OPENSTAX
ab05b78addand20	RESOLUBLE	CC-BY-4.0	NO	0	OPENSTAX
ab05b78addand3	RESOLUBLE	CC-BY-4.0	NO	0	OPENSTAX
ab05b78addand4	RESOLUBLE	CC-BY-4.0	NO	0	OPENSTAX
ab05b78addand5	RESOLUBLE	CC-BY-4.0	NO	0	OPENSTAX
ab05b78addand6	RESOLUBLE	CC-BY-4.0	NO	0	OPENSTAX
ab05b78addand7	RESOLUBLE	CC-BY-4.0	NO	0	OPENSTAX
ab05b78addand8	RESOLUBLE	CC-BY-4.0	NO	0	OPENSTAX
ab05b78addand9	RESOLUBLE	CC-BY-4.0	NO	0	OPENSTAX
ab0ba5einverses1	AUSENTE	-	NO	0	OPENSTAX
ab0ba5einverses10	AUSENTE	-	NO	0	OPENSTAX
ab0ba5einverses11	AUSENTE	-	NO	0	OPENSTAX
ab0ba5einverses12	AUSENTE	-	NO	0	OPENSTAX
ab0ba5einverses13	AUSENTE	-	NO	0	OPENSTAX
ab0ba5einverses14	AUSENTE	-	NO	0	OPENSTAX
ab0ba5einverses15	AUSENTE	-	NO	0	OPENSTAX
ab0ba5einverses16	AUSENTE	-	NO	0	OPENSTAX
ab0ba5einverses18	AUSENTE	-	NO	0	OPENSTAX
ab0ba5einverses19	AUSENTE	-	NO	0	OPENSTAX
ab0ba5einverses2	AUSENTE	-	NO	0	OPENSTAX
ab0ba5einverses20	AUSENTE	-	SI	1	OPENSTAX
ab0ba5einverses21	AUSENTE	-	SI	1	OPENSTAX
ab0ba5einverses22	AUSENTE	-	SI	1	OPENSTAX
ab0ba5einverses23	AUSENTE	-	SI	1	OPENSTAX
ab0ba5einverses24	AUSENTE	-	SI	1	OPENSTAX
ab0ba5einverses25	AUSENTE	-	SI	1	OPENSTAX
ab0ba5einverses26	AUSENTE	-	SI	1	OPENSTAX
ab0ba5einverses27	AUSENTE	-	NO	0	OPENSTAX
ab0ba5einverses28	AUSENTE	-	NO	0	OPENSTAX
ab0ba5einverses29	AUSENTE	-	NO	0	OPENSTAX
ab0ba5einverses3	AUSENTE	-	NO	0	OPENSTAX
ab0ba5einverses30	AUSENTE	-	NO	0	OPENSTAX
ab0ba5einverses4	AUSENTE	-	NO	0	OPENSTAX
ab0ba5einverses5	AUSENTE	-	NO	0	OPENSTAX
ab0ba5einverses6	AUSENTE	-	SI	1	OPENSTAX
ab0ba5einverses7	AUSENTE	-	SI	1	OPENSTAX
ab0ba5einverses8	AUSENTE	-	NO	0	OPENSTAX
ab0ba5einverses9	AUSENTE	-	NO	0	OPENSTAX
ab19046LimitLaw1	AUSENTE	-	NO	0	OPENSTAX
ab19046LimitLaw10	AUSENTE	-	NO	0	OPENSTAX
ab19046LimitLaw2	AUSENTE	-	NO	0	OPENSTAX
ab19046LimitLaw3	AUSENTE	-	NO	0	OPENSTAX
ab19046LimitLaw4	AUSENTE	-	NO	0	OPENSTAX
ab19046LimitLaw5	AUSENTE	-	NO	0	OPENSTAX
ab19046LimitLaw6	AUSENTE	-	NO	0	OPENSTAX
ab19046LimitLaw7	AUSENTE	-	NO	0	OPENSTAX
ab19046LimitLaw8	AUSENTE	-	NO	0	OPENSTAX
ab19046LimitLaw9	AUSENTE	-	NO	0	OPENSTAX
ab19046LimitlLaw11	AUSENTE	-	NO	0	OPENSTAX
ab19046LimitlLaw12	AUSENTE	-	NO	0	OPENSTAX
ab19046LimitlLaw13	AUSENTE	-	NO	0	OPENSTAX
ab19046LimitlLaw14	AUSENTE	-	NO	0	OPENSTAX
ab19046LimitlLaw15	AUSENTE	-	NO	0	OPENSTAX
ab19046LimitlLaw16	AUSENTE	-	NO	0	OPENSTAX
ab19046LimitlLaw17	AUSENTE	-	NO	0	OPENSTAX
ab19046LimitlLaw18	AUSENTE	-	NO	0	OPENSTAX
ab19046LimitlLaw19	AUSENTE	-	NO	0	OPENSTAX
ab19046LimitlLaw20	AUSENTE	-	NO	0	OPENSTAX
ab19046LimitlLaw21	AUSENTE	-	NO	0	OPENSTAX
ab19046LimitlLaw22	AUSENTE	-	NO	0	OPENSTAX
ab19046LimitlLaw23	AUSENTE	-	NO	0	OPENSTAX
ab19046LimitlLaw24	AUSENTE	-	NO	0	OPENSTAX
ab19046LimitlLaw25	AUSENTE	-	NO	0	OPENSTAX
ab1ad7fGenStr1	RESOLUBLE	CC-BY-4.0	NO	0	OPENSTAX
ab1ad7fGenStr10	RESOLUBLE	CC-BY-4.0	NO	0	OPENSTAX
ab1ad7fGenStr11	RESOLUBLE	CC-BY-4.0	NO	0	OPENSTAX
ab1ad7fGenStr12	RESOLUBLE	CC-BY-4.0	NO	0	OPENSTAX
ab1ad7fGenStr13	RESOLUBLE	CC-BY-4.0	NO	0	OPENSTAX
ab1ad7fGenStr14	RESOLUBLE	CC-BY-4.0	NO	0	OPENSTAX
ab1ad7fGenStr15	RESOLUBLE	CC-BY-4.0	NO	0	OPENSTAX
ab1ad7fGenStr16	RESOLUBLE	CC-BY-4.0	NO	0	OPENSTAX
ab1ad7fGenStr17	RESOLUBLE	CC-BY-4.0	NO	0	OPENSTAX
ab1ad7fGenStr18	RESOLUBLE	CC-BY-4.0	NO	0	OPENSTAX
ab1ad7fGenStr19	RESOLUBLE	CC-BY-4.0	NO	0	OPENSTAX
ab1ad7fGenStr2	RESOLUBLE	CC-BY-4.0	NO	0	OPENSTAX
ab1ad7fGenStr20	RESOLUBLE	CC-BY-4.0	NO	0	OPENSTAX
ab1ad7fGenStr21	RESOLUBLE	CC-BY-4.0	NO	0	OPENSTAX
ab1ad7fGenStr22	RESOLUBLE	CC-BY-4.0	NO	0	OPENSTAX
ab1ad7fGenStr23	RESOLUBLE	CC-BY-4.0	NO	0	OPENSTAX
ab1ad7fGenStr24	RESOLUBLE	CC-BY-4.0	NO	0	OPENSTAX
ab1ad7fGenStr25	RESOLUBLE	CC-BY-4.0	NO	0	OPENSTAX
ab1ad7fGenStr26	RESOLUBLE	CC-BY-4.0	NO	0	OPENSTAX
ab1ad7fGenStr27	RESOLUBLE	CC-BY-4.0	NO	0	OPENSTAX
ab1ad7fGenStr28	RESOLUBLE	CC-BY-4.0	NO	0	OPENSTAX
ab1ad7fGenStr3	RESOLUBLE	CC-BY-4.0	NO	0	OPENSTAX
ab1ad7fGenStr4	RESOLUBLE	CC-BY-4.0	NO	0	OPENSTAX
ab1ad7fGenStr5	RESOLUBLE	CC-BY-4.0	NO	0	OPENSTAX
ab1ad7fGenStr6	RESOLUBLE	CC-BY-4.0	NO	0	OPENSTAX
ab1ad7fGenStr7	RESOLUBLE	CC-BY-4.0	NO	0	OPENSTAX
ab1ad7fGenStr8	RESOLUBLE	CC-BY-4.0	NO	0	OPENSTAX
ab1ad7fGenStr9	RESOLUBLE	CC-BY-4.0	NO	0	OPENSTAX
ab2e2b210.4AIDS	RESOLUBLE	CC-BY-4.0	NO	0	OPENSTAX
ab2e2b210.4biofeedback	RESOLUBLE	CC-BY-4.0	NO	0	OPENSTAX
ab2e2b210.4bloodpressure	RESOLUBLE	CC-BY-4.0	NO	0	OPENSTAX
ab2e2b210.4coach	RESOLUBLE	CC-BY-4.0	SI	2	OPENSTAX
ab2e2b210.4drugsP-value	RESOLUBLE	CC-BY-4.0	NO	0	OPENSTAX
ab2e2b210.4golf	RESOLUBLE	CC-BY-4.0	SI	1	OPENSTAX
ab2e2b210.4hypnotism	RESOLUBLE	CC-BY-4.0	SI	1	OPENSTAX
ab2ed79implicit1	AUSENTE	-	NO	0	OPENSTAX
ab2ed79implicit10	AUSENTE	-	NO	0	OPENSTAX
ab2ed79implicit11	AUSENTE	-	NO	0	OPENSTAX
ab2ed79implicit12	AUSENTE	-	NO	0	OPENSTAX
ab2ed79implicit13	AUSENTE	-	NO	0	OPENSTAX
ab2ed79implicit14	AUSENTE	-	NO	0	OPENSTAX
ab2ed79implicit15	AUSENTE	-	NO	0	OPENSTAX
ab2ed79implicit16	AUSENTE	-	NO	0	OPENSTAX
ab2ed79implicit17	AUSENTE	-	NO	0	OPENSTAX
ab2ed79implicit18	AUSENTE	-	NO	0	OPENSTAX
ab2ed79implicit19	AUSENTE	-	NO	0	OPENSTAX
ab2ed79implicit2	AUSENTE	-	NO	0	OPENSTAX
ab2ed79implicit20	AUSENTE	-	NO	0	OPENSTAX
ab2ed79implicit21	AUSENTE	-	NO	0	OPENSTAX
ab2ed79implicit22	AUSENTE	-	NO	0	OPENSTAX
ab2ed79implicit23	AUSENTE	-	NO	0	OPENSTAX
ab2ed79implicit24	AUSENTE	-	NO	0	OPENSTAX
ab2ed79implicit25	AUSENTE	-	NO	0	OPENSTAX
ab2ed79implicit3	AUSENTE	-	NO	0	OPENSTAX
ab2ed79implicit4	AUSENTE	-	NO	0	OPENSTAX
ab2ed79implicit5	AUSENTE	-	NO	0	OPENSTAX
ab2ed79implicit6	AUSENTE	-	NO	0	OPENSTAX
ab2ed79implicit7	AUSENTE	-	NO	0	OPENSTAX
ab2ed79implicit8	AUSENTE	-	NO	0	OPENSTAX
ab2ed79implicit9	AUSENTE	-	NO	0	OPENSTAX
ab303f8factoring1	RESOLUBLE	CC-BY-4.0	NO	0	OPENSTAX
ab303f8factoring10	RESOLUBLE	CC-BY-4.0	NO	0	OPENSTAX
ab303f8factoring11	RESOLUBLE	CC-BY-4.0	NO	0	OPENSTAX
ab303f8factoring12	RESOLUBLE	CC-BY-4.0	NO	0	OPENSTAX
ab303f8factoring13	RESOLUBLE	CC-BY-4.0	NO	0	OPENSTAX
ab303f8factoring14	RESOLUBLE	CC-BY-4.0	NO	0	OPENSTAX
ab303f8factoring15	RESOLUBLE	CC-BY-4.0	NO	0	OPENSTAX
ab303f8factoring2	RESOLUBLE	CC-BY-4.0	NO	0	OPENSTAX
ab303f8factoring3	RESOLUBLE	CC-BY-4.0	NO	0	OPENSTAX
ab303f8factoring4	RESOLUBLE	CC-BY-4.0	NO	0	OPENSTAX
ab303f8factoring5	RESOLUBLE	CC-BY-4.0	NO	0	OPENSTAX
ab303f8factoring6	RESOLUBLE	CC-BY-4.0	NO	0	OPENSTAX
ab303f8factoring7	RESOLUBLE	CC-BY-4.0	NO	0	OPENSTAX
ab303f8factoring8	RESOLUBLE	CC-BY-4.0	NO	0	OPENSTAX
ab303f8factoring9	RESOLUBLE	CC-BY-4.0	NO	0	OPENSTAX
ab3c11fVisualize1	RESOLUBLE	CC-BY-4.0	NO	0	OPENSTAX
ab3c11fVisualize10	RESOLUBLE	CC-BY-4.0	NO	0	OPENSTAX
ab3c11fVisualize11	RESOLUBLE	CC-BY-4.0	NO	0	OPENSTAX
ab3c11fVisualize12	RESOLUBLE	CC-BY-4.0	NO	0	OPENSTAX
ab3c11fVisualize13	RESOLUBLE	CC-BY-4.0	NO	0	OPENSTAX
ab3c11fVisualize14	RESOLUBLE	CC-BY-4.0	NO	0	OPENSTAX
ab3c11fVisualize15	RESOLUBLE	CC-BY-4.0	NO	0	OPENSTAX
ab3c11fVisualize16	RESOLUBLE	CC-BY-4.0	NO	0	OPENSTAX
ab3c11fVisualize17	RESOLUBLE	CC-BY-4.0	NO	0	OPENSTAX
ab3c11fVisualize18	RESOLUBLE	CC-BY-4.0	NO	0	OPENSTAX
ab3c11fVisualize19	RESOLUBLE	CC-BY-4.0	NO	0	OPENSTAX
ab3c11fVisualize2	RESOLUBLE	CC-BY-4.0	NO	0	OPENSTAX
ab3c11fVisualize20	RESOLUBLE	CC-BY-4.0	NO	0	OPENSTAX
ab3c11fVisualize21	RESOLUBLE	CC-BY-4.0	NO	0	OPENSTAX
ab3c11fVisualize3	RESOLUBLE	CC-BY-4.0	NO	0	OPENSTAX
ab3c11fVisualize4	RESOLUBLE	CC-BY-4.0	NO	0	OPENSTAX
ab3c11fVisualize5	RESOLUBLE	CC-BY-4.0	NO	0	OPENSTAX
ab3c11fVisualize6	RESOLUBLE	CC-BY-4.0	NO	0	OPENSTAX
ab3c11fVisualize7	RESOLUBLE	CC-BY-4.0	NO	0	OPENSTAX
ab3c11fVisualize8	RESOLUBLE	CC-BY-4.0	NO	0	OPENSTAX
ab3c11fVisualize9	RESOLUBLE	CC-BY-4.0	NO	0	OPENSTAX
ab4750azeropoly1	RESOLUBLE	CC-BY-4.0	NO	0	OPENSTAX
ab4750azeropoly10	RESOLUBLE	CC-BY-4.0	NO	0	OPENSTAX
ab4750azeropoly11	RESOLUBLE	CC-BY-4.0	NO	0	OPENSTAX
ab4750azeropoly12	RESOLUBLE	CC-BY-4.0	NO	0	OPENSTAX
ab4750azeropoly13	RESOLUBLE	CC-BY-4.0	NO	0	OPENSTAX
ab4750azeropoly14	RESOLUBLE	CC-BY-4.0	NO	0	OPENSTAX
ab4750azeropoly15	RESOLUBLE	CC-BY-4.0	NO	0	OPENSTAX
ab4750azeropoly16	RESOLUBLE	CC-BY-4.0	NO	0	OPENSTAX
ab4750azeropoly17	RESOLUBLE	CC-BY-4.0	NO	0	OPENSTAX
ab4750azeropoly18	RESOLUBLE	CC-BY-4.0	NO	0	OPENSTAX
ab4750azeropoly19	RESOLUBLE	CC-BY-4.0	NO	0	OPENSTAX
ab4750azeropoly2	RESOLUBLE	CC-BY-4.0	NO	0	OPENSTAX
ab4750azeropoly20	RESOLUBLE	CC-BY-4.0	NO	0	OPENSTAX
ab4750azeropoly21	RESOLUBLE	CC-BY-4.0	NO	0	OPENSTAX
ab4750azeropoly22	RESOLUBLE	CC-BY-4.0	NO	0	OPENSTAX
ab4750azeropoly23	RESOLUBLE	CC-BY-4.0	NO	0	OPENSTAX
ab4750azeropoly24	RESOLUBLE	CC-BY-4.0	NO	0	OPENSTAX
ab4750azeropoly25	RESOLUBLE	CC-BY-4.0	NO	0	OPENSTAX
ab4750azeropoly26	RESOLUBLE	CC-BY-4.0	NO	0	OPENSTAX
ab4750azeropoly27	RESOLUBLE	CC-BY-4.0	NO	0	OPENSTAX
ab4750azeropoly28	RESOLUBLE	CC-BY-4.0	NO	0	OPENSTAX
ab4750azeropoly29	RESOLUBLE	CC-BY-4.0	NO	0	OPENSTAX
ab4750azeropoly3	RESOLUBLE	CC-BY-4.0	NO	0	OPENSTAX
ab4750azeropoly30	RESOLUBLE	CC-BY-4.0	NO	0	OPENSTAX
ab4750azeropoly4	RESOLUBLE	CC-BY-4.0	NO	0	OPENSTAX
ab4750azeropoly5	RESOLUBLE	CC-BY-4.0	NO	0	OPENSTAX
ab4750azeropoly6	RESOLUBLE	CC-BY-4.0	NO	0	OPENSTAX
ab4750azeropoly7	RESOLUBLE	CC-BY-4.0	NO	0	OPENSTAX
ab4750azeropoly8	RESOLUBLE	CC-BY-4.0	NO	0	OPENSTAX
ab4750azeropoly9	RESOLUBLE	CC-BY-4.0	NO	0	OPENSTAX
ab4f61dellipse1	RESOLUBLE	CC-BY-4.0	NO	0	OPENSTAX
ab4f61dellipse10	RESOLUBLE	CC-BY-4.0	NO	0	OPENSTAX
ab4f61dellipse11	RESOLUBLE	CC-BY-4.0	NO	0	OPENSTAX
ab4f61dellipse12	RESOLUBLE	CC-BY-4.0	NO	0	OPENSTAX
ab4f61dellipse13	RESOLUBLE	CC-BY-4.0	NO	0	OPENSTAX
ab4f61dellipse14	RESOLUBLE	CC-BY-4.0	NO	0	OPENSTAX
ab4f61dellipse15	RESOLUBLE	CC-BY-4.0	NO	0	OPENSTAX
ab4f61dellipse16	RESOLUBLE	CC-BY-4.0	NO	0	OPENSTAX
ab4f61dellipse17	RESOLUBLE	CC-BY-4.0	NO	0	OPENSTAX
ab4f61dellipse18	RESOLUBLE	CC-BY-4.0	NO	0	OPENSTAX
ab4f61dellipse19	RESOLUBLE	CC-BY-4.0	NO	0	OPENSTAX
ab4f61dellipse2	RESOLUBLE	CC-BY-4.0	NO	0	OPENSTAX
ab4f61dellipse20	RESOLUBLE	CC-BY-4.0	NO	0	OPENSTAX
ab4f61dellipse21	RESOLUBLE	CC-BY-4.0	NO	0	OPENSTAX
ab4f61dellipse22	RESOLUBLE	CC-BY-4.0	NO	0	OPENSTAX
ab4f61dellipse23	RESOLUBLE	CC-BY-4.0	NO	0	OPENSTAX
ab4f61dellipse24	RESOLUBLE	CC-BY-4.0	NO	0	OPENSTAX
ab4f61dellipse25	RESOLUBLE	CC-BY-4.0	NO	0	OPENSTAX
ab4f61dellipse26	RESOLUBLE	CC-BY-4.0	NO	0	OPENSTAX
ab4f61dellipse27	RESOLUBLE	CC-BY-4.0	NO	0	OPENSTAX
ab4f61dellipse28	RESOLUBLE	CC-BY-4.0	NO	0	OPENSTAX
ab4f61dellipse29	RESOLUBLE	CC-BY-4.0	NO	0	OPENSTAX
ab4f61dellipse3	RESOLUBLE	CC-BY-4.0	NO	0	OPENSTAX
ab4f61dellipse30	RESOLUBLE	CC-BY-4.0	NO	0	OPENSTAX
ab4f61dellipse4	RESOLUBLE	CC-BY-4.0	NO	0	OPENSTAX
ab4f61dellipse5	RESOLUBLE	CC-BY-4.0	NO	0	OPENSTAX
ab4f61dellipse6	RESOLUBLE	CC-BY-4.0	NO	0	OPENSTAX
ab4f61dellipse7	RESOLUBLE	CC-BY-4.0	NO	0	OPENSTAX
ab4f61dellipse8	RESOLUBLE	CC-BY-4.0	NO	0	OPENSTAX
ab4f61dellipse9	RESOLUBLE	CC-BY-4.0	NO	0	OPENSTAX
ab50a95log1	RESOLUBLE	CC-BY-4.0	NO	0	OPENSTAX
ab50a95log10	RESOLUBLE	CC-BY-4.0	NO	0	OPENSTAX
ab50a95log11	RESOLUBLE	CC-BY-4.0	NO	0	OPENSTAX
ab50a95log12	RESOLUBLE	CC-BY-4.0	NO	0	OPENSTAX
ab50a95log13	RESOLUBLE	CC-BY-4.0	NO	0	OPENSTAX
ab50a95log14	RESOLUBLE	CC-BY-4.0	NO	0	OPENSTAX
ab50a95log15	RESOLUBLE	CC-BY-4.0	NO	0	OPENSTAX
ab50a95log16	RESOLUBLE	CC-BY-4.0	NO	0	OPENSTAX
ab50a95log17	RESOLUBLE	CC-BY-4.0	NO	0	OPENSTAX
ab50a95log18	RESOLUBLE	CC-BY-4.0	NO	0	OPENSTAX
ab50a95log19	RESOLUBLE	CC-BY-4.0	NO	0	OPENSTAX
ab50a95log2	RESOLUBLE	CC-BY-4.0	NO	0	OPENSTAX
ab50a95log20	RESOLUBLE	CC-BY-4.0	NO	0	OPENSTAX
ab50a95log21	RESOLUBLE	CC-BY-4.0	NO	0	OPENSTAX
ab50a95log22	RESOLUBLE	CC-BY-4.0	NO	0	OPENSTAX
ab50a95log23	RESOLUBLE	CC-BY-4.0	NO	0	OPENSTAX
ab50a95log24	RESOLUBLE	CC-BY-4.0	NO	0	OPENSTAX
ab50a95log25	RESOLUBLE	CC-BY-4.0	NO	0	OPENSTAX
ab50a95log26	RESOLUBLE	CC-BY-4.0	NO	0	OPENSTAX
ab50a95log27	RESOLUBLE	CC-BY-4.0	NO	0	OPENSTAX
ab50a95log28	RESOLUBLE	CC-BY-4.0	NO	0	OPENSTAX
ab50a95log29	RESOLUBLE	CC-BY-4.0	NO	0	OPENSTAX
ab50a95log3	RESOLUBLE	CC-BY-4.0	NO	0	OPENSTAX
ab50a95log30	RESOLUBLE	CC-BY-4.0	NO	0	OPENSTAX
ab50a95log31	RESOLUBLE	CC-BY-4.0	NO	0	OPENSTAX
ab50a95log32	RESOLUBLE	CC-BY-4.0	NO	0	OPENSTAX
ab50a95log4	RESOLUBLE	CC-BY-4.0	NO	0	OPENSTAX
ab50a95log5	RESOLUBLE	CC-BY-4.0	NO	0	OPENSTAX
ab50a95log6	RESOLUBLE	CC-BY-4.0	NO	0	OPENSTAX
ab50a95log7	RESOLUBLE	CC-BY-4.0	NO	0	OPENSTAX
ab50a95log8	RESOLUBLE	CC-BY-4.0	NO	0	OPENSTAX
ab50a95log9	RESOLUBLE	CC-BY-4.0	NO	0	OPENSTAX
ab5d0bbratioexpo1	AUSENTE	-	NO	0	OPENSTAX
ab5d0bbratioexpo10	AUSENTE	-	NO	0	OPENSTAX
ab5d0bbratioexpo11	AUSENTE	-	NO	0	OPENSTAX
ab5d0bbratioexpo12	AUSENTE	-	NO	0	OPENSTAX
ab5d0bbratioexpo13	AUSENTE	-	NO	0	OPENSTAX
ab5d0bbratioexpo14	AUSENTE	-	NO	0	OPENSTAX
ab5d0bbratioexpo15	AUSENTE	-	NO	0	OPENSTAX
ab5d0bbratioexpo2	AUSENTE	-	NO	0	OPENSTAX
ab5d0bbratioexpo3	AUSENTE	-	NO	0	OPENSTAX
ab5d0bbratioexpo4	AUSENTE	-	NO	0	OPENSTAX
ab5d0bbratioexpo5	AUSENTE	-	NO	0	OPENSTAX
ab5d0bbratioexpo6	AUSENTE	-	NO	0	OPENSTAX
ab5d0bbratioexpo7	AUSENTE	-	NO	0	OPENSTAX
ab5d0bbratioexpo8	AUSENTE	-	NO	0	OPENSTAX
ab5d0bbratioexpo9	AUSENTE	-	NO	0	OPENSTAX
ab62b81rational1	RESOLUBLE	CC-BY-4.0	NO	0	OPENSTAX
ab62b81rational10	RESOLUBLE	CC-BY-4.0	NO	0	OPENSTAX
ab62b81rational11	RESOLUBLE	CC-BY-4.0	NO	0	OPENSTAX
ab62b81rational12	RESOLUBLE	CC-BY-4.0	NO	0	OPENSTAX
ab62b81rational13	RESOLUBLE	CC-BY-4.0	NO	0	OPENSTAX
ab62b81rational14	RESOLUBLE	CC-BY-4.0	NO	0	OPENSTAX
ab62b81rational15	RESOLUBLE	CC-BY-4.0	NO	0	OPENSTAX
ab62b81rational16	RESOLUBLE	CC-BY-4.0	NO	0	OPENSTAX
ab62b81rational17	RESOLUBLE	CC-BY-4.0	NO	0	OPENSTAX
ab62b81rational18	RESOLUBLE	CC-BY-4.0	NO	0	OPENSTAX
ab62b81rational19	RESOLUBLE	CC-BY-4.0	NO	0	OPENSTAX
ab62b81rational2	RESOLUBLE	CC-BY-4.0	NO	0	OPENSTAX
ab62b81rational20	RESOLUBLE	CC-BY-4.0	NO	0	OPENSTAX
ab62b81rational21	RESOLUBLE	CC-BY-4.0	NO	0	OPENSTAX
ab62b81rational22	RESOLUBLE	CC-BY-4.0	NO	0	OPENSTAX
ab62b81rational23	RESOLUBLE	CC-BY-4.0	NO	0	OPENSTAX
ab62b81rational24	RESOLUBLE	CC-BY-4.0	NO	0	OPENSTAX
ab62b81rational25	RESOLUBLE	CC-BY-4.0	NO	0	OPENSTAX
ab62b81rational26	RESOLUBLE	CC-BY-4.0	NO	0	OPENSTAX
ab62b81rational27	RESOLUBLE	CC-BY-4.0	NO	0	OPENSTAX
ab62b81rational28	RESOLUBLE	CC-BY-4.0	NO	0	OPENSTAX
ab62b81rational29	RESOLUBLE	CC-BY-4.0	NO	0	OPENSTAX
ab62b81rational3	RESOLUBLE	CC-BY-4.0	NO	0	OPENSTAX
ab62b81rational30	RESOLUBLE	CC-BY-4.0	NO	0	OPENSTAX
ab62b81rational4	RESOLUBLE	CC-BY-4.0	NO	0	OPENSTAX
ab62b81rational5	RESOLUBLE	CC-BY-4.0	NO	0	OPENSTAX
ab62b81rational6	RESOLUBLE	CC-BY-4.0	NO	0	OPENSTAX
ab62b81rational7	RESOLUBLE	CC-BY-4.0	NO	0	OPENSTAX
ab62b81rational8	RESOLUBLE	CC-BY-4.0	NO	0	OPENSTAX
ab62b81rational9	RESOLUBLE	CC-BY-4.0	NO	0	OPENSTAX
ab63d62spread1	RESOLUBLE	CC-BY-4.0	NO	0	OPENSTAX
ab63d62spread10	RESOLUBLE	CC-BY-4.0	SI	1	OPENSTAX
ab63d62spread11	RESOLUBLE	CC-BY-4.0	NO	0	OPENSTAX
ab63d62spread12	RESOLUBLE	CC-BY-4.0	NO	0	OPENSTAX
ab63d62spread13	RESOLUBLE	CC-BY-4.0	NO	0	OPENSTAX
ab63d62spread14	RESOLUBLE	CC-BY-4.0	SI	1	OPENSTAX
ab63d62spread15	RESOLUBLE	CC-BY-4.0	NO	0	OPENSTAX
ab63d62spread16	RESOLUBLE	CC-BY-4.0	NO	0	OPENSTAX
ab63d62spread17	RESOLUBLE	CC-BY-4.0	SI	1	OPENSTAX
ab63d62spread18	RESOLUBLE	CC-BY-4.0	SI	1	OPENSTAX
ab63d62spread19	RESOLUBLE	CC-BY-4.0	SI	1	OPENSTAX
ab63d62spread2	RESOLUBLE	CC-BY-4.0	NO	0	OPENSTAX
ab63d62spread20	RESOLUBLE	CC-BY-4.0	NO	0	OPENSTAX
ab63d62spread21	RESOLUBLE	CC-BY-4.0	NO	0	OPENSTAX
ab63d62spread22	RESOLUBLE	CC-BY-4.0	NO	0	OPENSTAX
ab63d62spread23	RESOLUBLE	CC-BY-4.0	NO	0	OPENSTAX
ab63d62spread24	RESOLUBLE	CC-BY-4.0	NO	0	OPENSTAX
ab63d62spread25	RESOLUBLE	CC-BY-4.0	SI	1	OPENSTAX
ab63d62spread3	RESOLUBLE	CC-BY-4.0	NO	0	OPENSTAX
ab63d62spread4	RESOLUBLE	CC-BY-4.0	NO	0	OPENSTAX
ab63d62spread5	RESOLUBLE	CC-BY-4.0	NO	0	OPENSTAX
ab63d62spread6	RESOLUBLE	CC-BY-4.0	NO	0	OPENSTAX
ab63d62spread7	RESOLUBLE	CC-BY-4.0	NO	0	OPENSTAX
ab63d62spread8	RESOLUBLE	CC-BY-4.0	NO	0	OPENSTAX
ab63d62spread9	RESOLUBLE	CC-BY-4.0	SI	1	OPENSTAX
ab6a46ageo1	RESOLUBLE	CC-BY-4.0	NO	0	OPENSTAX
ab6a46ageo10	RESOLUBLE	CC-BY-4.0	NO	0	OPENSTAX
ab6a46ageo2	RESOLUBLE	CC-BY-4.0	NO	0	OPENSTAX
ab6a46ageo3	RESOLUBLE	CC-BY-4.0	NO	0	OPENSTAX
ab6a46ageo4	RESOLUBLE	CC-BY-4.0	NO	0	OPENSTAX
ab6a46ageo5	RESOLUBLE	CC-BY-4.0	NO	0	OPENSTAX
ab6a46ageo6	RESOLUBLE	CC-BY-4.0	NO	0	OPENSTAX
ab6a46ageo9	RESOLUBLE	CC-BY-4.0	NO	0	OPENSTAX
ab6a46ageometric1	RESOLUBLE	CC-BY-4.0	NO	0	OPENSTAX
ab6a46ageometric10	RESOLUBLE	CC-BY-4.0	NO	0	OPENSTAX
ab6a46ageometric11	RESOLUBLE	CC-BY-4.0	NO	0	OPENSTAX
ab6a46ageometric12	RESOLUBLE	CC-BY-4.0	NO	0	OPENSTAX
ab6a46ageometric13	RESOLUBLE	CC-BY-4.0	NO	0	OPENSTAX
ab6a46ageometric14	RESOLUBLE	CC-BY-4.0	NO	0	OPENSTAX
ab6a46ageometric15	RESOLUBLE	CC-BY-4.0	NO	0	OPENSTAX
ab6a46ageometric2	RESOLUBLE	CC-BY-4.0	NO	0	OPENSTAX
ab6a46ageometric3	RESOLUBLE	CC-BY-4.0	NO	0	OPENSTAX
ab6a46ageometric4	RESOLUBLE	CC-BY-4.0	NO	0	OPENSTAX
ab6a46ageometric5	RESOLUBLE	CC-BY-4.0	NO	0	OPENSTAX
ab6a46ageometric6	RESOLUBLE	CC-BY-4.0	NO	0	OPENSTAX
ab6a46ageometric7	RESOLUBLE	CC-BY-4.0	NO	0	OPENSTAX
ab6a46ageometric8	RESOLUBLE	CC-BY-4.0	NO	0	OPENSTAX
ab6a46ageometric9	RESOLUBLE	CC-BY-4.0	NO	0	OPENSTAX
ab6e016comp3	RESOLUBLE	CC-BY-4.0	NO	0	OPENSTAX
ab6e016composition2	RESOLUBLE	CC-BY-4.0	NO	0	OPENSTAX
ab6e016composition24	RESOLUBLE	CC-BY-4.0	NO	0	OPENSTAX
ab6e016inverse1	RESOLUBLE	CC-BY-4.0	NO	0	OPENSTAX
ab6e016inverse24	RESOLUBLE	CC-BY-4.0	NO	0	OPENSTAX
ab6e016inverse3	RESOLUBLE	CC-BY-4.0	NO	0	OPENSTAX
ab7c38dgraphExp1	RESOLUBLE	CC-BY-4.0	NO	0	OPENSTAX
ab7c38dgraphExp12	RESOLUBLE	CC-BY-4.0	SI	2	OPENSTAX
ab7c38dgraphExp13	RESOLUBLE	CC-BY-4.0	SI	2	OPENSTAX
ab7c38dgraphExp2	RESOLUBLE	CC-BY-4.0	NO	0	OPENSTAX
ab7c38dlog1	RESOLUBLE	CC-BY-4.0	NO	0	OPENSTAX
ab7c38dlog13	RESOLUBLE	CC-BY-4.0	SI	2	OPENSTAX
ab7c38dlog14	RESOLUBLE	CC-BY-4.0	SI	2	OPENSTAX
ab7c38dlog2	RESOLUBLE	CC-BY-4.0	NO	0	OPENSTAX
ab7c38dlog3	RESOLUBLE	CC-BY-4.0	NO	0	OPENSTAX
ab846b4standard1	RESOLUBLE	CC-BY-4.0	NO	0	OPENSTAX
ab846b4standard10	RESOLUBLE	CC-BY-4.0	NO	0	OPENSTAX
ab846b4standard11	RESOLUBLE	CC-BY-4.0	NO	0	OPENSTAX
ab846b4standard12	RESOLUBLE	CC-BY-4.0	NO	0	OPENSTAX
ab846b4standard13	RESOLUBLE	CC-BY-4.0	NO	0	OPENSTAX
ab846b4standard14	RESOLUBLE	CC-BY-4.0	NO	0	OPENSTAX
ab846b4standard15	RESOLUBLE	CC-BY-4.0	NO	0	OPENSTAX
ab846b4standard2	RESOLUBLE	CC-BY-4.0	NO	0	OPENSTAX
ab846b4standard3	RESOLUBLE	CC-BY-4.0	NO	0	OPENSTAX
ab846b4standard4	RESOLUBLE	CC-BY-4.0	NO	0	OPENSTAX
ab846b4standard5	RESOLUBLE	CC-BY-4.0	NO	0	OPENSTAX
ab846b4standard6	RESOLUBLE	CC-BY-4.0	NO	0	OPENSTAX
ab846b4standard7	RESOLUBLE	CC-BY-4.0	NO	0	OPENSTAX
ab846b4standard8	RESOLUBLE	CC-BY-4.0	NO	0	OPENSTAX
ab846b4standard9	RESOLUBLE	CC-BY-4.0	NO	0	OPENSTAX
ab8934ethreevar10	RESOLUBLE	CC-BY-4.0	NO	0	OPENSTAX
ab8934ethreevar11	RESOLUBLE	CC-BY-4.0	NO	0	OPENSTAX
ab8934ethreevar12	RESOLUBLE	CC-BY-4.0	NO	0	OPENSTAX
ab8934ethreevar13	RESOLUBLE	CC-BY-4.0	NO	0	OPENSTAX
ab8934ethreevar14	RESOLUBLE	CC-BY-4.0	NO	0	OPENSTAX
ab8934ethreevar15	RESOLUBLE	CC-BY-4.0	NO	0	OPENSTAX
ab8934ethreevar16	RESOLUBLE	CC-BY-4.0	NO	0	OPENSTAX
ab8934ethreevar17	RESOLUBLE	CC-BY-4.0	NO	0	OPENSTAX
ab8934ethreevar18	RESOLUBLE	CC-BY-4.0	NO	0	OPENSTAX
ab8934ethreevar19	RESOLUBLE	CC-BY-4.0	NO	0	OPENSTAX
ab8934ethreevar2	RESOLUBLE	CC-BY-4.0	NO	0	OPENSTAX
ab8934ethreevar20	RESOLUBLE	CC-BY-4.0	NO	0	OPENSTAX
ab8934ethreevar21	RESOLUBLE	CC-BY-4.0	NO	0	OPENSTAX
ab8934ethreevar22	RESOLUBLE	CC-BY-4.0	NO	0	OPENSTAX
ab8934ethreevar23	RESOLUBLE	CC-BY-4.0	NO	0	OPENSTAX
ab8934ethreevar24	RESOLUBLE	CC-BY-4.0	NO	0	OPENSTAX
ab8934ethreevar25	RESOLUBLE	CC-BY-4.0	NO	0	OPENSTAX
ab8934ethreevar26	RESOLUBLE	CC-BY-4.0	NO	0	OPENSTAX
ab8934ethreevar27	RESOLUBLE	CC-BY-4.0	NO	0	OPENSTAX
ab8934ethreevar28	RESOLUBLE	CC-BY-4.0	NO	0	OPENSTAX
ab8934ethreevar3	RESOLUBLE	CC-BY-4.0	NO	0	OPENSTAX
ab8934ethreevar4	RESOLUBLE	CC-BY-4.0	NO	0	OPENSTAX
ab8934ethreevar5	RESOLUBLE	CC-BY-4.0	NO	0	OPENSTAX
ab8934ethreevar6	RESOLUBLE	CC-BY-4.0	NO	0	OPENSTAX
ab8934ethreevar7	RESOLUBLE	CC-BY-4.0	NO	0	OPENSTAX
ab8934ethreevar8	RESOLUBLE	CC-BY-4.0	NO	0	OPENSTAX
ab8934ethreevar9	RESOLUBLE	CC-BY-4.0	NO	0	OPENSTAX
ab8b840systemeq1	RESOLUBLE	CC-BY-4.0	NO	0	OPENSTAX
ab8b840systemeq10	RESOLUBLE	CC-BY-4.0	NO	0	OPENSTAX
ab8b840systemeq2	RESOLUBLE	CC-BY-4.0	NO	0	OPENSTAX
ab8b840systemeq3	RESOLUBLE	CC-BY-4.0	NO	0	OPENSTAX
ab8b840systemeq4	RESOLUBLE	CC-BY-4.0	NO	0	OPENSTAX
ab8b840systemeq5	RESOLUBLE	CC-BY-4.0	NO	0	OPENSTAX
ab8b840systemeq6	RESOLUBLE	CC-BY-4.0	NO	0	OPENSTAX
ab8b840systemeq7	RESOLUBLE	CC-BY-4.0	NO	0	OPENSTAX
ab8b840systemeq8	RESOLUBLE	CC-BY-4.0	NO	0	OPENSTAX
ab8b840systemeq9	RESOLUBLE	CC-BY-4.0	NO	0	OPENSTAX
ab8b840systems1	RESOLUBLE	CC-BY-4.0	NO	0	OPENSTAX
ab8b840systems10	RESOLUBLE	CC-BY-4.0	NO	0	OPENSTAX
ab8b840systems11	RESOLUBLE	CC-BY-4.0	NO	0	OPENSTAX
ab8b840systems12	RESOLUBLE	CC-BY-4.0	NO	0	OPENSTAX
ab8b840systems13	RESOLUBLE	CC-BY-4.0	NO	0	OPENSTAX
ab8b840systems14	RESOLUBLE	CC-BY-4.0	NO	0	OPENSTAX
ab8b840systems15	RESOLUBLE	CC-BY-4.0	NO	0	OPENSTAX
ab8b840systems16	RESOLUBLE	CC-BY-4.0	NO	0	OPENSTAX
ab8b840systems2	RESOLUBLE	CC-BY-4.0	NO	0	OPENSTAX
ab8b840systems3	RESOLUBLE	CC-BY-4.0	NO	0	OPENSTAX
ab8b840systems4	RESOLUBLE	CC-BY-4.0	NO	0	OPENSTAX
ab8b840systems5	RESOLUBLE	CC-BY-4.0	NO	0	OPENSTAX
ab8b840systems6	RESOLUBLE	CC-BY-4.0	NO	0	OPENSTAX
ab8b840systems7	RESOLUBLE	CC-BY-4.0	NO	0	OPENSTAX
ab8b840systems8	RESOLUBLE	CC-BY-4.0	NO	0	OPENSTAX
ab8b840systems9	RESOLUBLE	CC-BY-4.0	NO	0	OPENSTAX
aba0997real1	RESOLUBLE	CC-BY-4.0	NO	0	OPENSTAX
aba0997real10	RESOLUBLE	CC-BY-4.0	NO	0	OPENSTAX
aba0997real11	RESOLUBLE	CC-BY-4.0	NO	0	OPENSTAX
aba0997real12	RESOLUBLE	CC-BY-4.0	NO	0	OPENSTAX
aba0997real13	RESOLUBLE	CC-BY-4.0	NO	0	OPENSTAX
aba0997real14	RESOLUBLE	CC-BY-4.0	NO	0	OPENSTAX
aba0997real15	RESOLUBLE	CC-BY-4.0	NO	0	OPENSTAX
aba0997real16	RESOLUBLE	CC-BY-4.0	NO	0	OPENSTAX
aba0997real17	RESOLUBLE	CC-BY-4.0	NO	0	OPENSTAX
aba0997real18	RESOLUBLE	CC-BY-4.0	NO	0	OPENSTAX
aba0997real19	RESOLUBLE	CC-BY-4.0	NO	0	OPENSTAX
aba0997real2	RESOLUBLE	CC-BY-4.0	NO	0	OPENSTAX
aba0997real20	RESOLUBLE	CC-BY-4.0	NO	0	OPENSTAX
aba0997real21	RESOLUBLE	CC-BY-4.0	NO	0	OPENSTAX
aba0997real22	RESOLUBLE	CC-BY-4.0	NO	0	OPENSTAX
aba0997real23	RESOLUBLE	CC-BY-4.0	NO	0	OPENSTAX
aba0997real24	RESOLUBLE	CC-BY-4.0	NO	0	OPENSTAX
aba0997real25	RESOLUBLE	CC-BY-4.0	NO	0	OPENSTAX
aba0997real26	RESOLUBLE	CC-BY-4.0	NO	0	OPENSTAX
aba0997real27	RESOLUBLE	CC-BY-4.0	NO	0	OPENSTAX
aba0997real28	RESOLUBLE	CC-BY-4.0	NO	0	OPENSTAX
aba0997real29	RESOLUBLE	CC-BY-4.0	NO	0	OPENSTAX
aba0997real3	RESOLUBLE	CC-BY-4.0	NO	0	OPENSTAX
aba0997real30	RESOLUBLE	CC-BY-4.0	NO	0	OPENSTAX
aba0997real4	RESOLUBLE	CC-BY-4.0	NO	0	OPENSTAX
aba0997real5	RESOLUBLE	CC-BY-4.0	NO	0	OPENSTAX
aba0997real6	RESOLUBLE	CC-BY-4.0	NO	0	OPENSTAX
aba0997real8	RESOLUBLE	CC-BY-4.0	NO	0	OPENSTAX
aba0997real9	RESOLUBLE	CC-BY-4.0	NO	0	OPENSTAX
aba1299row1	NO-ES-CESION	https://ds100.org/sp26/assets/exams/fa25/fa25_mt2.pdf	NO	0	NO-OPENSTAX
aba1299row10	NO-ES-CESION	https://ds100.org/sp26/assets/exams/sp25/sp25_mt.pdf	NO	0	NO-OPENSTAX
aba1299row10p2	NO-ES-CESION	https://ds100.org/sp26/assets/exams/sp25/sp25_mt.pdf	NO	0	NO-OPENSTAX
aba1299row1_part2	NO-ES-CESION	https://ds100.org/sp26/assets/exams/fa25/fa25_mt2.pdf	SI	1	NO-OPENSTAX
aba1299row1_part3	NO-ES-CESION	https://ds100.org/sp26/assets/exams/fa25/fa25_mt2.pdf	SI	1	NO-OPENSTAX
aba1299row1_part4	NO-ES-CESION	https://ds100.org/sp26/assets/exams/fa25/fa25_mt2.pdf	SI	1	NO-OPENSTAX
aba1299row2	NO-ES-CESION	https://ds100.org/sp26/assets/exams/su25/su25_final.pdf	SI	1	NO-OPENSTAX
aba1299row3	NO-ES-CESION	https://ds100.org/sp26/assets/exams/sp25/sp25_final.pdf	SI	2	NO-OPENSTAX
aba1299row4	NO-ES-CESION	https://ds100.org/sp26/assets/exams/sp25/sp25_final.pdf	NO	0	NO-OPENSTAX
aba1299row5	NO-ES-CESION	https://ds100.org/sp26/assets/exams/sp25/sp25_mt.pdf	NO	0	NO-OPENSTAX
aba1299row5_part2	NO-ES-CESION	https://ds100.org/sp26/assets/exams/sp25/sp25_mt.pdf	SI	1	NO-OPENSTAX
aba1299row6	NO-ES-CESION	https://ds100.org/su26/past-exams/	SI	8	NO-OPENSTAX
aba1299row6p2	NO-ES-CESION	https://ds100.org/su26/past-exams/	SI	2	NO-OPENSTAX
aba1299row7	NO-ES-CESION	https://ds100.org/sp26/assets/exams/sp25/sp25_mt.pdf	SI	1	NO-OPENSTAX
aba1299row8	NO-ES-CESION	https://ds100.org/sp26/assets/exams/sp25/sp25_mt.pdf	SI	1	NO-OPENSTAX
aba1299row8p2	NO-ES-CESION	https://ds100.org/sp26/assets/exams/sp25/sp25_mt.pdf	SI	1	NO-OPENSTAX
aba1299row9	NO-ES-CESION	https://ds100.org/sp26/assets/exams/sp25/sp25_mt.pdf	NO	0	NO-OPENSTAX
aba1299row9p2	NO-ES-CESION	https://ds100.org/sp26/assets/exams/sp25/sp25_mt.pdf	SI	2	NO-OPENSTAX
abaea60linmom1	RESOLUBLE	CC-BY-4.0	NO	0	OPENSTAX
abaea60linmom10	RESOLUBLE	CC-BY-4.0	NO	0	OPENSTAX
abaea60linmom11	RESOLUBLE	CC-BY-4.0	NO	0	OPENSTAX
abaea60linmom12	RESOLUBLE	CC-BY-4.0	NO	0	OPENSTAX
abaea60linmom13	RESOLUBLE	CC-BY-4.0	NO	0	OPENSTAX
abaea60linmom14	RESOLUBLE	CC-BY-4.0	NO	0	OPENSTAX
abaea60linmom15	RESOLUBLE	CC-BY-4.0	NO	0	OPENSTAX
abaea60linmom16	RESOLUBLE	CC-BY-4.0	NO	0	OPENSTAX
abaea60linmom17	RESOLUBLE	CC-BY-4.0	NO	0	OPENSTAX
abaea60linmom18	RESOLUBLE	CC-BY-4.0	NO	0	OPENSTAX
abaea60linmom2	RESOLUBLE	CC-BY-4.0	NO	0	OPENSTAX
abaea60linmom20	RESOLUBLE	CC-BY-4.0	NO	0	OPENSTAX
abaea60linmom21	RESOLUBLE	CC-BY-4.0	NO	0	OPENSTAX
abaea60linmom22	RESOLUBLE	CC-BY-4.0	NO	0	OPENSTAX
abaea60linmom3	RESOLUBLE	CC-BY-4.0	NO	0	OPENSTAX
abaea60linmom4	RESOLUBLE	CC-BY-4.0	NO	0	OPENSTAX
abaea60linmom5	RESOLUBLE	CC-BY-4.0	NO	0	OPENSTAX
abaea60linmom6	RESOLUBLE	CC-BY-4.0	NO	0	OPENSTAX
abaea60linmom7	RESOLUBLE	CC-BY-4.0	NO	0	OPENSTAX
abaea60linmom8	RESOLUBLE	CC-BY-4.0	NO	0	OPENSTAX
abaea60linmom9	RESOLUBLE	CC-BY-4.0	NO	0	OPENSTAX
abc1682approximating1	AUSENTE	-	NO	0	OPENSTAX
abc1682approximating10	AUSENTE	-	NO	0	OPENSTAX
abc1682approximating11	AUSENTE	-	NO	0	OPENSTAX
abc1682approximating12	AUSENTE	-	NO	0	OPENSTAX
abc1682approximating13	AUSENTE	-	SI	1	OPENSTAX
abc1682approximating14	AUSENTE	-	NO	0	OPENSTAX
abc1682approximating15	AUSENTE	-	NO	0	OPENSTAX
abc1682approximating2	AUSENTE	-	NO	0	OPENSTAX
abc1682approximating3	AUSENTE	-	NO	0	OPENSTAX
abc1682approximating4	AUSENTE	-	SI	1	OPENSTAX
abc1682approximating5	AUSENTE	-	SI	1	OPENSTAX
abc1682approximating6	AUSENTE	-	SI	1	OPENSTAX
abc1682approximating7	AUSENTE	-	SI	1	OPENSTAX
abc1682approximating8	AUSENTE	-	NO	0	OPENSTAX
abc1682approximating9	AUSENTE	-	NO	0	OPENSTAX
abc3475rational1	RESOLUBLE	CC-BY-4.0	NO	0	OPENSTAX
abc3475rational10	RESOLUBLE	CC-BY-4.0	NO	0	OPENSTAX
abc3475rational11	RESOLUBLE	CC-BY-4.0	NO	0	OPENSTAX
abc3475rational12	RESOLUBLE	CC-BY-4.0	NO	0	OPENSTAX
abc3475rational13	RESOLUBLE	CC-BY-4.0	NO	0	OPENSTAX
abc3475rational14	RESOLUBLE	CC-BY-4.0	NO	0	OPENSTAX
abc3475rational15	RESOLUBLE	CC-BY-4.0	NO	0	OPENSTAX
abc3475rational16	RESOLUBLE	CC-BY-4.0	NO	0	OPENSTAX
abc3475rational17	RESOLUBLE	CC-BY-4.0	NO	0	OPENSTAX
abc3475rational18	RESOLUBLE	CC-BY-4.0	NO	0	OPENSTAX
abc3475rational19	RESOLUBLE	CC-BY-4.0	NO	0	OPENSTAX
abc3475rational2	RESOLUBLE	CC-BY-4.0	NO	0	OPENSTAX
abc3475rational20	RESOLUBLE	CC-BY-4.0	NO	0	OPENSTAX
abc3475rational21	RESOLUBLE	CC-BY-4.0	NO	0	OPENSTAX
abc3475rational22	RESOLUBLE	CC-BY-4.0	NO	0	OPENSTAX
abc3475rational23	RESOLUBLE	CC-BY-4.0	NO	0	OPENSTAX
abc3475rational24	RESOLUBLE	CC-BY-4.0	NO	0	OPENSTAX
abc3475rational25	RESOLUBLE	CC-BY-4.0	NO	0	OPENSTAX
abc3475rational26	RESOLUBLE	CC-BY-4.0	NO	0	OPENSTAX
abc3475rational27	RESOLUBLE	CC-BY-4.0	NO	0	OPENSTAX
abc3475rational28	RESOLUBLE	CC-BY-4.0	NO	0	OPENSTAX
abc3475rational29	RESOLUBLE	CC-BY-4.0	NO	0	OPENSTAX
abc3475rational3	RESOLUBLE	CC-BY-4.0	NO	0	OPENSTAX
abc3475rational30	RESOLUBLE	CC-BY-4.0	NO	0	OPENSTAX
abc3475rational4	RESOLUBLE	CC-BY-4.0	NO	0	OPENSTAX
abc3475rational5	RESOLUBLE	CC-BY-4.0	NO	0	OPENSTAX
abc3475rational6	RESOLUBLE	CC-BY-4.0	NO	0	OPENSTAX
abc3475rational7	RESOLUBLE	CC-BY-4.0	NO	0	OPENSTAX
abc3475rational8	RESOLUBLE	CC-BY-4.0	NO	0	OPENSTAX
abc3475rational9	RESOLUBLE	CC-BY-4.0	NO	0	OPENSTAX
abcb484geometric1	RESOLUBLE	CC-BY-4.0	NO	0	OPENSTAX
abcb484geometric10	RESOLUBLE	CC-BY-4.0	NO	0	OPENSTAX
abcb484geometric11	RESOLUBLE	CC-BY-4.0	NO	0	OPENSTAX
abcb484geometric12	RESOLUBLE	CC-BY-4.0	NO	0	OPENSTAX
abcb484geometric13	RESOLUBLE	CC-BY-4.0	NO	0	OPENSTAX
abcb484geometric14	RESOLUBLE	CC-BY-4.0	NO	0	OPENSTAX
abcb484geometric15	RESOLUBLE	CC-BY-4.0	NO	0	OPENSTAX
abcb484geometric16	RESOLUBLE	CC-BY-4.0	NO	0	OPENSTAX
abcb484geometric17	RESOLUBLE	CC-BY-4.0	NO	0	OPENSTAX
abcb484geometric18	RESOLUBLE	CC-BY-4.0	NO	0	OPENSTAX
abcb484geometric19	RESOLUBLE	CC-BY-4.0	NO	0	OPENSTAX
abcb484geometric2	RESOLUBLE	CC-BY-4.0	NO	0	OPENSTAX
abcb484geometric20	RESOLUBLE	CC-BY-4.0	NO	0	OPENSTAX
abcb484geometric21	RESOLUBLE	CC-BY-4.0	NO	0	OPENSTAX
abcb484geometric22	RESOLUBLE	CC-BY-4.0	NO	0	OPENSTAX
abcb484geometric23	RESOLUBLE	CC-BY-4.0	NO	0	OPENSTAX
abcb484geometric24	RESOLUBLE	CC-BY-4.0	NO	0	OPENSTAX
abcb484geometric25	RESOLUBLE	CC-BY-4.0	NO	0	OPENSTAX
abcb484geometric26	RESOLUBLE	CC-BY-4.0	NO	0	OPENSTAX
abcb484geometric27	RESOLUBLE	CC-BY-4.0	NO	0	OPENSTAX
abcb484geometric28	RESOLUBLE	CC-BY-4.0	NO	0	OPENSTAX
abcb484geometric29	RESOLUBLE	CC-BY-4.0	NO	0	OPENSTAX
abcb484geometric3	RESOLUBLE	CC-BY-4.0	NO	0	OPENSTAX
abcb484geometric30	RESOLUBLE	CC-BY-4.0	NO	0	OPENSTAX
abcb484geometric4	RESOLUBLE	CC-BY-4.0	NO	0	OPENSTAX
abcb484geometric5	RESOLUBLE	CC-BY-4.0	NO	0	OPENSTAX
abcb484geometric6	RESOLUBLE	CC-BY-4.0	NO	0	OPENSTAX
abcb484geometric7	RESOLUBLE	CC-BY-4.0	NO	0	OPENSTAX
abcb484geometric8	RESOLUBLE	CC-BY-4.0	NO	0	OPENSTAX
abcb484geometric9	RESOLUBLE	CC-BY-4.0	NO	0	OPENSTAX
abcc0f7chi1	RESOLUBLE	CC-BY-4.0	NO	0	OPENSTAX
abcc0f7chi10	RESOLUBLE	CC-BY-4.0	NO	0	OPENSTAX
abcc0f7chi11	RESOLUBLE	CC-BY-4.0	NO	0	OPENSTAX
abcc0f7chi12	RESOLUBLE	CC-BY-4.0	NO	0	OPENSTAX
abcc0f7chi13	RESOLUBLE	CC-BY-4.0	NO	0	OPENSTAX
abcc0f7chi14	RESOLUBLE	CC-BY-4.0	NO	0	OPENSTAX
abcc0f7chi15	RESOLUBLE	CC-BY-4.0	NO	0	OPENSTAX
abcc0f7chi2	RESOLUBLE	CC-BY-4.0	NO	0	OPENSTAX
abcc0f7chi3	RESOLUBLE	CC-BY-4.0	NO	0	OPENSTAX
abcc0f7chi4	RESOLUBLE	CC-BY-4.0	NO	0	OPENSTAX
abcc0f7chi5	RESOLUBLE	CC-BY-4.0	NO	0	OPENSTAX
abcc0f7chi6	RESOLUBLE	CC-BY-4.0	NO	0	OPENSTAX
abcc0f7chi7	RESOLUBLE	CC-BY-4.0	NO	0	OPENSTAX
abcc0f7chi8	RESOLUBLE	CC-BY-4.0	NO	0	OPENSTAX
abcc0f7chi9	RESOLUBLE	CC-BY-4.0	NO	0	OPENSTAX
abcfddehomogen1	RESOLUBLE	CC-BY-4.0	SI	2	OPENSTAX
abcfddehomogen2	RESOLUBLE	CC-BY-4.0	SI	2	OPENSTAX
abd4034poly1	RESOLUBLE	CC-BY-4.0	NO	0	OPENSTAX
abd4034poly10	RESOLUBLE	CC-BY-4.0	NO	0	OPENSTAX
abd4034poly11	RESOLUBLE	CC-BY-4.0	NO	0	OPENSTAX
abd4034poly12	RESOLUBLE	CC-BY-4.0	NO	0	OPENSTAX
abd4034poly13	RESOLUBLE	CC-BY-4.0	NO	0	OPENSTAX
abd4034poly14	RESOLUBLE	CC-BY-4.0	NO	0	OPENSTAX
abd4034poly15	RESOLUBLE	CC-BY-4.0	NO	0	OPENSTAX
abd4034poly16	RESOLUBLE	CC-BY-4.0	NO	0	OPENSTAX
abd4034poly17	RESOLUBLE	CC-BY-4.0	NO	0	OPENSTAX
abd4034poly18	RESOLUBLE	CC-BY-4.0	NO	0	OPENSTAX
abd4034poly19	RESOLUBLE	CC-BY-4.0	NO	0	OPENSTAX
abd4034poly2	RESOLUBLE	CC-BY-4.0	NO	0	OPENSTAX
abd4034poly20	RESOLUBLE	CC-BY-4.0	NO	0	OPENSTAX
abd4034poly21	RESOLUBLE	CC-BY-4.0	NO	0	OPENSTAX
abd4034poly22	RESOLUBLE	CC-BY-4.0	NO	0	OPENSTAX
abd4034poly23	RESOLUBLE	CC-BY-4.0	NO	0	OPENSTAX
abd4034poly24	RESOLUBLE	CC-BY-4.0	NO	0	OPENSTAX
abd4034poly25	RESOLUBLE	CC-BY-4.0	NO	0	OPENSTAX
abd4034poly26	RESOLUBLE	CC-BY-4.0	NO	0	OPENSTAX
abd4034poly27	RESOLUBLE	CC-BY-4.0	NO	0	OPENSTAX
abd4034poly28	RESOLUBLE	CC-BY-4.0	NO	0	OPENSTAX
abd4034poly29	RESOLUBLE	CC-BY-4.0	NO	0	OPENSTAX
abd4034poly3	RESOLUBLE	CC-BY-4.0	NO	0	OPENSTAX
abd4034poly30	RESOLUBLE	CC-BY-4.0	NO	0	OPENSTAX
abd4034poly4	RESOLUBLE	CC-BY-4.0	NO	0	OPENSTAX
abd4034poly5	RESOLUBLE	CC-BY-4.0	NO	0	OPENSTAX
abd4034poly6	RESOLUBLE	CC-BY-4.0	NO	0	OPENSTAX
abd4034poly7	RESOLUBLE	CC-BY-4.0	NO	0	OPENSTAX
abd4034poly8	RESOLUBLE	CC-BY-4.0	NO	0	OPENSTAX
abd4034poly9	RESOLUBLE	CC-BY-4.0	NO	0	OPENSTAX
abd4835power1	RESOLUBLE	CC-BY-4.0	NO	0	OPENSTAX
abd4835power10	RESOLUBLE	CC-BY-4.0	NO	0	OPENSTAX
abd4835power11	RESOLUBLE	CC-BY-4.0	NO	0	OPENSTAX
abd4835power12	RESOLUBLE	CC-BY-4.0	NO	0	OPENSTAX
abd4835power13	RESOLUBLE	CC-BY-4.0	NO	0	OPENSTAX
abd4835power14	RESOLUBLE	CC-BY-4.0	NO	0	OPENSTAX
abd4835power15	RESOLUBLE	CC-BY-4.0	NO	0	OPENSTAX
abd4835power16	RESOLUBLE	CC-BY-4.0	NO	0	OPENSTAX
abd4835power17	RESOLUBLE	CC-BY-4.0	NO	0	OPENSTAX
abd4835power18	RESOLUBLE	CC-BY-4.0	NO	0	OPENSTAX
abd4835power19	RESOLUBLE	CC-BY-4.0	NO	0	OPENSTAX
abd4835power2	RESOLUBLE	CC-BY-4.0	NO	0	OPENSTAX
abd4835power20	RESOLUBLE	CC-BY-4.0	NO	0	OPENSTAX
abd4835power21	RESOLUBLE	CC-BY-4.0	NO	0	OPENSTAX
abd4835power27	RESOLUBLE	CC-BY-4.0	NO	0	OPENSTAX
abd4835power28	RESOLUBLE	CC-BY-4.0	NO	0	OPENSTAX
abd4835power29	RESOLUBLE	CC-BY-4.0	NO	0	OPENSTAX
abd4835power3	RESOLUBLE	CC-BY-4.0	NO	0	OPENSTAX
abd4835power30	RESOLUBLE	CC-BY-4.0	NO	0	OPENSTAX
abd4835power31	RESOLUBLE	CC-BY-4.0	NO	0	OPENSTAX
abd4835power32	RESOLUBLE	CC-BY-4.0	NO	0	OPENSTAX
abd4835power33	RESOLUBLE	CC-BY-4.0	NO	0	OPENSTAX
abd4835power34	RESOLUBLE	CC-BY-4.0	NO	0	OPENSTAX
abd4835power35	RESOLUBLE	CC-BY-4.0	NO	0	OPENSTAX
abd4835power4	RESOLUBLE	CC-BY-4.0	NO	0	OPENSTAX
abd4835power5	RESOLUBLE	CC-BY-4.0	NO	0	OPENSTAX
abd4835power6	RESOLUBLE	CC-BY-4.0	NO	0	OPENSTAX
abd4835power7	RESOLUBLE	CC-BY-4.0	NO	0	OPENSTAX
abd4835power8	RESOLUBLE	CC-BY-4.0	NO	0	OPENSTAX
abd4835power9	RESOLUBLE	CC-BY-4.0	NO	0	OPENSTAX
abd66f7distance1	RESOLUBLE	CC-BY-4.0	NO	0	OPENSTAX
abd66f7distance10	RESOLUBLE	CC-BY-4.0	NO	0	OPENSTAX
abd66f7distance11	RESOLUBLE	CC-BY-4.0	NO	0	OPENSTAX
abd66f7distance12	RESOLUBLE	CC-BY-4.0	NO	0	OPENSTAX
abd66f7distance13	RESOLUBLE	CC-BY-4.0	NO	0	OPENSTAX
abd66f7distance14	RESOLUBLE	CC-BY-4.0	NO	0	OPENSTAX
abd66f7distance15	RESOLUBLE	CC-BY-4.0	NO	0	OPENSTAX
abd66f7distance16	RESOLUBLE	CC-BY-4.0	NO	0	OPENSTAX
abd66f7distance2	RESOLUBLE	CC-BY-4.0	NO	0	OPENSTAX
abd66f7distance3	RESOLUBLE	CC-BY-4.0	NO	0	OPENSTAX
abd66f7distance4	RESOLUBLE	CC-BY-4.0	NO	0	OPENSTAX
abd66f7distance5	RESOLUBLE	CC-BY-4.0	NO	0	OPENSTAX
abd66f7distance6	RESOLUBLE	CC-BY-4.0	NO	0	OPENSTAX
abd66f7distance7	RESOLUBLE	CC-BY-4.0	NO	0	OPENSTAX
abd66f7distance8	RESOLUBLE	CC-BY-4.0	NO	0	OPENSTAX
abd66f7distance9	RESOLUBLE	CC-BY-4.0	NO	0	OPENSTAX
abe88c3log1	RESOLUBLE	CC-BY-4.0	NO	0	OPENSTAX
abe88c3log10	RESOLUBLE	CC-BY-4.0	NO	0	OPENSTAX
abe88c3log11	RESOLUBLE	CC-BY-4.0	NO	0	OPENSTAX
abe88c3log12	RESOLUBLE	CC-BY-4.0	NO	0	OPENSTAX
abe88c3log13	RESOLUBLE	CC-BY-4.0	NO	0	OPENSTAX
abe88c3log14	RESOLUBLE	CC-BY-4.0	NO	0	OPENSTAX
abe88c3log15	RESOLUBLE	CC-BY-4.0	NO	0	OPENSTAX
abe88c3log16	RESOLUBLE	CC-BY-4.0	NO	0	OPENSTAX
abe88c3log17	RESOLUBLE	CC-BY-4.0	NO	0	OPENSTAX
abe88c3log18	RESOLUBLE	CC-BY-4.0	NO	0	OPENSTAX
abe88c3log19	RESOLUBLE	CC-BY-4.0	NO	0	OPENSTAX
abe88c3log2	RESOLUBLE	CC-BY-4.0	NO	0	OPENSTAX
abe88c3log20	RESOLUBLE	CC-BY-4.0	NO	0	OPENSTAX
abe88c3log21	RESOLUBLE	CC-BY-4.0	NO	0	OPENSTAX
abe88c3log22	RESOLUBLE	CC-BY-4.0	NO	0	OPENSTAX
abe88c3log23	RESOLUBLE	CC-BY-4.0	NO	0	OPENSTAX
abe88c3log24	RESOLUBLE	CC-BY-4.0	NO	0	OPENSTAX
abe88c3log25	RESOLUBLE	CC-BY-4.0	NO	0	OPENSTAX
abe88c3log26	RESOLUBLE	CC-BY-4.0	NO	0	OPENSTAX
abe88c3log27	RESOLUBLE	CC-BY-4.0	NO	0	OPENSTAX
abe88c3log28	RESOLUBLE	CC-BY-4.0	NO	0	OPENSTAX
abe88c3log29	RESOLUBLE	CC-BY-4.0	NO	0	OPENSTAX
abe88c3log3	RESOLUBLE	CC-BY-4.0	NO	0	OPENSTAX
abe88c3log30	RESOLUBLE	CC-BY-4.0	NO	0	OPENSTAX
abe88c3log4	RESOLUBLE	CC-BY-4.0	NO	0	OPENSTAX
abe88c3log5	RESOLUBLE	CC-BY-4.0	NO	0	OPENSTAX
abe88c3log6	RESOLUBLE	CC-BY-4.0	NO	0	OPENSTAX
abe88c3log7	RESOLUBLE	CC-BY-4.0	NO	0	OPENSTAX
abe88c3log8	RESOLUBLE	CC-BY-4.0	NO	0	OPENSTAX
abe88c3log9	RESOLUBLE	CC-BY-4.0	NO	0	OPENSTAX
abf1b34stem1	RESOLUBLE	CC-BY-4.0	SI	1	OPENSTAX
abf1b34stem10	RESOLUBLE	CC-BY-4.0	SI	2	OPENSTAX
abf1b34stem11	RESOLUBLE	CC-BY-4.0	SI	2	OPENSTAX
abf1b34stem12	RESOLUBLE	CC-BY-4.0	SI	2	OPENSTAX
abf1b34stem13	RESOLUBLE	CC-BY-4.0	SI	2	OPENSTAX
abf1b34stem14	RESOLUBLE	CC-BY-4.0	SI	2	OPENSTAX
abf1b34stem15	RESOLUBLE	CC-BY-4.0	SI	2	OPENSTAX
abf1b34stem2	RESOLUBLE	CC-BY-4.0	SI	1	OPENSTAX
abf1b34stem3	RESOLUBLE	CC-BY-4.0	SI	1	OPENSTAX
abf1b34stem4	RESOLUBLE	CC-BY-4.0	SI	1	OPENSTAX
abf1b34stem5	RESOLUBLE	CC-BY-4.0	SI	1	OPENSTAX
abf1b34stem6	RESOLUBLE	CC-BY-4.0	SI	1	OPENSTAX
abf1b34stem7	RESOLUBLE	CC-BY-4.0	SI	1	OPENSTAX
abf1b34stem8	RESOLUBLE	CC-BY-4.0	SI	2	OPENSTAX
abf1b34stem9	RESOLUBLE	CC-BY-4.0	SI	2	OPENSTAX
abf3684ds100-fa23-final-Q2	NO-ES-CESION	https://ds100.org/su26/past-exams/	NO	0	NO-OPENSTAX
abf3684ds100-fa23-mt-Q5b	NO-ES-CESION	https://ds100.org/su26/past-exams/	NO	0	NO-OPENSTAX
abf3684ds100-fa24-final-Q3a	NO-ES-CESION	https://ds100.org/su26/past-exams/	SI	3	NO-OPENSTAX
abf3684ds100-fa24-final-Q5a,Q5b	NO-ES-CESION	https://ds100.org/su26/past-exams/	NO	0	NO-OPENSTAX
abf3684ds100-fa24-final-Q6c	NO-ES-CESION	https://ds100.org/su26/past-exams/	SI	1	NO-OPENSTAX
abf3684ds100-sp24-final-Q2	NO-ES-CESION	https://ds100.org/su26/past-exams/	NO	0	NO-OPENSTAX
abf3684ds100-sp24-mt-Q5	NO-ES-CESION	https://ds100.org/su26/past-exams/	SI	1	NO-OPENSTAX
abf3684ds100-sp25-final-Q2	NO-ES-CESION	https://ds100.org/su26/past-exams/	SI	4	NO-OPENSTAX
abf3684ds100-sp25-mt-Q3e	NO-ES-CESION	https://ds100.org/su26/past-exams/	NO	0	NO-OPENSTAX
abf3684ds100-su25-final-Q2	NO-ES-CESION	https://ds100.org/su26/past-exams/	NO	0	NO-OPENSTAX
abf3684ds100-su25-mt-Q4b,Q4c	NO-ES-CESION	https://ds100.org/su26/past-exams/	SI	1	NO-OPENSTAX
abfb1f3exp1	RESOLUBLE	CC-BY-4.0	NO	0	OPENSTAX
abfb1f3exp10	RESOLUBLE	CC-BY-4.0	NO	0	OPENSTAX
abfb1f3exp11	RESOLUBLE	CC-BY-4.0	NO	0	OPENSTAX
abfb1f3exp12	RESOLUBLE	CC-BY-4.0	NO	0	OPENSTAX
abfb1f3exp13	RESOLUBLE	CC-BY-4.0	NO	0	OPENSTAX
abfb1f3exp14	RESOLUBLE	CC-BY-4.0	NO	0	OPENSTAX
abfb1f3exp15	RESOLUBLE	CC-BY-4.0	NO	0	OPENSTAX
abfb1f3exp16	RESOLUBLE	CC-BY-4.0	NO	0	OPENSTAX
abfb1f3exp17	RESOLUBLE	CC-BY-4.0	NO	0	OPENSTAX
abfb1f3exp18	RESOLUBLE	CC-BY-4.0	NO	0	OPENSTAX
abfb1f3exp19	RESOLUBLE	CC-BY-4.0	NO	0	OPENSTAX
abfb1f3exp2	RESOLUBLE	CC-BY-4.0	NO	0	OPENSTAX
abfb1f3exp20	RESOLUBLE	CC-BY-4.0	NO	0	OPENSTAX
abfb1f3exp21	RESOLUBLE	CC-BY-4.0	NO	0	OPENSTAX
abfb1f3exp22	RESOLUBLE	CC-BY-4.0	NO	0	OPENSTAX
abfb1f3exp23	RESOLUBLE	CC-BY-4.0	NO	0	OPENSTAX
abfb1f3exp24	RESOLUBLE	CC-BY-4.0	NO	0	OPENSTAX
abfb1f3exp25	RESOLUBLE	CC-BY-4.0	NO	0	OPENSTAX
abfb1f3exp3	RESOLUBLE	CC-BY-4.0	NO	0	OPENSTAX
abfb1f3exp4	RESOLUBLE	CC-BY-4.0	NO	0	OPENSTAX
abfb1f3exp5	RESOLUBLE	CC-BY-4.0	NO	0	OPENSTAX
abfb1f3exp6	RESOLUBLE	CC-BY-4.0	NO	0	OPENSTAX
abfb1f3exp7	RESOLUBLE	CC-BY-4.0	NO	0	OPENSTAX
abfb1f3exp8	RESOLUBLE	CC-BY-4.0	NO	0	OPENSTAX
abfb1f3exp9	RESOLUBLE	CC-BY-4.0	NO	0	OPENSTAX
abfba37quadratic1	RESOLUBLE	CC-BY-4.0	SI	1	OPENSTAX
abfba37quadratic10	RESOLUBLE	CC-BY-4.0	NO	0	OPENSTAX
abfba37quadratic11	RESOLUBLE	CC-BY-4.0	NO	0	OPENSTAX
abfba37quadratic13	RESOLUBLE	CC-BY-4.0	NO	0	OPENSTAX
abfba37quadratic14	RESOLUBLE	CC-BY-4.0	NO	0	OPENSTAX
abfba37quadratic16	RESOLUBLE	CC-BY-4.0	NO	0	OPENSTAX
abfba37quadratic17	RESOLUBLE	CC-BY-4.0	NO	0	OPENSTAX
abfba37quadratic18	RESOLUBLE	CC-BY-4.0	NO	0	OPENSTAX
abfba37quadratic19	RESOLUBLE	CC-BY-4.0	NO	0	OPENSTAX
abfba37quadratic2	RESOLUBLE	CC-BY-4.0	SI	1	OPENSTAX
abfba37quadratic20	RESOLUBLE	CC-BY-4.0	NO	0	OPENSTAX
abfba37quadratic21	RESOLUBLE	CC-BY-4.0	NO	0	OPENSTAX
abfba37quadratic22	RESOLUBLE	CC-BY-4.0	NO	0	OPENSTAX
abfba37quadratic23	RESOLUBLE	CC-BY-4.0	NO	0	OPENSTAX
abfba37quadratic24	RESOLUBLE	CC-BY-4.0	NO	0	OPENSTAX
abfba37quadratic25	RESOLUBLE	CC-BY-4.0	NO	0	OPENSTAX
abfba37quadratic26	RESOLUBLE	CC-BY-4.0	NO	0	OPENSTAX
abfba37quadratic27	RESOLUBLE	CC-BY-4.0	NO	0	OPENSTAX
abfba37quadratic28	RESOLUBLE	CC-BY-4.0	SI	1	OPENSTAX
abfba37quadratic29	RESOLUBLE	CC-BY-4.0	NO	0	OPENSTAX
abfba37quadratic3	RESOLUBLE	CC-BY-4.0	NO	0	OPENSTAX
abfba37quadratic30	RESOLUBLE	CC-BY-4.0	NO	0	OPENSTAX
abfba37quadratic4	RESOLUBLE	CC-BY-4.0	NO	0	OPENSTAX
abfba37quadratic5	RESOLUBLE	CC-BY-4.0	NO	0	OPENSTAX
abfba37quadratic6	RESOLUBLE	CC-BY-4.0	NO	0	OPENSTAX
abfba37quadratic7	RESOLUBLE	CC-BY-4.0	NO	0	OPENSTAX
abfba37quadratic8	RESOLUBLE	CC-BY-4.0	NO	0	OPENSTAX
abfba37quadratic9	RESOLUBLE	CC-BY-4.0	NO	0	OPENSTAX
ac039acderiv10	AUSENTE	-	SI	1	OPENSTAX
ac039acderiv18	AUSENTE	-	SI	1	OPENSTAX
ac039acderiv7	AUSENTE	-	SI	1	OPENSTAX
ac039acderiv8	AUSENTE	-	SI	1	OPENSTAX
ac039acderiv9	AUSENTE	-	SI	1	OPENSTAX
ac039acl'hopital2	AUSENTE	-	NO	0	OPENSTAX
ac039acl'hopital7	AUSENTE	-	NO	0	OPENSTAX
ac048eeT331-trigcancel-P01	VERSION-SIN-VARIANTE	CC4.0	SI	1	NO-OPENSTAX
ac048eeT331-trigcancel-P02	VERSION-SIN-VARIANTE	CC4.0	NO	0	NO-OPENSTAX
ac048eeT331-trigcancel-P03	VERSION-SIN-VARIANTE	CC4.0	SI	1	NO-OPENSTAX
ac048eeT331-trigcancel-P04	VERSION-SIN-VARIANTE	CC4.0	SI	1	NO-OPENSTAX
ac048eeT331-trigcancel-P05	VERSION-SIN-VARIANTE	CC4.0	SI	1	NO-OPENSTAX
ac048eeT331-trigcancel-P06	VERSION-SIN-VARIANTE	CC4.0	NO	0	NO-OPENSTAX
ac048eeT331-trigcancel-P07	VERSION-SIN-VARIANTE	CC4.0	SI	1	NO-OPENSTAX
ac08b9aA132-fracmuldiv-P01	VERSION-SIN-VARIANTE	CC4.0	NO	0	NO-OPENSTAX
ac08b9aA132-fracmuldiv-P02	VERSION-SIN-VARIANTE	CC4.0	NO	0	NO-OPENSTAX
ac08b9aA132-fracmuldiv-P03	VERSION-SIN-VARIANTE	CC4.0	NO	0	NO-OPENSTAX
ac08b9aA132-fracmuldiv-P04	VERSION-SIN-VARIANTE	CC4.0	NO	0	NO-OPENSTAX
ac08b9aA132-fracmuldiv-P05	VERSION-SIN-VARIANTE	CC4.0	NO	0	NO-OPENSTAX
ac08b9aA132-fracmuldiv-P06	VERSION-SIN-VARIANTE	CC4.0	SI	2	NO-OPENSTAX
ac08b9aA132-fracmuldiv-P07	VERSION-SIN-VARIANTE	CC4.0	SI	1	NO-OPENSTAX
ac08b9aA132-fracmuldiv-P08	VERSION-SIN-VARIANTE	CC4.0	SI	1	NO-OPENSTAX
ac08b9aA132-fracmuldiv-P09	VERSION-SIN-VARIANTE	CC4.0	SI	5	NO-OPENSTAX
ac0bc72pred1	RESOLUBLE	CC-BY-4.0	SI	8	NO-OPENSTAX
ac0bc72pred2	RESOLUBLE	CC-BY-4.0	SI	2	NO-OPENSTAX
ac0c1d3spe1	RESOLUBLE	CC-BY-4.0	NO	0	OPENSTAX
ac0c1d3spe10	RESOLUBLE	CC-BY-4.0	NO	0	OPENSTAX
ac0c1d3spe11	RESOLUBLE	CC-BY-4.0	NO	0	OPENSTAX
ac0c1d3spe12	RESOLUBLE	CC-BY-4.0	NO	0	OPENSTAX
ac0c1d3spe13	RESOLUBLE	CC-BY-4.0	NO	0	OPENSTAX
ac0c1d3spe14	RESOLUBLE	CC-BY-4.0	NO	0	OPENSTAX
ac0c1d3spe15	RESOLUBLE	CC-BY-4.0	NO	0	OPENSTAX
ac0c1d3spe16	RESOLUBLE	CC-BY-4.0	NO	0	OPENSTAX
ac0c1d3spe17	RESOLUBLE	CC-BY-4.0	NO	0	OPENSTAX
ac0c1d3spe18	RESOLUBLE	CC-BY-4.0	NO	0	OPENSTAX
ac0c1d3spe19	RESOLUBLE	CC-BY-4.0	NO	0	OPENSTAX
ac0c1d3spe2	RESOLUBLE	CC-BY-4.0	NO	0	OPENSTAX
ac0c1d3spe20	RESOLUBLE	CC-BY-4.0	NO	0	OPENSTAX
ac0c1d3spe21	RESOLUBLE	CC-BY-4.0	NO	0	OPENSTAX
ac0c1d3spe22	RESOLUBLE	CC-BY-4.0	NO	0	OPENSTAX
ac0c1d3spe23	RESOLUBLE	CC-BY-4.0	NO	0	OPENSTAX
ac0c1d3spe24	RESOLUBLE	CC-BY-4.0	NO	0	OPENSTAX
ac0c1d3spe25	RESOLUBLE	CC-BY-4.0	NO	0	OPENSTAX
ac0c1d3spe26	RESOLUBLE	CC-BY-4.0	NO	0	OPENSTAX
ac0c1d3spe27	RESOLUBLE	CC-BY-4.0	NO	0	OPENSTAX
ac0c1d3spe28	RESOLUBLE	CC-BY-4.0	NO	0	OPENSTAX
ac0c1d3spe29	RESOLUBLE	CC-BY-4.0	NO	0	OPENSTAX
ac0c1d3spe3	RESOLUBLE	CC-BY-4.0	NO	0	OPENSTAX
ac0c1d3spe30	RESOLUBLE	CC-BY-4.0	NO	0	OPENSTAX
ac0c1d3spe4	RESOLUBLE	CC-BY-4.0	NO	0	OPENSTAX
ac0c1d3spe5	RESOLUBLE	CC-BY-4.0	NO	0	OPENSTAX
ac0c1d3spe6	RESOLUBLE	CC-BY-4.0	NO	0	OPENSTAX
ac0c1d3spe7	RESOLUBLE	CC-BY-4.0	NO	0	OPENSTAX
ac0c1d3spe8	RESOLUBLE	CC-BY-4.0	NO	0	OPENSTAX
ac0c1d3spe9	RESOLUBLE	CC-BY-4.0	NO	0	OPENSTAX
ac1df14related1	AUSENTE	-	NO	0	OPENSTAX
ac1df14related10	AUSENTE	-	NO	0	OPENSTAX
ac1df14related11	AUSENTE	-	NO	0	OPENSTAX
ac1df14related12	AUSENTE	-	NO	0	OPENSTAX
ac1df14related13	AUSENTE	-	NO	0	OPENSTAX
ac1df14related14	AUSENTE	-	SI	1	OPENSTAX
ac1df14related15	AUSENTE	-	NO	0	OPENSTAX
ac1df14related16	AUSENTE	-	NO	0	OPENSTAX
ac1df14related17	AUSENTE	-	SI	1	OPENSTAX
ac1df14related18	AUSENTE	-	NO	0	OPENSTAX
ac1df14related2	AUSENTE	-	NO	0	OPENSTAX
ac1df14related3	AUSENTE	-	NO	0	OPENSTAX
ac1df14related4	AUSENTE	-	SI	1	OPENSTAX
ac1df14related5	AUSENTE	-	SI	1	OPENSTAX
ac1df14related6	AUSENTE	-	NO	0	OPENSTAX
ac1df14related7	AUSENTE	-	NO	0	OPENSTAX
ac1df14related8	AUSENTE	-	NO	0	OPENSTAX
ac1df14related9	AUSENTE	-	NO	0	OPENSTAX
ac22d42means1	RESOLUBLE	CC-BY-4.0	SI	1	OPENSTAX
ac22d42means2	RESOLUBLE	CC-BY-4.0	NO	0	OPENSTAX
ac22d42means3	RESOLUBLE	CC-BY-4.0	SI	1	OPENSTAX
ac22d42means4	RESOLUBLE	CC-BY-4.0	SI	1	OPENSTAX
ac22d42means5	RESOLUBLE	CC-BY-4.0	SI	1	OPENSTAX
ac22d42means6	RESOLUBLE	CC-BY-4.0	SI	1	OPENSTAX
ac22d42means7	RESOLUBLE	CC-BY-4.0	SI	1	OPENSTAX
ac22d42means8	RESOLUBLE	CC-BY-4.0	SI	1	OPENSTAX
ac22d42means9	RESOLUBLE	CC-BY-4.0	SI	1	OPENSTAX
ac22d42std1	RESOLUBLE	CC-BY-4.0	SI	3	OPENSTAX
ac22d42std10	RESOLUBLE	CC-BY-4.0	SI	1	OPENSTAX
ac22d42std11	RESOLUBLE	CC-BY-4.0	SI	1	OPENSTAX
ac22d42std12	RESOLUBLE	CC-BY-4.0	SI	1	OPENSTAX
ac22d42std13	RESOLUBLE	CC-BY-4.0	SI	1	OPENSTAX
ac22d42std14	RESOLUBLE	CC-BY-4.0	SI	1	OPENSTAX
ac22d42std15	RESOLUBLE	CC-BY-4.0	SI	1	OPENSTAX
ac22d42std16	RESOLUBLE	CC-BY-4.0	SI	2	OPENSTAX
ac22d42std17	RESOLUBLE	CC-BY-4.0	SI	1	OPENSTAX
ac22d42std18	RESOLUBLE	CC-BY-4.0	SI	1	OPENSTAX
ac22d42std19	RESOLUBLE	CC-BY-4.0	SI	2	OPENSTAX
ac22d42std2	RESOLUBLE	CC-BY-4.0	NO	0	OPENSTAX
ac22d42std20	RESOLUBLE	CC-BY-4.0	SI	1	OPENSTAX
ac22d42std3	RESOLUBLE	CC-BY-4.0	NO	0	OPENSTAX
ac22d42std4	RESOLUBLE	CC-BY-4.0	NO	0	OPENSTAX
ac22d42std5	RESOLUBLE	CC-BY-4.0	NO	0	OPENSTAX
ac22d42std6	RESOLUBLE	CC-BY-4.0	NO	0	OPENSTAX
ac22d42std7	RESOLUBLE	CC-BY-4.0	SI	1	OPENSTAX
ac22d42std8	RESOLUBLE	CC-BY-4.0	NO	0	OPENSTAX
ac22d42std9	RESOLUBLE	CC-BY-4.0	NO	0	OPENSTAX
ac26263ThreeVariables1	RESOLUBLE	CC-BY-4.0	NO	0	OPENSTAX
ac26263ThreeVariables10	RESOLUBLE	CC-BY-4.0	NO	0	OPENSTAX
ac26263ThreeVariables11	RESOLUBLE	CC-BY-4.0	NO	0	OPENSTAX
ac26263ThreeVariables12	RESOLUBLE	CC-BY-4.0	NO	0	OPENSTAX
ac26263ThreeVariables13	RESOLUBLE	CC-BY-4.0	NO	0	OPENSTAX
ac26263ThreeVariables14	RESOLUBLE	CC-BY-4.0	NO	0	OPENSTAX
ac26263ThreeVariables15	RESOLUBLE	CC-BY-4.0	NO	0	OPENSTAX
ac26263ThreeVariables2	RESOLUBLE	CC-BY-4.0	NO	0	OPENSTAX
ac26263ThreeVariables3	RESOLUBLE	CC-BY-4.0	NO	0	OPENSTAX
ac26263ThreeVariables4	RESOLUBLE	CC-BY-4.0	NO	0	OPENSTAX
ac26263ThreeVariables5	RESOLUBLE	CC-BY-4.0	NO	0	OPENSTAX
ac26263ThreeVariables6	RESOLUBLE	CC-BY-4.0	NO	0	OPENSTAX
ac26263ThreeVariables7	RESOLUBLE	CC-BY-4.0	NO	0	OPENSTAX
ac26263ThreeVariables8	RESOLUBLE	CC-BY-4.0	NO	0	OPENSTAX
ac26263ThreeVariables9	RESOLUBLE	CC-BY-4.0	NO	0	OPENSTAX
ac26263equations1	RESOLUBLE	CC-BY-4.0	NO	0	OPENSTAX
ac26263equations10	RESOLUBLE	CC-BY-4.0	NO	0	OPENSTAX
ac26263equations11	RESOLUBLE	CC-BY-4.0	NO	0	OPENSTAX
ac26263equations12	RESOLUBLE	CC-BY-4.0	NO	0	OPENSTAX
ac26263equations13	RESOLUBLE	CC-BY-4.0	NO	0	OPENSTAX
ac26263equations14	RESOLUBLE	CC-BY-4.0	NO	0	OPENSTAX
ac26263equations15	RESOLUBLE	CC-BY-4.0	NO	0	OPENSTAX
ac26263equations2	RESOLUBLE	CC-BY-4.0	NO	0	OPENSTAX
ac26263equations3	RESOLUBLE	CC-BY-4.0	NO	0	OPENSTAX
ac26263equations4	RESOLUBLE	CC-BY-4.0	NO	0	OPENSTAX
ac26263equations5	RESOLUBLE	CC-BY-4.0	NO	0	OPENSTAX
ac26263equations6	RESOLUBLE	CC-BY-4.0	NO	0	OPENSTAX
ac26263equations7	RESOLUBLE	CC-BY-4.0	NO	0	OPENSTAX
ac26263equations8	RESOLUBLE	CC-BY-4.0	NO	0	OPENSTAX
ac26263equations9	RESOLUBLE	CC-BY-4.0	NO	0	OPENSTAX
ac2cc23q1	RESOLUBLE	CC-BY-4.0	NO	0	OPENSTAX
ac2cc23q10	RESOLUBLE	CC-BY-4.0	NO	0	OPENSTAX
ac2cc23q11	RESOLUBLE	CC-BY-4.0	NO	0	OPENSTAX
ac2cc23q12	RESOLUBLE	CC-BY-4.0	SI	1	OPENSTAX
ac2cc23q13	RESOLUBLE	CC-BY-4.0	SI	1	OPENSTAX
ac2cc23q14	RESOLUBLE	CC-BY-4.0	SI	1	OPENSTAX
ac2cc23q15	RESOLUBLE	CC-BY-4.0	SI	1	OPENSTAX
ac2cc23q16	RESOLUBLE	CC-BY-4.0	SI	1	OPENSTAX
ac2cc23q17	RESOLUBLE	CC-BY-4.0	SI	1	OPENSTAX
ac2cc23q18	RESOLUBLE	CC-BY-4.0	SI	1	OPENSTAX
ac2cc23q19	RESOLUBLE	CC-BY-4.0	SI	1	OPENSTAX
ac2cc23q2	RESOLUBLE	CC-BY-4.0	NO	0	OPENSTAX
ac2cc23q20	RESOLUBLE	CC-BY-4.0	NO	0	OPENSTAX
ac2cc23q3	RESOLUBLE	CC-BY-4.0	NO	0	OPENSTAX
ac2cc23q4	RESOLUBLE	CC-BY-4.0	NO	0	OPENSTAX
ac2cc23q5	RESOLUBLE	CC-BY-4.0	NO	0	OPENSTAX
ac2cc23q6	RESOLUBLE	CC-BY-4.0	NO	0	OPENSTAX
ac2cc23q7	RESOLUBLE	CC-BY-4.0	NO	0	OPENSTAX
ac2cc23q8	RESOLUBLE	CC-BY-4.0	NO	0	OPENSTAX
ac2cc23q9	RESOLUBLE	CC-BY-4.0	NO	0	OPENSTAX
ac3837fA211-explogdef-P01	VERSION-SIN-VARIANTE	CC4.0	NO	0	NO-OPENSTAX
ac3837fA211-explogdef-P02	VERSION-SIN-VARIANTE	CC4.0	NO	0	NO-OPENSTAX
ac3837fA211-explogdef-P03	VERSION-SIN-VARIANTE	CC4.0	NO	0	NO-OPENSTAX
ac3837fA211-explogdef-P04	VERSION-SIN-VARIANTE	CC4.0	NO	0	NO-OPENSTAX
ac3837fA211-explogdef-P05	VERSION-SIN-VARIANTE	CC4.0	NO	0	NO-OPENSTAX
ac3d94dProperties1	RESOLUBLE	CC-BY-4.0	NO	0	OPENSTAX
ac3d94dProperties10	RESOLUBLE	CC-BY-4.0	NO	0	OPENSTAX
ac3d94dProperties11	RESOLUBLE	CC-BY-4.0	NO	0	OPENSTAX
ac3d94dProperties12	RESOLUBLE	CC-BY-4.0	NO	0	OPENSTAX
ac3d94dProperties13	RESOLUBLE	CC-BY-4.0	NO	0	OPENSTAX
ac3d94dProperties14	RESOLUBLE	CC-BY-4.0	NO	0	OPENSTAX
ac3d94dProperties15	RESOLUBLE	CC-BY-4.0	NO	0	OPENSTAX
ac3d94dProperties16	RESOLUBLE	CC-BY-4.0	NO	0	OPENSTAX
ac3d94dProperties17	RESOLUBLE	CC-BY-4.0	NO	0	OPENSTAX
ac3d94dProperties18	RESOLUBLE	CC-BY-4.0	NO	0	OPENSTAX
ac3d94dProperties19	RESOLUBLE	CC-BY-4.0	NO	0	OPENSTAX
ac3d94dProperties2	RESOLUBLE	CC-BY-4.0	NO	0	OPENSTAX
ac3d94dProperties20	RESOLUBLE	CC-BY-4.0	NO	0	OPENSTAX
ac3d94dProperties21	RESOLUBLE	CC-BY-4.0	NO	0	OPENSTAX
ac3d94dProperties22	RESOLUBLE	CC-BY-4.0	NO	0	OPENSTAX
ac3d94dProperties23	RESOLUBLE	CC-BY-4.0	NO	0	OPENSTAX
ac3d94dProperties24	RESOLUBLE	CC-BY-4.0	NO	0	OPENSTAX
ac3d94dProperties25	RESOLUBLE	CC-BY-4.0	NO	0	OPENSTAX
ac3d94dProperties26	RESOLUBLE	CC-BY-4.0	NO	0	OPENSTAX
ac3d94dProperties27	RESOLUBLE	CC-BY-4.0	NO	0	OPENSTAX
ac3d94dProperties28	RESOLUBLE	CC-BY-4.0	NO	0	OPENSTAX
ac3d94dProperties29	RESOLUBLE	CC-BY-4.0	NO	0	OPENSTAX
ac3d94dProperties3	RESOLUBLE	CC-BY-4.0	NO	0	OPENSTAX
ac3d94dProperties30	RESOLUBLE	CC-BY-4.0	NO	0	OPENSTAX
ac3d94dProperties4	RESOLUBLE	CC-BY-4.0	NO	0	OPENSTAX
ac3d94dProperties5	RESOLUBLE	CC-BY-4.0	NO	0	OPENSTAX
ac3d94dProperties6	RESOLUBLE	CC-BY-4.0	NO	0	OPENSTAX
ac3d94dProperties7	RESOLUBLE	CC-BY-4.0	NO	0	OPENSTAX
ac3d94dProperties8	RESOLUBLE	CC-BY-4.0	NO	0	OPENSTAX
ac3d94dProperties9	RESOLUBLE	CC-BY-4.0	NO	0	OPENSTAX
ac47cfflimits1	RESOLUBLE	CC-BY-4.0	NO	0	OPENSTAX
ac47cfflimits10	RESOLUBLE	CC-BY-4.0	NO	0	OPENSTAX
ac47cfflimits11	RESOLUBLE	CC-BY-4.0	NO	0	OPENSTAX
ac47cfflimits12	RESOLUBLE	CC-BY-4.0	NO	0	OPENSTAX
ac47cfflimits13	RESOLUBLE	CC-BY-4.0	NO	0	OPENSTAX
ac47cfflimits14	RESOLUBLE	CC-BY-4.0	NO	0	OPENSTAX
ac47cfflimits15	RESOLUBLE	CC-BY-4.0	NO	0	OPENSTAX
ac47cfflimits16	RESOLUBLE	CC-BY-4.0	NO	0	OPENSTAX
ac47cfflimits17	RESOLUBLE	CC-BY-4.0	NO	0	OPENSTAX
ac47cfflimits18	RESOLUBLE	CC-BY-4.0	NO	0	OPENSTAX
ac47cfflimits19	RESOLUBLE	CC-BY-4.0	NO	0	OPENSTAX
ac47cfflimits2	RESOLUBLE	CC-BY-4.0	NO	0	OPENSTAX
ac47cfflimits20	RESOLUBLE	CC-BY-4.0	NO	0	OPENSTAX
ac47cfflimits21	RESOLUBLE	CC-BY-4.0	NO	0	OPENSTAX
ac47cfflimits22	RESOLUBLE	CC-BY-4.0	NO	0	OPENSTAX
ac47cfflimits23	RESOLUBLE	CC-BY-4.0	NO	0	OPENSTAX
ac47cfflimits24	RESOLUBLE	CC-BY-4.0	NO	0	OPENSTAX
ac47cfflimits25	RESOLUBLE	CC-BY-4.0	NO	0	OPENSTAX
ac47cfflimits26	RESOLUBLE	CC-BY-4.0	NO	0	OPENSTAX
ac47cfflimits27	RESOLUBLE	CC-BY-4.0	NO	0	OPENSTAX
ac47cfflimits28	RESOLUBLE	CC-BY-4.0	NO	0	OPENSTAX
ac47cfflimits29	RESOLUBLE	CC-BY-4.0	NO	0	OPENSTAX
ac47cfflimits3	RESOLUBLE	CC-BY-4.0	NO	0	OPENSTAX
ac47cfflimits30	RESOLUBLE	CC-BY-4.0	NO	0	OPENSTAX
ac47cfflimits4	RESOLUBLE	CC-BY-4.0	NO	0	OPENSTAX
ac47cfflimits5	RESOLUBLE	CC-BY-4.0	NO	0	OPENSTAX
ac47cfflimits6	RESOLUBLE	CC-BY-4.0	NO	0	OPENSTAX
ac47cfflimits7	RESOLUBLE	CC-BY-4.0	NO	0	OPENSTAX
ac47cfflimits8	RESOLUBLE	CC-BY-4.0	NO	0	OPENSTAX
ac47cfflimits9	RESOLUBLE	CC-BY-4.0	NO	0	OPENSTAX
ac48862calc2_10	AUSENTE	-	NO	0	OPENSTAX
ac48862calc2_11	AUSENTE	-	NO	0	OPENSTAX
ac48862calc2_12	AUSENTE	-	NO	0	OPENSTAX
ac48862calc2_13	AUSENTE	-	NO	0	OPENSTAX
ac48862calc2_14	AUSENTE	-	NO	0	OPENSTAX
ac48862calc2_15	AUSENTE	-	NO	0	OPENSTAX
ac48862calc2_16	AUSENTE	-	NO	0	OPENSTAX
ac48862calc2_1_1	AUSENTE	-	NO	0	OPENSTAX
ac48862calc2_2	AUSENTE	-	NO	0	OPENSTAX
ac48862calc2_3	AUSENTE	-	NO	0	OPENSTAX
ac48862calc2_4	AUSENTE	-	NO	0	OPENSTAX
ac48862calc2_5	AUSENTE	-	NO	0	OPENSTAX
ac48862calc2_6	AUSENTE	-	NO	0	OPENSTAX
ac48862calc2_7	AUSENTE	-	NO	0	OPENSTAX
ac48862calc2_8	AUSENTE	-	NO	0	OPENSTAX
ac48862calc2_9	AUSENTE	-	NO	0	OPENSTAX
ac549dbA252-solveexpeqns-P01	VERSION-SIN-VARIANTE	CC4.0	NO	0	NO-OPENSTAX
ac549dbA252-solveexpeqns-P02	VERSION-SIN-VARIANTE	CC4.0	NO	0	NO-OPENSTAX
ac549dbA252-solveexpeqns-P03	VERSION-SIN-VARIANTE	CC4.0	NO	0	NO-OPENSTAX
ac549dbA252-solveexpeqns-P04	VERSION-SIN-VARIANTE	CC4.0	NO	0	NO-OPENSTAX
ac549dbA252-solveexpeqns-P05	VERSION-SIN-VARIANTE	CC4.0	NO	0	NO-OPENSTAX
ac561a1systems1	RESOLUBLE	CC-BY-4.0	NO	0	OPENSTAX
ac561a1systems10	RESOLUBLE	CC-BY-4.0	NO	0	OPENSTAX
ac561a1systems11	RESOLUBLE	CC-BY-4.0	NO	0	OPENSTAX
ac561a1systems12	RESOLUBLE	CC-BY-4.0	NO	0	OPENSTAX
ac561a1systems13	RESOLUBLE	CC-BY-4.0	NO	0	OPENSTAX
ac561a1systems14	RESOLUBLE	CC-BY-4.0	NO	0	OPENSTAX
ac561a1systems15	RESOLUBLE	CC-BY-4.0	NO	0	OPENSTAX
ac561a1systems16	RESOLUBLE	CC-BY-4.0	NO	0	OPENSTAX
ac561a1systems17	RESOLUBLE	CC-BY-4.0	NO	0	OPENSTAX
ac561a1systems18	RESOLUBLE	CC-BY-4.0	NO	0	OPENSTAX
ac561a1systems19	RESOLUBLE	CC-BY-4.0	NO	0	OPENSTAX
ac561a1systems2	RESOLUBLE	CC-BY-4.0	NO	0	OPENSTAX
ac561a1systems20	RESOLUBLE	CC-BY-4.0	NO	0	OPENSTAX
ac561a1systems21	RESOLUBLE	CC-BY-4.0	NO	0	OPENSTAX
ac561a1systems22	RESOLUBLE	CC-BY-4.0	NO	0	OPENSTAX
ac561a1systems23	RESOLUBLE	CC-BY-4.0	NO	0	OPENSTAX
ac561a1systems24	RESOLUBLE	CC-BY-4.0	NO	0	OPENSTAX
ac561a1systems25	RESOLUBLE	CC-BY-4.0	NO	0	OPENSTAX
ac561a1systems26	RESOLUBLE	CC-BY-4.0	NO	0	OPENSTAX
ac561a1systems27	RESOLUBLE	CC-BY-4.0	NO	0	OPENSTAX
ac561a1systems28	RESOLUBLE	CC-BY-4.0	NO	0	OPENSTAX
ac561a1systems29	RESOLUBLE	CC-BY-4.0	NO	0	OPENSTAX
ac561a1systems3	RESOLUBLE	CC-BY-4.0	NO	0	OPENSTAX
ac561a1systems4	RESOLUBLE	CC-BY-4.0	NO	0	OPENSTAX
ac561a1systems5	RESOLUBLE	CC-BY-4.0	NO	0	OPENSTAX
ac561a1systems6	RESOLUBLE	CC-BY-4.0	NO	0	OPENSTAX
ac561a1systems7	RESOLUBLE	CC-BY-4.0	NO	0	OPENSTAX
ac561a1systems8	RESOLUBLE	CC-BY-4.0	NO	0	OPENSTAX
ac561a1systems9	RESOLUBLE	CC-BY-4.0	NO	0	OPENSTAX
ac591festat11	RESOLUBLE	CC-BY-4.0	NO	0	OPENSTAX
ac591festat12	RESOLUBLE	CC-BY-4.0	SI	1	OPENSTAX
ac591festat13	RESOLUBLE	CC-BY-4.0	SI	1	OPENSTAX
ac591festat14	RESOLUBLE	CC-BY-4.0	SI	1	OPENSTAX
ac591festat15	RESOLUBLE	CC-BY-4.0	SI	1	OPENSTAX
ac5ce8413.1assumption1	RESOLUBLE	CC-BY-4.0	NO	0	OPENSTAX
ac5ce8413.1assumption2	RESOLUBLE	CC-BY-4.0	NO	0	OPENSTAX
ac5ce8413.1assumption3	RESOLUBLE	CC-BY-4.0	NO	0	OPENSTAX
ac5ce8413.1assumption4	RESOLUBLE	CC-BY-4.0	NO	0	OPENSTAX
ac5ce8413.1assumption5	RESOLUBLE	CC-BY-4.0	NO	0	OPENSTAX
ac5ce8413.1assumption6	RESOLUBLE	CC-BY-4.0	NO	0	OPENSTAX
ac5ce8413.1assumption7	RESOLUBLE	CC-BY-4.0	NO	0	OPENSTAX
ac5ce8413.1driverslicense	RESOLUBLE	CC-BY-4.0	SI	1	OPENSTAX
ac5ce8413.1traffic	RESOLUBLE	CC-BY-4.0	SI	1	OPENSTAX
ac5eac5expprop1	RESOLUBLE	CC-BY-4.0	NO	0	OPENSTAX
ac5eac5expprop10	RESOLUBLE	CC-BY-4.0	NO	0	OPENSTAX
ac5eac5expprop11	RESOLUBLE	CC-BY-4.0	NO	0	OPENSTAX
ac5eac5expprop12	RESOLUBLE	CC-BY-4.0	NO	0	OPENSTAX
ac5eac5expprop13	RESOLUBLE	CC-BY-4.0	NO	0	OPENSTAX
ac5eac5expprop14	RESOLUBLE	CC-BY-4.0	NO	0	OPENSTAX
ac5eac5expprop15	RESOLUBLE	CC-BY-4.0	NO	0	OPENSTAX
ac5eac5expprop16	RESOLUBLE	CC-BY-4.0	NO	0	OPENSTAX
ac5eac5expprop17	RESOLUBLE	CC-BY-4.0	NO	0	OPENSTAX
ac5eac5expprop18	RESOLUBLE	CC-BY-4.0	NO	0	OPENSTAX
ac5eac5expprop19	RESOLUBLE	CC-BY-4.0	NO	0	OPENSTAX
ac5eac5expprop2	RESOLUBLE	CC-BY-4.0	NO	0	OPENSTAX
ac5eac5expprop20	RESOLUBLE	CC-BY-4.0	NO	0	OPENSTAX
ac5eac5expprop21	RESOLUBLE	CC-BY-4.0	NO	0	OPENSTAX
ac5eac5expprop22	RESOLUBLE	CC-BY-4.0	NO	0	OPENSTAX
ac5eac5expprop23	RESOLUBLE	CC-BY-4.0	NO	0	OPENSTAX
ac5eac5expprop24	RESOLUBLE	CC-BY-4.0	NO	0	OPENSTAX
ac5eac5expprop25	RESOLUBLE	CC-BY-4.0	NO	0	OPENSTAX
ac5eac5expprop26	RESOLUBLE	CC-BY-4.0	NO	0	OPENSTAX
ac5eac5expprop27	RESOLUBLE	CC-BY-4.0	NO	0	OPENSTAX
ac5eac5expprop28	RESOLUBLE	CC-BY-4.0	NO	0	OPENSTAX
ac5eac5expprop29	RESOLUBLE	CC-BY-4.0	NO	0	OPENSTAX
ac5eac5expprop3	RESOLUBLE	CC-BY-4.0	NO	0	OPENSTAX
ac5eac5expprop30	RESOLUBLE	CC-BY-4.0	NO	0	OPENSTAX
ac5eac5expprop4	RESOLUBLE	CC-BY-4.0	NO	0	OPENSTAX
ac5eac5expprop5	RESOLUBLE	CC-BY-4.0	NO	0	OPENSTAX
ac5eac5expprop6	RESOLUBLE	CC-BY-4.0	NO	0	OPENSTAX
ac5eac5expprop7	RESOLUBLE	CC-BY-4.0	NO	0	OPENSTAX
ac5eac5expprop8	RESOLUBLE	CC-BY-4.0	NO	0	OPENSTAX
ac5eac5expprop9	RESOLUBLE	CC-BY-4.0	NO	0	OPENSTAX
ac6025fBinomial1	RESOLUBLE	CC-BY-4.0	NO	0	OPENSTAX
ac6025fBinomial10	RESOLUBLE	CC-BY-4.0	NO	0	OPENSTAX
ac6025fBinomial11	RESOLUBLE	CC-BY-4.0	NO	0	OPENSTAX
ac6025fBinomial12	RESOLUBLE	CC-BY-4.0	NO	0	OPENSTAX
ac6025fBinomial13	RESOLUBLE	CC-BY-4.0	NO	0	OPENSTAX
ac6025fBinomial14	RESOLUBLE	CC-BY-4.0	NO	0	OPENSTAX
ac6025fBinomial15	RESOLUBLE	CC-BY-4.0	NO	0	OPENSTAX
ac6025fBinomial16	RESOLUBLE	CC-BY-4.0	NO	0	OPENSTAX
ac6025fBinomial17	RESOLUBLE	CC-BY-4.0	NO	0	OPENSTAX
ac6025fBinomial18	RESOLUBLE	CC-BY-4.0	NO	0	OPENSTAX
ac6025fBinomial19	RESOLUBLE	CC-BY-4.0	NO	0	OPENSTAX
ac6025fBinomial2	RESOLUBLE	CC-BY-4.0	NO	0	OPENSTAX
ac6025fBinomial20	RESOLUBLE	CC-BY-4.0	NO	0	OPENSTAX
ac6025fBinomial21	RESOLUBLE	CC-BY-4.0	NO	0	OPENSTAX
ac6025fBinomial22	RESOLUBLE	CC-BY-4.0	NO	0	OPENSTAX
ac6025fBinomial23	RESOLUBLE	CC-BY-4.0	NO	0	OPENSTAX
ac6025fBinomial24	RESOLUBLE	CC-BY-4.0	NO	0	OPENSTAX
ac6025fBinomial25	RESOLUBLE	CC-BY-4.0	NO	0	OPENSTAX
ac6025fBinomial3	RESOLUBLE	CC-BY-4.0	NO	0	OPENSTAX
ac6025fBinomial4	RESOLUBLE	CC-BY-4.0	NO	0	OPENSTAX
ac6025fBinomial5	RESOLUBLE	CC-BY-4.0	NO	0	OPENSTAX
ac6025fBinomial6	RESOLUBLE	CC-BY-4.0	NO	0	OPENSTAX
ac6025fBinomial7	RESOLUBLE	CC-BY-4.0	NO	0	OPENSTAX
ac6025fBinomial8	RESOLUBLE	CC-BY-4.0	NO	0	OPENSTAX
ac6025fBinomial9	RESOLUBLE	CC-BY-4.0	NO	0	OPENSTAX
ac613aahypergeometric1	RESOLUBLE	CC-BY-4.0	NO	0	OPENSTAX
ac613aahypergeometric10	RESOLUBLE	CC-BY-4.0	NO	0	OPENSTAX
ac613aahypergeometric11	RESOLUBLE	CC-BY-4.0	NO	0	OPENSTAX
ac613aahypergeometric12	RESOLUBLE	CC-BY-4.0	NO	0	OPENSTAX
ac613aahypergeometric13	RESOLUBLE	CC-BY-4.0	NO	0	OPENSTAX
ac613aahypergeometric14	RESOLUBLE	CC-BY-4.0	NO	0	OPENSTAX
ac613aahypergeometric15	RESOLUBLE	CC-BY-4.0	NO	0	OPENSTAX
ac613aahypergeometric16	RESOLUBLE	CC-BY-4.0	NO	0	OPENSTAX
ac613aahypergeometric17	RESOLUBLE	CC-BY-4.0	NO	0	OPENSTAX
ac613aahypergeometric18	RESOLUBLE	CC-BY-4.0	NO	0	OPENSTAX
ac613aahypergeometric19	RESOLUBLE	CC-BY-4.0	NO	0	OPENSTAX
ac613aahypergeometric2	RESOLUBLE	CC-BY-4.0	NO	0	OPENSTAX
ac613aahypergeometric20	RESOLUBLE	CC-BY-4.0	NO	0	OPENSTAX
ac613aahypergeometric3	RESOLUBLE	CC-BY-4.0	NO	0	OPENSTAX
ac613aahypergeometric4	RESOLUBLE	CC-BY-4.0	NO	0	OPENSTAX
ac613aahypergeometric5	RESOLUBLE	CC-BY-4.0	NO	0	OPENSTAX
ac613aahypergeometric6	RESOLUBLE	CC-BY-4.0	NO	0	OPENSTAX
ac613aahypergeometric7	RESOLUBLE	CC-BY-4.0	NO	0	OPENSTAX
ac613aahypergeometric8	RESOLUBLE	CC-BY-4.0	NO	0	OPENSTAX
ac613aahypergeometric9	RESOLUBLE	CC-BY-4.0	NO	0	OPENSTAX
ac6628d13.4Fstatmath	RESOLUBLE	CC-BY-4.0	NO	0	OPENSTAX
ac6628d13.4collegeinstructor1	RESOLUBLE	CC-BY-4.0	SI	1	OPENSTAX
ac6628d13.4cyclist	RESOLUBLE	CC-BY-4.0	NO	0	OPENSTAX
ac6628d13.4mathstudents	RESOLUBLE	CC-BY-4.0	NO	0	OPENSTAX
ac6628d13.4nycsingers	RESOLUBLE	CC-BY-4.0	SI	1	OPENSTAX
ac6628dFassumption1	RESOLUBLE	CC-BY-4.0	NO	0	OPENSTAX
ac6628dFassumption2	RESOLUBLE	CC-BY-4.0	NO	0	OPENSTAX
ac6628dFassumption3	RESOLUBLE	CC-BY-4.0	NO	0	OPENSTAX
ac6628dFassumption4	RESOLUBLE	CC-BY-4.0	NO	0	OPENSTAX
ac6628dFassumption5	RESOLUBLE	CC-BY-4.0	NO	0	OPENSTAX
ac726d3location1	RESOLUBLE	CC-BY-4.0	NO	0	OPENSTAX
ac726d3location10	RESOLUBLE	CC-BY-4.0	NO	0	OPENSTAX
ac726d3location11	RESOLUBLE	CC-BY-4.0	NO	0	OPENSTAX
ac726d3location12	RESOLUBLE	CC-BY-4.0	NO	0	OPENSTAX
ac726d3location13	AUSENTE	-	NO	0	OPENSTAX
ac726d3location14	AUSENTE	-	NO	0	OPENSTAX
ac726d3location15	AUSENTE	-	NO	0	OPENSTAX
ac726d3location16	AUSENTE	-	NO	0	OPENSTAX
ac726d3location17	AUSENTE	-	NO	0	OPENSTAX
ac726d3location18	AUSENTE	-	NO	0	OPENSTAX
ac726d3location19	AUSENTE	-	NO	0	OPENSTAX
ac726d3location2	RESOLUBLE	CC-BY-4.0	NO	0	OPENSTAX
ac726d3location20	AUSENTE	-	NO	0	OPENSTAX
ac726d3location3	RESOLUBLE	CC-BY-4.0	NO	0	OPENSTAX
ac726d3location4	RESOLUBLE	CC-BY-4.0	NO	0	OPENSTAX
ac726d3location5	RESOLUBLE	CC-BY-4.0	SI	1	OPENSTAX
ac726d3location6	RESOLUBLE	CC-BY-4.0	NO	0	OPENSTAX
ac726d3location7	RESOLUBLE	CC-BY-4.0	NO	0	OPENSTAX
ac726d3location8	RESOLUBLE	CC-BY-4.0	NO	0	OPENSTAX
ac726d3location9	RESOLUBLE	CC-BY-4.0	NO	0	OPENSTAX
ac76c6fbay1	RESOLUBLE	CC-BY-4.0	NO	0	NO-OPENSTAX
ac76c6fbay2	RESOLUBLE	CC-BY-4.0	NO	0	NO-OPENSTAX
ac7990clinear1	RESOLUBLE	CC-BY-4.0	NO	0	OPENSTAX
ac7990clinear10	RESOLUBLE	CC-BY-4.0	NO	0	OPENSTAX
ac7990clinear11	RESOLUBLE	CC-BY-4.0	NO	0	OPENSTAX
ac7990clinear12	RESOLUBLE	CC-BY-4.0	NO	0	OPENSTAX
ac7990clinear13	RESOLUBLE	CC-BY-4.0	NO	0	OPENSTAX
ac7990clinear14	RESOLUBLE	CC-BY-4.0	NO	0	OPENSTAX
ac7990clinear15	RESOLUBLE	CC-BY-4.0	NO	0	OPENSTAX
ac7990clinear16	RESOLUBLE	CC-BY-4.0	NO	0	OPENSTAX
ac7990clinear2	RESOLUBLE	CC-BY-4.0	NO	0	OPENSTAX
ac7990clinear3	RESOLUBLE	CC-BY-4.0	NO	0	OPENSTAX
ac7990clinear4	RESOLUBLE	CC-BY-4.0	NO	0	OPENSTAX
ac7990clinear5	RESOLUBLE	CC-BY-4.0	NO	0	OPENSTAX
ac7990clinear6	RESOLUBLE	CC-BY-4.0	SI	1	OPENSTAX
ac7990clinear7	RESOLUBLE	CC-BY-4.0	NO	0	OPENSTAX
ac7990clinear8	RESOLUBLE	CC-BY-4.0	NO	0	OPENSTAX
ac7990clinear9	RESOLUBLE	CC-BY-4.0	NO	0	OPENSTAX
ac7ed35sampling1	RESOLUBLE	CC-BY-4.0	NO	0	OPENSTAX
ac7ed35sampling10	RESOLUBLE	CC-BY-4.0	NO	0	OPENSTAX
ac7ed35sampling11	RESOLUBLE	CC-BY-4.0	NO	0	OPENSTAX
ac7ed35sampling12	RESOLUBLE	CC-BY-4.0	NO	0	OPENSTAX
ac7ed35sampling13	RESOLUBLE	CC-BY-4.0	NO	0	OPENSTAX
ac7ed35sampling2	RESOLUBLE	CC-BY-4.0	NO	0	OPENSTAX
ac7ed35sampling3	RESOLUBLE	CC-BY-4.0	NO	0	OPENSTAX
ac7ed35sampling4	RESOLUBLE	CC-BY-4.0	NO	0	OPENSTAX
ac7ed35sampling5	RESOLUBLE	CC-BY-4.0	NO	0	OPENSTAX
ac7ed35sampling6	RESOLUBLE	CC-BY-4.0	NO	0	OPENSTAX
ac7ed35sampling7	RESOLUBLE	CC-BY-4.0	NO	0	OPENSTAX
ac7ed35sampling8	RESOLUBLE	CC-BY-4.0	NO	0	OPENSTAX
ac7ed35sampling9	RESOLUBLE	CC-BY-4.0	NO	0	OPENSTAX
ac82848addsubeq1	AUSENTE	-	NO	0	OPENSTAX
ac82848addsubeq10	AUSENTE	-	NO	0	OPENSTAX
ac82848addsubeq11	AUSENTE	-	NO	0	OPENSTAX
ac82848addsubeq12	AUSENTE	-	NO	0	OPENSTAX
ac82848addsubeq13	AUSENTE	-	NO	0	OPENSTAX
ac82848addsubeq14	AUSENTE	-	NO	0	OPENSTAX
ac82848addsubeq15	AUSENTE	-	NO	0	OPENSTAX
ac82848addsubeq16	AUSENTE	-	NO	0	OPENSTAX
ac82848addsubeq2	AUSENTE	-	NO	0	OPENSTAX
ac82848addsubeq3	AUSENTE	-	NO	0	OPENSTAX
ac82848addsubeq4	AUSENTE	-	NO	0	OPENSTAX
ac82848addsubeq5	AUSENTE	-	NO	0	OPENSTAX
ac82848addsubeq6	AUSENTE	-	NO	0	OPENSTAX
ac82848addsubeq7	AUSENTE	-	NO	0	OPENSTAX
ac82848addsubeq8	AUSENTE	-	NO	0	OPENSTAX
ac82848addsubeq9	AUSENTE	-	NO	0	OPENSTAX
ac879b3graph1	RESOLUBLE	CC-BY-4.0	SI	1	OPENSTAX
ac879b3graph10	RESOLUBLE	CC-BY-4.0	NO	0	OPENSTAX
ac879b3graph11	RESOLUBLE	CC-BY-4.0	NO	0	OPENSTAX
ac879b3graph12	RESOLUBLE	CC-BY-4.0	NO	0	OPENSTAX
ac879b3graph13	RESOLUBLE	CC-BY-4.0	NO	0	OPENSTAX
ac879b3graph14	RESOLUBLE	CC-BY-4.0	NO	0	OPENSTAX
ac879b3graph15	RESOLUBLE	CC-BY-4.0	SI	1	OPENSTAX
ac879b3graph2	RESOLUBLE	CC-BY-4.0	SI	1	OPENSTAX
ac879b3graph3	RESOLUBLE	CC-BY-4.0	SI	1	OPENSTAX
ac879b3graph4	RESOLUBLE	CC-BY-4.0	NO	0	OPENSTAX
ac879b3graph5	RESOLUBLE	CC-BY-4.0	NO	0	OPENSTAX
ac879b3graph6	RESOLUBLE	CC-BY-4.0	NO	0	OPENSTAX
ac879b3graph7	RESOLUBLE	CC-BY-4.0	NO	0	OPENSTAX
ac879b3graph8	RESOLUBLE	CC-BY-4.0	NO	0	OPENSTAX
ac879b3graph9	RESOLUBLE	CC-BY-4.0	NO	0	OPENSTAX
ac879b3linearequation1	RESOLUBLE	CC-BY-4.0	NO	0	OPENSTAX
ac879b3linearequation10	RESOLUBLE	CC-BY-4.0	NO	0	OPENSTAX
ac879b3linearequation11	RESOLUBLE	CC-BY-4.0	NO	0	OPENSTAX
ac879b3linearequation12	RESOLUBLE	CC-BY-4.0	NO	0	OPENSTAX
ac879b3linearequation13	RESOLUBLE	CC-BY-4.0	NO	0	OPENSTAX
ac879b3linearequation2	RESOLUBLE	CC-BY-4.0	NO	0	OPENSTAX
ac879b3linearequation3	RESOLUBLE	CC-BY-4.0	NO	0	OPENSTAX
ac879b3linearequation4	RESOLUBLE	CC-BY-4.0	NO	0	OPENSTAX
ac879b3linearequation5	RESOLUBLE	CC-BY-4.0	NO	0	OPENSTAX
ac879b3linearequation6	RESOLUBLE	CC-BY-4.0	NO	0	OPENSTAX
ac879b3linearequation7	RESOLUBLE	CC-BY-4.0	NO	0	OPENSTAX
ac879b3linearequation8	RESOLUBLE	CC-BY-4.0	NO	0	OPENSTAX
ac879b3linearequation9	RESOLUBLE	CC-BY-4.0	NO	0	OPENSTAX
ac95150antiderivative1	AUSENTE	-	NO	0	OPENSTAX
ac95150antiderivative12	AUSENTE	-	NO	0	OPENSTAX
ac95150antiderivative14	AUSENTE	-	NO	0	OPENSTAX
ac95150antiderivative2	AUSENTE	-	NO	0	OPENSTAX
ac95150antiderivative3	AUSENTE	-	NO	0	OPENSTAX
ac95150antiderivative4	AUSENTE	-	NO	0	OPENSTAX
ac95150antiderivative7	AUSENTE	-	NO	0	OPENSTAX
ac9802fsimproots1	RESOLUBLE	CC-BY-4.0	NO	0	OPENSTAX
ac9802fsimproots10	RESOLUBLE	CC-BY-4.0	NO	0	OPENSTAX
ac9802fsimproots11	RESOLUBLE	CC-BY-4.0	NO	0	OPENSTAX
ac9802fsimproots12	RESOLUBLE	CC-BY-4.0	NO	0	OPENSTAX
ac9802fsimproots13	RESOLUBLE	CC-BY-4.0	NO	0	OPENSTAX
ac9802fsimproots14	RESOLUBLE	CC-BY-4.0	NO	0	OPENSTAX
ac9802fsimproots15	RESOLUBLE	CC-BY-4.0	NO	0	OPENSTAX
ac9802fsimproots16	RESOLUBLE	CC-BY-4.0	NO	0	OPENSTAX
ac9802fsimproots17	RESOLUBLE	CC-BY-4.0	NO	0	OPENSTAX
ac9802fsimproots18	RESOLUBLE	CC-BY-4.0	NO	0	OPENSTAX
ac9802fsimproots19	RESOLUBLE	CC-BY-4.0	NO	0	OPENSTAX
ac9802fsimproots2	RESOLUBLE	CC-BY-4.0	NO	0	OPENSTAX
ac9802fsimproots20	RESOLUBLE	CC-BY-4.0	NO	0	OPENSTAX
ac9802fsimproots21	RESOLUBLE	CC-BY-4.0	NO	0	OPENSTAX
ac9802fsimproots22	RESOLUBLE	CC-BY-4.0	NO	0	OPENSTAX
ac9802fsimproots23	RESOLUBLE	CC-BY-4.0	NO	0	OPENSTAX
ac9802fsimproots24	RESOLUBLE	CC-BY-4.0	NO	0	OPENSTAX
ac9802fsimproots25	RESOLUBLE	CC-BY-4.0	NO	0	OPENSTAX
ac9802fsimproots3	RESOLUBLE	CC-BY-4.0	NO	0	OPENSTAX
ac9802fsimproots4	RESOLUBLE	CC-BY-4.0	NO	0	OPENSTAX
ac9802fsimproots5	RESOLUBLE	CC-BY-4.0	NO	0	OPENSTAX
ac9802fsimproots6	RESOLUBLE	CC-BY-4.0	NO	0	OPENSTAX
ac9802fsimproots7	RESOLUBLE	CC-BY-4.0	NO	0	OPENSTAX
ac9802fsimproots8	RESOLUBLE	CC-BY-4.0	NO	0	OPENSTAX
ac9802fsimproots9	RESOLUBLE	CC-BY-4.0	NO	0	OPENSTAX
ac98d98matrices1	RESOLUBLE	CC-BY-4.0	NO	0	OPENSTAX
ac98d98matrices10	RESOLUBLE	CC-BY-4.0	SI	1	OPENSTAX
ac98d98matrices11	RESOLUBLE	CC-BY-4.0	SI	1	OPENSTAX
ac98d98matrices12	RESOLUBLE	CC-BY-4.0	SI	1	OPENSTAX
ac98d98matrices13	RESOLUBLE	CC-BY-4.0	NO	0	OPENSTAX
ac98d98matrices14	RESOLUBLE	CC-BY-4.0	NO	0	OPENSTAX
ac98d98matrices15	RESOLUBLE	CC-BY-4.0	NO	0	OPENSTAX
ac98d98matrices2	RESOLUBLE	CC-BY-4.0	NO	0	OPENSTAX
ac98d98matrices3	RESOLUBLE	CC-BY-4.0	NO	0	OPENSTAX
ac98d98matrices4	RESOLUBLE	CC-BY-4.0	NO	0	OPENSTAX
ac98d98matrices5	RESOLUBLE	CC-BY-4.0	NO	0	OPENSTAX
ac98d98matrices6	RESOLUBLE	CC-BY-4.0	NO	0	OPENSTAX
ac98d98matrices7	RESOLUBLE	CC-BY-4.0	NO	0	OPENSTAX
ac98d98matrices8	RESOLUBLE	CC-BY-4.0	NO	0	OPENSTAX
ac98d98matrices9	RESOLUBLE	CC-BY-4.0	NO	0	OPENSTAX
ac98d98systemMat1	RESOLUBLE	CC-BY-4.0	NO	0	OPENSTAX
ac98d98systemMat10	RESOLUBLE	CC-BY-4.0	NO	0	OPENSTAX
ac98d98systemMat11	RESOLUBLE	CC-BY-4.0	NO	0	OPENSTAX
ac98d98systemMat12	RESOLUBLE	CC-BY-4.0	NO	0	OPENSTAX
ac98d98systemMat13	RESOLUBLE	CC-BY-4.0	NO	0	OPENSTAX
ac98d98systemMat14	RESOLUBLE	CC-BY-4.0	NO	0	OPENSTAX
ac98d98systemMat15	RESOLUBLE	CC-BY-4.0	NO	0	OPENSTAX
ac98d98systemMat2	RESOLUBLE	CC-BY-4.0	NO	0	OPENSTAX
ac98d98systemMat3	RESOLUBLE	CC-BY-4.0	NO	0	OPENSTAX
ac98d98systemMat4	RESOLUBLE	CC-BY-4.0	NO	0	OPENSTAX
ac98d98systemMat5	RESOLUBLE	CC-BY-4.0	NO	0	OPENSTAX
ac98d98systemMat6	RESOLUBLE	CC-BY-4.0	NO	0	OPENSTAX
ac98d98systemMat7	RESOLUBLE	CC-BY-4.0	NO	0	OPENSTAX
ac98d98systemMat8	RESOLUBLE	CC-BY-4.0	NO	0	OPENSTAX
ac98d98systemMat9	RESOLUBLE	CC-BY-4.0	NO	0	OPENSTAX
ac9c764addand1	RESOLUBLE	CC-BY-4.0	NO	0	OPENSTAX
ac9c764addand10	RESOLUBLE	CC-BY-4.0	NO	0	OPENSTAX
ac9c764addand11	RESOLUBLE	CC-BY-4.0	NO	0	OPENSTAX
ac9c764addand12	RESOLUBLE	CC-BY-4.0	NO	0	OPENSTAX
ac9c764addand13	RESOLUBLE	CC-BY-4.0	NO	0	OPENSTAX
ac9c764addand14	RESOLUBLE	CC-BY-4.0	NO	0	OPENSTAX
ac9c764addand15	RESOLUBLE	CC-BY-4.0	NO	0	OPENSTAX
ac9c764addand16	RESOLUBLE	CC-BY-4.0	NO	0	OPENSTAX
ac9c764addand17	RESOLUBLE	CC-BY-4.0	NO	0	OPENSTAX
ac9c764addand18	RESOLUBLE	CC-BY-4.0	NO	0	OPENSTAX
ac9c764addand19	RESOLUBLE	CC-BY-4.0	NO	0	OPENSTAX
ac9c764addand2	RESOLUBLE	CC-BY-4.0	NO	0	OPENSTAX
ac9c764addand20	RESOLUBLE	CC-BY-4.0	NO	0	OPENSTAX
ac9c764addand3	RESOLUBLE	CC-BY-4.0	NO	0	OPENSTAX
ac9c764addand4	RESOLUBLE	CC-BY-4.0	NO	0	OPENSTAX
ac9c764addand5	RESOLUBLE	CC-BY-4.0	NO	0	OPENSTAX
ac9c764addand6	RESOLUBLE	CC-BY-4.0	NO	0	OPENSTAX
ac9c764addand7	RESOLUBLE	CC-BY-4.0	NO	0	OPENSTAX
ac9c764addand8	RESOLUBLE	CC-BY-4.0	NO	0	OPENSTAX
ac9c764addand9	RESOLUBLE	CC-BY-4.0	NO	0	OPENSTAX
ac9f523waves1	AUSENTE	-	NO	0	OPENSTAX
ac9f523waves10	AUSENTE	-	NO	0	OPENSTAX
ac9f523waves11	AUSENTE	-	NO	0	OPENSTAX
ac9f523waves12	AUSENTE	-	NO	0	OPENSTAX
ac9f523waves13	AUSENTE	-	NO	0	OPENSTAX
ac9f523waves14	AUSENTE	-	NO	0	OPENSTAX
ac9f523waves15	AUSENTE	-	NO	0	OPENSTAX
ac9f523waves16	AUSENTE	-	NO	0	OPENSTAX
ac9f523waves17	AUSENTE	-	NO	0	OPENSTAX
ac9f523waves18	AUSENTE	-	NO	0	OPENSTAX
ac9f523waves19	AUSENTE	-	NO	0	OPENSTAX
ac9f523waves2	AUSENTE	-	NO	0	OPENSTAX
ac9f523waves20	AUSENTE	-	NO	0	OPENSTAX
ac9f523waves21	AUSENTE	-	NO	0	OPENSTAX
ac9f523waves22	AUSENTE	-	NO	0	OPENSTAX
ac9f523waves23	AUSENTE	-	NO	0	OPENSTAX
ac9f523waves24	AUSENTE	-	NO	0	OPENSTAX
ac9f523waves25	AUSENTE	-	NO	0	OPENSTAX
ac9f523waves26	AUSENTE	-	NO	0	OPENSTAX
ac9f523waves27	AUSENTE	-	NO	0	OPENSTAX
ac9f523waves3	AUSENTE	-	NO	0	OPENSTAX
ac9f523waves4	AUSENTE	-	NO	0	OPENSTAX
ac9f523waves5	AUSENTE	-	NO	0	OPENSTAX
ac9f523waves6	AUSENTE	-	NO	0	OPENSTAX
ac9f523waves7	AUSENTE	-	NO	0	OPENSTAX
ac9f523waves8	AUSENTE	-	NO	0	OPENSTAX
ac9f523waves9	AUSENTE	-	NO	0	OPENSTAX
aca1a7dderivative1	AUSENTE	-	NO	0	OPENSTAX
aca1a7dderivative10	AUSENTE	-	NO	0	OPENSTAX
aca1a7dderivative11	AUSENTE	-	NO	0	OPENSTAX
aca1a7dderivative12	AUSENTE	-	NO	0	OPENSTAX
aca1a7dderivative2	AUSENTE	-	NO	0	OPENSTAX
aca1a7dderivative3	AUSENTE	-	NO	0	OPENSTAX
aca1a7dderivative4	AUSENTE	-	NO	0	OPENSTAX
aca1a7dderivative5	AUSENTE	-	NO	0	OPENSTAX
aca1a7dderivative6	AUSENTE	-	NO	0	OPENSTAX
aca1a7dderivative7	AUSENTE	-	NO	0	OPENSTAX
aca1a7dderivative8	AUSENTE	-	NO	0	OPENSTAX
aca1a7dderivative9	AUSENTE	-	NO	0	OPENSTAX
aca1a7dderivativetangent1	AUSENTE	-	NO	0	OPENSTAX
aca1a7dderivativetangent2	AUSENTE	-	NO	0	OPENSTAX
aca1a7dderivativetangent3	AUSENTE	-	NO	0	OPENSTAX
aca1a7dderivativetangent4	AUSENTE	-	NO	0	OPENSTAX
aca1a7dtangentline1	AUSENTE	-	NO	0	OPENSTAX
aca1a7dtangentline2	AUSENTE	-	NO	0	OPENSTAX
aca1a7dtangentline3	AUSENTE	-	NO	0	OPENSTAX
aca1a7dtangentline4	AUSENTE	-	NO	0	OPENSTAX
aca1a7dtangentline5	AUSENTE	-	NO	0	OPENSTAX
aca1a7dtangentline6	AUSENTE	-	NO	0	OPENSTAX
aca1a7dtangentline7	AUSENTE	-	NO	0	OPENSTAX
aca1a7dtangentline8	AUSENTE	-	NO	0	OPENSTAX
aca1a7dvelocity1	AUSENTE	-	NO	0	OPENSTAX
aca598bexp1	AUSENTE	-	NO	0	NO-OPENSTAX
aca598bexp2	AUSENTE	-	NO	0	NO-OPENSTAX
aca598bexp3	AUSENTE	-	NO	0	NO-OPENSTAX
aca598bexp4	AUSENTE	-	NO	0	NO-OPENSTAX
aca598bexp5	AUSENTE	-	NO	0	NO-OPENSTAX
aca598bexp6	AUSENTE	-	NO	0	NO-OPENSTAX
aca598bexp7	AUSENTE	-	NO	0	NO-OPENSTAX
aca598bexp8	AUSENTE	-	NO	0	NO-OPENSTAX
aca598bexp9	AUSENTE	-	NO	0	NO-OPENSTAX
acad659A221-radicalnotation-P01	VERSION-SIN-VARIANTE	CC4.0	NO	0	NO-OPENSTAX
acad659A221-radicalnotation-P02	VERSION-SIN-VARIANTE	CC4.0	NO	0	NO-OPENSTAX
acad659A221-radicalnotation-P03	VERSION-SIN-VARIANTE	CC4.0	NO	0	NO-OPENSTAX
acad659A221-radicalnotation-P04	VERSION-SIN-VARIANTE	CC4.0	NO	0	NO-OPENSTAX
acad659A221-radicalnotation-P05	VERSION-SIN-VARIANTE	CC4.0	NO	0	NO-OPENSTAX
acad659A221-radicalnotation-P06	VERSION-SIN-VARIANTE	CC4.0	NO	0	NO-OPENSTAX
acad659A221-radicalnotation-P07	VERSION-SIN-VARIANTE	CC4.0	NO	0	NO-OPENSTAX
acad659A221-radicalnotation-P08	VERSION-SIN-VARIANTE	CC4.0	NO	0	NO-OPENSTAX
acad659A221-radicalnotation-P09	VERSION-SIN-VARIANTE	CC4.0	NO	0	NO-OPENSTAX
acb4287real1	RESOLUBLE	CC-BY-4.0	NO	0	OPENSTAX
acb4287real10	RESOLUBLE	CC-BY-4.0	NO	0	OPENSTAX
acb4287real11	RESOLUBLE	CC-BY-4.0	NO	0	OPENSTAX
acb4287real12	RESOLUBLE	CC-BY-4.0	NO	0	OPENSTAX
acb4287real13	RESOLUBLE	CC-BY-4.0	NO	0	OPENSTAX
acb4287real14	RESOLUBLE	CC-BY-4.0	NO	0	OPENSTAX
acb4287real15	RESOLUBLE	CC-BY-4.0	NO	0	OPENSTAX
acb4287real16	RESOLUBLE	CC-BY-4.0	NO	0	OPENSTAX
acb4287real17	RESOLUBLE	CC-BY-4.0	NO	0	OPENSTAX
acb4287real18	RESOLUBLE	CC-BY-4.0	NO	0	OPENSTAX
acb4287real19	RESOLUBLE	CC-BY-4.0	NO	0	OPENSTAX
acb4287real2	RESOLUBLE	CC-BY-4.0	NO	0	OPENSTAX
acb4287real20	RESOLUBLE	CC-BY-4.0	NO	0	OPENSTAX
acb4287real21	RESOLUBLE	CC-BY-4.0	NO	0	OPENSTAX
acb4287real22	RESOLUBLE	CC-BY-4.0	NO	0	OPENSTAX
acb4287real23	RESOLUBLE	CC-BY-4.0	NO	0	OPENSTAX
acb4287real24	RESOLUBLE	CC-BY-4.0	NO	0	OPENSTAX
acb4287real25	RESOLUBLE	CC-BY-4.0	NO	0	OPENSTAX
acb4287real26	RESOLUBLE	CC-BY-4.0	NO	0	OPENSTAX
acb4287real27	RESOLUBLE	CC-BY-4.0	NO	0	OPENSTAX
acb4287real28	RESOLUBLE	CC-BY-4.0	NO	0	OPENSTAX
acb4287real29	RESOLUBLE	CC-BY-4.0	NO	0	OPENSTAX
acb4287real3	RESOLUBLE	CC-BY-4.0	NO	0	OPENSTAX
acb4287real30	RESOLUBLE	CC-BY-4.0	NO	0	OPENSTAX
acb4287real4	RESOLUBLE	CC-BY-4.0	NO	0	OPENSTAX
acb4287real5	RESOLUBLE	CC-BY-4.0	NO	0	OPENSTAX
acb4287real6	RESOLUBLE	CC-BY-4.0	NO	0	OPENSTAX
acb4287real7	RESOLUBLE	CC-BY-4.0	NO	0	OPENSTAX
acb4287real8	RESOLUBLE	CC-BY-4.0	NO	0	OPENSTAX
acb4287real9	RESOLUBLE	CC-BY-4.0	NO	0	OPENSTAX
acb67bbchemeq1	AUSENTE	-	SI	1	NO-OPENSTAX
acb67bbchemeq10	AUSENTE	-	NO	0	NO-OPENSTAX
acb67bbchemeq11	AUSENTE	-	NO	0	NO-OPENSTAX
acb67bbchemeq12	AUSENTE	-	SI	1	NO-OPENSTAX
acb67bbchemeq13	AUSENTE	-	NO	0	NO-OPENSTAX
acb67bbchemeq14	AUSENTE	-	NO	0	NO-OPENSTAX
acb67bbchemeq2	AUSENTE	-	NO	0	NO-OPENSTAX
acb67bbchemeq3	AUSENTE	-	SI	1	NO-OPENSTAX
acb67bbchemeq4	AUSENTE	-	NO	0	NO-OPENSTAX
acb67bbchemeq5	AUSENTE	-	NO	0	NO-OPENSTAX
acb67bbchemeq6	AUSENTE	-	SI	1	NO-OPENSTAX
acb67bbchemeq7	AUSENTE	-	SI	1	NO-OPENSTAX
acb67bbchemeq8	AUSENTE	-	NO	0	NO-OPENSTAX
acb67bbchemeq9	AUSENTE	-	SI	3	NO-OPENSTAX
acbd1a5basicrules1	RESOLUBLE	CC-BY-4.0	NO	0	OPENSTAX
acbd1a5basicrules10	RESOLUBLE	CC-BY-4.0	NO	0	OPENSTAX
acbd1a5basicrules11	RESOLUBLE	CC-BY-4.0	NO	0	OPENSTAX
acbd1a5basicrules12	RESOLUBLE	CC-BY-4.0	NO	0	OPENSTAX
acbd1a5basicrules13	RESOLUBLE	CC-BY-4.0	NO	0	OPENSTAX
acbd1a5basicrules14	RESOLUBLE	CC-BY-4.0	NO	0	OPENSTAX
acbd1a5basicrules15	RESOLUBLE	CC-BY-4.0	NO	0	OPENSTAX
acbd1a5basicrules16	RESOLUBLE	CC-BY-4.0	NO	0	OPENSTAX
acbd1a5basicrules17	RESOLUBLE	CC-BY-4.0	NO	0	OPENSTAX
acbd1a5basicrules18	RESOLUBLE	CC-BY-4.0	NO	0	OPENSTAX
acbd1a5basicrules2	RESOLUBLE	CC-BY-4.0	NO	0	OPENSTAX
acbd1a5basicrules20	RESOLUBLE	CC-BY-4.0	NO	0	OPENSTAX
acbd1a5basicrules21	RESOLUBLE	CC-BY-4.0	NO	0	OPENSTAX
acbd1a5basicrules23	RESOLUBLE	CC-BY-4.0	NO	0	OPENSTAX
acbd1a5basicrules24	RESOLUBLE	CC-BY-4.0	NO	0	OPENSTAX
acbd1a5basicrules25	RESOLUBLE	CC-BY-4.0	NO	0	OPENSTAX
acbd1a5basicrules4	RESOLUBLE	CC-BY-4.0	NO	0	OPENSTAX
acbd1a5basicrules5	RESOLUBLE	CC-BY-4.0	NO	0	OPENSTAX
acbd1a5basicrules6	RESOLUBLE	CC-BY-4.0	NO	0	OPENSTAX
acbd1a5basicrules7	RESOLUBLE	CC-BY-4.0	NO	0	OPENSTAX
acbd1a5basicrules8	RESOLUBLE	CC-BY-4.0	NO	0	OPENSTAX
acbd1a5basicrules9	RESOLUBLE	CC-BY-4.0	NO	0	OPENSTAX
acbe785cha1	RESOLUBLE	CC-BY-4.0	SI	8	NO-OPENSTAX
acbe785cha2	RESOLUBLE	CC-BY-4.0	SI	10	NO-OPENSTAX
acbe785cha3	RESOLUBLE	CC-BY-4.0	SI	6	NO-OPENSTAX
acc585clocation1	RESOLUBLE	CC-BY-4.0	NO	0	OPENSTAX
acc585clocation10	RESOLUBLE	CC-BY-4.0	NO	0	OPENSTAX
acc585clocation11	RESOLUBLE	CC-BY-4.0	NO	0	OPENSTAX
acc585clocation12	RESOLUBLE	CC-BY-4.0	NO	0	OPENSTAX
acc585clocation13	AUSENTE	-	NO	0	OPENSTAX
acc585clocation14	AUSENTE	-	NO	0	OPENSTAX
acc585clocation15	AUSENTE	-	NO	0	OPENSTAX
acc585clocation16	AUSENTE	-	NO	0	OPENSTAX
acc585clocation17	AUSENTE	-	NO	0	OPENSTAX
acc585clocation18	AUSENTE	-	NO	0	OPENSTAX
acc585clocation19	AUSENTE	-	NO	0	OPENSTAX
acc585clocation2	RESOLUBLE	CC-BY-4.0	NO	0	OPENSTAX
acc585clocation20	AUSENTE	-	NO	0	OPENSTAX
acc585clocation3	RESOLUBLE	CC-BY-4.0	NO	0	OPENSTAX
acc585clocation4	RESOLUBLE	CC-BY-4.0	NO	0	OPENSTAX
acc585clocation5	RESOLUBLE	CC-BY-4.0	SI	1	OPENSTAX
acc585clocation6	RESOLUBLE	CC-BY-4.0	NO	0	OPENSTAX
acc585clocation7	RESOLUBLE	CC-BY-4.0	NO	0	OPENSTAX
acc585clocation8	RESOLUBLE	CC-BY-4.0	NO	0	OPENSTAX
acc585clocation9	RESOLUBLE	CC-BY-4.0	NO	0	OPENSTAX
acc652fPlotCorrelation	RESOLUBLE	CC-BY-4.0	SI	1	OPENSTAX
acc652fPlotDirection	RESOLUBLE	CC-BY-4.0	SI	1	OPENSTAX
acc652fPlotShape	RESOLUBLE	CC-BY-4.0	SI	1	OPENSTAX
acc652fregr1	RESOLUBLE	CC-BY-4.0	NO	0	OPENSTAX
acc652fregr10	RESOLUBLE	CC-BY-4.0	NO	0	OPENSTAX
acc652fregr11	RESOLUBLE	CC-BY-4.0	NO	0	OPENSTAX
acc652fregr12	RESOLUBLE	CC-BY-4.0	NO	0	OPENSTAX
acc652fregr13	RESOLUBLE	CC-BY-4.0	NO	0	OPENSTAX
acc652fregr14	RESOLUBLE	CC-BY-4.0	NO	0	OPENSTAX
acc652fregr15	RESOLUBLE	CC-BY-4.0	NO	0	OPENSTAX
acc652fregr16	RESOLUBLE	CC-BY-4.0	NO	0	OPENSTAX
acc652fregr2	RESOLUBLE	CC-BY-4.0	SI	1	OPENSTAX
acc652fregr3	RESOLUBLE	CC-BY-4.0	NO	0	OPENSTAX
acc652fregr4	RESOLUBLE	CC-BY-4.0	NO	0	OPENSTAX
acc652fregr5	RESOLUBLE	CC-BY-4.0	NO	0	OPENSTAX
acc652fregr6	RESOLUBLE	CC-BY-4.0	NO	0	OPENSTAX
acc652fregr7	RESOLUBLE	CC-BY-4.0	NO	0	OPENSTAX
acc652fregr8	RESOLUBLE	CC-BY-4.0	NO	0	OPENSTAX
acc652fregr9	RESOLUBLE	CC-BY-4.0	NO	0	OPENSTAX
acccc99hypo1	RESOLUBLE	CC-BY-4.0	NO	0	OPENSTAX
acccc99hypo2	RESOLUBLE	CC-BY-4.0	NO	0	OPENSTAX
acccc99hypo3	RESOLUBLE	CC-BY-4.0	NO	0	OPENSTAX
acccc99hypo4	RESOLUBLE	CC-BY-4.0	NO	0	OPENSTAX
acccc99hypo5	RESOLUBLE	CC-BY-4.0	NO	0	OPENSTAX
acccc99hypo6	RESOLUBLE	CC-BY-4.0	NO	0	OPENSTAX
acd9137measure1	RESOLUBLE	CC-BY-4.0	NO	0	OPENSTAX
acd9137measure10	RESOLUBLE	CC-BY-4.0	NO	0	OPENSTAX
acd9137measure11	RESOLUBLE	CC-BY-4.0	NO	0	OPENSTAX
acd9137measure12	RESOLUBLE	CC-BY-4.0	NO	0	OPENSTAX
acd9137measure13	RESOLUBLE	CC-BY-4.0	NO	0	OPENSTAX
acd9137measure14	RESOLUBLE	CC-BY-4.0	NO	0	OPENSTAX
acd9137measure15	RESOLUBLE	CC-BY-4.0	NO	0	OPENSTAX
acd9137measure16	RESOLUBLE	CC-BY-4.0	NO	0	OPENSTAX
acd9137measure17	RESOLUBLE	CC-BY-4.0	NO	0	OPENSTAX
acd9137measure18	RESOLUBLE	CC-BY-4.0	NO	0	OPENSTAX
acd9137measure19	RESOLUBLE	CC-BY-4.0	NO	0	OPENSTAX
acd9137measure2	RESOLUBLE	CC-BY-4.0	NO	0	OPENSTAX
acd9137measure20	RESOLUBLE	CC-BY-4.0	NO	0	OPENSTAX
acd9137measure21	RESOLUBLE	CC-BY-4.0	NO	0	OPENSTAX
acd9137measure22	RESOLUBLE	CC-BY-4.0	NO	0	OPENSTAX
acd9137measure23	RESOLUBLE	CC-BY-4.0	NO	0	OPENSTAX
acd9137measure24	RESOLUBLE	CC-BY-4.0	NO	0	OPENSTAX
acd9137measure25	RESOLUBLE	CC-BY-4.0	NO	0	OPENSTAX
acd9137measure26	RESOLUBLE	CC-BY-4.0	NO	0	OPENSTAX
acd9137measure27	RESOLUBLE	CC-BY-4.0	NO	0	OPENSTAX
acd9137measure28	RESOLUBLE	CC-BY-4.0	NO	0	OPENSTAX
acd9137measure29	RESOLUBLE	CC-BY-4.0	NO	0	OPENSTAX
acd9137measure3	RESOLUBLE	CC-BY-4.0	NO	0	OPENSTAX
acd9137measure30	RESOLUBLE	CC-BY-4.0	NO	0	OPENSTAX
acd9137measure32	RESOLUBLE	CC-BY-4.0	NO	0	OPENSTAX
acd9137measure33	RESOLUBLE	CC-BY-4.0	NO	0	OPENSTAX
acd9137measure34	RESOLUBLE	CC-BY-4.0	NO	0	OPENSTAX
acd9137measure35	RESOLUBLE	CC-BY-4.0	NO	0	OPENSTAX
acd9137measure36	RESOLUBLE	CC-BY-4.0	NO	0	OPENSTAX
acd9137measure4	RESOLUBLE	CC-BY-4.0	NO	0	OPENSTAX
acd9137measure5	RESOLUBLE	CC-BY-4.0	NO	0	OPENSTAX
acd9137measure6	RESOLUBLE	CC-BY-4.0	NO	0	OPENSTAX
acd9137measure7	RESOLUBLE	CC-BY-4.0	NO	0	OPENSTAX
acd9137measure8	RESOLUBLE	CC-BY-4.0	NO	0	OPENSTAX
acd9137measure9	RESOLUBLE	CC-BY-4.0	NO	0	OPENSTAX
ace4be0A1-diag-P01	VERSION-SIN-VARIANTE	CC4.0	NO	0	NO-OPENSTAX
ace4be0A1-diag-P02	VERSION-SIN-VARIANTE	CC4.0	NO	0	NO-OPENSTAX
ace4be0A1-diag-P03	VERSION-SIN-VARIANTE	CC4.0	NO	0	NO-OPENSTAX
ace4be0A1-diag-P04	VERSION-SIN-VARIANTE	CC4.0	NO	0	NO-OPENSTAX
ace4be0A1-diag-P05	VERSION-SIN-VARIANTE	CC4.0	NO	0	NO-OPENSTAX
ace4be0A1-diag-P06	VERSION-SIN-VARIANTE	CC4.0	NO	0	NO-OPENSTAX
ace4be0A1-diag-P07	VERSION-SIN-VARIANTE	CC4.0	NO	0	NO-OPENSTAX
ace4be0A1-diag-P08	VERSION-SIN-VARIANTE	CC4.0	NO	0	NO-OPENSTAX
ace4be0A1-diag-P09	VERSION-SIN-VARIANTE	CC4.0	NO	0	NO-OPENSTAX
ace4be0A1-diag-P10	VERSION-SIN-VARIANTE	CC4.0	NO	0	NO-OPENSTAX
ace4be0A1-diag-P11	VERSION-SIN-VARIANTE	CC4.0	NO	0	NO-OPENSTAX
ace4be0A1-diag-P12	VERSION-SIN-VARIANTE	CC4.0	NO	0	NO-OPENSTAX
ace4be0A1-diag-P13	VERSION-SIN-VARIANTE	CC4.0	NO	0	NO-OPENSTAX
ace4be0A1-diag-P14	VERSION-SIN-VARIANTE	CC4.0	NO	0	NO-OPENSTAX
ace4be0A1-diag-P15	VERSION-SIN-VARIANTE	CC4.0	NO	0	NO-OPENSTAX
ace4be0A1-diag-P16	VERSION-SIN-VARIANTE	CC4.0	NO	0	NO-OPENSTAX
ace4be0A1-diag-P17	VERSION-SIN-VARIANTE	CC4.0	NO	0	NO-OPENSTAX
ace4be0A1-diag-P18	VERSION-SIN-VARIANTE	CC4.0	NO	0	NO-OPENSTAX
ace4be0A1-diag-P19	VERSION-SIN-VARIANTE	CC4.0	NO	0	NO-OPENSTAX
ace4be0A1-diag-P20	VERSION-SIN-VARIANTE	CC4.0	NO	0	NO-OPENSTAX
ace4be0A1-diag-P21	VERSION-SIN-VARIANTE	CC4.0	NO	0	NO-OPENSTAX
ace4be0A1-diag-P22	AUSENTE	-	NO	0	NO-OPENSTAX
ace788cLimitLaw1	AUSENTE	-	NO	0	OPENSTAX
ace788cLimitLaw10	AUSENTE	-	NO	0	OPENSTAX
ace788cLimitLaw2	AUSENTE	-	NO	0	OPENSTAX
ace788cLimitLaw3	AUSENTE	-	NO	0	OPENSTAX
ace788cLimitLaw4	AUSENTE	-	NO	0	OPENSTAX
ace788cLimitLaw5	AUSENTE	-	NO	0	OPENSTAX
ace788cLimitLaw6	AUSENTE	-	NO	0	OPENSTAX
ace788cLimitLaw7	AUSENTE	-	NO	0	OPENSTAX
ace788cLimitLaw8	AUSENTE	-	NO	0	OPENSTAX
ace788cLimitLaw9	AUSENTE	-	NO	0	OPENSTAX
ace788cLimitlLaw11	AUSENTE	-	NO	0	OPENSTAX
ace788cLimitlLaw12	AUSENTE	-	NO	0	OPENSTAX
ace788cLimitlLaw13	AUSENTE	-	NO	0	OPENSTAX
ace788cLimitlLaw14	AUSENTE	-	NO	0	OPENSTAX
ace788cLimitlLaw15	AUSENTE	-	NO	0	OPENSTAX
ace788cLimitlLaw16	AUSENTE	-	NO	0	OPENSTAX
ace788cLimitlLaw17	AUSENTE	-	NO	0	OPENSTAX
ace788cLimitlLaw18	AUSENTE	-	NO	0	OPENSTAX
ace788cLimitlLaw19	AUSENTE	-	NO	0	OPENSTAX
ace788cLimitlLaw20	AUSENTE	-	NO	0	OPENSTAX
ace788cLimitlLaw21	AUSENTE	-	NO	0	OPENSTAX
ace788cLimitlLaw22	AUSENTE	-	NO	0	OPENSTAX
ace788cLimitlLaw23	AUSENTE	-	NO	0	OPENSTAX
ace788cLimitlLaw24	AUSENTE	-	NO	0	OPENSTAX
ace788cLimitlLaw25	AUSENTE	-	NO	0	OPENSTAX
ace788climit1	AUSENTE	-	SI	3	OPENSTAX
ace788climit10	AUSENTE	-	SI	1	OPENSTAX
ace788climit11	AUSENTE	-	SI	1	OPENSTAX
ace788climit12	AUSENTE	-	SI	1	OPENSTAX
ace788climit13	AUSENTE	-	NO	0	OPENSTAX
ace788climit14	AUSENTE	-	SI	3	OPENSTAX
ace788climit15	AUSENTE	-	SI	3	OPENSTAX
ace788climit16	AUSENTE	-	SI	2	OPENSTAX
ace788climit17	AUSENTE	-	SI	2	OPENSTAX
ace788climit18	AUSENTE	-	SI	2	OPENSTAX
ace788climit19	AUSENTE	-	SI	2	OPENSTAX
ace788climit2	AUSENTE	-	SI	3	OPENSTAX
ace788climit20	AUSENTE	-	SI	2	OPENSTAX
ace788climit21	AUSENTE	-	SI	3	OPENSTAX
ace788climit22	AUSENTE	-	SI	2	OPENSTAX
ace788climit23	AUSENTE	-	SI	3	OPENSTAX
ace788climit24	AUSENTE	-	SI	3	OPENSTAX
ace788climit25	AUSENTE	-	SI	3	OPENSTAX
ace788climit3	AUSENTE	-	SI	1	OPENSTAX
ace788climit4	AUSENTE	-	SI	3	OPENSTAX
ace788climit5	AUSENTE	-	SI	3	OPENSTAX
ace788climit6	AUSENTE	-	SI	3	OPENSTAX
ace788climit7	AUSENTE	-	SI	2	OPENSTAX
ace788climit8	AUSENTE	-	SI	2	OPENSTAX
ace788climit9	AUSENTE	-	SI	2	OPENSTAX
ace918bnlaws10	AUSENTE	-	NO	0	OPENSTAX
ace918bnlaws11	AUSENTE	-	NO	0	OPENSTAX
ace918bnlaws12	AUSENTE	-	NO	0	OPENSTAX
ace918bnlaws13	AUSENTE	-	NO	0	OPENSTAX
ace918bnlaws14	AUSENTE	-	NO	0	OPENSTAX
ace918bnlaws15	AUSENTE	-	NO	0	OPENSTAX
ace918bnlaws16	AUSENTE	-	NO	0	OPENSTAX
ace918bnlaws17	AUSENTE	-	NO	0	OPENSTAX
ace918bnlaws18	AUSENTE	-	NO	0	OPENSTAX
ace918bnlaws19	AUSENTE	-	NO	0	OPENSTAX
ace918bnlaws20	AUSENTE	-	NO	0	OPENSTAX
ace918bnlaws21	AUSENTE	-	NO	0	OPENSTAX
ace918bnlaws22	AUSENTE	-	NO	0	OPENSTAX
ace918bnlaws23	AUSENTE	-	NO	0	OPENSTAX
ace918bnlaws24	AUSENTE	-	NO	0	OPENSTAX
ace918bnlaws25	AUSENTE	-	NO	0	OPENSTAX
ace918bnlaws26	AUSENTE	-	NO	0	OPENSTAX
ace918bnlaws27	AUSENTE	-	NO	0	OPENSTAX
ace918bnlaws28	AUSENTE	-	NO	0	OPENSTAX
ace918bnlaws29	AUSENTE	-	NO	0	OPENSTAX
ace918bnlaws3	AUSENTE	-	NO	0	OPENSTAX
ace918bnlaws30	AUSENTE	-	NO	0	OPENSTAX
ace918bnlaws4	AUSENTE	-	NO	0	OPENSTAX
ace918bnlaws5	AUSENTE	-	NO	0	OPENSTAX
ace918bnlaws6	AUSENTE	-	NO	0	OPENSTAX
ace918bnlaws7	AUSENTE	-	NO	0	OPENSTAX
ace918bnlaws8	AUSENTE	-	NO	0	OPENSTAX
ace918bnlaws9	AUSENTE	-	NO	0	OPENSTAX
acebb4ddomain1	RESOLUBLE	CC-BY-4.0	NO	0	OPENSTAX
acebb4ddomain10	RESOLUBLE	CC-BY-4.0	SI	1	OPENSTAX
acebb4ddomain11	RESOLUBLE	CC-BY-4.0	SI	1	OPENSTAX
acebb4ddomain12	RESOLUBLE	CC-BY-4.0	SI	1	OPENSTAX
acebb4ddomain13	RESOLUBLE	CC-BY-4.0	SI	1	OPENSTAX
acebb4ddomain14	RESOLUBLE	CC-BY-4.0	SI	1	OPENSTAX
acebb4ddomain15	RESOLUBLE	CC-BY-4.0	SI	1	OPENSTAX
acebb4ddomain2	RESOLUBLE	CC-BY-4.0	NO	0	OPENSTAX
acebb4ddomain3	RESOLUBLE	CC-BY-4.0	NO	0	OPENSTAX
acebb4ddomain4	RESOLUBLE	CC-BY-4.0	NO	0	OPENSTAX
acebb4ddomain5	RESOLUBLE	CC-BY-4.0	NO	0	OPENSTAX
acebb4ddomain6	RESOLUBLE	CC-BY-4.0	NO	0	OPENSTAX
acebb4ddomain7	RESOLUBLE	CC-BY-4.0	SI	1	OPENSTAX
acebb4ddomain8	RESOLUBLE	CC-BY-4.0	SI	1	OPENSTAX
acebb4ddomain9	RESOLUBLE	CC-BY-4.0	SI	1	OPENSTAX
acebb4dfunctions1	RESOLUBLE	CC-BY-4.0	NO	0	OPENSTAX
acebb4dfunctions10	RESOLUBLE	CC-BY-4.0	NO	0	OPENSTAX
acebb4dfunctions11	RESOLUBLE	CC-BY-4.0	NO	0	OPENSTAX
acebb4dfunctions12	RESOLUBLE	CC-BY-4.0	NO	0	OPENSTAX
acebb4dfunctions13	RESOLUBLE	CC-BY-4.0	NO	0	OPENSTAX
acebb4dfunctions14	RESOLUBLE	CC-BY-4.0	NO	0	OPENSTAX
acebb4dfunctions15	RESOLUBLE	CC-BY-4.0	NO	0	OPENSTAX
acebb4dfunctions2	RESOLUBLE	CC-BY-4.0	NO	0	OPENSTAX
acebb4dfunctions3	RESOLUBLE	CC-BY-4.0	NO	0	OPENSTAX
acebb4dfunctions4	RESOLUBLE	CC-BY-4.0	NO	0	OPENSTAX
acebb4dfunctions5	RESOLUBLE	CC-BY-4.0	NO	0	OPENSTAX
acebb4dfunctions6	RESOLUBLE	CC-BY-4.0	NO	0	OPENSTAX
acebb4dfunctions7	RESOLUBLE	CC-BY-4.0	NO	0	OPENSTAX
acebb4dfunctions8	RESOLUBLE	CC-BY-4.0	NO	0	OPENSTAX
acebb4dfunctions9	RESOLUBLE	CC-BY-4.0	NO	0	OPENSTAX
acf3da9gaussian1	RESOLUBLE	CC-BY-4.0	NO	0	OPENSTAX
acf3da9gaussian10	RESOLUBLE	CC-BY-4.0	NO	0	OPENSTAX
acf3da9gaussian11	RESOLUBLE	CC-BY-4.0	NO	0	OPENSTAX
acf3da9gaussian12	RESOLUBLE	CC-BY-4.0	NO	0	OPENSTAX
acf3da9gaussian13	RESOLUBLE	CC-BY-4.0	NO	0	OPENSTAX
acf3da9gaussian14	RESOLUBLE	CC-BY-4.0	NO	0	OPENSTAX
acf3da9gaussian15	RESOLUBLE	CC-BY-4.0	NO	0	OPENSTAX
acf3da9gaussian16	RESOLUBLE	CC-BY-4.0	NO	0	OPENSTAX
acf3da9gaussian17	RESOLUBLE	CC-BY-4.0	NO	0	OPENSTAX
acf3da9gaussian18	RESOLUBLE	CC-BY-4.0	NO	0	OPENSTAX
acf3da9gaussian19	RESOLUBLE	CC-BY-4.0	NO	0	OPENSTAX
acf3da9gaussian2	RESOLUBLE	CC-BY-4.0	NO	0	OPENSTAX
acf3da9gaussian20	RESOLUBLE	CC-BY-4.0	NO	0	OPENSTAX
acf3da9gaussian21	RESOLUBLE	CC-BY-4.0	NO	0	OPENSTAX
acf3da9gaussian22	RESOLUBLE	CC-BY-4.0	NO	0	OPENSTAX
acf3da9gaussian23	RESOLUBLE	CC-BY-4.0	NO	0	OPENSTAX
acf3da9gaussian24	RESOLUBLE	CC-BY-4.0	NO	0	OPENSTAX
acf3da9gaussian28	RESOLUBLE	CC-BY-4.0	NO	0	OPENSTAX
acf3da9gaussian29	RESOLUBLE	CC-BY-4.0	NO	0	OPENSTAX
acf3da9gaussian3	RESOLUBLE	CC-BY-4.0	NO	0	OPENSTAX
acf3da9gaussian30	RESOLUBLE	CC-BY-4.0	NO	0	OPENSTAX
acf3da9gaussian4	RESOLUBLE	CC-BY-4.0	NO	0	OPENSTAX
acf3da9gaussian5	RESOLUBLE	CC-BY-4.0	NO	0	OPENSTAX
acf3da9gaussian6	RESOLUBLE	CC-BY-4.0	NO	0	OPENSTAX
acf3da9gaussian7	RESOLUBLE	CC-BY-4.0	NO	0	OPENSTAX
acf3da9gaussian8	RESOLUBLE	CC-BY-4.0	NO	0	OPENSTAX
acf3da9gaussian9	RESOLUBLE	CC-BY-4.0	NO	0	OPENSTAX
acf60f3DerivativeFunction1	AUSENTE	-	NO	0	OPENSTAX
acf60f3DerivativeFunction10	AUSENTE	-	NO	0	OPENSTAX
acf60f3DerivativeFunction11	AUSENTE	-	NO	0	OPENSTAX
acf60f3DerivativeFunction12	AUSENTE	-	NO	0	OPENSTAX
acf60f3DerivativeFunction13	AUSENTE	-	NO	0	OPENSTAX
acf60f3DerivativeFunction14	AUSENTE	-	NO	0	OPENSTAX
acf60f3DerivativeFunction15	AUSENTE	-	NO	0	OPENSTAX
acf60f3DerivativeFunction2	AUSENTE	-	NO	0	OPENSTAX
acf60f3DerivativeFunction3	AUSENTE	-	NO	0	OPENSTAX
acf60f3DerivativeFunction4	AUSENTE	-	NO	0	OPENSTAX
acf60f3DerivativeFunction5	AUSENTE	-	NO	0	OPENSTAX
acf60f3DerivativeFunction6	AUSENTE	-	NO	0	OPENSTAX
acf60f3DerivativeFunction7	AUSENTE	-	NO	0	OPENSTAX
acf60f3DerivativeFunction8	AUSENTE	-	NO	0	OPENSTAX
acf60f3DerivativeFunction9	AUSENTE	-	NO	0	OPENSTAX
acff542gra1	RESOLUBLE	CC-BY-4.0	SI	1	OPENSTAX
acff542gra10	RESOLUBLE	CC-BY-4.0	SI	6	OPENSTAX
acff542gra11	RESOLUBLE	CC-BY-4.0	SI	7	OPENSTAX
acff542gra12	RESOLUBLE	CC-BY-4.0	SI	6	OPENSTAX
acff542gra13	RESOLUBLE	CC-BY-4.0	SI	6	OPENSTAX
acff542gra14	RESOLUBLE	CC-BY-4.0	SI	6	OPENSTAX
acff542gra15	RESOLUBLE	CC-BY-4.0	SI	6	OPENSTAX
acff542gra16	RESOLUBLE	CC-BY-4.0	SI	6	OPENSTAX
acff542gra2	RESOLUBLE	CC-BY-4.0	SI	1	OPENSTAX
acff542gra22	RESOLUBLE	CC-BY-4.0	SI	6	OPENSTAX
acff542gra23	RESOLUBLE	CC-BY-4.0	SI	4	OPENSTAX
acff542gra24	RESOLUBLE	CC-BY-4.0	SI	6	OPENSTAX
acff542gra25	RESOLUBLE	CC-BY-4.0	SI	6	OPENSTAX
acff542gra26	RESOLUBLE	CC-BY-4.0	SI	4	OPENSTAX
acff542gra27	RESOLUBLE	CC-BY-4.0	SI	4	OPENSTAX
acff542gra28	RESOLUBLE	CC-BY-4.0	SI	4	OPENSTAX
acff542gra29	RESOLUBLE	CC-BY-4.0	SI	4	OPENSTAX
acff542gra3	RESOLUBLE	CC-BY-4.0	SI	1	OPENSTAX
acff542gra30	RESOLUBLE	CC-BY-4.0	SI	3	OPENSTAX
acff542gra4	RESOLUBLE	CC-BY-4.0	SI	1	OPENSTAX
acff542gra5	RESOLUBLE	CC-BY-4.0	SI	1	OPENSTAX
acff542gra6	RESOLUBLE	CC-BY-4.0	SI	1	OPENSTAX
acff542gra7	RESOLUBLE	CC-BY-4.0	SI	1	OPENSTAX
acff542gra8	RESOLUBLE	CC-BY-4.0	SI	1	OPENSTAX
acff542gra9	RESOLUBLE	CC-BY-4.0	SI	1	OPENSTAX
acff542grap17	RESOLUBLE	CC-BY-4.0	SI	6	OPENSTAX
acff542grap18	RESOLUBLE	CC-BY-4.0	SI	6	OPENSTAX
acff542grap19	RESOLUBLE	CC-BY-4.0	SI	6	OPENSTAX
acff542grap20	RESOLUBLE	CC-BY-4.0	SI	6	OPENSTAX
acff542grap21	RESOLUBLE	CC-BY-4.0	SI	6	OPENSTAX
ad053e6T211-righttri-P01	VERSION-SIN-VARIANTE	CC4.0	NO	0	NO-OPENSTAX
ad053e6T211-righttri-P02	VERSION-SIN-VARIANTE	CC4.0	NO	0	NO-OPENSTAX
ad053e6T211-righttri-P03	VERSION-SIN-VARIANTE	CC4.0	NO	0	NO-OPENSTAX
ad05581triggraphs1	AUSENTE	-	NO	0	OPENSTAX
ad05581triggraphs10	AUSENTE	-	NO	0	OPENSTAX
ad05581triggraphs11	AUSENTE	-	SI	1	OPENSTAX
ad05581triggraphs12	AUSENTE	-	SI	1	OPENSTAX
ad05581triggraphs13	AUSENTE	-	NO	0	OPENSTAX
ad05581triggraphs14	AUSENTE	-	NO	0	OPENSTAX
ad05581triggraphs15	AUSENTE	-	NO	0	OPENSTAX
ad05581triggraphs16	AUSENTE	-	NO	0	OPENSTAX
ad05581triggraphs17	AUSENTE	-	NO	0	OPENSTAX
ad05581triggraphs18	AUSENTE	-	NO	0	OPENSTAX
ad05581triggraphs19	AUSENTE	-	NO	0	OPENSTAX
ad05581triggraphs2	AUSENTE	-	NO	0	OPENSTAX
ad05581triggraphs20	AUSENTE	-	NO	0	OPENSTAX
ad05581triggraphs21	AUSENTE	-	NO	0	OPENSTAX
ad05581triggraphs22	AUSENTE	-	NO	0	OPENSTAX
ad05581triggraphs23	AUSENTE	-	NO	0	OPENSTAX
ad05581triggraphs24	AUSENTE	-	SI	1	OPENSTAX
ad05581triggraphs25	AUSENTE	-	SI	1	OPENSTAX
ad05581triggraphs26	AUSENTE	-	SI	1	OPENSTAX
ad05581triggraphs27	AUSENTE	-	SI	1	OPENSTAX
ad05581triggraphs28	AUSENTE	-	NO	0	OPENSTAX
ad05581triggraphs29	AUSENTE	-	NO	0	OPENSTAX
ad05581triggraphs3	AUSENTE	-	NO	0	OPENSTAX
ad05581triggraphs30	AUSENTE	-	NO	0	OPENSTAX
ad05581triggraphs31	AUSENTE	-	NO	0	OPENSTAX
ad05581triggraphs4	AUSENTE	-	NO	0	OPENSTAX
ad05581triggraphs5	AUSENTE	-	NO	0	OPENSTAX
ad05581triggraphs6	AUSENTE	-	NO	0	OPENSTAX
ad05581triggraphs7	AUSENTE	-	NO	0	OPENSTAX
ad05581triggraphs8	AUSENTE	-	NO	0	OPENSTAX
ad05581triggraphs9	AUSENTE	-	NO	0	OPENSTAX
ad08b92T212-sohcahtoa-P01	AUSENTE	-	SI	5	NO-OPENSTAX
ad08b92T212-sohcahtoa-P02	AUSENTE	-	SI	5	NO-OPENSTAX
ad08b92T212-sohcahtoa-P03	AUSENTE	-	SI	5	NO-OPENSTAX
ad08b92T212-sohcahtoa-P04	AUSENTE	-	SI	3	NO-OPENSTAX
ad08b92T212-sohcahtoa-P05	AUSENTE	-	SI	3	NO-OPENSTAX
ad08b92T212-sohcahtoa-P06	AUSENTE	-	SI	3	NO-OPENSTAX
ad0aaf6linear1	AUSENTE	-	SI	1	OPENSTAX
ad0aaf6linear10	AUSENTE	-	NO	0	OPENSTAX
ad0aaf6linear11	AUSENTE	-	NO	0	OPENSTAX
ad0aaf6linear12	AUSENTE	-	NO	0	OPENSTAX
ad0aaf6linear13	AUSENTE	-	NO	0	OPENSTAX
ad0aaf6linear14	AUSENTE	-	NO	0	OPENSTAX
ad0aaf6linear15	AUSENTE	-	NO	0	OPENSTAX
ad0aaf6linear18	AUSENTE	-	NO	0	OPENSTAX
ad0aaf6linear19	AUSENTE	-	NO	0	OPENSTAX
ad0aaf6linear20	AUSENTE	-	NO	0	OPENSTAX
ad0aaf6linear21	AUSENTE	-	NO	0	OPENSTAX
ad0aaf6linear3	AUSENTE	-	SI	1	OPENSTAX
ad0aaf6linear4	AUSENTE	-	NO	0	OPENSTAX
ad0aaf6linear5	AUSENTE	-	NO	0	OPENSTAX
ad0aaf6linear6	AUSENTE	-	NO	0	OPENSTAX
ad0aaf6linear7	AUSENTE	-	NO	0	OPENSTAX
ad0aaf6linear8	AUSENTE	-	NO	0	OPENSTAX
ad0aaf6linear9	AUSENTE	-	NO	0	OPENSTAX
ad16e82class1	AUSENTE	-	NO	0	OPENSTAX
ad16e82class10	AUSENTE	-	NO	0	OPENSTAX
ad16e82class11	AUSENTE	-	NO	0	OPENSTAX
ad16e82class12	AUSENTE	-	NO	0	OPENSTAX
ad16e82class13	AUSENTE	-	NO	0	OPENSTAX
ad16e82class14	AUSENTE	-	NO	0	OPENSTAX
ad16e82class15	AUSENTE	-	NO	0	OPENSTAX
ad16e82class16	AUSENTE	-	NO	0	OPENSTAX
ad16e82class17	AUSENTE	-	NO	0	OPENSTAX
ad16e82class18	AUSENTE	-	NO	0	OPENSTAX
ad16e82class19	AUSENTE	-	NO	0	OPENSTAX
ad16e82class2	AUSENTE	-	NO	0	OPENSTAX
ad16e82class20	AUSENTE	-	NO	0	OPENSTAX
ad16e82class21	AUSENTE	-	NO	0	OPENSTAX
ad16e82class22	AUSENTE	-	NO	0	OPENSTAX
ad16e82class23	AUSENTE	-	NO	0	OPENSTAX
ad16e82class24	AUSENTE	-	NO	0	OPENSTAX
ad16e82class25	AUSENTE	-	NO	0	OPENSTAX
ad16e82class3	AUSENTE	-	NO	0	OPENSTAX
ad16e82class4	AUSENTE	-	NO	0	OPENSTAX
ad16e82class5	AUSENTE	-	NO	0	OPENSTAX
ad16e82class6	AUSENTE	-	NO	0	OPENSTAX
ad16e82class7	AUSENTE	-	NO	0	OPENSTAX
ad16e82class8	AUSENTE	-	NO	0	OPENSTAX
ad16e82class9	AUSENTE	-	NO	0	OPENSTAX
ad1b49dc1	AUSENTE	-	NO	0	OPENSTAX
ad1b49dc10	AUSENTE	-	SI	1	OPENSTAX
ad1b49dc2	AUSENTE	-	NO	0	OPENSTAX
ad1b49dc3	AUSENTE	-	NO	0	OPENSTAX
ad1b49dc4	AUSENTE	-	NO	0	OPENSTAX
ad1b49dc5	AUSENTE	-	NO	0	OPENSTAX
ad1b49dc6	AUSENTE	-	NO	0	OPENSTAX
ad1b49dc7	AUSENTE	-	NO	0	OPENSTAX
ad1b49dc8	AUSENTE	-	NO	0	OPENSTAX
ad1b49dc9	AUSENTE	-	SI	1	OPENSTAX
ad1dfa0problem1	RESOLUBLE	CC-BY-4.0	NO	0	OPENSTAX
ad1dfa0problem10	RESOLUBLE	CC-BY-4.0	NO	0	OPENSTAX
ad1dfa0problem12	RESOLUBLE	CC-BY-4.0	NO	0	OPENSTAX
ad1dfa0problem16	RESOLUBLE	CC-BY-4.0	NO	0	OPENSTAX
ad1dfa0problem25	RESOLUBLE	CC-BY-4.0	NO	0	OPENSTAX
ad1dfa0problem27	RESOLUBLE	CC-BY-4.0	NO	0	OPENSTAX
ad1dfa0problem29	RESOLUBLE	CC-BY-4.0	SI	1	OPENSTAX
ad1dfa0problem3	RESOLUBLE	CC-BY-4.0	NO	0	OPENSTAX
ad1dfa0problem32	RESOLUBLE	CC-BY-4.0	NO	0	OPENSTAX
ad1dfa0problem33	RESOLUBLE	CC-BY-4.0	NO	0	OPENSTAX
ad1dfa0problem35	RESOLUBLE	CC-BY-4.0	NO	0	OPENSTAX
ad1dfa0problem39	RESOLUBLE	CC-BY-4.0	NO	0	OPENSTAX
ad1dfa0problem41	RESOLUBLE	CC-BY-4.0	NO	0	OPENSTAX
ad1dfa0problem44	RESOLUBLE	CC-BY-4.0	NO	0	OPENSTAX
ad1dfa0problem48	RESOLUBLE	CC-BY-4.0	NO	0	OPENSTAX
ad1dfa0problem5	RESOLUBLE	CC-BY-4.0	NO	0	OPENSTAX
ad220b3GraphQuadratic1	RESOLUBLE	CC-BY-4.0	NO	0	OPENSTAX
ad220b3GraphQuadratic10	RESOLUBLE	CC-BY-4.0	NO	0	OPENSTAX
ad220b3GraphQuadratic11	RESOLUBLE	CC-BY-4.0	NO	0	OPENSTAX
ad220b3GraphQuadratic12	RESOLUBLE	CC-BY-4.0	NO	0	OPENSTAX
ad220b3GraphQuadratic13	RESOLUBLE	CC-BY-4.0	NO	0	OPENSTAX
ad220b3GraphQuadratic14	RESOLUBLE	CC-BY-4.0	NO	0	OPENSTAX
ad220b3GraphQuadratic15	RESOLUBLE	CC-BY-4.0	NO	0	OPENSTAX
ad220b3GraphQuadratic16	RESOLUBLE	CC-BY-4.0	NO	0	OPENSTAX
ad220b3GraphQuadratic17	RESOLUBLE	CC-BY-4.0	NO	0	OPENSTAX
ad220b3GraphQuadratic18	RESOLUBLE	CC-BY-4.0	NO	0	OPENSTAX
ad220b3GraphQuadratic19	RESOLUBLE	CC-BY-4.0	NO	0	OPENSTAX
ad220b3GraphQuadratic2	RESOLUBLE	CC-BY-4.0	NO	0	OPENSTAX
ad220b3GraphQuadratic20	RESOLUBLE	CC-BY-4.0	NO	0	OPENSTAX
ad220b3GraphQuadratic21	RESOLUBLE	CC-BY-4.0	NO	0	OPENSTAX
ad220b3GraphQuadratic22	RESOLUBLE	CC-BY-4.0	NO	0	OPENSTAX
ad220b3GraphQuadratic23	RESOLUBLE	CC-BY-4.0	NO	0	OPENSTAX
ad220b3GraphQuadratic24	RESOLUBLE	CC-BY-4.0	NO	0	OPENSTAX
ad220b3GraphQuadratic25	RESOLUBLE	CC-BY-4.0	NO	0	OPENSTAX
ad220b3GraphQuadratic27	RESOLUBLE	CC-BY-4.0	NO	0	OPENSTAX
ad220b3GraphQuadratic28	RESOLUBLE	CC-BY-4.0	NO	0	OPENSTAX
ad220b3GraphQuadratic29	RESOLUBLE	CC-BY-4.0	NO	0	OPENSTAX
ad220b3GraphQuadratic3	RESOLUBLE	CC-BY-4.0	NO	0	OPENSTAX
ad220b3GraphQuadratic30	RESOLUBLE	CC-BY-4.0	NO	0	OPENSTAX
ad220b3GraphQuadratic4	RESOLUBLE	CC-BY-4.0	NO	0	OPENSTAX
ad220b3GraphQuadratic5	RESOLUBLE	CC-BY-4.0	NO	0	OPENSTAX
ad220b3GraphQuadratic6	RESOLUBLE	CC-BY-4.0	NO	0	OPENSTAX
ad220b3GraphQuadratic7	RESOLUBLE	CC-BY-4.0	NO	0	OPENSTAX
ad220b3GraphQuadratic8	RESOLUBLE	CC-BY-4.0	NO	0	OPENSTAX
ad220b3GraphQuadratic9	RESOLUBLE	CC-BY-4.0	NO	0	OPENSTAX
ad291beRadRat1	RESOLUBLE	CC-BY-4.0	NO	0	OPENSTAX
ad291beRadRat10	RESOLUBLE	CC-BY-4.0	NO	0	OPENSTAX
ad291beRadRat11	RESOLUBLE	CC-BY-4.0	NO	0	OPENSTAX
ad291beRadRat12	RESOLUBLE	CC-BY-4.0	NO	0	OPENSTAX
ad291beRadRat13	RESOLUBLE	CC-BY-4.0	NO	0	OPENSTAX
ad291beRadRat14	RESOLUBLE	CC-BY-4.0	NO	0	OPENSTAX
ad291beRadRat15	RESOLUBLE	CC-BY-4.0	NO	0	OPENSTAX
ad291beRadRat16	RESOLUBLE	CC-BY-4.0	NO	0	OPENSTAX
ad291beRadRat17	RESOLUBLE	CC-BY-4.0	NO	0	OPENSTAX
ad291beRadRat18	RESOLUBLE	CC-BY-4.0	NO	0	OPENSTAX
ad291beRadRat19	RESOLUBLE	CC-BY-4.0	NO	0	OPENSTAX
ad291beRadRat2	RESOLUBLE	CC-BY-4.0	NO	0	OPENSTAX
ad291beRadRat20	RESOLUBLE	CC-BY-4.0	NO	0	OPENSTAX
ad291beRadRat21	RESOLUBLE	CC-BY-4.0	NO	0	OPENSTAX
ad291beRadRat3	RESOLUBLE	CC-BY-4.0	NO	0	OPENSTAX
ad291beRadRat4	RESOLUBLE	CC-BY-4.0	NO	0	OPENSTAX
ad291beRadRat5	RESOLUBLE	CC-BY-4.0	NO	0	OPENSTAX
ad291beRadRat6	RESOLUBLE	CC-BY-4.0	NO	0	OPENSTAX
ad291beRadRat7	RESOLUBLE	CC-BY-4.0	NO	0	OPENSTAX
ad291beRadRat8	RESOLUBLE	CC-BY-4.0	NO	0	OPENSTAX
ad291beRadRat9	RESOLUBLE	CC-BY-4.0	NO	0	OPENSTAX
ad30139T312-invtrigeval-P01	VERSION-SIN-VARIANTE	CC4.0	SI	1	NO-OPENSTAX
ad30139T312-invtrigeval-P02	VERSION-SIN-VARIANTE	CC4.0	SI	1	NO-OPENSTAX
ad30139T312-invtrigeval-P03	VERSION-SIN-VARIANTE	CC4.0	SI	1	NO-OPENSTAX
ad30139T312-invtrigeval-P04	VERSION-SIN-VARIANTE	CC4.0	SI	1	NO-OPENSTAX
ad30139T312-invtrigeval-P05	VERSION-SIN-VARIANTE	CC4.0	SI	1	NO-OPENSTAX
ad30139T312-invtrigeval-P06	VERSION-SIN-VARIANTE	CC4.0	SI	1	NO-OPENSTAX
ad30139T312-invtrigeval-P07	VERSION-SIN-VARIANTE	CC4.0	SI	1	NO-OPENSTAX
ad30139T312-invtrigeval-P08	VERSION-SIN-VARIANTE	CC4.0	SI	1	NO-OPENSTAX
ad30139T312-invtrigeval-P09	VERSION-SIN-VARIANTE	CC4.0	SI	1	NO-OPENSTAX
ad33ee8parabolas1	RESOLUBLE	CC-BY-4.0	SI	1	OPENSTAX
ad33ee8parabolas10	RESOLUBLE	CC-BY-4.0	NO	0	OPENSTAX
ad33ee8parabolas11	RESOLUBLE	CC-BY-4.0	NO	0	OPENSTAX
ad33ee8parabolas12	RESOLUBLE	CC-BY-4.0	NO	0	OPENSTAX
ad33ee8parabolas13	RESOLUBLE	CC-BY-4.0	NO	0	OPENSTAX
ad33ee8parabolas14	RESOLUBLE	CC-BY-4.0	NO	0	OPENSTAX
ad33ee8parabolas15	RESOLUBLE	CC-BY-4.0	SI	1	OPENSTAX
ad33ee8parabolas16	RESOLUBLE	CC-BY-4.0	SI	1	OPENSTAX
ad33ee8parabolas17	RESOLUBLE	CC-BY-4.0	SI	1	OPENSTAX
ad33ee8parabolas18	RESOLUBLE	CC-BY-4.0	SI	1	OPENSTAX
ad33ee8parabolas19	RESOLUBLE	CC-BY-4.0	SI	1	OPENSTAX
ad33ee8parabolas2	RESOLUBLE	CC-BY-4.0	SI	1	OPENSTAX
ad33ee8parabolas20	RESOLUBLE	CC-BY-4.0	SI	1	OPENSTAX
ad33ee8parabolas21	RESOLUBLE	CC-BY-4.0	SI	1	OPENSTAX
ad33ee8parabolas22	RESOLUBLE	CC-BY-4.0	SI	1	OPENSTAX
ad33ee8parabolas23	RESOLUBLE	CC-BY-4.0	SI	1	OPENSTAX
ad33ee8parabolas24	RESOLUBLE	CC-BY-4.0	SI	1	OPENSTAX
ad33ee8parabolas25	RESOLUBLE	CC-BY-4.0	SI	1	OPENSTAX
ad33ee8parabolas26	RESOLUBLE	CC-BY-4.0	SI	1	OPENSTAX
ad33ee8parabolas27	RESOLUBLE	CC-BY-4.0	NO	0	OPENSTAX
ad33ee8parabolas28	RESOLUBLE	CC-BY-4.0	NO	0	OPENSTAX
ad33ee8parabolas29	RESOLUBLE	CC-BY-4.0	NO	0	OPENSTAX
ad33ee8parabolas3	RESOLUBLE	CC-BY-4.0	SI	1	OPENSTAX
ad33ee8parabolas30	RESOLUBLE	CC-BY-4.0	NO	0	OPENSTAX
ad33ee8parabolas4	RESOLUBLE	CC-BY-4.0	SI	1	OPENSTAX
ad33ee8parabolas5	RESOLUBLE	CC-BY-4.0	SI	1	OPENSTAX
ad33ee8parabolas6	RESOLUBLE	CC-BY-4.0	SI	1	OPENSTAX
ad33ee8parabolas7	RESOLUBLE	CC-BY-4.0	SI	1	OPENSTAX
ad33ee8parabolas8	RESOLUBLE	CC-BY-4.0	SI	1	OPENSTAX
ad33ee8parabolas9	RESOLUBLE	CC-BY-4.0	NO	0	OPENSTAX
ad37b31probability1	RESOLUBLE	CC-BY-4.0	NO	0	OPENSTAX
ad37b31probability10	RESOLUBLE	CC-BY-4.0	SI	1	OPENSTAX
ad37b31probability11	RESOLUBLE	CC-BY-4.0	SI	1	OPENSTAX
ad37b31probability12	RESOLUBLE	CC-BY-4.0	SI	1	OPENSTAX
ad37b31probability13	RESOLUBLE	CC-BY-4.0	SI	1	OPENSTAX
ad37b31probability14	RESOLUBLE	CC-BY-4.0	SI	1	OPENSTAX
ad37b31probability15	RESOLUBLE	CC-BY-4.0	SI	1	OPENSTAX
ad37b31probability16	RESOLUBLE	CC-BY-4.0	NO	0	OPENSTAX
ad37b31probability17	RESOLUBLE	CC-BY-4.0	NO	0	OPENSTAX
ad37b31probability18	RESOLUBLE	CC-BY-4.0	NO	0	OPENSTAX
ad37b31probability19	RESOLUBLE	CC-BY-4.0	NO	0	OPENSTAX
ad37b31probability2	RESOLUBLE	CC-BY-4.0	NO	0	OPENSTAX
ad37b31probability20	RESOLUBLE	CC-BY-4.0	NO	0	OPENSTAX
ad37b31probability21	RESOLUBLE	CC-BY-4.0	NO	0	OPENSTAX
ad37b31probability22	RESOLUBLE	CC-BY-4.0	NO	0	OPENSTAX
ad37b31probability23	RESOLUBLE	CC-BY-4.0	NO	0	OPENSTAX
ad37b31probability24	RESOLUBLE	CC-BY-4.0	NO	0	OPENSTAX
ad37b31probability25	RESOLUBLE	CC-BY-4.0	NO	0	OPENSTAX
ad37b31probability26	RESOLUBLE	CC-BY-4.0	NO	0	OPENSTAX
ad37b31probability27	RESOLUBLE	CC-BY-4.0	NO	0	OPENSTAX
ad37b31probability28	RESOLUBLE	CC-BY-4.0	NO	0	OPENSTAX
ad37b31probability29	RESOLUBLE	CC-BY-4.0	NO	0	OPENSTAX
ad37b31probability3	RESOLUBLE	CC-BY-4.0	NO	0	OPENSTAX
ad37b31probability30	RESOLUBLE	CC-BY-4.0	NO	0	OPENSTAX
ad37b31probability4	RESOLUBLE	CC-BY-4.0	NO	0	OPENSTAX
ad37b31probability5	RESOLUBLE	CC-BY-4.0	NO	0	OPENSTAX
ad37b31probability6	RESOLUBLE	CC-BY-4.0	NO	0	OPENSTAX
ad37b31probability7	RESOLUBLE	CC-BY-4.0	NO	0	OPENSTAX
ad37b31probability8	RESOLUBLE	CC-BY-4.0	NO	0	OPENSTAX
ad37b31probability9	RESOLUBLE	CC-BY-4.0	SI	1	OPENSTAX
ad3a47cA133-fracadd-P01	VERSION-SIN-VARIANTE	CC4.0	NO	0	NO-OPENSTAX
ad3a47cA133-fracadd-P02	VERSION-SIN-VARIANTE	CC4.0	NO	0	NO-OPENSTAX
ad3a47cA133-fracadd-P03	VERSION-SIN-VARIANTE	CC4.0	NO	0	NO-OPENSTAX
ad3a47cA133-fracadd-P04	VERSION-SIN-VARIANTE	CC4.0	NO	0	NO-OPENSTAX
ad3a47cA133-fracadd-P05	VERSION-SIN-VARIANTE	CC4.0	NO	0	NO-OPENSTAX
ad3a47cA133-fracadd-P06	VERSION-SIN-VARIANTE	CC4.0	NO	0	NO-OPENSTAX
ad3a8eeSolveMixture1	RESOLUBLE	CC-BY-4.0	NO	0	OPENSTAX
ad3a8eeSolveMixture10	RESOLUBLE	CC-BY-4.0	NO	0	OPENSTAX
ad3a8eeSolveMixture11	RESOLUBLE	CC-BY-4.0	NO	0	OPENSTAX
ad3a8eeSolveMixture12	RESOLUBLE	CC-BY-4.0	NO	0	OPENSTAX
ad3a8eeSolveMixture13	RESOLUBLE	CC-BY-4.0	NO	0	OPENSTAX
ad3a8eeSolveMixture14	RESOLUBLE	CC-BY-4.0	NO	0	OPENSTAX
ad3a8eeSolveMixture15	RESOLUBLE	CC-BY-4.0	NO	0	OPENSTAX
ad3a8eeSolveMixture2	RESOLUBLE	CC-BY-4.0	NO	0	OPENSTAX
ad3a8eeSolveMixture3	RESOLUBLE	CC-BY-4.0	NO	0	OPENSTAX
ad3a8eeSolveMixture4	RESOLUBLE	CC-BY-4.0	NO	0	OPENSTAX
ad3a8eeSolveMixture5	RESOLUBLE	CC-BY-4.0	NO	0	OPENSTAX
ad3a8eeSolveMixture6	RESOLUBLE	CC-BY-4.0	NO	0	OPENSTAX
ad3a8eeSolveMixture7	RESOLUBLE	CC-BY-4.0	NO	0	OPENSTAX
ad3a8eeSolveMixture8	RESOLUBLE	CC-BY-4.0	NO	0	OPENSTAX
ad3a8eeSolveMixture9	RESOLUBLE	CC-BY-4.0	NO	0	OPENSTAX
ad3a8eemixapp1	RESOLUBLE	CC-BY-4.0	NO	0	OPENSTAX
ad3a8eemixapp10	RESOLUBLE	CC-BY-4.0	NO	0	OPENSTAX
ad3a8eemixapp11	RESOLUBLE	CC-BY-4.0	NO	0	OPENSTAX
ad3a8eemixapp12	RESOLUBLE	CC-BY-4.0	NO	0	OPENSTAX
ad3a8eemixapp2	RESOLUBLE	CC-BY-4.0	NO	0	OPENSTAX
ad3a8eemixapp3	RESOLUBLE	CC-BY-4.0	NO	0	OPENSTAX
ad3a8eemixapp4	RESOLUBLE	CC-BY-4.0	NO	0	OPENSTAX
ad3a8eemixapp5	RESOLUBLE	CC-BY-4.0	NO	0	OPENSTAX
ad3a8eemixapp6	RESOLUBLE	CC-BY-4.0	NO	0	OPENSTAX
ad3a8eemixapp7	RESOLUBLE	CC-BY-4.0	NO	0	OPENSTAX
ad3a8eemixapp8	RESOLUBLE	CC-BY-4.0	NO	0	OPENSTAX
ad3a8eemixapp9	RESOLUBLE	CC-BY-4.0	NO	0	OPENSTAX
ad4e7e2decimals1	RESOLUBLE	CC-BY-4.0	NO	0	OPENSTAX
ad4e7e2decimals10	RESOLUBLE	CC-BY-4.0	NO	0	OPENSTAX
ad4e7e2decimals11	RESOLUBLE	CC-BY-4.0	NO	0	OPENSTAX
ad4e7e2decimals12	RESOLUBLE	CC-BY-4.0	NO	0	OPENSTAX
ad4e7e2decimals13	RESOLUBLE	CC-BY-4.0	NO	0	OPENSTAX
ad4e7e2decimals14	RESOLUBLE	CC-BY-4.0	NO	0	OPENSTAX
ad4e7e2decimals15	RESOLUBLE	CC-BY-4.0	NO	0	OPENSTAX
ad4e7e2decimals16	RESOLUBLE	CC-BY-4.0	NO	0	OPENSTAX
ad4e7e2decimals17	RESOLUBLE	CC-BY-4.0	NO	0	OPENSTAX
ad4e7e2decimals18	RESOLUBLE	CC-BY-4.0	NO	0	OPENSTAX
ad4e7e2decimals19	RESOLUBLE	CC-BY-4.0	NO	0	OPENSTAX
ad4e7e2decimals2	RESOLUBLE	CC-BY-4.0	NO	0	OPENSTAX
ad4e7e2decimals20	RESOLUBLE	CC-BY-4.0	NO	0	OPENSTAX
ad4e7e2decimals21	RESOLUBLE	CC-BY-4.0	NO	0	OPENSTAX
ad4e7e2decimals22	RESOLUBLE	CC-BY-4.0	NO	0	OPENSTAX
ad4e7e2decimals23	RESOLUBLE	CC-BY-4.0	NO	0	OPENSTAX
ad4e7e2decimals24	RESOLUBLE	CC-BY-4.0	NO	0	OPENSTAX
ad4e7e2decimals25	RESOLUBLE	CC-BY-4.0	NO	0	OPENSTAX
ad4e7e2decimals26	RESOLUBLE	CC-BY-4.0	NO	0	OPENSTAX
ad4e7e2decimals27	RESOLUBLE	CC-BY-4.0	NO	0	OPENSTAX
ad4e7e2decimals28	RESOLUBLE	CC-BY-4.0	NO	0	OPENSTAX
ad4e7e2decimals29	RESOLUBLE	CC-BY-4.0	NO	0	OPENSTAX
ad4e7e2decimals3	RESOLUBLE	CC-BY-4.0	NO	0	OPENSTAX
ad4e7e2decimals30	RESOLUBLE	CC-BY-4.0	NO	0	OPENSTAX
ad4e7e2decimals31	RESOLUBLE	CC-BY-4.0	NO	0	OPENSTAX
ad4e7e2decimals4	RESOLUBLE	CC-BY-4.0	NO	0	OPENSTAX
ad4e7e2decimals5	RESOLUBLE	CC-BY-4.0	NO	0	OPENSTAX
ad4e7e2decimals6	RESOLUBLE	CC-BY-4.0	NO	0	OPENSTAX
ad4e7e2decimals7	RESOLUBLE	CC-BY-4.0	NO	0	OPENSTAX
ad4e7e2decimals8	RESOLUBLE	CC-BY-4.0	NO	0	OPENSTAX
ad4e7e2decimals9	RESOLUBLE	CC-BY-4.0	NO	0	OPENSTAX
ad4fd60center1	AUSENTE	-	NO	0	OPENSTAX
ad4fd60center10	AUSENTE	-	NO	0	OPENSTAX
ad4fd60center2	AUSENTE	-	NO	0	OPENSTAX
ad4fd60center3	AUSENTE	-	NO	0	OPENSTAX
ad4fd60center4	AUSENTE	-	NO	0	OPENSTAX
ad4fd60center5	AUSENTE	-	SI	1	OPENSTAX
ad4fd60center6	AUSENTE	-	SI	1	OPENSTAX
ad4fd60center7	AUSENTE	-	SI	1	OPENSTAX
ad4fd60center8	AUSENTE	-	SI	1	OPENSTAX
ad4fd60center9	AUSENTE	-	NO	0	OPENSTAX
ad51073factor1	RESOLUBLE	CC-BY-4.0	NO	0	OPENSTAX
ad51073factor10	RESOLUBLE	CC-BY-4.0	NO	0	OPENSTAX
ad51073factor11	RESOLUBLE	CC-BY-4.0	NO	0	OPENSTAX
ad51073factor12	RESOLUBLE	CC-BY-4.0	NO	0	OPENSTAX
ad51073factor13	RESOLUBLE	CC-BY-4.0	NO	0	OPENSTAX
ad51073factor14	RESOLUBLE	CC-BY-4.0	NO	0	OPENSTAX
ad51073factor15	RESOLUBLE	CC-BY-4.0	NO	0	OPENSTAX
ad51073factor2	RESOLUBLE	CC-BY-4.0	NO	0	OPENSTAX
ad51073factor3	RESOLUBLE	CC-BY-4.0	NO	0	OPENSTAX
ad51073factor4	RESOLUBLE	CC-BY-4.0	NO	0	OPENSTAX
ad51073factor5	RESOLUBLE	CC-BY-4.0	NO	0	OPENSTAX
ad51073factor6	RESOLUBLE	CC-BY-4.0	NO	0	OPENSTAX
ad51073factor7	RESOLUBLE	CC-BY-4.0	NO	0	OPENSTAX
ad51073factor8	RESOLUBLE	CC-BY-4.0	NO	0	OPENSTAX
ad51073factor9	RESOLUBLE	CC-BY-4.0	NO	0	OPENSTAX
ad51073poly1	RESOLUBLE	CC-BY-4.0	NO	0	OPENSTAX
ad51073poly10	RESOLUBLE	CC-BY-4.0	NO	0	OPENSTAX
ad51073poly2	RESOLUBLE	CC-BY-4.0	NO	0	OPENSTAX
ad51073poly3	RESOLUBLE	CC-BY-4.0	NO	0	OPENSTAX
ad51073poly4	RESOLUBLE	CC-BY-4.0	NO	0	OPENSTAX
ad51073poly5	RESOLUBLE	CC-BY-4.0	NO	0	OPENSTAX
ad51073poly6	RESOLUBLE	CC-BY-4.0	NO	0	OPENSTAX
ad51073poly7	RESOLUBLE	CC-BY-4.0	NO	0	OPENSTAX
ad51073poly8	RESOLUBLE	CC-BY-4.0	NO	0	OPENSTAX
ad51073poly9	RESOLUBLE	CC-BY-4.0	NO	0	OPENSTAX
ad54ce5A212-explogdomain-P01	VERSION-SIN-VARIANTE	CC4.0	NO	0	NO-OPENSTAX
ad54ce5A212-explogdomain-P02	VERSION-SIN-VARIANTE	CC4.0	NO	0	NO-OPENSTAX
ad54ce5A212-explogdomain-P03	VERSION-SIN-VARIANTE	CC4.0	NO	0	NO-OPENSTAX
ad54ce5A212-explogdomain-P04	VERSION-SIN-VARIANTE	CC4.0	NO	0	NO-OPENSTAX
ad54ce5A212-explogdomain-P05	VERSION-SIN-VARIANTE	CC4.0	NO	0	NO-OPENSTAX
ad54ce5A212-explogdomain-P06	VERSION-SIN-VARIANTE	CC4.0	NO	0	NO-OPENSTAX
ad7a338radical1	RESOLUBLE	CC-BY-4.0	NO	0	OPENSTAX
ad7a338radical10	RESOLUBLE	CC-BY-4.0	NO	0	OPENSTAX
ad7a338radical11	RESOLUBLE	CC-BY-4.0	NO	0	OPENSTAX
ad7a338radical12	RESOLUBLE	CC-BY-4.0	NO	0	OPENSTAX
ad7a338radical13	RESOLUBLE	CC-BY-4.0	NO	0	OPENSTAX
ad7a338radical14	RESOLUBLE	CC-BY-4.0	NO	0	OPENSTAX
ad7a338radical15	RESOLUBLE	CC-BY-4.0	NO	0	OPENSTAX
ad7a338radical16	RESOLUBLE	CC-BY-4.0	NO	0	OPENSTAX
ad7a338radical17	RESOLUBLE	CC-BY-4.0	NO	0	OPENSTAX
ad7a338radical18	RESOLUBLE	CC-BY-4.0	NO	0	OPENSTAX
ad7a338radical19	RESOLUBLE	CC-BY-4.0	NO	0	OPENSTAX
ad7a338radical2	RESOLUBLE	CC-BY-4.0	NO	0	OPENSTAX
ad7a338radical20	RESOLUBLE	CC-BY-4.0	NO	0	OPENSTAX
ad7a338radical21	RESOLUBLE	CC-BY-4.0	NO	0	OPENSTAX
ad7a338radical22	RESOLUBLE	CC-BY-4.0	NO	0	OPENSTAX
ad7a338radical23	RESOLUBLE	CC-BY-4.0	NO	0	OPENSTAX
ad7a338radical24	RESOLUBLE	CC-BY-4.0	NO	0	OPENSTAX
ad7a338radical25	RESOLUBLE	CC-BY-4.0	NO	0	OPENSTAX
ad7a338radical26	RESOLUBLE	CC-BY-4.0	NO	0	OPENSTAX
ad7a338radical27	RESOLUBLE	CC-BY-4.0	NO	0	OPENSTAX
ad7a338radical28	RESOLUBLE	CC-BY-4.0	NO	0	OPENSTAX
ad7a338radical29	RESOLUBLE	CC-BY-4.0	NO	0	OPENSTAX
ad7a338radical3	RESOLUBLE	CC-BY-4.0	NO	0	OPENSTAX
ad7a338radical30	RESOLUBLE	CC-BY-4.0	NO	0	OPENSTAX
ad7a338radical31	RESOLUBLE	CC-BY-4.0	NO	0	OPENSTAX
ad7a338radical4	RESOLUBLE	CC-BY-4.0	NO	0	OPENSTAX
ad7a338radical5	RESOLUBLE	CC-BY-4.0	NO	0	OPENSTAX
ad7a338radical6	RESOLUBLE	CC-BY-4.0	NO	0	OPENSTAX
ad7a338radical7	RESOLUBLE	CC-BY-4.0	NO	0	OPENSTAX
ad7a338radical8	RESOLUBLE	CC-BY-4.0	NO	0	OPENSTAX
ad7a338radical9	RESOLUBLE	CC-BY-4.0	NO	0	OPENSTAX
ad7cbc2vis1	RESOLUBLE	CC-BY-4.0	SI	1	NO-OPENSTAX
ad7cbc2vis2	RESOLUBLE	CC-BY-4.0	SI	1	NO-OPENSTAX
ad7cbc2vis3	RESOLUBLE	CC-BY-4.0	SI	1	NO-OPENSTAX
ad7cbc2vis4	RESOLUBLE	CC-BY-4.0	SI	1	NO-OPENSTAX
ad82f2bhighroot1	AUSENTE	-	NO	0	OPENSTAX
ad82f2bhighroot10	AUSENTE	-	NO	0	OPENSTAX
ad82f2bhighroot11	AUSENTE	-	NO	0	OPENSTAX
ad82f2bhighroot12	AUSENTE	-	NO	0	OPENSTAX
ad82f2bhighroot2	AUSENTE	-	NO	0	OPENSTAX
ad82f2bhighroot3	AUSENTE	-	NO	0	OPENSTAX
ad82f2bhighroot4	AUSENTE	-	NO	0	OPENSTAX
ad82f2bhighroot5	AUSENTE	-	NO	0	OPENSTAX
ad82f2bhighroot6	AUSENTE	-	NO	0	OPENSTAX
ad82f2bhighroot7	AUSENTE	-	NO	0	OPENSTAX
ad82f2bhighroot8	AUSENTE	-	NO	0	OPENSTAX
ad82f2bhighroot9	AUSENTE	-	NO	0	OPENSTAX
ad82f2bsimplifyRoot1	AUSENTE	-	NO	0	OPENSTAX
ad82f2bsimplifyRoot2	AUSENTE	-	NO	0	OPENSTAX
ad82f2bsimplifyRoot3	AUSENTE	-	NO	0	OPENSTAX
ad82f2bsimplifyRoot4	AUSENTE	-	NO	0	OPENSTAX
ad82f2bsimplifyRoot5	AUSENTE	-	NO	0	OPENSTAX
ad82f2bsimplifyRoot6	AUSENTE	-	NO	0	OPENSTAX
ad88052l'hopital1	AUSENTE	-	NO	0	OPENSTAX
ad88052l'hopital21	AUSENTE	-	NO	0	OPENSTAX
ad88052l'hopital3	AUSENTE	-	NO	0	OPENSTAX
ad88052l'hopital4	AUSENTE	-	NO	0	OPENSTAX
ad88052l'hopital5	AUSENTE	-	NO	0	OPENSTAX
ad88052l'hopital9	AUSENTE	-	NO	0	OPENSTAX
ad9ac1cpolarform1	AUSENTE	-	NO	0	OPENSTAX
ad9ac1cpolarform10	AUSENTE	-	NO	0	OPENSTAX
ad9ac1cpolarform11	AUSENTE	-	NO	0	OPENSTAX
ad9ac1cpolarform12	AUSENTE	-	NO	0	OPENSTAX
ad9ac1cpolarform13	AUSENTE	-	NO	0	OPENSTAX
ad9ac1cpolarform14	AUSENTE	-	NO	0	OPENSTAX
ad9ac1cpolarform15	AUSENTE	-	NO	0	OPENSTAX
ad9ac1cpolarform16	AUSENTE	-	NO	0	OPENSTAX
ad9ac1cpolarform17	AUSENTE	-	NO	0	OPENSTAX
ad9ac1cpolarform18	AUSENTE	-	NO	0	OPENSTAX
ad9ac1cpolarform19	AUSENTE	-	NO	0	OPENSTAX
ad9ac1cpolarform2	AUSENTE	-	NO	0	OPENSTAX
ad9ac1cpolarform20	AUSENTE	-	NO	0	OPENSTAX
ad9ac1cpolarform21	AUSENTE	-	NO	0	OPENSTAX
ad9ac1cpolarform22	AUSENTE	-	NO	0	OPENSTAX
ad9ac1cpolarform23	AUSENTE	-	NO	0	OPENSTAX
ad9ac1cpolarform24	AUSENTE	-	NO	0	OPENSTAX
ad9ac1cpolarform25	AUSENTE	-	NO	0	OPENSTAX
ad9ac1cpolarform26	AUSENTE	-	NO	0	OPENSTAX
ad9ac1cpolarform27	AUSENTE	-	NO	0	OPENSTAX
ad9ac1cpolarform28	AUSENTE	-	NO	0	OPENSTAX
ad9ac1cpolarform29	AUSENTE	-	NO	0	OPENSTAX
ad9ac1cpolarform3	AUSENTE	-	NO	0	OPENSTAX
ad9ac1cpolarform30	AUSENTE	-	NO	0	OPENSTAX
ad9ac1cpolarform4	AUSENTE	-	NO	0	OPENSTAX
ad9ac1cpolarform5	AUSENTE	-	NO	0	OPENSTAX
ad9ac1cpolarform6	AUSENTE	-	NO	0	OPENSTAX
ad9ac1cpolarform7	AUSENTE	-	NO	0	OPENSTAX
ad9ac1cpolarform8	AUSENTE	-	NO	0	OPENSTAX
ad9ac1cpolarform9	AUSENTE	-	NO	0	OPENSTAX
ada10e6CompletingSqr1	RESOLUBLE	CC-BY-4.0	NO	0	OPENSTAX
ada10e6CompletingSqr10	RESOLUBLE	CC-BY-4.0	NO	0	OPENSTAX
ada10e6CompletingSqr11	RESOLUBLE	CC-BY-4.0	NO	0	OPENSTAX
ada10e6CompletingSqr12	RESOLUBLE	CC-BY-4.0	NO	0	OPENSTAX
ada10e6CompletingSqr13	RESOLUBLE	CC-BY-4.0	NO	0	OPENSTAX
ada10e6CompletingSqr14	RESOLUBLE	CC-BY-4.0	NO	0	OPENSTAX
ada10e6CompletingSqr15	RESOLUBLE	CC-BY-4.0	NO	0	OPENSTAX
ada10e6CompletingSqr16	RESOLUBLE	CC-BY-4.0	NO	0	OPENSTAX
ada10e6CompletingSqr17	RESOLUBLE	CC-BY-4.0	NO	0	OPENSTAX
ada10e6CompletingSqr18	RESOLUBLE	CC-BY-4.0	NO	0	OPENSTAX
ada10e6CompletingSqr19	RESOLUBLE	CC-BY-4.0	NO	0	OPENSTAX
ada10e6CompletingSqr2	RESOLUBLE	CC-BY-4.0	NO	0	OPENSTAX
ada10e6CompletingSqr20	RESOLUBLE	CC-BY-4.0	NO	0	OPENSTAX
ada10e6CompletingSqr21	RESOLUBLE	CC-BY-4.0	NO	0	OPENSTAX
ada10e6CompletingSqr22	RESOLUBLE	CC-BY-4.0	NO	0	OPENSTAX
ada10e6CompletingSqr23	RESOLUBLE	CC-BY-4.0	NO	0	OPENSTAX
ada10e6CompletingSqr24	RESOLUBLE	CC-BY-4.0	NO	0	OPENSTAX
ada10e6CompletingSqr25	RESOLUBLE	CC-BY-4.0	NO	0	OPENSTAX
ada10e6CompletingSqr26	RESOLUBLE	CC-BY-4.0	NO	0	OPENSTAX
ada10e6CompletingSqr28	RESOLUBLE	CC-BY-4.0	NO	0	OPENSTAX
ada10e6CompletingSqr29	RESOLUBLE	CC-BY-4.0	NO	0	OPENSTAX
ada10e6CompletingSqr3	RESOLUBLE	CC-BY-4.0	NO	0	OPENSTAX
ada10e6CompletingSqr30	RESOLUBLE	CC-BY-4.0	NO	0	OPENSTAX
ada10e6CompletingSqr4	RESOLUBLE	CC-BY-4.0	NO	0	OPENSTAX
ada10e6CompletingSqr5	RESOLUBLE	CC-BY-4.0	NO	0	OPENSTAX
ada10e6CompletingSqr6	RESOLUBLE	CC-BY-4.0	NO	0	OPENSTAX
ada10e6CompletingSqr7	RESOLUBLE	CC-BY-4.0	NO	0	OPENSTAX
ada10e6CompletingSqr8	RESOLUBLE	CC-BY-4.0	NO	0	OPENSTAX
ada10e6CompletingSqr9	RESOLUBLE	CC-BY-4.0	NO	0	OPENSTAX
ada72c8boot1	RESOLUBLE	CC-BY-4.0	NO	0	NO-OPENSTAX
ada72c8boot2	RESOLUBLE	CC-BY-4.0	SI	6	NO-OPENSTAX
ada72c8boot3	RESOLUBLE	CC-BY-4.0	SI	9	NO-OPENSTAX
adaa3f9righttrig1	RESOLUBLE	CC-BY-4.0	NO	0	OPENSTAX
adaa3f9righttrig10	RESOLUBLE	CC-BY-4.0	NO	0	OPENSTAX
adaa3f9righttrig11	RESOLUBLE	CC-BY-4.0	NO	0	OPENSTAX
adaa3f9righttrig12	RESOLUBLE	CC-BY-4.0	NO	0	OPENSTAX
adaa3f9righttrig13	RESOLUBLE	CC-BY-4.0	NO	0	OPENSTAX
adaa3f9righttrig14	RESOLUBLE	CC-BY-4.0	NO	0	OPENSTAX
adaa3f9righttrig15	RESOLUBLE	CC-BY-4.0	NO	0	OPENSTAX
adaa3f9righttrig16	RESOLUBLE	CC-BY-4.0	SI	1	OPENSTAX
adaa3f9righttrig17	RESOLUBLE	CC-BY-4.0	SI	1	OPENSTAX
adaa3f9righttrig18	RESOLUBLE	CC-BY-4.0	SI	1	OPENSTAX
adaa3f9righttrig19	RESOLUBLE	CC-BY-4.0	SI	1	OPENSTAX
adaa3f9righttrig2	RESOLUBLE	CC-BY-4.0	NO	0	OPENSTAX
adaa3f9righttrig20	RESOLUBLE	CC-BY-4.0	SI	1	OPENSTAX
adaa3f9righttrig21	RESOLUBLE	CC-BY-4.0	SI	1	OPENSTAX
adaa3f9righttrig22	RESOLUBLE	CC-BY-4.0	SI	1	OPENSTAX
adaa3f9righttrig23	RESOLUBLE	CC-BY-4.0	SI	1	OPENSTAX
adaa3f9righttrig24	RESOLUBLE	CC-BY-4.0	SI	1	OPENSTAX
adaa3f9righttrig25	RESOLUBLE	CC-BY-4.0	SI	1	OPENSTAX
adaa3f9righttrig26	RESOLUBLE	CC-BY-4.0	SI	1	OPENSTAX
adaa3f9righttrig27	RESOLUBLE	CC-BY-4.0	SI	1	OPENSTAX
adaa3f9righttrig28	RESOLUBLE	CC-BY-4.0	NO	0	OPENSTAX
adaa3f9righttrig29	RESOLUBLE	CC-BY-4.0	NO	0	OPENSTAX
adaa3f9righttrig3	RESOLUBLE	CC-BY-4.0	NO	0	OPENSTAX
adaa3f9righttrig30	RESOLUBLE	CC-BY-4.0	NO	0	OPENSTAX
adaa3f9righttrig4	RESOLUBLE	CC-BY-4.0	NO	0	OPENSTAX
adaa3f9righttrig5	RESOLUBLE	CC-BY-4.0	NO	0	OPENSTAX
adaa3f9righttrig6	RESOLUBLE	CC-BY-4.0	NO	0	OPENSTAX
adaa3f9righttrig7	RESOLUBLE	CC-BY-4.0	NO	0	OPENSTAX
adaa3f9righttrig8	RESOLUBLE	CC-BY-4.0	NO	0	OPENSTAX
adaa3f9righttrig9	RESOLUBLE	CC-BY-4.0	NO	0	OPENSTAX
adb00fecramers1	RESOLUBLE	CC-BY-4.0	NO	0	OPENSTAX
adb00fecramers10	RESOLUBLE	CC-BY-4.0	NO	0	OPENSTAX
adb00fecramers11	RESOLUBLE	CC-BY-4.0	NO	0	OPENSTAX
adb00fecramers12	RESOLUBLE	CC-BY-4.0	NO	0	OPENSTAX
adb00fecramers13	RESOLUBLE	CC-BY-4.0	NO	0	OPENSTAX
adb00fecramers14	RESOLUBLE	CC-BY-4.0	NO	0	OPENSTAX
adb00fecramers15	RESOLUBLE	CC-BY-4.0	NO	0	OPENSTAX
adb00fecramers16	RESOLUBLE	CC-BY-4.0	NO	0	OPENSTAX
adb00fecramers17	RESOLUBLE	CC-BY-4.0	NO	0	OPENSTAX
adb00fecramers18	RESOLUBLE	CC-BY-4.0	NO	0	OPENSTAX
adb00fecramers19	RESOLUBLE	CC-BY-4.0	NO	0	OPENSTAX
adb00fecramers2	RESOLUBLE	CC-BY-4.0	NO	0	OPENSTAX
adb00fecramers20	RESOLUBLE	CC-BY-4.0	NO	0	OPENSTAX
adb00fecramers21	RESOLUBLE	CC-BY-4.0	NO	0	OPENSTAX
adb00fecramers22	RESOLUBLE	CC-BY-4.0	NO	0	OPENSTAX
adb00fecramers23	RESOLUBLE	CC-BY-4.0	NO	0	OPENSTAX
adb00fecramers24	RESOLUBLE	CC-BY-4.0	NO	0	OPENSTAX
adb00fecramers25	RESOLUBLE	CC-BY-4.0	NO	0	OPENSTAX
adb00fecramers26	RESOLUBLE	CC-BY-4.0	NO	0	OPENSTAX
adb00fecramers27	RESOLUBLE	CC-BY-4.0	NO	0	OPENSTAX
adb00fecramers28	RESOLUBLE	CC-BY-4.0	NO	0	OPENSTAX
adb00fecramers29	RESOLUBLE	CC-BY-4.0	NO	0	OPENSTAX
adb00fecramers3	RESOLUBLE	CC-BY-4.0	NO	0	OPENSTAX
adb00fecramers30	RESOLUBLE	CC-BY-4.0	NO	0	OPENSTAX
adb00fecramers4	RESOLUBLE	CC-BY-4.0	NO	0	OPENSTAX
adb00fecramers5	RESOLUBLE	CC-BY-4.0	NO	0	OPENSTAX
adb00fecramers6	RESOLUBLE	CC-BY-4.0	NO	0	OPENSTAX
adb00fecramers7	RESOLUBLE	CC-BY-4.0	NO	0	OPENSTAX
adb00fecramers8	RESOLUBLE	CC-BY-4.0	NO	0	OPENSTAX
adb00fecramers9	RESOLUBLE	CC-BY-4.0	NO	0	OPENSTAX
adb5110A253-explogwild-P01	VERSION-SIN-VARIANTE	CC4.0	NO	0	NO-OPENSTAX
adb5110A253-explogwild-P02	VERSION-SIN-VARIANTE	CC4.0	NO	0	NO-OPENSTAX
adb5110A253-explogwild-P03	VERSION-SIN-VARIANTE	CC4.0	NO	0	NO-OPENSTAX
adb5110A253-explogwild-P04	VERSION-SIN-VARIANTE	CC4.0	NO	0	NO-OPENSTAX
adb5110A253-explogwild-P05	VERSION-SIN-VARIANTE	CC4.0	NO	0	NO-OPENSTAX
adb5110A253-explogwild-P06	VERSION-SIN-VARIANTE	CC4.0	NO	0	NO-OPENSTAX
adb5110A253-explogwild-P07	VERSION-SIN-VARIANTE	CC4.0	NO	0	NO-OPENSTAX
adb5110A253-explogwild-P08	VERSION-SIN-VARIANTE	CC4.0	NO	0	NO-OPENSTAX
adc8562real1	RESOLUBLE	CC-BY-4.0	NO	0	OPENSTAX
adc8562real10	RESOLUBLE	CC-BY-4.0	NO	0	OPENSTAX
adc8562real11	RESOLUBLE	CC-BY-4.0	NO	0	OPENSTAX
adc8562real12	RESOLUBLE	CC-BY-4.0	NO	0	OPENSTAX
adc8562real13	RESOLUBLE	CC-BY-4.0	NO	0	OPENSTAX
adc8562real14	RESOLUBLE	CC-BY-4.0	SI	1	OPENSTAX
adc8562real15	RESOLUBLE	CC-BY-4.0	SI	1	OPENSTAX
adc8562real16	RESOLUBLE	CC-BY-4.0	SI	1	OPENSTAX
adc8562real17	RESOLUBLE	CC-BY-4.0	SI	1	OPENSTAX
adc8562real18	RESOLUBLE	CC-BY-4.0	SI	1	OPENSTAX
adc8562real19	RESOLUBLE	CC-BY-4.0	NO	0	OPENSTAX
adc8562real2	RESOLUBLE	CC-BY-4.0	NO	0	OPENSTAX
adc8562real20	RESOLUBLE	CC-BY-4.0	NO	0	OPENSTAX
adc8562real21	RESOLUBLE	CC-BY-4.0	NO	0	OPENSTAX
adc8562real22	RESOLUBLE	CC-BY-4.0	NO	0	OPENSTAX
adc8562real23	RESOLUBLE	CC-BY-4.0	NO	0	OPENSTAX
adc8562real24	RESOLUBLE	CC-BY-4.0	NO	0	OPENSTAX
adc8562real25	RESOLUBLE	CC-BY-4.0	SI	1	OPENSTAX
adc8562real26	RESOLUBLE	CC-BY-4.0	SI	1	OPENSTAX
adc8562real27	RESOLUBLE	CC-BY-4.0	NO	0	OPENSTAX
adc8562real28	RESOLUBLE	CC-BY-4.0	NO	0	OPENSTAX
adc8562real29	RESOLUBLE	CC-BY-4.0	NO	0	OPENSTAX
adc8562real3	RESOLUBLE	CC-BY-4.0	SI	1	OPENSTAX
adc8562real30	RESOLUBLE	CC-BY-4.0	NO	0	OPENSTAX
adc8562real4	RESOLUBLE	CC-BY-4.0	NO	0	OPENSTAX
adc8562real5	RESOLUBLE	CC-BY-4.0	NO	0	OPENSTAX
adc8562real6	RESOLUBLE	CC-BY-4.0	NO	0	OPENSTAX
adc8562real7	RESOLUBLE	CC-BY-4.0	NO	0	OPENSTAX
adc8562real8	RESOLUBLE	CC-BY-4.0	NO	0	OPENSTAX
adc8562real9	RESOLUBLE	CC-BY-4.0	NO	0	OPENSTAX
adc85fdderiv1	AUSENTE	-	NO	0	OPENSTAX
adc85fdderiv2	AUSENTE	-	NO	0	OPENSTAX
adc85fdderiv3	AUSENTE	-	NO	0	OPENSTAX
adc85fdderivative1	AUSENTE	-	NO	0	OPENSTAX
adc85fdderivative10	AUSENTE	-	NO	0	OPENSTAX
adc85fdderivative11	AUSENTE	-	NO	0	OPENSTAX
adc85fdderivative12	AUSENTE	-	NO	0	OPENSTAX
adc85fdderivative2	AUSENTE	-	NO	0	OPENSTAX
adc85fdtangentline1	AUSENTE	-	NO	0	OPENSTAX
adc85fdtangentline2	AUSENTE	-	NO	0	OPENSTAX
add17b3fractions1	RESOLUBLE	CC-BY-4.0	NO	0	OPENSTAX
add17b3fractions10	RESOLUBLE	CC-BY-4.0	NO	0	OPENSTAX
add17b3fractions11	RESOLUBLE	CC-BY-4.0	NO	0	OPENSTAX
add17b3fractions12	RESOLUBLE	CC-BY-4.0	NO	0	OPENSTAX
add17b3fractions13	RESOLUBLE	CC-BY-4.0	NO	0	OPENSTAX
add17b3fractions14	RESOLUBLE	CC-BY-4.0	NO	0	OPENSTAX
add17b3fractions15	RESOLUBLE	CC-BY-4.0	NO	0	OPENSTAX
add17b3fractions16	RESOLUBLE	CC-BY-4.0	NO	0	OPENSTAX
add17b3fractions17	RESOLUBLE	CC-BY-4.0	NO	0	OPENSTAX
add17b3fractions18	RESOLUBLE	CC-BY-4.0	NO	0	OPENSTAX
add17b3fractions19	RESOLUBLE	CC-BY-4.0	NO	0	OPENSTAX
add17b3fractions2	RESOLUBLE	CC-BY-4.0	NO	0	OPENSTAX
add17b3fractions20	RESOLUBLE	CC-BY-4.0	NO	0	OPENSTAX
add17b3fractions21	RESOLUBLE	CC-BY-4.0	NO	0	OPENSTAX
add17b3fractions22	RESOLUBLE	CC-BY-4.0	NO	0	OPENSTAX
add17b3fractions23	RESOLUBLE	CC-BY-4.0	NO	0	OPENSTAX
add17b3fractions24	RESOLUBLE	CC-BY-4.0	NO	0	OPENSTAX
add17b3fractions25	RESOLUBLE	CC-BY-4.0	NO	0	OPENSTAX
add17b3fractions26	RESOLUBLE	CC-BY-4.0	NO	0	OPENSTAX
add17b3fractions27	RESOLUBLE	CC-BY-4.0	NO	0	OPENSTAX
add17b3fractions28	RESOLUBLE	CC-BY-4.0	NO	0	OPENSTAX
add17b3fractions29	RESOLUBLE	CC-BY-4.0	NO	0	OPENSTAX
add17b3fractions3	RESOLUBLE	CC-BY-4.0	NO	0	OPENSTAX
add17b3fractions30	RESOLUBLE	CC-BY-4.0	NO	0	OPENSTAX
add17b3fractions4	RESOLUBLE	CC-BY-4.0	NO	0	OPENSTAX
add17b3fractions5	RESOLUBLE	CC-BY-4.0	NO	0	OPENSTAX
add17b3fractions6	RESOLUBLE	CC-BY-4.0	NO	0	OPENSTAX
add17b3fractions7	RESOLUBLE	CC-BY-4.0	NO	0	OPENSTAX
add17b3fractions8	RESOLUBLE	CC-BY-4.0	NO	0	OPENSTAX
add17b3fractions9	RESOLUBLE	CC-BY-4.0	NO	0	OPENSTAX
add1c75trig18	AUSENTE	-	SI	1	OPENSTAX
add1c75trig19	AUSENTE	-	SI	1	OPENSTAX
add1c75trig20	AUSENTE	-	SI	1	OPENSTAX
add1c75trig21	AUSENTE	-	SI	1	OPENSTAX
add2dfegeneral1	RESOLUBLE	CC-BY-4.0	NO	0	OPENSTAX
add2dfegeneral10	RESOLUBLE	CC-BY-4.0	NO	0	OPENSTAX
add2dfegeneral11	RESOLUBLE	CC-BY-4.0	NO	0	OPENSTAX
add2dfegeneral12	RESOLUBLE	CC-BY-4.0	NO	0	OPENSTAX
add2dfegeneral13	RESOLUBLE	CC-BY-4.0	NO	0	OPENSTAX
add2dfegeneral14	RESOLUBLE	CC-BY-4.0	NO	0	OPENSTAX
add2dfegeneral15	RESOLUBLE	CC-BY-4.0	NO	0	OPENSTAX
add2dfegeneral16	RESOLUBLE	CC-BY-4.0	NO	0	OPENSTAX
add2dfegeneral17	RESOLUBLE	CC-BY-4.0	NO	0	OPENSTAX
add2dfegeneral18	RESOLUBLE	CC-BY-4.0	NO	0	OPENSTAX
add2dfegeneral19	RESOLUBLE	CC-BY-4.0	NO	0	OPENSTAX
add2dfegeneral2	RESOLUBLE	CC-BY-4.0	NO	0	OPENSTAX
add2dfegeneral20	RESOLUBLE	CC-BY-4.0	NO	0	OPENSTAX
add2dfegeneral21	RESOLUBLE	CC-BY-4.0	NO	0	OPENSTAX
add2dfegeneral22	RESOLUBLE	CC-BY-4.0	NO	0	OPENSTAX
add2dfegeneral23	RESOLUBLE	CC-BY-4.0	NO	0	OPENSTAX
add2dfegeneral24	RESOLUBLE	CC-BY-4.0	NO	0	OPENSTAX
add2dfegeneral25	RESOLUBLE	CC-BY-4.0	NO	0	OPENSTAX
add2dfegeneral26	RESOLUBLE	CC-BY-4.0	NO	0	OPENSTAX
add2dfegeneral27	RESOLUBLE	CC-BY-4.0	NO	0	OPENSTAX
add2dfegeneral28	RESOLUBLE	CC-BY-4.0	NO	0	OPENSTAX
add2dfegeneral29	RESOLUBLE	CC-BY-4.0	NO	0	OPENSTAX
add2dfegeneral3	RESOLUBLE	CC-BY-4.0	NO	0	OPENSTAX
add2dfegeneral30	RESOLUBLE	CC-BY-4.0	NO	0	OPENSTAX
add2dfegeneral4	RESOLUBLE	CC-BY-4.0	NO	0	OPENSTAX
add2dfegeneral5	RESOLUBLE	CC-BY-4.0	NO	0	OPENSTAX
add2dfegeneral6	RESOLUBLE	CC-BY-4.0	NO	0	OPENSTAX
add2dfegeneral7	RESOLUBLE	CC-BY-4.0	NO	0	OPENSTAX
add2dfegeneral8	RESOLUBLE	CC-BY-4.0	NO	0	OPENSTAX
add2dfegeneral9	RESOLUBLE	CC-BY-4.0	NO	0	OPENSTAX
add398dT2-diag-P01	VERSION-SIN-VARIANTE	CC4.0	SI	4	NO-OPENSTAX
add398dT2-diag-P02	VERSION-SIN-VARIANTE	CC4.0	SI	2	NO-OPENSTAX
add398dT2-diag-P03	VERSION-SIN-VARIANTE	CC4.0	SI	2	NO-OPENSTAX
add398dT2-diag-P04	VERSION-SIN-VARIANTE	CC4.0	SI	2	NO-OPENSTAX
add398dT2-diag-P05	VERSION-SIN-VARIANTE	CC4.0	NO	0	NO-OPENSTAX
add398dT2-diag-P06	VERSION-SIN-VARIANTE	CC4.0	NO	0	NO-OPENSTAX
add398dT2-diag-P07	VERSION-SIN-VARIANTE	CC4.0	NO	0	NO-OPENSTAX
add398dT2-diag-P08	VERSION-SIN-VARIANTE	CC4.0	NO	0	NO-OPENSTAX
add398dT2-diag-P09	VERSION-SIN-VARIANTE	CC4.0	NO	0	NO-OPENSTAX
add398dT2-diag-P10	VERSION-SIN-VARIANTE	CC4.0	NO	0	NO-OPENSTAX
add398dT2-diag-P11	VERSION-SIN-VARIANTE	CC4.0	NO	0	NO-OPENSTAX
add398dT2-diag-P12	VERSION-SIN-VARIANTE	CC4.0	NO	0	NO-OPENSTAX
add398dT2-diag-P13	VERSION-SIN-VARIANTE	CC4.0	NO	0	NO-OPENSTAX
add685ddesc-stat1	RESOLUBLE	CC-BY-4.0	NO	0	OPENSTAX
add685ddesc-stat10	RESOLUBLE	CC-BY-4.0	NO	0	OPENSTAX
add685ddesc-stat11	RESOLUBLE	CC-BY-4.0	NO	0	OPENSTAX
add685ddesc-stat12	RESOLUBLE	CC-BY-4.0	NO	0	OPENSTAX
add685ddesc-stat13	RESOLUBLE	CC-BY-4.0	NO	0	OPENSTAX
add685ddesc-stat14	RESOLUBLE	CC-BY-4.0	NO	0	OPENSTAX
add685ddesc-stat15	RESOLUBLE	CC-BY-4.0	NO	0	OPENSTAX
add685ddesc-stat16	RESOLUBLE	CC-BY-4.0	NO	0	OPENSTAX
add685ddesc-stat17	RESOLUBLE	CC-BY-4.0	NO	0	OPENSTAX
add685ddesc-stat18	RESOLUBLE	CC-BY-4.0	NO	0	OPENSTAX
add685ddesc-stat19	RESOLUBLE	CC-BY-4.0	NO	0	OPENSTAX
add685ddesc-stat2	RESOLUBLE	CC-BY-4.0	NO	0	OPENSTAX
add685ddesc-stat20	RESOLUBLE	CC-BY-4.0	NO	0	OPENSTAX
add685ddesc-stat21	RESOLUBLE	CC-BY-4.0	NO	0	OPENSTAX
add685ddesc-stat22	RESOLUBLE	CC-BY-4.0	NO	0	OPENSTAX
add685ddesc-stat23	RESOLUBLE	CC-BY-4.0	NO	0	OPENSTAX
add685ddesc-stat24	RESOLUBLE	CC-BY-4.0	NO	0	OPENSTAX
add685ddesc-stat25	RESOLUBLE	CC-BY-4.0	NO	0	OPENSTAX
add685ddesc-stat3	RESOLUBLE	CC-BY-4.0	NO	0	OPENSTAX
add685ddesc-stat4	RESOLUBLE	CC-BY-4.0	NO	0	OPENSTAX
add685ddesc-stat5	RESOLUBLE	CC-BY-4.0	NO	0	OPENSTAX
add685ddesc-stat6	RESOLUBLE	CC-BY-4.0	NO	0	OPENSTAX
add685ddesc-stat7	RESOLUBLE	CC-BY-4.0	NO	0	OPENSTAX
add685ddesc-stat8	RESOLUBLE	CC-BY-4.0	NO	0	OPENSTAX
add685ddesc-stat9	RESOLUBLE	CC-BY-4.0	NO	0	OPENSTAX
aded0eclinear1	RESOLUBLE	CC-BY-4.0	NO	0	OPENSTAX
aded0eclinear10	RESOLUBLE	CC-BY-4.0	NO	0	OPENSTAX
aded0eclinear11	RESOLUBLE	CC-BY-4.0	NO	0	OPENSTAX
aded0eclinear12	RESOLUBLE	CC-BY-4.0	NO	0	OPENSTAX
aded0eclinear13	RESOLUBLE	CC-BY-4.0	NO	0	OPENSTAX
aded0eclinear14	RESOLUBLE	CC-BY-4.0	NO	0	OPENSTAX
aded0eclinear15	RESOLUBLE	CC-BY-4.0	NO	0	OPENSTAX
aded0eclinear16	RESOLUBLE	CC-BY-4.0	NO	0	OPENSTAX
aded0eclinear17	RESOLUBLE	CC-BY-4.0	NO	0	OPENSTAX
aded0eclinear18	RESOLUBLE	CC-BY-4.0	NO	0	OPENSTAX
aded0eclinear19	RESOLUBLE	CC-BY-4.0	NO	0	OPENSTAX
aded0eclinear2	RESOLUBLE	CC-BY-4.0	NO	0	OPENSTAX
aded0eclinear20	RESOLUBLE	CC-BY-4.0	NO	0	OPENSTAX
aded0eclinear21	RESOLUBLE	CC-BY-4.0	NO	0	OPENSTAX
aded0eclinear22	RESOLUBLE	CC-BY-4.0	NO	0	OPENSTAX
aded0eclinear23	RESOLUBLE	CC-BY-4.0	NO	0	OPENSTAX
aded0eclinear24	RESOLUBLE	CC-BY-4.0	NO	0	OPENSTAX
aded0eclinear25	RESOLUBLE	CC-BY-4.0	NO	0	OPENSTAX
aded0eclinear26	RESOLUBLE	CC-BY-4.0	NO	0	OPENSTAX
aded0eclinear27	RESOLUBLE	CC-BY-4.0	NO	0	OPENSTAX
aded0eclinear28	RESOLUBLE	CC-BY-4.0	NO	0	OPENSTAX
aded0eclinear29	RESOLUBLE	CC-BY-4.0	NO	0	OPENSTAX
aded0eclinear3	RESOLUBLE	CC-BY-4.0	NO	0	OPENSTAX
aded0eclinear30	RESOLUBLE	CC-BY-4.0	NO	0	OPENSTAX
aded0eclinear5	RESOLUBLE	CC-BY-4.0	NO	0	OPENSTAX
aded0eclinear6	RESOLUBLE	CC-BY-4.0	NO	0	OPENSTAX
aded0eclinear7	RESOLUBLE	CC-BY-4.0	NO	0	OPENSTAX
aded0eclinear8	RESOLUBLE	CC-BY-4.0	NO	0	OPENSTAX
aded0eclinear9	RESOLUBLE	CC-BY-4.0	NO	0	OPENSTAX
adfa1cbterminology1	RESOLUBLE	CC-BY-4.0	NO	0	OPENSTAX
adfa1cbterminology10	RESOLUBLE	CC-BY-4.0	NO	0	OPENSTAX
adfa1cbterminology11	RESOLUBLE	CC-BY-4.0	NO	0	OPENSTAX
adfa1cbterminology12	RESOLUBLE	CC-BY-4.0	NO	0	OPENSTAX
adfa1cbterminology13	RESOLUBLE	CC-BY-4.0	NO	0	OPENSTAX
adfa1cbterminology14	RESOLUBLE	CC-BY-4.0	NO	0	OPENSTAX
adfa1cbterminology15	RESOLUBLE	CC-BY-4.0	NO	0	OPENSTAX
adfa1cbterminology16	RESOLUBLE	CC-BY-4.0	NO	0	OPENSTAX
adfa1cbterminology17	RESOLUBLE	CC-BY-4.0	NO	0	OPENSTAX
adfa1cbterminology18	RESOLUBLE	CC-BY-4.0	NO	0	OPENSTAX
adfa1cbterminology19	RESOLUBLE	CC-BY-4.0	NO	0	OPENSTAX
adfa1cbterminology2	RESOLUBLE	CC-BY-4.0	NO	0	OPENSTAX
adfa1cbterminology20	RESOLUBLE	CC-BY-4.0	NO	0	OPENSTAX
adfa1cbterminology21	RESOLUBLE	CC-BY-4.0	NO	0	OPENSTAX
adfa1cbterminology22	RESOLUBLE	CC-BY-4.0	NO	0	OPENSTAX
adfa1cbterminology23	RESOLUBLE	CC-BY-4.0	NO	0	OPENSTAX
adfa1cbterminology24	RESOLUBLE	CC-BY-4.0	NO	0	OPENSTAX
adfa1cbterminology25	RESOLUBLE	CC-BY-4.0	SI	1	OPENSTAX
adfa1cbterminology3	RESOLUBLE	CC-BY-4.0	NO	0	OPENSTAX
adfa1cbterminology4	RESOLUBLE	CC-BY-4.0	NO	0	OPENSTAX
adfa1cbterminology5	RESOLUBLE	CC-BY-4.0	NO	0	OPENSTAX
adfa1cbterminology6	RESOLUBLE	CC-BY-4.0	NO	0	OPENSTAX
adfa1cbterminology7	RESOLUBLE	CC-BY-4.0	NO	0	OPENSTAX
adfa1cbterminology8	RESOLUBLE	CC-BY-4.0	NO	0	OPENSTAX
adfa1cbterminology9	RESOLUBLE	CC-BY-4.0	NO	0	OPENSTAX
ae05e04inverse1	RESOLUBLE	CC-BY-4.0	NO	0	OPENSTAX
ae05e04inverse10	RESOLUBLE	CC-BY-4.0	NO	0	OPENSTAX
ae05e04inverse11	RESOLUBLE	CC-BY-4.0	NO	0	OPENSTAX
ae05e04inverse12	RESOLUBLE	CC-BY-4.0	SI	1	OPENSTAX
ae05e04inverse13	RESOLUBLE	CC-BY-4.0	SI	1	OPENSTAX
ae05e04inverse14	RESOLUBLE	CC-BY-4.0	SI	1	OPENSTAX
ae05e04inverse15	RESOLUBLE	CC-BY-4.0	NO	0	OPENSTAX
ae05e04inverse16	RESOLUBLE	CC-BY-4.0	NO	0	OPENSTAX
ae05e04inverse17	RESOLUBLE	CC-BY-4.0	NO	0	OPENSTAX
ae05e04inverse18	RESOLUBLE	CC-BY-4.0	NO	0	OPENSTAX
ae05e04inverse19	RESOLUBLE	CC-BY-4.0	NO	0	OPENSTAX
ae05e04inverse2	RESOLUBLE	CC-BY-4.0	NO	0	OPENSTAX
ae05e04inverse20	RESOLUBLE	CC-BY-4.0	NO	0	OPENSTAX
ae05e04inverse21	RESOLUBLE	CC-BY-4.0	NO	0	OPENSTAX
ae05e04inverse22	RESOLUBLE	CC-BY-4.0	NO	0	OPENSTAX
ae05e04inverse23	RESOLUBLE	CC-BY-4.0	NO	0	OPENSTAX
ae05e04inverse24	RESOLUBLE	CC-BY-4.0	NO	0	OPENSTAX
ae05e04inverse3	RESOLUBLE	CC-BY-4.0	NO	0	OPENSTAX
ae05e04inverse4	RESOLUBLE	CC-BY-4.0	NO	0	OPENSTAX
ae05e04inverse5	RESOLUBLE	CC-BY-4.0	NO	0	OPENSTAX
ae05e04inverse6	RESOLUBLE	CC-BY-4.0	SI	1	OPENSTAX
ae05e04inverse7	RESOLUBLE	CC-BY-4.0	NO	0	OPENSTAX
ae05e04inverse8	RESOLUBLE	CC-BY-4.0	NO	0	OPENSTAX
ae05e04inverse9	RESOLUBLE	CC-BY-4.0	NO	0	OPENSTAX
ae0c19cmodels1	RESOLUBLE	CC-BY-4.0	NO	0	OPENSTAX
ae0c19cmodels10	RESOLUBLE	CC-BY-4.0	NO	0	OPENSTAX
ae0c19cmodels11	RESOLUBLE	CC-BY-4.0	NO	0	OPENSTAX
ae0c19cmodels2	RESOLUBLE	CC-BY-4.0	SI	1	OPENSTAX
ae0c19cmodels3	RESOLUBLE	CC-BY-4.0	SI	1	OPENSTAX
ae0c19cmodels4	RESOLUBLE	CC-BY-4.0	SI	1	OPENSTAX
ae0c19cmodels5	RESOLUBLE	CC-BY-4.0	SI	1	OPENSTAX
ae0c19cmodels6	RESOLUBLE	CC-BY-4.0	NO	0	OPENSTAX
ae0c19cmodels7	RESOLUBLE	CC-BY-4.0	SI	2	OPENSTAX
ae0c19cmodels8	RESOLUBLE	CC-BY-4.0	SI	2	OPENSTAX
ae0c19cmodels9	RESOLUBLE	CC-BY-4.0	SI	2	OPENSTAX
ae173b9deriv1	AUSENTE	-	NO	0	OPENSTAX
ae173b9deriv10	AUSENTE	-	NO	0	OPENSTAX
ae173b9deriv11	AUSENTE	-	NO	0	OPENSTAX
ae173b9deriv12	AUSENTE	-	NO	0	OPENSTAX
ae173b9deriv13	AUSENTE	-	NO	0	OPENSTAX
ae173b9deriv14	AUSENTE	-	NO	0	OPENSTAX
ae173b9deriv15	AUSENTE	-	NO	0	OPENSTAX
ae173b9deriv16	AUSENTE	-	NO	0	OPENSTAX
ae173b9deriv17	AUSENTE	-	NO	0	OPENSTAX
ae173b9deriv18	AUSENTE	-	NO	0	OPENSTAX
ae173b9deriv19	AUSENTE	-	NO	0	OPENSTAX
ae173b9deriv2	AUSENTE	-	NO	0	OPENSTAX
ae173b9deriv20	AUSENTE	-	NO	0	OPENSTAX
ae173b9deriv3	AUSENTE	-	NO	0	OPENSTAX
ae173b9deriv4	AUSENTE	-	NO	0	OPENSTAX
ae173b9deriv5	AUSENTE	-	NO	0	OPENSTAX
ae173b9deriv6	AUSENTE	-	NO	0	OPENSTAX
ae173b9deriv7	AUSENTE	-	NO	0	OPENSTAX
ae173b9deriv8	AUSENTE	-	SI	2	OPENSTAX
ae173b9deriv9	AUSENTE	-	SI	2	OPENSTAX
ae2513baca1a7dderivative1	RESOLUBLE	CC-BY-4.0	NO	0	NO-OPENSTAX
ae2513baca1a7dderivative10	RESOLUBLE	CC-BY-4.0	NO	0	NO-OPENSTAX
ae2513baca1a7dderivative11	RESOLUBLE	CC-BY-4.0	NO	0	NO-OPENSTAX
ae2513baca1a7dderivative12	RESOLUBLE	CC-BY-4.0	NO	0	NO-OPENSTAX
ae2513baca1a7dderivative2	RESOLUBLE	CC-BY-4.0	NO	0	NO-OPENSTAX
ae2513baca1a7dderivative3	RESOLUBLE	CC-BY-4.0	NO	0	NO-OPENSTAX
ae2513baca1a7dderivative4	RESOLUBLE	CC-BY-4.0	NO	0	NO-OPENSTAX
ae2513baca1a7dderivative5	RESOLUBLE	CC-BY-4.0	NO	0	NO-OPENSTAX
ae2513baca1a7dderivative6	RESOLUBLE	CC-BY-4.0	NO	0	NO-OPENSTAX
ae2513baca1a7dderivative7	RESOLUBLE	CC-BY-4.0	NO	0	NO-OPENSTAX
ae2513baca1a7dderivative8	RESOLUBLE	CC-BY-4.0	NO	0	NO-OPENSTAX
ae2513baca1a7dderivative9	RESOLUBLE	CC-BY-4.0	NO	0	NO-OPENSTAX
ae2513baca1a7dderivativetangent1	RESOLUBLE	CC-BY-4.0	NO	0	NO-OPENSTAX
ae2513baca1a7dderivativetangent2	RESOLUBLE	CC-BY-4.0	NO	0	NO-OPENSTAX
ae2513baca1a7dtangentline3	RESOLUBLE	CC-BY-4.0	NO	0	NO-OPENSTAX
ae2513baca1a7dtangentline4	RESOLUBLE	CC-BY-4.0	NO	0	NO-OPENSTAX
ae2513baca1a7dtangentline5	RESOLUBLE	CC-BY-4.0	NO	0	NO-OPENSTAX
ae2513baca1a7dtangentline6	RESOLUBLE	CC-BY-4.0	NO	0	NO-OPENSTAX
ae2513baca1a7dtangentline7	RESOLUBLE	CC-BY-4.0	NO	0	NO-OPENSTAX
ae2513baca1a7dtangentline8	RESOLUBLE	CC-BY-4.0	NO	0	NO-OPENSTAX
ae2513baca1a7dvelocity1	RESOLUBLE	CC-BY-4.0	NO	0	NO-OPENSTAX
ae25c01functions1	RESOLUBLE	CC-BY-4.0	SI	1	OPENSTAX
ae25c01functions10	RESOLUBLE	CC-BY-4.0	NO	0	OPENSTAX
ae25c01functions11	RESOLUBLE	CC-BY-4.0	NO	0	OPENSTAX
ae25c01functions12	RESOLUBLE	CC-BY-4.0	NO	0	OPENSTAX
ae25c01functions13	RESOLUBLE	CC-BY-4.0	NO	0	OPENSTAX
ae25c01functions14	RESOLUBLE	CC-BY-4.0	NO	0	OPENSTAX
ae25c01functions15	RESOLUBLE	CC-BY-4.0	NO	0	OPENSTAX
ae25c01functions2	RESOLUBLE	CC-BY-4.0	SI	1	OPENSTAX
ae25c01functions3	RESOLUBLE	CC-BY-4.0	SI	1	OPENSTAX
ae25c01functions4	RESOLUBLE	CC-BY-4.0	SI	1	OPENSTAX
ae25c01functions5	RESOLUBLE	CC-BY-4.0	SI	1	OPENSTAX
ae25c01functions6	RESOLUBLE	CC-BY-4.0	SI	1	OPENSTAX
ae25c01functions7	RESOLUBLE	CC-BY-4.0	SI	1	OPENSTAX
ae25c01functions8	RESOLUBLE	CC-BY-4.0	SI	1	OPENSTAX
ae25c01functions9	RESOLUBLE	CC-BY-4.0	NO	0	OPENSTAX
ae25c01graphs1	RESOLUBLE	CC-BY-4.0	SI	1	OPENSTAX
ae25c01graphs10	RESOLUBLE	CC-BY-4.0	SI	1	OPENSTAX
ae25c01graphs11	RESOLUBLE	CC-BY-4.0	SI	1	OPENSTAX
ae25c01graphs12	RESOLUBLE	CC-BY-4.0	SI	1	OPENSTAX
ae25c01graphs13	RESOLUBLE	CC-BY-4.0	SI	1	OPENSTAX
ae25c01graphs14	RESOLUBLE	CC-BY-4.0	SI	1	OPENSTAX
ae25c01graphs15	RESOLUBLE	CC-BY-4.0	SI	1	OPENSTAX
ae25c01graphs2	RESOLUBLE	CC-BY-4.0	SI	1	OPENSTAX
ae25c01graphs3	RESOLUBLE	CC-BY-4.0	SI	1	OPENSTAX
ae25c01graphs4	RESOLUBLE	CC-BY-4.0	SI	1	OPENSTAX
ae25c01graphs5	RESOLUBLE	CC-BY-4.0	SI	1	OPENSTAX
ae25c01graphs6	RESOLUBLE	CC-BY-4.0	SI	1	OPENSTAX
ae25c01graphs7	RESOLUBLE	CC-BY-4.0	SI	1	OPENSTAX
ae25c01graphs8	RESOLUBLE	CC-BY-4.0	SI	1	OPENSTAX
ae25c01graphs9	RESOLUBLE	CC-BY-4.0	SI	1	OPENSTAX
ae2aa31Additional10	RESOLUBLE	CC-BY-4.0	NO	0	OPENSTAX
ae2aa31Additional11	RESOLUBLE	CC-BY-4.0	NO	0	OPENSTAX
ae2aa31Additional12	RESOLUBLE	CC-BY-4.0	NO	0	OPENSTAX
ae2aa31Additional13	RESOLUBLE	CC-BY-4.0	NO	0	OPENSTAX
ae2aa31Additional14	RESOLUBLE	CC-BY-4.0	NO	0	OPENSTAX
ae2aa31Additional15	RESOLUBLE	CC-BY-4.0	NO	0	OPENSTAX
ae2aa31Additional4	RESOLUBLE	CC-BY-4.0	NO	0	OPENSTAX
ae2aa31Additional5	RESOLUBLE	CC-BY-4.0	NO	0	OPENSTAX
ae2aa31Additional6	RESOLUBLE	CC-BY-4.0	NO	0	OPENSTAX
ae2aa31Additional7	RESOLUBLE	CC-BY-4.0	NO	0	OPENSTAX
ae2aa31Additional8	RESOLUBLE	CC-BY-4.0	NO	0	OPENSTAX
ae2aa31Additional9	RESOLUBLE	CC-BY-4.0	NO	0	OPENSTAX
ae2aa31Addtional1	RESOLUBLE	CC-BY-4.0	NO	0	OPENSTAX
ae2aa31Addtional2	RESOLUBLE	CC-BY-4.0	NO	0	OPENSTAX
ae2aa31Addtional3	RESOLUBLE	CC-BY-4.0	NO	0	OPENSTAX
ae379ba13.4Fstatmath	RESOLUBLE	CC-BY-4.0	NO	0	OPENSTAX
ae379ba13.4collegeinstructor1	RESOLUBLE	CC-BY-4.0	SI	1	OPENSTAX
ae379ba13.4cyclist	RESOLUBLE	CC-BY-4.0	NO	0	OPENSTAX
ae379ba13.4mathstudents	RESOLUBLE	CC-BY-4.0	NO	0	OPENSTAX
ae379ba13.4nycsingers	RESOLUBLE	CC-BY-4.0	SI	1	OPENSTAX
ae379baFassumption1	RESOLUBLE	CC-BY-4.0	NO	0	OPENSTAX
ae379baFassumption2	RESOLUBLE	CC-BY-4.0	NO	0	OPENSTAX
ae379baFassumption3	RESOLUBLE	CC-BY-4.0	NO	0	OPENSTAX
ae379baFassumption4	RESOLUBLE	CC-BY-4.0	NO	0	OPENSTAX
ae379baFassumption5	RESOLUBLE	CC-BY-4.0	NO	0	OPENSTAX
ae39497systems1	RESOLUBLE	CC-BY-4.0	NO	0	OPENSTAX
ae39497systems10	RESOLUBLE	CC-BY-4.0	NO	0	OPENSTAX
ae39497systems11	RESOLUBLE	CC-BY-4.0	NO	0	OPENSTAX
ae39497systems12	RESOLUBLE	CC-BY-4.0	NO	0	OPENSTAX
ae39497systems13	RESOLUBLE	CC-BY-4.0	NO	0	OPENSTAX
ae39497systems14	RESOLUBLE	CC-BY-4.0	NO	0	OPENSTAX
ae39497systems15	RESOLUBLE	CC-BY-4.0	NO	0	OPENSTAX
ae39497systems16	RESOLUBLE	CC-BY-4.0	NO	0	OPENSTAX
ae39497systems17	RESOLUBLE	CC-BY-4.0	NO	0	OPENSTAX
ae39497systems18	RESOLUBLE	CC-BY-4.0	NO	0	OPENSTAX
ae39497systems19	RESOLUBLE	CC-BY-4.0	NO	0	OPENSTAX
ae39497systems2	RESOLUBLE	CC-BY-4.0	NO	0	OPENSTAX
ae39497systems20	RESOLUBLE	CC-BY-4.0	NO	0	OPENSTAX
ae39497systems21	RESOLUBLE	CC-BY-4.0	NO	0	OPENSTAX
ae39497systems22	RESOLUBLE	CC-BY-4.0	NO	0	OPENSTAX
ae39497systems23	RESOLUBLE	CC-BY-4.0	NO	0	OPENSTAX
ae39497systems24	RESOLUBLE	CC-BY-4.0	NO	0	OPENSTAX
ae39497systems25	RESOLUBLE	CC-BY-4.0	NO	0	OPENSTAX
ae39497systems26	RESOLUBLE	CC-BY-4.0	NO	0	OPENSTAX
ae39497systems27	RESOLUBLE	CC-BY-4.0	NO	0	OPENSTAX
ae39497systems28	RESOLUBLE	CC-BY-4.0	NO	0	OPENSTAX
ae39497systems29	RESOLUBLE	CC-BY-4.0	NO	0	OPENSTAX
ae39497systems3	RESOLUBLE	CC-BY-4.0	NO	0	OPENSTAX
ae39497systems30	RESOLUBLE	CC-BY-4.0	NO	0	OPENSTAX
ae39497systems4	RESOLUBLE	CC-BY-4.0	NO	0	OPENSTAX
ae39497systems5	RESOLUBLE	CC-BY-4.0	NO	0	OPENSTAX
ae39497systems6	RESOLUBLE	CC-BY-4.0	NO	0	OPENSTAX
ae39497systems7	RESOLUBLE	CC-BY-4.0	NO	0	OPENSTAX
ae39497systems8	RESOLUBLE	CC-BY-4.0	NO	0	OPENSTAX
ae39497systems9	RESOLUBLE	CC-BY-4.0	NO	0	OPENSTAX
ae3c1a1exponential1	RESOLUBLE	CC-BY-4.0	NO	0	OPENSTAX
ae3c1a1exponential10	RESOLUBLE	CC-BY-4.0	NO	0	OPENSTAX
ae3c1a1exponential11	AUSENTE	-	NO	0	OPENSTAX
ae3c1a1exponential12	AUSENTE	-	NO	0	OPENSTAX
ae3c1a1exponential13	AUSENTE	-	NO	0	OPENSTAX
ae3c1a1exponential14	AUSENTE	-	NO	0	OPENSTAX
ae3c1a1exponential15	AUSENTE	-	NO	0	OPENSTAX
ae3c1a1exponential16	AUSENTE	-	NO	0	OPENSTAX
ae3c1a1exponential17	AUSENTE	-	NO	0	OPENSTAX
ae3c1a1exponential18	AUSENTE	-	NO	0	OPENSTAX
ae3c1a1exponential19	AUSENTE	-	NO	0	OPENSTAX
ae3c1a1exponential2	RESOLUBLE	CC-BY-4.0	NO	0	OPENSTAX
ae3c1a1exponential20	AUSENTE	-	NO	0	OPENSTAX
ae3c1a1exponential21	RESOLUBLE	CC-BY-4.0	NO	0	OPENSTAX
ae3c1a1exponential22	RESOLUBLE	CC-BY-4.0	NO	0	OPENSTAX
ae3c1a1exponential23	RESOLUBLE	CC-BY-4.0	NO	0	OPENSTAX
ae3c1a1exponential24	RESOLUBLE	CC-BY-4.0	NO	0	OPENSTAX
ae3c1a1exponential25	RESOLUBLE	CC-BY-4.0	NO	0	OPENSTAX
ae3c1a1exponential26	RESOLUBLE	CC-BY-4.0	NO	0	OPENSTAX
ae3c1a1exponential27	RESOLUBLE	CC-BY-4.0	NO	0	OPENSTAX
ae3c1a1exponential28	RESOLUBLE	CC-BY-4.0	NO	0	OPENSTAX
ae3c1a1exponential29	RESOLUBLE	CC-BY-4.0	NO	0	OPENSTAX
ae3c1a1exponential3	RESOLUBLE	CC-BY-4.0	NO	0	OPENSTAX
ae3c1a1exponential30	RESOLUBLE	CC-BY-4.0	NO	0	OPENSTAX
ae3c1a1exponential4	RESOLUBLE	CC-BY-4.0	NO	0	OPENSTAX
ae3c1a1exponential5	RESOLUBLE	CC-BY-4.0	NO	0	OPENSTAX
ae3c1a1exponential6	RESOLUBLE	CC-BY-4.0	NO	0	OPENSTAX
ae3c1a1exponential7	RESOLUBLE	CC-BY-4.0	NO	0	OPENSTAX
ae3c1a1exponential8	RESOLUBLE	CC-BY-4.0	NO	0	OPENSTAX
ae3c1a1exponential9	RESOLUBLE	CC-BY-4.0	NO	0	OPENSTAX
ae40a3eacidbase1	AUSENTE	-	NO	0	NO-OPENSTAX
ae40a3eacidbase10	AUSENTE	-	NO	0	NO-OPENSTAX
ae40a3eacidbase11	AUSENTE	-	NO	0	NO-OPENSTAX
ae40a3eacidbase12	AUSENTE	-	NO	0	NO-OPENSTAX
ae40a3eacidbase14	AUSENTE	-	NO	0	NO-OPENSTAX
ae40a3eacidbase15	AUSENTE	-	SI	1	NO-OPENSTAX
ae40a3eacidbase16	AUSENTE	-	SI	1	NO-OPENSTAX
ae40a3eacidbase2	AUSENTE	-	NO	0	NO-OPENSTAX
ae40a3eacidbase3	AUSENTE	-	NO	0	NO-OPENSTAX
ae40a3eacidbase4	AUSENTE	-	SI	2	NO-OPENSTAX
ae40a3eacidbase5	AUSENTE	-	NO	0	NO-OPENSTAX
ae40a3eacidbase6	AUSENTE	-	NO	0	NO-OPENSTAX
ae40a3eacidbase8	AUSENTE	-	NO	0	NO-OPENSTAX
ae40a3eacidbase9	AUSENTE	-	NO	0	NO-OPENSTAX
ae41a5fspread1	RESOLUBLE	CC-BY-4.0	NO	0	OPENSTAX
ae41a5fspread10	RESOLUBLE	CC-BY-4.0	SI	1	OPENSTAX
ae41a5fspread11	RESOLUBLE	CC-BY-4.0	NO	0	OPENSTAX
ae41a5fspread12	RESOLUBLE	CC-BY-4.0	NO	0	OPENSTAX
ae41a5fspread13	RESOLUBLE	CC-BY-4.0	NO	0	OPENSTAX
ae41a5fspread14	RESOLUBLE	CC-BY-4.0	SI	1	OPENSTAX
ae41a5fspread15	RESOLUBLE	CC-BY-4.0	NO	0	OPENSTAX
ae41a5fspread16	RESOLUBLE	CC-BY-4.0	NO	0	OPENSTAX
ae41a5fspread17	RESOLUBLE	CC-BY-4.0	SI	1	OPENSTAX
ae41a5fspread18	RESOLUBLE	CC-BY-4.0	SI	1	OPENSTAX
ae41a5fspread19	RESOLUBLE	CC-BY-4.0	SI	1	OPENSTAX
ae41a5fspread2	RESOLUBLE	CC-BY-4.0	NO	0	OPENSTAX
ae41a5fspread20	RESOLUBLE	CC-BY-4.0	NO	0	OPENSTAX
ae41a5fspread21	RESOLUBLE	CC-BY-4.0	NO	0	OPENSTAX
ae41a5fspread22	RESOLUBLE	CC-BY-4.0	NO	0	OPENSTAX
ae41a5fspread23	RESOLUBLE	CC-BY-4.0	NO	0	OPENSTAX
ae41a5fspread24	RESOLUBLE	CC-BY-4.0	NO	0	OPENSTAX
ae41a5fspread25	RESOLUBLE	CC-BY-4.0	SI	1	OPENSTAX
ae41a5fspread3	RESOLUBLE	CC-BY-4.0	NO	0	OPENSTAX
ae41a5fspread4	RESOLUBLE	CC-BY-4.0	NO	0	OPENSTAX
ae41a5fspread5	RESOLUBLE	CC-BY-4.0	NO	0	OPENSTAX
ae41a5fspread6	RESOLUBLE	CC-BY-4.0	NO	0	OPENSTAX
ae41a5fspread7	RESOLUBLE	CC-BY-4.0	NO	0	OPENSTAX
ae41a5fspread8	RESOLUBLE	CC-BY-4.0	NO	0	OPENSTAX
ae41a5fspread9	RESOLUBLE	CC-BY-4.0	SI	1	OPENSTAX
ae45a45int1	RESOLUBLE	CC-BY-4.0	NO	0	OPENSTAX
ae45a45int10	RESOLUBLE	CC-BY-4.0	NO	0	OPENSTAX
ae45a45int11	RESOLUBLE	CC-BY-4.0	NO	0	OPENSTAX
ae45a45int12	RESOLUBLE	CC-BY-4.0	NO	0	OPENSTAX
ae45a45int13	RESOLUBLE	CC-BY-4.0	NO	0	OPENSTAX
ae45a45int15	RESOLUBLE	CC-BY-4.0	NO	0	OPENSTAX
ae45a45int17	RESOLUBLE	CC-BY-4.0	NO	0	OPENSTAX
ae45a45int18	RESOLUBLE	CC-BY-4.0	NO	0	OPENSTAX
ae45a45int19	RESOLUBLE	CC-BY-4.0	NO	0	OPENSTAX
ae45a45int2	RESOLUBLE	CC-BY-4.0	NO	0	OPENSTAX
ae45a45int20	RESOLUBLE	CC-BY-4.0	NO	0	OPENSTAX
ae45a45int21	RESOLUBLE	CC-BY-4.0	NO	0	OPENSTAX
ae45a45int22	RESOLUBLE	CC-BY-4.0	NO	0	OPENSTAX
ae45a45int23	RESOLUBLE	CC-BY-4.0	NO	0	OPENSTAX
ae45a45int24	RESOLUBLE	CC-BY-4.0	NO	0	OPENSTAX
ae45a45int25	RESOLUBLE	CC-BY-4.0	NO	0	OPENSTAX
ae45a45int26	RESOLUBLE	CC-BY-4.0	NO	0	OPENSTAX
ae45a45int27	RESOLUBLE	CC-BY-4.0	NO	0	OPENSTAX
ae45a45int28	RESOLUBLE	CC-BY-4.0	NO	0	OPENSTAX
ae45a45int29	RESOLUBLE	CC-BY-4.0	NO	0	OPENSTAX
ae45a45int3	RESOLUBLE	CC-BY-4.0	NO	0	OPENSTAX
ae45a45int30	RESOLUBLE	CC-BY-4.0	NO	0	OPENSTAX
ae45a45int4	RESOLUBLE	CC-BY-4.0	NO	0	OPENSTAX
ae45a45int5	RESOLUBLE	CC-BY-4.0	NO	0	OPENSTAX
ae45a45int6	RESOLUBLE	CC-BY-4.0	NO	0	OPENSTAX
ae45a45int7	RESOLUBLE	CC-BY-4.0	NO	0	OPENSTAX
ae45a45int8	RESOLUBLE	CC-BY-4.0	NO	0	OPENSTAX
ae5c4c1implicit4	AUSENTE	-	NO	0	OPENSTAX
ae5c4c1implicit5	AUSENTE	-	NO	0	OPENSTAX
ae5c4c1implicit6	AUSENTE	-	NO	0	OPENSTAX
ae63c0cInequality2	RESOLUBLE	CC-BY-4.0	NO	0	OPENSTAX
ae63c0cInequality3	RESOLUBLE	CC-BY-4.0	NO	0	OPENSTAX
ae63c0cInequality4	RESOLUBLE	CC-BY-4.0	NO	0	OPENSTAX
ae63c0cInequality5	RESOLUBLE	CC-BY-4.0	NO	0	OPENSTAX
ae63c0cInequality6	RESOLUBLE	CC-BY-4.0	NO	0	OPENSTAX
ae63c0cInequality7	RESOLUBLE	CC-BY-4.0	NO	0	OPENSTAX
ae63c0cInequality8	RESOLUBLE	CC-BY-4.0	NO	0	OPENSTAX
ae63c0cInequality9	RESOLUBLE	CC-BY-4.0	NO	0	OPENSTAX
ae63c0clinear1	RESOLUBLE	CC-BY-4.0	NO	0	OPENSTAX
ae63c0clinear2	RESOLUBLE	CC-BY-4.0	NO	0	OPENSTAX
ae63c0clinear3	RESOLUBLE	CC-BY-4.0	NO	0	OPENSTAX
ae63c0clinear5	RESOLUBLE	CC-BY-4.0	NO	0	OPENSTAX
ae63c0clinear6	RESOLUBLE	CC-BY-4.0	NO	0	OPENSTAX
ae63c0clinear7	RESOLUBLE	CC-BY-4.0	NO	0	OPENSTAX
ae647b3indep1	RESOLUBLE	CC-BY-4.0	SI	2	OPENSTAX
ae647b3indep2	RESOLUBLE	CC-BY-4.0	SI	1	OPENSTAX
ae647b3indep3	RESOLUBLE	CC-BY-4.0	SI	1	OPENSTAX
ae6e5ceq1	RESOLUBLE	CC-BY-4.0	NO	0	OPENSTAX
ae6e5ceq10	RESOLUBLE	CC-BY-4.0	NO	0	OPENSTAX
ae6e5ceq11	RESOLUBLE	CC-BY-4.0	NO	0	OPENSTAX
ae6e5ceq12	RESOLUBLE	CC-BY-4.0	SI	1	OPENSTAX
ae6e5ceq13	RESOLUBLE	CC-BY-4.0	SI	1	OPENSTAX
ae6e5ceq14	RESOLUBLE	CC-BY-4.0	SI	1	OPENSTAX
ae6e5ceq15	RESOLUBLE	CC-BY-4.0	SI	1	OPENSTAX
ae6e5ceq16	RESOLUBLE	CC-BY-4.0	SI	1	OPENSTAX
ae6e5ceq17	RESOLUBLE	CC-BY-4.0	SI	1	OPENSTAX
ae6e5ceq18	RESOLUBLE	CC-BY-4.0	SI	1	OPENSTAX
ae6e5ceq19	RESOLUBLE	CC-BY-4.0	SI	1	OPENSTAX
ae6e5ceq2	RESOLUBLE	CC-BY-4.0	NO	0	OPENSTAX
ae6e5ceq20	RESOLUBLE	CC-BY-4.0	NO	0	OPENSTAX
ae6e5ceq3	RESOLUBLE	CC-BY-4.0	NO	0	OPENSTAX
ae6e5ceq4	RESOLUBLE	CC-BY-4.0	NO	0	OPENSTAX
ae6e5ceq5	RESOLUBLE	CC-BY-4.0	NO	0	OPENSTAX
ae6e5ceq6	RESOLUBLE	CC-BY-4.0	NO	0	OPENSTAX
ae6e5ceq7	RESOLUBLE	CC-BY-4.0	NO	0	OPENSTAX
ae6e5ceq8	RESOLUBLE	CC-BY-4.0	NO	0	OPENSTAX
ae6e5ceq9	RESOLUBLE	CC-BY-4.0	NO	0	OPENSTAX
ae8c2acComplex1	RESOLUBLE	CC-BY-4.0	NO	0	OPENSTAX
ae8c2acComplex10	RESOLUBLE	CC-BY-4.0	NO	0	OPENSTAX
ae8c2acComplex11	RESOLUBLE	CC-BY-4.0	NO	0	OPENSTAX
ae8c2acComplex12	RESOLUBLE	CC-BY-4.0	NO	0	OPENSTAX
ae8c2acComplex13	RESOLUBLE	CC-BY-4.0	NO	0	OPENSTAX
ae8c2acComplex14	RESOLUBLE	CC-BY-4.0	NO	0	OPENSTAX
ae8c2acComplex15	RESOLUBLE	CC-BY-4.0	NO	0	OPENSTAX
ae8c2acComplex16	RESOLUBLE	CC-BY-4.0	NO	0	OPENSTAX
ae8c2acComplex17	RESOLUBLE	CC-BY-4.0	NO	0	OPENSTAX
ae8c2acComplex18	RESOLUBLE	CC-BY-4.0	NO	0	OPENSTAX
ae8c2acComplex19	RESOLUBLE	CC-BY-4.0	NO	0	OPENSTAX
ae8c2acComplex2	RESOLUBLE	CC-BY-4.0	NO	0	OPENSTAX
ae8c2acComplex20	RESOLUBLE	CC-BY-4.0	NO	0	OPENSTAX
ae8c2acComplex21	RESOLUBLE	CC-BY-4.0	NO	0	OPENSTAX
ae8c2acComplex22	RESOLUBLE	CC-BY-4.0	NO	0	OPENSTAX
ae8c2acComplex23	RESOLUBLE	CC-BY-4.0	NO	0	OPENSTAX
ae8c2acComplex24	RESOLUBLE	CC-BY-4.0	NO	0	OPENSTAX
ae8c2acComplex25	RESOLUBLE	CC-BY-4.0	NO	0	OPENSTAX
ae8c2acComplex26	RESOLUBLE	CC-BY-4.0	NO	0	OPENSTAX
ae8c2acComplex27	RESOLUBLE	CC-BY-4.0	NO	0	OPENSTAX
ae8c2acComplex28	RESOLUBLE	CC-BY-4.0	NO	0	OPENSTAX
ae8c2acComplex29	RESOLUBLE	CC-BY-4.0	NO	0	OPENSTAX
ae8c2acComplex3	RESOLUBLE	CC-BY-4.0	NO	0	OPENSTAX
ae8c2acComplex30	RESOLUBLE	CC-BY-4.0	NO	0	OPENSTAX
ae8c2acComplex4	RESOLUBLE	CC-BY-4.0	NO	0	OPENSTAX
ae8c2acComplex5	RESOLUBLE	CC-BY-4.0	NO	0	OPENSTAX
ae8c2acComplex6	RESOLUBLE	CC-BY-4.0	NO	0	OPENSTAX
ae8c2acComplex7	RESOLUBLE	CC-BY-4.0	NO	0	OPENSTAX
ae8c2acComplex8	RESOLUBLE	CC-BY-4.0	NO	0	OPENSTAX
ae8c2acComplex9	RESOLUBLE	CC-BY-4.0	NO	0	OPENSTAX
ae8dd20divradexp1	RESOLUBLE	CC-BY-4.0	NO	0	OPENSTAX
ae8dd20divradexp10	RESOLUBLE	CC-BY-4.0	NO	0	OPENSTAX
ae8dd20divradexp11	RESOLUBLE	CC-BY-4.0	NO	0	OPENSTAX
ae8dd20divradexp12	RESOLUBLE	CC-BY-4.0	NO	0	OPENSTAX
ae8dd20divradexp13	RESOLUBLE	CC-BY-4.0	NO	0	OPENSTAX
ae8dd20divradexp2	RESOLUBLE	CC-BY-4.0	NO	0	OPENSTAX
ae8dd20divradexp3	RESOLUBLE	CC-BY-4.0	NO	0	OPENSTAX
ae8dd20divradexp4	RESOLUBLE	CC-BY-4.0	NO	0	OPENSTAX
ae8dd20divradexp5	RESOLUBLE	CC-BY-4.0	NO	0	OPENSTAX
ae8dd20divradexp6	RESOLUBLE	CC-BY-4.0	NO	0	OPENSTAX
ae8dd20divradexp7	RESOLUBLE	CC-BY-4.0	NO	0	OPENSTAX
ae8dd20divradexp8	RESOLUBLE	CC-BY-4.0	NO	0	OPENSTAX
ae8dd20divradexp9	RESOLUBLE	CC-BY-4.0	NO	0	OPENSTAX
ae901a1oscillations1	AUSENTE	-	NO	0	OPENSTAX
ae901a1oscillations10	AUSENTE	-	NO	0	OPENSTAX
ae901a1oscillations11	AUSENTE	-	NO	0	OPENSTAX
ae901a1oscillations12	AUSENTE	-	NO	0	OPENSTAX
ae901a1oscillations13	AUSENTE	-	NO	0	OPENSTAX
ae901a1oscillations14	AUSENTE	-	NO	0	OPENSTAX
ae901a1oscillations15	AUSENTE	-	NO	0	OPENSTAX
ae901a1oscillations16	AUSENTE	-	NO	0	OPENSTAX
ae901a1oscillations2	AUSENTE	-	NO	0	OPENSTAX
ae901a1oscillations3	AUSENTE	-	NO	0	OPENSTAX
ae901a1oscillations4	AUSENTE	-	NO	0	OPENSTAX
ae901a1oscillations5	AUSENTE	-	NO	0	OPENSTAX
ae901a1oscillations6	AUSENTE	-	NO	0	OPENSTAX
ae901a1oscillations7	AUSENTE	-	NO	0	OPENSTAX
ae901a1oscillations8	AUSENTE	-	NO	0	OPENSTAX
ae901a1oscillations9	AUSENTE	-	NO	0	OPENSTAX
ae9b645T111-unitcirc-P01	VERSION-SIN-VARIANTE	CC4.0	SI	1	NO-OPENSTAX
ae9b645T111-unitcirc-P02	VERSION-SIN-VARIANTE	CC4.0	SI	1	NO-OPENSTAX
ae9b645T111-unitcirc-P03	VERSION-SIN-VARIANTE	CC4.0	SI	1	NO-OPENSTAX
ae9b645T111-unitcirc-P04	VERSION-SIN-VARIANTE	CC4.0	SI	1	NO-OPENSTAX
ae9b645T111-unitcirc-P05	VERSION-SIN-VARIANTE	CC4.0	SI	1	NO-OPENSTAX
ae9b645T111-unitcirc-P06	VERSION-SIN-VARIANTE	CC4.0	SI	1	NO-OPENSTAX
ae9b645T111-unitcirc-P07	VERSION-SIN-VARIANTE	CC4.0	SI	1	NO-OPENSTAX
ae9b645T111-unitcirc-P08	VERSION-SIN-VARIANTE	CC4.0	SI	1	NO-OPENSTAX
ae9b645T111-unitcirc-P09	VERSION-SIN-VARIANTE	CC4.0	SI	1	NO-OPENSTAX
ae9b645T111-unitcirc-P10	VERSION-SIN-VARIANTE	CC4.0	SI	1	NO-OPENSTAX
ae9b645T111-unitcirc-P11	VERSION-SIN-VARIANTE	CC4.0	SI	1	NO-OPENSTAX
ae9b645T111-unitcirc-P12	VERSION-SIN-VARIANTE	CC4.0	SI	1	NO-OPENSTAX
ae9b645T111-unitcirc-P13	VERSION-SIN-VARIANTE	CC4.0	SI	1	NO-OPENSTAX
ae9b645T111-unitcirc-P14	VERSION-SIN-VARIANTE	CC4.0	SI	1	NO-OPENSTAX
ae9e419IneqApp1	RESOLUBLE	CC-BY-4.0	NO	0	OPENSTAX
ae9e419IneqApp10	RESOLUBLE	CC-BY-4.0	NO	0	OPENSTAX
ae9e419IneqApp11	RESOLUBLE	CC-BY-4.0	NO	0	OPENSTAX
ae9e419IneqApp12	RESOLUBLE	CC-BY-4.0	NO	0	OPENSTAX
ae9e419IneqApp13	RESOLUBLE	CC-BY-4.0	NO	0	OPENSTAX
ae9e419IneqApp14	RESOLUBLE	CC-BY-4.0	NO	0	OPENSTAX
ae9e419IneqApp15	RESOLUBLE	CC-BY-4.0	NO	0	OPENSTAX
ae9e419IneqApp16	RESOLUBLE	CC-BY-4.0	NO	0	OPENSTAX
ae9e419IneqApp17	RESOLUBLE	CC-BY-4.0	NO	0	OPENSTAX
ae9e419IneqApp18	RESOLUBLE	CC-BY-4.0	NO	0	OPENSTAX
ae9e419IneqApp19	RESOLUBLE	CC-BY-4.0	NO	0	OPENSTAX
ae9e419IneqApp2	RESOLUBLE	CC-BY-4.0	NO	0	OPENSTAX
ae9e419IneqApp20	RESOLUBLE	CC-BY-4.0	NO	0	OPENSTAX
ae9e419IneqApp21	RESOLUBLE	CC-BY-4.0	NO	0	OPENSTAX
ae9e419IneqApp22	RESOLUBLE	CC-BY-4.0	NO	0	OPENSTAX
ae9e419IneqApp23	RESOLUBLE	CC-BY-4.0	NO	0	OPENSTAX
ae9e419IneqApp24	RESOLUBLE	CC-BY-4.0	NO	0	OPENSTAX
ae9e419IneqApp3	RESOLUBLE	CC-BY-4.0	NO	0	OPENSTAX
ae9e419IneqApp4	RESOLUBLE	CC-BY-4.0	NO	0	OPENSTAX
ae9e419IneqApp5	RESOLUBLE	CC-BY-4.0	NO	0	OPENSTAX
ae9e419IneqApp6	RESOLUBLE	CC-BY-4.0	NO	0	OPENSTAX
ae9e419IneqApp7	RESOLUBLE	CC-BY-4.0	NO	0	OPENSTAX
ae9e419IneqApp8	RESOLUBLE	CC-BY-4.0	NO	0	OPENSTAX
ae9e419IneqApp9	RESOLUBLE	CC-BY-4.0	NO	0	OPENSTAX
aea001bfluids1	AUSENTE	-	NO	0	OPENSTAX
aea001bfluids10	AUSENTE	-	NO	0	OPENSTAX
aea001bfluids11	AUSENTE	-	NO	0	OPENSTAX
aea001bfluids12	AUSENTE	-	NO	0	OPENSTAX
aea001bfluids13	AUSENTE	-	NO	0	OPENSTAX
aea001bfluids14	AUSENTE	-	NO	0	OPENSTAX
aea001bfluids15	AUSENTE	-	NO	0	OPENSTAX
aea001bfluids16	AUSENTE	-	NO	0	OPENSTAX
aea001bfluids17	AUSENTE	-	NO	0	OPENSTAX
aea001bfluids18	AUSENTE	-	NO	0	OPENSTAX
aea001bfluids19	AUSENTE	-	NO	0	OPENSTAX
aea001bfluids2	AUSENTE	-	NO	0	OPENSTAX
aea001bfluids20	AUSENTE	-	NO	0	OPENSTAX
aea001bfluids21	AUSENTE	-	NO	0	OPENSTAX
aea001bfluids3	AUSENTE	-	NO	0	OPENSTAX
aea001bfluids4	AUSENTE	-	NO	0	OPENSTAX
aea001bfluids5	AUSENTE	-	NO	0	OPENSTAX
aea001bfluids6	AUSENTE	-	NO	0	OPENSTAX
aea001bfluids7	AUSENTE	-	NO	0	OPENSTAX
aea001bfluids8	AUSENTE	-	NO	0	OPENSTAX
aea001bfluids9	AUSENTE	-	NO	0	OPENSTAX
aea05a2ds100-fa20-final-Q13	NO-ES-CESION	https://ds100.org/su26/past-exams/	SI	1	NO-OPENSTAX
aea05a2ds100-fa20-final-Q14	NO-ES-CESION	https://ds100.org/su26/past-exams/	NO	0	NO-OPENSTAX
aea05a2ds100-fa24-final-Q8	NO-ES-CESION	https://ds100.org/su26/past-exams/	NO	0	NO-OPENSTAX
aea05a2ds100-sp18-final-Q14	NO-ES-CESION	https://ds100.org/su26/past-exams/	NO	0	NO-OPENSTAX
aea05a2ds100-sp18-final-Q15	NO-ES-CESION	https://ds100.org/su26/past-exams/	NO	0	NO-OPENSTAX
aea05a2ds100-sp19-final-Q10	NO-ES-CESION	https://ds100.org/su26/past-exams/	NO	0	NO-OPENSTAX
aea05a2ds100-sp24-final-Q10	NO-ES-CESION	https://ds100.org/su26/past-exams/	NO	0	NO-OPENSTAX
aea05a2ds100-sp25-final-Q4c,Q4d	NO-ES-CESION	https://ds100.org/su26/past-exams/	NO	0	NO-OPENSTAX
aea05a2ds100-su20-final-Q2	NO-ES-CESION	https://ds100.org/su26/past-exams/	NO	0	NO-OPENSTAX
aea05a2ds100-su21-final-Q10	NO-ES-CESION	https://ds100.org/su26/past-exams/	NO	0	NO-OPENSTAX
aea05a2ds100-su21-final-Q9	NO-ES-CESION	https://ds100.org/su26/past-exams/	SI	1	NO-OPENSTAX
aea05a2ds100-su25-final-Q3e,Q3f,Q3g	NO-ES-CESION	https://ds100.org/su26/past-exams/	SI	3	NO-OPENSTAX
aea0f93trigmodel1	AUSENTE	-	NO	0	OPENSTAX
aea0f93trigmodel10	AUSENTE	-	NO	0	OPENSTAX
aea0f93trigmodel11	AUSENTE	-	NO	0	OPENSTAX
aea0f93trigmodel12	AUSENTE	-	NO	0	OPENSTAX
aea0f93trigmodel13	AUSENTE	-	NO	0	OPENSTAX
aea0f93trigmodel14	AUSENTE	-	NO	0	OPENSTAX
aea0f93trigmodel15	AUSENTE	-	NO	0	OPENSTAX
aea0f93trigmodel17	AUSENTE	-	NO	0	OPENSTAX
aea0f93trigmodel18	AUSENTE	-	NO	0	OPENSTAX
aea0f93trigmodel19	AUSENTE	-	SI	1	OPENSTAX
aea0f93trigmodel2	AUSENTE	-	NO	0	OPENSTAX
aea0f93trigmodel20	AUSENTE	-	SI	1	OPENSTAX
aea0f93trigmodel21	AUSENTE	-	SI	1	OPENSTAX
aea0f93trigmodel22	AUSENTE	-	SI	1	OPENSTAX
aea0f93trigmodel24	AUSENTE	-	SI	1	OPENSTAX
aea0f93trigmodel25	AUSENTE	-	SI	1	OPENSTAX
aea0f93trigmodel26	AUSENTE	-	SI	1	OPENSTAX
aea0f93trigmodel4	AUSENTE	-	SI	1	OPENSTAX
aea0f93trigmodel5	AUSENTE	-	NO	0	OPENSTAX
aea0f93trigmodel7	AUSENTE	-	NO	0	OPENSTAX
aea0f93trigmodel8	AUSENTE	-	NO	0	OPENSTAX
aea0f93trigmodel9	AUSENTE	-	NO	0	OPENSTAX
aeae96dlogarithmic1	RESOLUBLE	CC-BY-4.0	NO	0	OPENSTAX
aeae96dlogarithmic10	RESOLUBLE	CC-BY-4.0	NO	0	OPENSTAX
aeae96dlogarithmic11	RESOLUBLE	CC-BY-4.0	NO	0	OPENSTAX
aeae96dlogarithmic12	RESOLUBLE	CC-BY-4.0	NO	0	OPENSTAX
aeae96dlogarithmic13	RESOLUBLE	CC-BY-4.0	NO	0	OPENSTAX
aeae96dlogarithmic14	RESOLUBLE	CC-BY-4.0	NO	0	OPENSTAX
aeae96dlogarithmic15	RESOLUBLE	CC-BY-4.0	NO	0	OPENSTAX
aeae96dlogarithmic16	RESOLUBLE	CC-BY-4.0	NO	0	OPENSTAX
aeae96dlogarithmic2	RESOLUBLE	CC-BY-4.0	NO	0	OPENSTAX
aeae96dlogarithmic3	RESOLUBLE	CC-BY-4.0	NO	0	OPENSTAX
aeae96dlogarithmic4	RESOLUBLE	CC-BY-4.0	NO	0	OPENSTAX
aeae96dlogarithmic5	RESOLUBLE	CC-BY-4.0	NO	0	OPENSTAX
aeae96dlogarithmic6	RESOLUBLE	CC-BY-4.0	NO	0	OPENSTAX
aeae96dlogarithmic7	RESOLUBLE	CC-BY-4.0	NO	0	OPENSTAX
aeae96dlogarithmic9	RESOLUBLE	CC-BY-4.0	NO	0	OPENSTAX
aeae96dlogprop1	RESOLUBLE	CC-BY-4.0	NO	0	OPENSTAX
aeae96dlogprop10	RESOLUBLE	CC-BY-4.0	NO	0	OPENSTAX
aeae96dlogprop11	RESOLUBLE	CC-BY-4.0	NO	0	OPENSTAX
aeae96dlogprop12	RESOLUBLE	CC-BY-4.0	NO	0	OPENSTAX
aeae96dlogprop13	RESOLUBLE	CC-BY-4.0	NO	0	OPENSTAX
aeae96dlogprop14	RESOLUBLE	CC-BY-4.0	NO	0	OPENSTAX
aeae96dlogprop15	RESOLUBLE	CC-BY-4.0	NO	0	OPENSTAX
aeae96dlogprop16	RESOLUBLE	CC-BY-4.0	NO	0	OPENSTAX
aeae96dlogprop2	RESOLUBLE	CC-BY-4.0	NO	0	OPENSTAX
aeae96dlogprop3	RESOLUBLE	CC-BY-4.0	NO	0	OPENSTAX
aeae96dlogprop4	RESOLUBLE	CC-BY-4.0	NO	0	OPENSTAX
aeae96dlogprop5	RESOLUBLE	CC-BY-4.0	NO	0	OPENSTAX
aeae96dlogprop6	RESOLUBLE	CC-BY-4.0	NO	0	OPENSTAX
aeae96dlogprop7	RESOLUBLE	CC-BY-4.0	NO	0	OPENSTAX
aeae96dlogprop8	RESOLUBLE	CC-BY-4.0	NO	0	OPENSTAX
aeae96dlogprop9	RESOLUBLE	CC-BY-4.0	NO	0	OPENSTAX
aeb11eedomain1	RESOLUBLE	CC-BY-4.0	NO	0	OPENSTAX
aeb11eedomain10	RESOLUBLE	CC-BY-4.0	NO	0	OPENSTAX
aeb11eedomain11	RESOLUBLE	CC-BY-4.0	NO	0	OPENSTAX
aeb11eedomain12	RESOLUBLE	CC-BY-4.0	NO	0	OPENSTAX
aeb11eedomain13	RESOLUBLE	CC-BY-4.0	NO	0	OPENSTAX
aeb11eedomain14	RESOLUBLE	CC-BY-4.0	NO	0	OPENSTAX
aeb11eedomain15	RESOLUBLE	CC-BY-4.0	NO	0	OPENSTAX
aeb11eedomain16	RESOLUBLE	CC-BY-4.0	NO	0	OPENSTAX
aeb11eedomain17	RESOLUBLE	CC-BY-4.0	NO	0	OPENSTAX
aeb11eedomain18	RESOLUBLE	CC-BY-4.0	NO	0	OPENSTAX
aeb11eedomain19	RESOLUBLE	CC-BY-4.0	NO	0	OPENSTAX
aeb11eedomain2	RESOLUBLE	CC-BY-4.0	NO	0	OPENSTAX
aeb11eedomain20	RESOLUBLE	CC-BY-4.0	NO	0	OPENSTAX
aeb11eedomain21	RESOLUBLE	CC-BY-4.0	NO	0	OPENSTAX
aeb11eedomain22	RESOLUBLE	CC-BY-4.0	NO	0	OPENSTAX
aeb11eedomain23	RESOLUBLE	CC-BY-4.0	NO	0	OPENSTAX
aeb11eedomain24	RESOLUBLE	CC-BY-4.0	NO	0	OPENSTAX
aeb11eedomain25	RESOLUBLE	CC-BY-4.0	NO	0	OPENSTAX
aeb11eedomain26	RESOLUBLE	CC-BY-4.0	NO	0	OPENSTAX
aeb11eedomain27	RESOLUBLE	CC-BY-4.0	NO	0	OPENSTAX
aeb11eedomain28	RESOLUBLE	CC-BY-4.0	NO	0	OPENSTAX
aeb11eedomain29	RESOLUBLE	CC-BY-4.0	NO	0	OPENSTAX
aeb11eedomain3	RESOLUBLE	CC-BY-4.0	SI	1	OPENSTAX
aeb11eedomain30	RESOLUBLE	CC-BY-4.0	NO	0	OPENSTAX
aeb11eedomain31	RESOLUBLE	CC-BY-4.0	NO	0	OPENSTAX
aeb11eedomain32	RESOLUBLE	CC-BY-4.0	NO	0	OPENSTAX
aeb11eedomain33	RESOLUBLE	CC-BY-4.0	NO	0	OPENSTAX
aeb11eedomain4	RESOLUBLE	CC-BY-4.0	NO	0	OPENSTAX
aeb11eedomain5	RESOLUBLE	CC-BY-4.0	SI	1	OPENSTAX
aeb11eedomain6	RESOLUBLE	CC-BY-4.0	SI	1	OPENSTAX
aeb11eedomain7	RESOLUBLE	CC-BY-4.0	SI	1	OPENSTAX
aeb11eedomain8	RESOLUBLE	CC-BY-4.0	NO	0	OPENSTAX
aeb11eedomain9	RESOLUBLE	CC-BY-4.0	NO	0	OPENSTAX
aeb68b0Uni1	RESOLUBLE	CC-BY-4.0	NO	0	OPENSTAX
aeb68b0Uni10	RESOLUBLE	CC-BY-4.0	NO	0	OPENSTAX
aeb68b0Uni11	RESOLUBLE	CC-BY-4.0	NO	0	OPENSTAX
aeb68b0Uni12	RESOLUBLE	CC-BY-4.0	NO	0	OPENSTAX
aeb68b0Uni13	RESOLUBLE	CC-BY-4.0	NO	0	OPENSTAX
aeb68b0Uni14	RESOLUBLE	CC-BY-4.0	NO	0	OPENSTAX
aeb68b0Uni15	RESOLUBLE	CC-BY-4.0	NO	0	OPENSTAX
aeb68b0Uni16	RESOLUBLE	CC-BY-4.0	NO	0	OPENSTAX
aeb68b0Uni17	RESOLUBLE	CC-BY-4.0	NO	0	OPENSTAX
aeb68b0Uni18	RESOLUBLE	CC-BY-4.0	NO	0	OPENSTAX
aeb68b0Uni19	RESOLUBLE	CC-BY-4.0	NO	0	OPENSTAX
aeb68b0Uni2	RESOLUBLE	CC-BY-4.0	NO	0	OPENSTAX
aeb68b0Uni20	RESOLUBLE	CC-BY-4.0	NO	0	OPENSTAX
aeb68b0Uni3	RESOLUBLE	CC-BY-4.0	NO	0	OPENSTAX
aeb68b0Uni4	RESOLUBLE	CC-BY-4.0	NO	0	OPENSTAX
aeb68b0Uni5	RESOLUBLE	CC-BY-4.0	NO	0	OPENSTAX
aeb68b0Uni6	RESOLUBLE	CC-BY-4.0	NO	0	OPENSTAX
aeb68b0Uni7	RESOLUBLE	CC-BY-4.0	NO	0	OPENSTAX
aeb68b0Uni8	RESOLUBLE	CC-BY-4.0	NO	0	OPENSTAX
aeb68b0Uni9	RESOLUBLE	CC-BY-4.0	NO	0	OPENSTAX
aeb975brationaldenom1	RESOLUBLE	CC-BY-4.0	NO	0	OPENSTAX
aeb975brationaldenom10	RESOLUBLE	CC-BY-4.0	NO	0	OPENSTAX
aeb975brationaldenom11	RESOLUBLE	CC-BY-4.0	NO	0	OPENSTAX
aeb975brationaldenom12	RESOLUBLE	CC-BY-4.0	NO	0	OPENSTAX
aeb975brationaldenom13	RESOLUBLE	CC-BY-4.0	NO	0	OPENSTAX
aeb975brationaldenom14	RESOLUBLE	CC-BY-4.0	NO	0	OPENSTAX
aeb975brationaldenom15	RESOLUBLE	CC-BY-4.0	NO	0	OPENSTAX
aeb975brationaldenom16	RESOLUBLE	CC-BY-4.0	NO	0	OPENSTAX
aeb975brationaldenom17	RESOLUBLE	CC-BY-4.0	NO	0	OPENSTAX
aeb975brationaldenom18	RESOLUBLE	CC-BY-4.0	NO	0	OPENSTAX
aeb975brationaldenom19	RESOLUBLE	CC-BY-4.0	NO	0	OPENSTAX
aeb975brationaldenom2	RESOLUBLE	CC-BY-4.0	NO	0	OPENSTAX
aeb975brationaldenom20	RESOLUBLE	CC-BY-4.0	NO	0	OPENSTAX
aeb975brationaldenom21	RESOLUBLE	CC-BY-4.0	NO	0	OPENSTAX
aeb975brationaldenom22	RESOLUBLE	CC-BY-4.0	NO	0	OPENSTAX
aeb975brationaldenom23	RESOLUBLE	CC-BY-4.0	NO	0	OPENSTAX
aeb975brationaldenom24	RESOLUBLE	CC-BY-4.0	NO	0	OPENSTAX
aeb975brationaldenom25	RESOLUBLE	CC-BY-4.0	NO	0	OPENSTAX
aeb975brationaldenom26	RESOLUBLE	CC-BY-4.0	NO	0	OPENSTAX
aeb975brationaldenom27	RESOLUBLE	CC-BY-4.0	NO	0	OPENSTAX
aeb975brationaldenom28	RESOLUBLE	CC-BY-4.0	NO	0	OPENSTAX
aeb975brationaldenom29	RESOLUBLE	CC-BY-4.0	NO	0	OPENSTAX
aeb975brationaldenom3	RESOLUBLE	CC-BY-4.0	NO	0	OPENSTAX
aeb975brationaldenom30	RESOLUBLE	CC-BY-4.0	NO	0	OPENSTAX
aeb975brationaldenom4	RESOLUBLE	CC-BY-4.0	NO	0	OPENSTAX
aeb975brationaldenom5	RESOLUBLE	CC-BY-4.0	NO	0	OPENSTAX
aeb975brationaldenom6	RESOLUBLE	CC-BY-4.0	NO	0	OPENSTAX
aeb975brationaldenom7	RESOLUBLE	CC-BY-4.0	NO	0	OPENSTAX
aeb975brationaldenom8	RESOLUBLE	CC-BY-4.0	NO	0	OPENSTAX
aeb975brationaldenom9	RESOLUBLE	CC-BY-4.0	NO	0	OPENSTAX
aeba74cA222-lawsexpsamebase-P01	VERSION-SIN-VARIANTE	CC4.0	NO	0	NO-OPENSTAX
aeba74cA222-lawsexpsamebase-P02	VERSION-SIN-VARIANTE	CC4.0	NO	0	NO-OPENSTAX
aeba74cA222-lawsexpsamebase-P03	VERSION-SIN-VARIANTE	CC4.0	NO	0	NO-OPENSTAX
aeba74cA222-lawsexpsamebase-P04	VERSION-SIN-VARIANTE	CC4.0	NO	0	NO-OPENSTAX
aeba74cA222-lawsexpsamebase-P05	VERSION-SIN-VARIANTE	CC4.0	NO	0	NO-OPENSTAX
aeba74cA222-lawsexpsamebase-P06	VERSION-SIN-VARIANTE	CC4.0	NO	0	NO-OPENSTAX
aeba74cA222-lawsexpsamebase-P07	VERSION-SIN-VARIANTE	CC4.0	NO	0	NO-OPENSTAX
aeba74cA222-lawsexpsamebase-P08	VERSION-SIN-VARIANTE	CC4.0	NO	0	NO-OPENSTAX
aeba74cA222-lawsexpsamebase-P09	VERSION-SIN-VARIANTE	CC4.0	NO	0	NO-OPENSTAX
aeba74cA222-lawsexpsamebase-P10	VERSION-SIN-VARIANTE	CC4.0	NO	0	NO-OPENSTAX
aeba74cA222-lawsexpsamebase-P11	VERSION-SIN-VARIANTE	CC4.0	NO	0	NO-OPENSTAX
aeba74cA222-lawsexpsamebase-P12	VERSION-SIN-VARIANTE	CC4.0	NO	0	NO-OPENSTAX
aeba74cA222-lawsexpsamebase-P13	VERSION-SIN-VARIANTE	CC4.0	NO	0	NO-OPENSTAX
aed4feaequilibrium1	RESOLUBLE	CC-BY-4.0	NO	0	OPENSTAX
aed4feaequilibrium2	RESOLUBLE	CC-BY-4.0	NO	0	OPENSTAX
aed4feaequilibrium3	RESOLUBLE	CC-BY-4.0	NO	0	OPENSTAX
aed4feaequilibrium4	RESOLUBLE	CC-BY-4.0	NO	0	OPENSTAX
aed4feaequilibrium5	RESOLUBLE	CC-BY-4.0	NO	0	OPENSTAX
aed4feastability1	RESOLUBLE	CC-BY-4.0	NO	0	OPENSTAX
aed4feastability10	RESOLUBLE	CC-BY-4.0	SI	1	OPENSTAX
aed4feastability2	RESOLUBLE	CC-BY-4.0	SI	1	OPENSTAX
aed4feastability3	RESOLUBLE	CC-BY-4.0	SI	1	OPENSTAX
aed4feastability5	RESOLUBLE	CC-BY-4.0	SI	1	OPENSTAX
aed4feastability6	RESOLUBLE	CC-BY-4.0	NO	0	OPENSTAX
aed4feastability7	RESOLUBLE	CC-BY-4.0	NO	0	OPENSTAX
aed4feastability8	RESOLUBLE	CC-BY-4.0	NO	0	OPENSTAX
aed4feastability9	RESOLUBLE	CC-BY-4.0	SI	1	OPENSTAX
aed93bainv1	AUSENTE	-	NO	0	OPENSTAX
aed93bainv10	AUSENTE	-	NO	0	OPENSTAX
aed93bainv11	AUSENTE	-	NO	0	OPENSTAX
aed93bainv12	AUSENTE	-	NO	0	OPENSTAX
aed93bainv13	AUSENTE	-	NO	0	OPENSTAX
aed93bainv14	AUSENTE	-	NO	0	OPENSTAX
aed93bainv15	AUSENTE	-	NO	0	OPENSTAX
aed93bainv16	AUSENTE	-	NO	0	OPENSTAX
aed93bainv17	AUSENTE	-	NO	0	OPENSTAX
aed93bainv18	AUSENTE	-	NO	0	OPENSTAX
aed93bainv19	AUSENTE	-	NO	0	OPENSTAX
aed93bainv2	AUSENTE	-	NO	0	OPENSTAX
aed93bainv20	AUSENTE	-	NO	0	OPENSTAX
aed93bainv21	AUSENTE	-	NO	0	OPENSTAX
aed93bainv22	AUSENTE	-	NO	0	OPENSTAX
aed93bainv3	AUSENTE	-	NO	0	OPENSTAX
aed93bainv4	AUSENTE	-	NO	0	OPENSTAX
aed93bainv5	AUSENTE	-	NO	0	OPENSTAX
aed93bainv6	AUSENTE	-	NO	0	OPENSTAX
aed93bainv7	AUSENTE	-	NO	0	OPENSTAX
aed93bainv8	AUSENTE	-	NO	0	OPENSTAX
aed93bainv9	AUSENTE	-	NO	0	OPENSTAX
aeec340Poisson1	RESOLUBLE	CC-BY-4.0	NO	0	OPENSTAX
aeec340Poisson10	RESOLUBLE	CC-BY-4.0	NO	0	OPENSTAX
aeec340Poisson11	RESOLUBLE	CC-BY-4.0	NO	0	OPENSTAX
aeec340Poisson12	RESOLUBLE	CC-BY-4.0	NO	0	OPENSTAX
aeec340Poisson13	RESOLUBLE	CC-BY-4.0	NO	0	OPENSTAX
aeec340Poisson14	RESOLUBLE	CC-BY-4.0	NO	0	OPENSTAX
aeec340Poisson15	RESOLUBLE	CC-BY-4.0	NO	0	OPENSTAX
aeec340Poisson16	RESOLUBLE	CC-BY-4.0	NO	0	OPENSTAX
aeec340Poisson2	RESOLUBLE	CC-BY-4.0	NO	0	OPENSTAX
aeec340Poisson3	RESOLUBLE	CC-BY-4.0	NO	0	OPENSTAX
aeec340Poisson4	RESOLUBLE	CC-BY-4.0	NO	0	OPENSTAX
aeec340Poisson5	RESOLUBLE	CC-BY-4.0	NO	0	OPENSTAX
aeec340Poisson6	RESOLUBLE	CC-BY-4.0	NO	0	OPENSTAX
aeec340Poisson7	RESOLUBLE	CC-BY-4.0	NO	0	OPENSTAX
aeec340Poisson8	RESOLUBLE	CC-BY-4.0	NO	0	OPENSTAX
aeec340Poisson9	RESOLUBLE	CC-BY-4.0	NO	0	OPENSTAX
aef8b03optimize1	AUSENTE	-	SI	1	OPENSTAX
aef8b03optimize12	AUSENTE	-	NO	0	OPENSTAX
aef8b03optimize13	AUSENTE	-	NO	0	OPENSTAX
aef8b03optimize14	AUSENTE	-	NO	0	OPENSTAX
aef8b03optimize15	AUSENTE	-	SI	1	OPENSTAX
aef8b03optimize16	AUSENTE	-	NO	0	OPENSTAX
aef8b03optimize17	AUSENTE	-	NO	0	OPENSTAX
aef8b03optimize2	AUSENTE	-	NO	0	OPENSTAX
aef8b03optimize3	AUSENTE	-	SI	2	OPENSTAX
aef8b03optimize4	AUSENTE	-	NO	0	OPENSTAX
aef8b03optimize5	AUSENTE	-	NO	0	OPENSTAX
aef8b03optimize6	AUSENTE	-	NO	0	OPENSTAX
aef8b03optimize7	AUSENTE	-	SI	1	OPENSTAX
aef8b03optimize9	AUSENTE	-	SI	1	OPENSTAX
aefa26bnormal1	RESOLUBLE	CC-BY-4.0	NO	0	OPENSTAX
aefa26bnormal10	RESOLUBLE	CC-BY-4.0	NO	0	OPENSTAX
aefa26bnormal11	RESOLUBLE	CC-BY-4.0	NO	0	OPENSTAX
aefa26bnormal12	RESOLUBLE	CC-BY-4.0	NO	0	OPENSTAX
aefa26bnormal13	RESOLUBLE	CC-BY-4.0	NO	0	OPENSTAX
aefa26bnormal14	RESOLUBLE	CC-BY-4.0	NO	0	OPENSTAX
aefa26bnormal15	RESOLUBLE	CC-BY-4.0	NO	0	OPENSTAX
aefa26bnormal16	RESOLUBLE	CC-BY-4.0	NO	0	OPENSTAX
aefa26bnormal2	RESOLUBLE	CC-BY-4.0	NO	0	OPENSTAX
aefa26bnormal3	RESOLUBLE	CC-BY-4.0	NO	0	OPENSTAX
aefa26bnormal4	RESOLUBLE	CC-BY-4.0	SI	1	OPENSTAX
aefa26bnormal5	RESOLUBLE	CC-BY-4.0	SI	1	OPENSTAX
aefa26bnormal6	RESOLUBLE	CC-BY-4.0	NO	0	OPENSTAX
aefa26bnormal7	RESOLUBLE	CC-BY-4.0	NO	0	OPENSTAX
aefa26bnormal8	RESOLUBLE	CC-BY-4.0	NO	0	OPENSTAX
aefa26bnormal9	RESOLUBLE	CC-BY-4.0	NO	0	OPENSTAX
aefaff5clt1	RESOLUBLE	CC-BY-4.0	SI	2	NO-OPENSTAX
aefaff5clt2	RESOLUBLE	CC-BY-4.0	NO	0	NO-OPENSTAX
aefaff5clt3	RESOLUBLE	CC-BY-4.0	NO	0	NO-OPENSTAX
af0394ereal10	AUSENTE	-	NO	0	OPENSTAX
af0394ereal11	AUSENTE	-	NO	0	OPENSTAX
af0394ereal12	AUSENTE	-	NO	0	OPENSTAX
af0394ereal13	AUSENTE	-	NO	0	OPENSTAX
af0394ereal14	AUSENTE	-	NO	0	OPENSTAX
af0394ereal15	AUSENTE	-	NO	0	OPENSTAX
af0394ereal16	AUSENTE	-	NO	0	OPENSTAX
af0394ereal17	AUSENTE	-	NO	0	OPENSTAX
af0394ereal18	AUSENTE	-	NO	0	OPENSTAX
af0394ereal19	AUSENTE	-	NO	0	OPENSTAX
af0394ereal2	AUSENTE	-	NO	0	OPENSTAX
af0394ereal20	AUSENTE	-	NO	0	OPENSTAX
af0394ereal21	AUSENTE	-	NO	0	OPENSTAX
af0394ereal22	AUSENTE	-	NO	0	OPENSTAX
af0394ereal23	AUSENTE	-	NO	0	OPENSTAX
af0394ereal24	AUSENTE	-	NO	0	OPENSTAX
af0394ereal5	AUSENTE	-	SI	1	OPENSTAX
af0394ereal6	AUSENTE	-	NO	0	OPENSTAX
af0394ereal7	AUSENTE	-	NO	0	OPENSTAX
af0394ereal8	AUSENTE	-	SI	1	OPENSTAX
af0394ereal9	AUSENTE	-	SI	1	OPENSTAX
af04890Rational1	RESOLUBLE	CC-BY-4.0	NO	0	OPENSTAX
af04890Rational10	RESOLUBLE	CC-BY-4.0	NO	0	OPENSTAX
af04890Rational11	RESOLUBLE	CC-BY-4.0	NO	0	OPENSTAX
af04890Rational12	RESOLUBLE	CC-BY-4.0	NO	0	OPENSTAX
af04890Rational13	RESOLUBLE	CC-BY-4.0	NO	0	OPENSTAX
af04890Rational14	RESOLUBLE	CC-BY-4.0	NO	0	OPENSTAX
af04890Rational15	RESOLUBLE	CC-BY-4.0	NO	0	OPENSTAX
af04890Rational2	RESOLUBLE	CC-BY-4.0	NO	0	OPENSTAX
af04890Rational3	RESOLUBLE	CC-BY-4.0	NO	0	OPENSTAX
af04890Rational4	RESOLUBLE	CC-BY-4.0	NO	0	OPENSTAX
af04890Rational5	RESOLUBLE	CC-BY-4.0	NO	0	OPENSTAX
af04890Rational6	RESOLUBLE	CC-BY-4.0	NO	0	OPENSTAX
af04890Rational7	RESOLUBLE	CC-BY-4.0	NO	0	OPENSTAX
af04890Rational8	RESOLUBLE	CC-BY-4.0	NO	0	OPENSTAX
af04890Rational9	RESOLUBLE	CC-BY-4.0	NO	0	OPENSTAX
af0908dreal1	AUSENTE	-	NO	0	OPENSTAX
af0908dreal10	AUSENTE	-	SI	1	OPENSTAX
af0908dreal11	AUSENTE	-	SI	1	OPENSTAX
af0908dreal12	AUSENTE	-	NO	0	OPENSTAX
af0908dreal13	AUSENTE	-	NO	0	OPENSTAX
af0908dreal14	AUSENTE	-	NO	0	OPENSTAX
af0908dreal15	AUSENTE	-	NO	0	OPENSTAX
af0908dreal16	AUSENTE	-	NO	0	OPENSTAX
af0908dreal17	AUSENTE	-	NO	0	OPENSTAX
af0908dreal18	AUSENTE	-	NO	0	OPENSTAX
af0908dreal19	AUSENTE	-	NO	0	OPENSTAX
af0908dreal2	AUSENTE	-	NO	0	OPENSTAX
af0908dreal20	AUSENTE	-	NO	0	OPENSTAX
af0908dreal21	AUSENTE	-	NO	0	OPENSTAX
af0908dreal22	AUSENTE	-	SI	1	OPENSTAX
af0908dreal23	AUSENTE	-	NO	0	OPENSTAX
af0908dreal24	AUSENTE	-	NO	0	OPENSTAX
af0908dreal25	AUSENTE	-	NO	0	OPENSTAX
af0908dreal26	AUSENTE	-	NO	0	OPENSTAX
af0908dreal27	AUSENTE	-	NO	0	OPENSTAX
af0908dreal28	AUSENTE	-	NO	0	OPENSTAX
af0908dreal29	AUSENTE	-	NO	0	OPENSTAX
af0908dreal3	AUSENTE	-	NO	0	OPENSTAX
af0908dreal30	AUSENTE	-	NO	0	OPENSTAX
af0908dreal4	AUSENTE	-	NO	0	OPENSTAX
af0908dreal5	AUSENTE	-	NO	0	OPENSTAX
af0908dreal6	AUSENTE	-	SI	1	OPENSTAX
af0908dreal7	AUSENTE	-	NO	0	OPENSTAX
af0908dreal8	AUSENTE	-	NO	0	OPENSTAX
af0908dreal9	AUSENTE	-	NO	0	OPENSTAX
af0b12cCompletingSqr1	RESOLUBLE	CC-BY-4.0	NO	0	OPENSTAX
af0b12cCompletingSqr10	RESOLUBLE	CC-BY-4.0	NO	0	OPENSTAX
af0b12cCompletingSqr11	RESOLUBLE	CC-BY-4.0	NO	0	OPENSTAX
af0b12cCompletingSqr12	RESOLUBLE	CC-BY-4.0	NO	0	OPENSTAX
af0b12cCompletingSqr13	RESOLUBLE	CC-BY-4.0	NO	0	OPENSTAX
af0b12cCompletingSqr14	RESOLUBLE	CC-BY-4.0	NO	0	OPENSTAX
af0b12cCompletingSqr15	RESOLUBLE	CC-BY-4.0	NO	0	OPENSTAX
af0b12cCompletingSqr2	RESOLUBLE	CC-BY-4.0	NO	0	OPENSTAX
af0b12cCompletingSqr3	RESOLUBLE	CC-BY-4.0	NO	0	OPENSTAX
af0b12cCompletingSqr4	RESOLUBLE	CC-BY-4.0	NO	0	OPENSTAX
af0b12cCompletingSqr5	RESOLUBLE	CC-BY-4.0	NO	0	OPENSTAX
af0b12cCompletingSqr6	RESOLUBLE	CC-BY-4.0	NO	0	OPENSTAX
af0b12cCompletingSqr7	RESOLUBLE	CC-BY-4.0	NO	0	OPENSTAX
af0b12cCompletingSqr8	RESOLUBLE	CC-BY-4.0	NO	0	OPENSTAX
af0b12cCompletingSqr9	RESOLUBLE	CC-BY-4.0	NO	0	OPENSTAX
af0b12cSquare10	RESOLUBLE	CC-BY-4.0	NO	0	OPENSTAX
af0b12cSquare11	RESOLUBLE	CC-BY-4.0	NO	0	OPENSTAX
af0b12cSquare12	RESOLUBLE	CC-BY-4.0	NO	0	OPENSTAX
af0b12cSquare13	RESOLUBLE	CC-BY-4.0	NO	0	OPENSTAX
af0b12cSquare14	RESOLUBLE	CC-BY-4.0	NO	0	OPENSTAX
af0b12cSquare15	RESOLUBLE	CC-BY-4.0	NO	0	OPENSTAX
af0b12cSquare16	RESOLUBLE	CC-BY-4.0	NO	0	OPENSTAX
af0b12cSquare17	RESOLUBLE	CC-BY-4.0	NO	0	OPENSTAX
af0b12cSquare18	RESOLUBLE	CC-BY-4.0	NO	0	OPENSTAX
af0b12cSquare19	RESOLUBLE	CC-BY-4.0	NO	0	OPENSTAX
af0b12cSquare20	RESOLUBLE	CC-BY-4.0	NO	0	OPENSTAX
af0b12cSquare21	RESOLUBLE	CC-BY-4.0	NO	0	OPENSTAX
af0b12cSquare22	RESOLUBLE	CC-BY-4.0	NO	0	OPENSTAX
af0b12cSquare23	RESOLUBLE	CC-BY-4.0	NO	0	OPENSTAX
af0b12cSquare24	RESOLUBLE	CC-BY-4.0	NO	0	OPENSTAX
af0b12cSquare25	RESOLUBLE	CC-BY-4.0	NO	0	OPENSTAX
af0b12cSquare26	RESOLUBLE	CC-BY-4.0	NO	0	OPENSTAX
af0b12cgaussian20	RESOLUBLE	CC-BY-4.0	NO	0	OPENSTAX
af0b12cgaussian21	RESOLUBLE	CC-BY-4.0	NO	0	OPENSTAX
af0b12cgaussian22	RESOLUBLE	CC-BY-4.0	NO	0	OPENSTAX
af0b12cgaussian23	RESOLUBLE	CC-BY-4.0	NO	0	OPENSTAX
af0b12cgaussian24	RESOLUBLE	CC-BY-4.0	NO	0	OPENSTAX
af0b12cgaussian28	RESOLUBLE	CC-BY-4.0	NO	0	OPENSTAX
af0b12cgaussian29	RESOLUBLE	CC-BY-4.0	NO	0	OPENSTAX
af0b12cgaussian30	RESOLUBLE	CC-BY-4.0	NO	0	OPENSTAX
af1a2a0roots1	RESOLUBLE	CC-BY-4.0	NO	0	OPENSTAX
af1a2a0roots10	RESOLUBLE	CC-BY-4.0	NO	0	OPENSTAX
af1a2a0roots11	RESOLUBLE	CC-BY-4.0	NO	0	OPENSTAX
af1a2a0roots12	RESOLUBLE	CC-BY-4.0	NO	0	OPENSTAX
af1a2a0roots13	RESOLUBLE	CC-BY-4.0	NO	0	OPENSTAX
af1a2a0roots14	RESOLUBLE	CC-BY-4.0	NO	0	OPENSTAX
af1a2a0roots15	RESOLUBLE	CC-BY-4.0	NO	0	OPENSTAX
af1a2a0roots16	RESOLUBLE	CC-BY-4.0	NO	0	OPENSTAX
af1a2a0roots17	RESOLUBLE	CC-BY-4.0	NO	0	OPENSTAX
af1a2a0roots18	RESOLUBLE	CC-BY-4.0	NO	0	OPENSTAX
af1a2a0roots19	RESOLUBLE	CC-BY-4.0	NO	0	OPENSTAX
af1a2a0roots2	RESOLUBLE	CC-BY-4.0	NO	0	OPENSTAX
af1a2a0roots20	RESOLUBLE	CC-BY-4.0	NO	0	OPENSTAX
af1a2a0roots21	RESOLUBLE	CC-BY-4.0	NO	0	OPENSTAX
af1a2a0roots22	RESOLUBLE	CC-BY-4.0	NO	0	OPENSTAX
af1a2a0roots23	RESOLUBLE	CC-BY-4.0	NO	0	OPENSTAX
af1a2a0roots24	RESOLUBLE	CC-BY-4.0	NO	0	OPENSTAX
af1a2a0roots25	RESOLUBLE	CC-BY-4.0	NO	0	OPENSTAX
af1a2a0roots26	RESOLUBLE	CC-BY-4.0	NO	0	OPENSTAX
af1a2a0roots27	RESOLUBLE	CC-BY-4.0	NO	0	OPENSTAX
af1a2a0roots3	RESOLUBLE	CC-BY-4.0	NO	0	OPENSTAX
af1a2a0roots4	RESOLUBLE	CC-BY-4.0	NO	0	OPENSTAX
af1a2a0roots5	RESOLUBLE	CC-BY-4.0	NO	0	OPENSTAX
af1a2a0roots6	RESOLUBLE	CC-BY-4.0	NO	0	OPENSTAX
af1a2a0roots7	RESOLUBLE	CC-BY-4.0	NO	0	OPENSTAX
af1a2a0roots8	RESOLUBLE	CC-BY-4.0	NO	0	OPENSTAX
af1a2a0roots9	RESOLUBLE	CC-BY-4.0	NO	0	OPENSTAX
af1f9dfbin1	RESOLUBLE	CC-BY-4.0	NO	0	OPENSTAX
af1f9dfbin10	RESOLUBLE	CC-BY-4.0	NO	0	OPENSTAX
af1f9dfbin11	RESOLUBLE	CC-BY-4.0	NO	0	OPENSTAX
af1f9dfbin12	RESOLUBLE	CC-BY-4.0	NO	0	OPENSTAX
af1f9dfbin13	RESOLUBLE	CC-BY-4.0	NO	0	OPENSTAX
af1f9dfbin14	RESOLUBLE	CC-BY-4.0	NO	0	OPENSTAX
af1f9dfbin15	RESOLUBLE	CC-BY-4.0	NO	0	OPENSTAX
af1f9dfbin16	RESOLUBLE	CC-BY-4.0	NO	0	OPENSTAX
af1f9dfbin17	RESOLUBLE	CC-BY-4.0	NO	0	OPENSTAX
af1f9dfbin18	RESOLUBLE	CC-BY-4.0	NO	0	OPENSTAX
af1f9dfbin19	RESOLUBLE	CC-BY-4.0	NO	0	OPENSTAX
af1f9dfbin2	RESOLUBLE	CC-BY-4.0	NO	0	OPENSTAX
af1f9dfbin20	RESOLUBLE	CC-BY-4.0	NO	0	OPENSTAX
af1f9dfbin21	RESOLUBLE	CC-BY-4.0	NO	0	OPENSTAX
af1f9dfbin22	RESOLUBLE	CC-BY-4.0	NO	0	OPENSTAX
af1f9dfbin23	RESOLUBLE	CC-BY-4.0	NO	0	OPENSTAX
af1f9dfbin24	RESOLUBLE	CC-BY-4.0	NO	0	OPENSTAX
af1f9dfbin25	RESOLUBLE	CC-BY-4.0	NO	0	OPENSTAX
af1f9dfbin26	RESOLUBLE	CC-BY-4.0	NO	0	OPENSTAX
af1f9dfbin27	RESOLUBLE	CC-BY-4.0	NO	0	OPENSTAX
af1f9dfbin28	RESOLUBLE	CC-BY-4.0	NO	0	OPENSTAX
af1f9dfbin29	RESOLUBLE	CC-BY-4.0	NO	0	OPENSTAX
af1f9dfbin3	RESOLUBLE	CC-BY-4.0	NO	0	OPENSTAX
af1f9dfbin4	RESOLUBLE	CC-BY-4.0	NO	0	OPENSTAX
af1f9dfbin5	RESOLUBLE	CC-BY-4.0	NO	0	OPENSTAX
af1f9dfbin6	RESOLUBLE	CC-BY-4.0	NO	0	OPENSTAX
af1f9dfbin7	RESOLUBLE	CC-BY-4.0	NO	0	OPENSTAX
af1f9dfbin8	RESOLUBLE	CC-BY-4.0	NO	0	OPENSTAX
af1f9dfbin9	RESOLUBLE	CC-BY-4.0	NO	0	OPENSTAX
af21ad9MultiplyPoly1	RESOLUBLE	CC-BY-4.0	NO	0	OPENSTAX
af21ad9MultiplyPoly2	RESOLUBLE	CC-BY-4.0	NO	0	OPENSTAX
af21ad9MultiplyPoly3	RESOLUBLE	CC-BY-4.0	NO	0	OPENSTAX
af21ad9MultiplyPoly4	RESOLUBLE	CC-BY-4.0	NO	0	OPENSTAX
af21ad9MultiplyPoly5	RESOLUBLE	CC-BY-4.0	NO	0	OPENSTAX
af21ad9MultiplyPoly6	RESOLUBLE	CC-BY-4.0	NO	0	OPENSTAX
af21ad9MultiplyPoly7	RESOLUBLE	CC-BY-4.0	NO	0	OPENSTAX
af21ad9MultiplyPoly8	RESOLUBLE	CC-BY-4.0	NO	0	OPENSTAX
af21ad9add1	RESOLUBLE	CC-BY-4.0	NO	0	OPENSTAX
af21ad9add10	RESOLUBLE	CC-BY-4.0	NO	0	OPENSTAX
af21ad9add11	RESOLUBLE	CC-BY-4.0	NO	0	OPENSTAX
af21ad9add12	RESOLUBLE	CC-BY-4.0	NO	0	OPENSTAX
af21ad9add13	RESOLUBLE	CC-BY-4.0	NO	0	OPENSTAX
af21ad9add14	RESOLUBLE	CC-BY-4.0	NO	0	OPENSTAX
af21ad9add15	RESOLUBLE	CC-BY-4.0	NO	0	OPENSTAX
af21ad9add2	RESOLUBLE	CC-BY-4.0	NO	0	OPENSTAX
af21ad9add3	RESOLUBLE	CC-BY-4.0	NO	0	OPENSTAX
af21ad9add4	RESOLUBLE	CC-BY-4.0	NO	0	OPENSTAX
af21ad9add5	RESOLUBLE	CC-BY-4.0	NO	0	OPENSTAX
af21ad9add6	RESOLUBLE	CC-BY-4.0	NO	0	OPENSTAX
af21ad9add7	RESOLUBLE	CC-BY-4.0	NO	0	OPENSTAX
af21ad9add8	RESOLUBLE	CC-BY-4.0	NO	0	OPENSTAX
af21ad9add9	RESOLUBLE	CC-BY-4.0	NO	0	OPENSTAX
af21ad9poly1	RESOLUBLE	CC-BY-4.0	NO	0	OPENSTAX
af21ad9poly2	RESOLUBLE	CC-BY-4.0	NO	0	OPENSTAX
af21ad9poly3	RESOLUBLE	CC-BY-4.0	NO	0	OPENSTAX
af21ad9poly4	RESOLUBLE	CC-BY-4.0	NO	0	OPENSTAX
af21ad9poly5	RESOLUBLE	CC-BY-4.0	NO	0	OPENSTAX
af21ad9poly6	RESOLUBLE	CC-BY-4.0	NO	0	OPENSTAX
af21ad9poly7	RESOLUBLE	CC-BY-4.0	NO	0	OPENSTAX
af227bbMoApp1	RESOLUBLE	CC-BY-4.0	NO	0	OPENSTAX
af227bbMoApp10	RESOLUBLE	CC-BY-4.0	NO	0	OPENSTAX
af227bbMoApp11	RESOLUBLE	CC-BY-4.0	NO	0	OPENSTAX
af227bbMoApp12	RESOLUBLE	CC-BY-4.0	NO	0	OPENSTAX
af227bbMoApp13	RESOLUBLE	CC-BY-4.0	NO	0	OPENSTAX
af227bbMoApp2	RESOLUBLE	CC-BY-4.0	NO	0	OPENSTAX
af227bbMoApp3	RESOLUBLE	CC-BY-4.0	NO	0	OPENSTAX
af227bbMoApp4	RESOLUBLE	CC-BY-4.0	NO	0	OPENSTAX
af227bbMoApp5	RESOLUBLE	CC-BY-4.0	NO	0	OPENSTAX
af227bbMoApp6	RESOLUBLE	CC-BY-4.0	NO	0	OPENSTAX
af227bbMoApp7	RESOLUBLE	CC-BY-4.0	NO	0	OPENSTAX
af227bbMoApp8	RESOLUBLE	CC-BY-4.0	NO	0	OPENSTAX
af227bbMoApp9	RESOLUBLE	CC-BY-4.0	NO	0	OPENSTAX
af36e21FunNota1	RESOLUBLE	CC-BY-4.0	SI	1	OPENSTAX
af36e21FunNota10	RESOLUBLE	CC-BY-4.0	NO	0	OPENSTAX
af36e21FunNota11	RESOLUBLE	CC-BY-4.0	NO	0	OPENSTAX
af36e21FunNota12	RESOLUBLE	CC-BY-4.0	NO	0	OPENSTAX
af36e21FunNota13	RESOLUBLE	CC-BY-4.0	NO	0	OPENSTAX
af36e21FunNota14	RESOLUBLE	CC-BY-4.0	NO	0	OPENSTAX
af36e21FunNota15	RESOLUBLE	CC-BY-4.0	NO	0	OPENSTAX
af36e21FunNota16	RESOLUBLE	CC-BY-4.0	NO	0	OPENSTAX
af36e21FunNota17	RESOLUBLE	CC-BY-4.0	NO	0	OPENSTAX
af36e21FunNota18	RESOLUBLE	CC-BY-4.0	NO	0	OPENSTAX
af36e21FunNota19	RESOLUBLE	CC-BY-4.0	NO	0	OPENSTAX
af36e21FunNota2	RESOLUBLE	CC-BY-4.0	SI	1	OPENSTAX
af36e21FunNota20	RESOLUBLE	CC-BY-4.0	NO	0	OPENSTAX
af36e21FunNota3	RESOLUBLE	CC-BY-4.0	NO	0	OPENSTAX
af36e21FunNota4	RESOLUBLE	CC-BY-4.0	NO	0	OPENSTAX
af36e21FunNota5	RESOLUBLE	CC-BY-4.0	NO	0	OPENSTAX
af36e21FunNota6	RESOLUBLE	CC-BY-4.0	NO	0	OPENSTAX
af36e21FunNota7	RESOLUBLE	CC-BY-4.0	NO	0	OPENSTAX
af36e21FunNota8	RESOLUBLE	CC-BY-4.0	NO	0	OPENSTAX
af36e21FunNota9	RESOLUBLE	CC-BY-4.0	NO	0	OPENSTAX
af38be6prop1	RESOLUBLE	CC-BY-4.0	NO	0	OPENSTAX
af38be6prop10	RESOLUBLE	CC-BY-4.0	NO	0	OPENSTAX
af38be6prop11	RESOLUBLE	CC-BY-4.0	NO	0	OPENSTAX
af38be6prop12	RESOLUBLE	CC-BY-4.0	NO	0	OPENSTAX
af38be6prop13	RESOLUBLE	CC-BY-4.0	NO	0	OPENSTAX
af38be6prop14	RESOLUBLE	CC-BY-4.0	NO	0	OPENSTAX
af38be6prop15	RESOLUBLE	CC-BY-4.0	NO	0	OPENSTAX
af38be6prop3	RESOLUBLE	CC-BY-4.0	NO	0	OPENSTAX
af38be6prop4	RESOLUBLE	CC-BY-4.0	NO	0	OPENSTAX
af38be6prop5	RESOLUBLE	CC-BY-4.0	NO	0	OPENSTAX
af38be6prop6	RESOLUBLE	CC-BY-4.0	NO	0	OPENSTAX
af38be6prop7	RESOLUBLE	CC-BY-4.0	NO	0	OPENSTAX
af38be6prop8	RESOLUBLE	CC-BY-4.0	SI	1	OPENSTAX
af38be6prop9	RESOLUBLE	CC-BY-4.0	NO	0	OPENSTAX
af3b50aangles1	RESOLUBLE	CC-BY-4.0	NO	0	OPENSTAX
af3b50aangles10	RESOLUBLE	CC-BY-4.0	NO	0	OPENSTAX
af3b50aangles11	RESOLUBLE	CC-BY-4.0	NO	0	OPENSTAX
af3b50aangles12	RESOLUBLE	CC-BY-4.0	NO	0	OPENSTAX
af3b50aangles13	RESOLUBLE	CC-BY-4.0	NO	0	OPENSTAX
af3b50aangles14	RESOLUBLE	CC-BY-4.0	NO	0	OPENSTAX
af3b50aangles15	RESOLUBLE	CC-BY-4.0	NO	0	OPENSTAX
af3b50aangles16	RESOLUBLE	CC-BY-4.0	NO	0	OPENSTAX
af3b50aangles17	RESOLUBLE	CC-BY-4.0	NO	0	OPENSTAX
af3b50aangles18	RESOLUBLE	CC-BY-4.0	NO	0	OPENSTAX
af3b50aangles19	RESOLUBLE	CC-BY-4.0	NO	0	OPENSTAX
af3b50aangles2	RESOLUBLE	CC-BY-4.0	NO	0	OPENSTAX
af3b50aangles20	RESOLUBLE	CC-BY-4.0	NO	0	OPENSTAX
af3b50aangles21	RESOLUBLE	CC-BY-4.0	NO	0	OPENSTAX
af3b50aangles22	RESOLUBLE	CC-BY-4.0	NO	0	OPENSTAX
af3b50aangles23	RESOLUBLE	CC-BY-4.0	NO	0	OPENSTAX
af3b50aangles24	RESOLUBLE	CC-BY-4.0	NO	0	OPENSTAX
af3b50aangles25	RESOLUBLE	CC-BY-4.0	NO	0	OPENSTAX
af3b50aangles26	RESOLUBLE	CC-BY-4.0	NO	0	OPENSTAX
af3b50aangles27	RESOLUBLE	CC-BY-4.0	NO	0	OPENSTAX
af3b50aangles28	RESOLUBLE	CC-BY-4.0	NO	0	OPENSTAX
af3b50aangles29	RESOLUBLE	CC-BY-4.0	NO	0	OPENSTAX
af3b50aangles3	RESOLUBLE	CC-BY-4.0	NO	0	OPENSTAX
af3b50aangles30	RESOLUBLE	CC-BY-4.0	NO	0	OPENSTAX
af3b50aangles4	RESOLUBLE	CC-BY-4.0	SI	1	OPENSTAX
af3b50aangles5	RESOLUBLE	CC-BY-4.0	SI	1	OPENSTAX
af3b50aangles6	RESOLUBLE	CC-BY-4.0	SI	1	OPENSTAX
af3b50aangles7	RESOLUBLE	CC-BY-4.0	SI	1	OPENSTAX
af3b50aangles8	RESOLUBLE	CC-BY-4.0	NO	0	OPENSTAX
af3b50aangles9	RESOLUBLE	CC-BY-4.0	NO	0	OPENSTAX
af4dc22Lawcos1	RESOLUBLE	CC-BY-4.0	NO	0	OPENSTAX
af4dc22Lawcos10	RESOLUBLE	CC-BY-4.0	NO	0	OPENSTAX
af4dc22Lawcos11	RESOLUBLE	CC-BY-4.0	NO	0	OPENSTAX
af4dc22Lawcos12	RESOLUBLE	CC-BY-4.0	NO	0	OPENSTAX
af4dc22Lawcos13	RESOLUBLE	CC-BY-4.0	NO	0	OPENSTAX
af4dc22Lawcos14	RESOLUBLE	CC-BY-4.0	SI	1	OPENSTAX
af4dc22Lawcos15	RESOLUBLE	CC-BY-4.0	SI	1	OPENSTAX
af4dc22Lawcos16	RESOLUBLE	CC-BY-4.0	SI	1	OPENSTAX
af4dc22Lawcos17	RESOLUBLE	CC-BY-4.0	SI	1	OPENSTAX
af4dc22Lawcos18	RESOLUBLE	CC-BY-4.0	SI	1	OPENSTAX
af4dc22Lawcos19	RESOLUBLE	CC-BY-4.0	SI	1	OPENSTAX
af4dc22Lawcos2	RESOLUBLE	CC-BY-4.0	NO	0	OPENSTAX
af4dc22Lawcos20	RESOLUBLE	CC-BY-4.0	SI	1	OPENSTAX
af4dc22Lawcos21	RESOLUBLE	CC-BY-4.0	SI	1	OPENSTAX
af4dc22Lawcos22	RESOLUBLE	CC-BY-4.0	SI	1	OPENSTAX
af4dc22Lawcos23	RESOLUBLE	CC-BY-4.0	SI	1	OPENSTAX
af4dc22Lawcos24	RESOLUBLE	CC-BY-4.0	SI	1	OPENSTAX
af4dc22Lawcos25	RESOLUBLE	CC-BY-4.0	NO	0	OPENSTAX
af4dc22Lawcos26	RESOLUBLE	CC-BY-4.0	NO	0	OPENSTAX
af4dc22Lawcos27	RESOLUBLE	CC-BY-4.0	NO	0	OPENSTAX
af4dc22Lawcos28	RESOLUBLE	CC-BY-4.0	NO	0	OPENSTAX
af4dc22Lawcos29	RESOLUBLE	CC-BY-4.0	NO	0	OPENSTAX
af4dc22Lawcos3	RESOLUBLE	CC-BY-4.0	NO	0	OPENSTAX
af4dc22Lawcos30	RESOLUBLE	CC-BY-4.0	SI	1	OPENSTAX
af4dc22Lawcos4	RESOLUBLE	CC-BY-4.0	NO	0	OPENSTAX
af4dc22Lawcos5	RESOLUBLE	CC-BY-4.0	NO	0	OPENSTAX
af4dc22Lawcos6	RESOLUBLE	CC-BY-4.0	NO	0	OPENSTAX
af4dc22Lawcos7	RESOLUBLE	CC-BY-4.0	NO	0	OPENSTAX
af4dc22Lawcos8	RESOLUBLE	CC-BY-4.0	NO	0	OPENSTAX
af4dc22Lawcos9	RESOLUBLE	CC-BY-4.0	NO	0	OPENSTAX
af4e405log1	RESOLUBLE	CC-BY-4.0	NO	0	OPENSTAX
af4e405log10	RESOLUBLE	CC-BY-4.0	NO	0	OPENSTAX
af4e405log11	RESOLUBLE	CC-BY-4.0	NO	0	OPENSTAX
af4e405log12	RESOLUBLE	CC-BY-4.0	NO	0	OPENSTAX
af4e405log13	RESOLUBLE	CC-BY-4.0	SI	2	OPENSTAX
af4e405log14	RESOLUBLE	CC-BY-4.0	SI	2	OPENSTAX
af4e405log15	RESOLUBLE	CC-BY-4.0	NO	0	OPENSTAX
af4e405log16	RESOLUBLE	CC-BY-4.0	NO	0	OPENSTAX
af4e405log17	RESOLUBLE	CC-BY-4.0	NO	0	OPENSTAX
af4e405log18	RESOLUBLE	CC-BY-4.0	NO	0	OPENSTAX
af4e405log19	RESOLUBLE	CC-BY-4.0	NO	0	OPENSTAX
af4e405log2	RESOLUBLE	CC-BY-4.0	NO	0	OPENSTAX
af4e405log20	RESOLUBLE	CC-BY-4.0	NO	0	OPENSTAX
af4e405log21	RESOLUBLE	CC-BY-4.0	NO	0	OPENSTAX
af4e405log23	RESOLUBLE	CC-BY-4.0	NO	0	OPENSTAX
af4e405log24	RESOLUBLE	CC-BY-4.0	NO	0	OPENSTAX
af4e405log25	RESOLUBLE	CC-BY-4.0	NO	0	OPENSTAX
af4e405log26	RESOLUBLE	CC-BY-4.0	NO	0	OPENSTAX
af4e405log27	RESOLUBLE	CC-BY-4.0	NO	0	OPENSTAX
af4e405log28	RESOLUBLE	CC-BY-4.0	SI	2	OPENSTAX
af4e405log29	RESOLUBLE	CC-BY-4.0	NO	0	OPENSTAX
af4e405log3	RESOLUBLE	CC-BY-4.0	NO	0	OPENSTAX
af4e405log30	RESOLUBLE	CC-BY-4.0	NO	0	OPENSTAX
af4e405log4	RESOLUBLE	CC-BY-4.0	NO	0	OPENSTAX
af4e405log5	RESOLUBLE	CC-BY-4.0	NO	0	OPENSTAX
af4e405log6	RESOLUBLE	CC-BY-4.0	NO	0	OPENSTAX
af4e405log7	RESOLUBLE	CC-BY-4.0	NO	0	OPENSTAX
af4e405log8	RESOLUBLE	CC-BY-4.0	NO	0	OPENSTAX
af4e405log9	RESOLUBLE	CC-BY-4.0	NO	0	OPENSTAX
af53fe6chi1	RESOLUBLE	CC-BY-4.0	NO	0	OPENSTAX
af53fe6chi10	RESOLUBLE	CC-BY-4.0	NO	0	OPENSTAX
af53fe6chi11	RESOLUBLE	CC-BY-4.0	NO	0	OPENSTAX
af53fe6chi12	RESOLUBLE	CC-BY-4.0	NO	0	OPENSTAX
af53fe6chi13	RESOLUBLE	CC-BY-4.0	NO	0	OPENSTAX
af53fe6chi14	RESOLUBLE	CC-BY-4.0	NO	0	OPENSTAX
af53fe6chi15	RESOLUBLE	CC-BY-4.0	NO	0	OPENSTAX
af53fe6chi2	RESOLUBLE	CC-BY-4.0	NO	0	OPENSTAX
af53fe6chi3	RESOLUBLE	CC-BY-4.0	NO	0	OPENSTAX
af53fe6chi4	RESOLUBLE	CC-BY-4.0	NO	0	OPENSTAX
af53fe6chi5	RESOLUBLE	CC-BY-4.0	NO	0	OPENSTAX
af53fe6chi6	RESOLUBLE	CC-BY-4.0	NO	0	OPENSTAX
af53fe6chi7	RESOLUBLE	CC-BY-4.0	NO	0	OPENSTAX
af53fe6chi8	RESOLUBLE	CC-BY-4.0	NO	0	OPENSTAX
af53fe6chi9	RESOLUBLE	CC-BY-4.0	NO	0	OPENSTAX
af564d8LimitLaw10	AUSENTE	-	NO	0	OPENSTAX
af564d8LimitLaw2	AUSENTE	-	NO	0	OPENSTAX
af564d8LimitLaw9	AUSENTE	-	NO	0	OPENSTAX
af564d8LimitlLaw13	AUSENTE	-	NO	0	OPENSTAX
af564d8LimitlLaw15	AUSENTE	-	NO	0	OPENSTAX
af564d8LimitlLaw16	AUSENTE	-	NO	0	OPENSTAX
af564d8LimitlLaw17	AUSENTE	-	NO	0	OPENSTAX
af564d8LimitlLaw18	AUSENTE	-	NO	0	OPENSTAX
af564d8LimitlLaw20	AUSENTE	-	NO	0	OPENSTAX
af5cb05center1	RESOLUBLE	CC-BY-4.0	NO	0	OPENSTAX
af5cb05center10	RESOLUBLE	CC-BY-4.0	SI	1	OPENSTAX
af5cb05center11	RESOLUBLE	CC-BY-4.0	SI	1	OPENSTAX
af5cb05center12	RESOLUBLE	CC-BY-4.0	SI	1	OPENSTAX
af5cb05center13	RESOLUBLE	CC-BY-4.0	NO	0	OPENSTAX
af5cb05center14	RESOLUBLE	CC-BY-4.0	NO	0	OPENSTAX
af5cb05center15	RESOLUBLE	CC-BY-4.0	NO	0	OPENSTAX
af5cb05center16	RESOLUBLE	CC-BY-4.0	NO	0	OPENSTAX
af5cb05center17	RESOLUBLE	CC-BY-4.0	NO	0	OPENSTAX
af5cb05center18	RESOLUBLE	CC-BY-4.0	NO	0	OPENSTAX
af5cb05center19	RESOLUBLE	CC-BY-4.0	SI	1	OPENSTAX
af5cb05center2	RESOLUBLE	CC-BY-4.0	NO	0	OPENSTAX
af5cb05center20	RESOLUBLE	CC-BY-4.0	SI	1	OPENSTAX
af5cb05center3	RESOLUBLE	CC-BY-4.0	NO	0	OPENSTAX
af5cb05center4	RESOLUBLE	CC-BY-4.0	NO	0	OPENSTAX
af5cb05center5	RESOLUBLE	CC-BY-4.0	NO	0	OPENSTAX
af5cb05center6	RESOLUBLE	CC-BY-4.0	NO	0	OPENSTAX
af5cb05center7	RESOLUBLE	CC-BY-4.0	NO	0	OPENSTAX
af5cb05center8	RESOLUBLE	CC-BY-4.0	SI	1	OPENSTAX
af5cb05center9	RESOLUBLE	CC-BY-4.0	SI	1	OPENSTAX
af5fe5dSolveapp1	RESOLUBLE	CC-BY-4.0	NO	0	OPENSTAX
af5fe5dSolveapp10	RESOLUBLE	CC-BY-4.0	NO	0	OPENSTAX
af5fe5dSolveapp11	RESOLUBLE	CC-BY-4.0	NO	0	OPENSTAX
af5fe5dSolveapp12	RESOLUBLE	CC-BY-4.0	NO	0	OPENSTAX
af5fe5dSolveapp13	RESOLUBLE	CC-BY-4.0	NO	0	OPENSTAX
af5fe5dSolveapp14	RESOLUBLE	CC-BY-4.0	NO	0	OPENSTAX
af5fe5dSolveapp15	RESOLUBLE	CC-BY-4.0	NO	0	OPENSTAX
af5fe5dSolveapp16	RESOLUBLE	CC-BY-4.0	NO	0	OPENSTAX
af5fe5dSolveapp17	RESOLUBLE	CC-BY-4.0	NO	0	OPENSTAX
af5fe5dSolveapp18	RESOLUBLE	CC-BY-4.0	NO	0	OPENSTAX
af5fe5dSolveapp19	RESOLUBLE	CC-BY-4.0	NO	0	OPENSTAX
af5fe5dSolveapp2	RESOLUBLE	CC-BY-4.0	NO	0	OPENSTAX
af5fe5dSolveapp20	RESOLUBLE	CC-BY-4.0	NO	0	OPENSTAX
af5fe5dSolveapp21	RESOLUBLE	CC-BY-4.0	NO	0	OPENSTAX
af5fe5dSolveapp22	RESOLUBLE	CC-BY-4.0	NO	0	OPENSTAX
af5fe5dSolveapp23	RESOLUBLE	CC-BY-4.0	NO	0	OPENSTAX
af5fe5dSolveapp24	RESOLUBLE	CC-BY-4.0	NO	0	OPENSTAX
af5fe5dSolveapp25	RESOLUBLE	CC-BY-4.0	NO	0	OPENSTAX
af5fe5dSolveapp3	RESOLUBLE	CC-BY-4.0	NO	0	OPENSTAX
af5fe5dSolveapp4	RESOLUBLE	CC-BY-4.0	NO	0	OPENSTAX
af5fe5dSolveapp5	RESOLUBLE	CC-BY-4.0	NO	0	OPENSTAX
af5fe5dSolveapp6	RESOLUBLE	CC-BY-4.0	NO	0	OPENSTAX
af5fe5dSolveapp7	RESOLUBLE	CC-BY-4.0	NO	0	OPENSTAX
af5fe5dSolveapp8	RESOLUBLE	CC-BY-4.0	NO	0	OPENSTAX
af5fe5dSolveapp9	RESOLUBLE	CC-BY-4.0	NO	0	OPENSTAX
af60b4fellipse1	RESOLUBLE	CC-BY-4.0	NO	0	OPENSTAX
af60b4fellipse10	RESOLUBLE	CC-BY-4.0	NO	0	OPENSTAX
af60b4fellipse11	RESOLUBLE	CC-BY-4.0	NO	0	OPENSTAX
af60b4fellipse13	RESOLUBLE	CC-BY-4.0	NO	0	OPENSTAX
af60b4fellipse14	RESOLUBLE	CC-BY-4.0	NO	0	OPENSTAX
af60b4fellipse15	RESOLUBLE	CC-BY-4.0	NO	0	OPENSTAX
af60b4fellipse16	RESOLUBLE	CC-BY-4.0	NO	0	OPENSTAX
af60b4fellipse17	RESOLUBLE	CC-BY-4.0	NO	0	OPENSTAX
af60b4fellipse18	RESOLUBLE	CC-BY-4.0	NO	0	OPENSTAX
af60b4fellipse19	RESOLUBLE	CC-BY-4.0	NO	0	OPENSTAX
af60b4fellipse2	RESOLUBLE	CC-BY-4.0	NO	0	OPENSTAX
af60b4fellipse20	RESOLUBLE	CC-BY-4.0	NO	0	OPENSTAX
af60b4fellipse21	RESOLUBLE	CC-BY-4.0	NO	0	OPENSTAX
af60b4fellipse22	RESOLUBLE	CC-BY-4.0	NO	0	OPENSTAX
af60b4fellipse23	RESOLUBLE	CC-BY-4.0	NO	0	OPENSTAX
af60b4fellipse24	RESOLUBLE	CC-BY-4.0	NO	0	OPENSTAX
af60b4fellipse25	RESOLUBLE	CC-BY-4.0	NO	0	OPENSTAX
af60b4fellipse26	RESOLUBLE	CC-BY-4.0	NO	0	OPENSTAX
af60b4fellipse27	RESOLUBLE	CC-BY-4.0	NO	0	OPENSTAX
af60b4fellipse28	RESOLUBLE	CC-BY-4.0	NO	0	OPENSTAX
af60b4fellipse29	RESOLUBLE	CC-BY-4.0	NO	0	OPENSTAX
af60b4fellipse3	RESOLUBLE	CC-BY-4.0	NO	0	OPENSTAX
af60b4fellipse4	RESOLUBLE	CC-BY-4.0	NO	0	OPENSTAX
af60b4fellipse5	RESOLUBLE	CC-BY-4.0	NO	0	OPENSTAX
af60b4fellipse6	RESOLUBLE	CC-BY-4.0	NO	0	OPENSTAX
af60b4fellipse7	RESOLUBLE	CC-BY-4.0	NO	0	OPENSTAX
af60b4fellipse8	RESOLUBLE	CC-BY-4.0	NO	0	OPENSTAX
af60b4fellipse9	RESOLUBLE	CC-BY-4.0	NO	0	OPENSTAX
af69612T113-period-P01	VERSION-SIN-VARIANTE	CC4.0	NO	0	NO-OPENSTAX
af69612T113-period-P02	VERSION-SIN-VARIANTE	CC4.0	NO	0	NO-OPENSTAX
af69612T113-period-P03	VERSION-SIN-VARIANTE	CC4.0	NO	0	NO-OPENSTAX
af69612T113-period-P04	VERSION-SIN-VARIANTE	CC4.0	NO	0	NO-OPENSTAX
af69612T113-period-P05	VERSION-SIN-VARIANTE	CC4.0	NO	0	NO-OPENSTAX
af69612T113-period-P06	VERSION-SIN-VARIANTE	CC4.0	NO	0	NO-OPENSTAX
af69612T113-period-P07	VERSION-SIN-VARIANTE	CC4.0	NO	0	NO-OPENSTAX
af69612T113-period-P08	VERSION-SIN-VARIANTE	CC4.0	NO	0	NO-OPENSTAX
af69612T113-period-P09	VERSION-SIN-VARIANTE	CC4.0	NO	0	NO-OPENSTAX
af69facexpolog1	RESOLUBLE	CC-BY-4.0	NO	0	OPENSTAX
af69facexpolog10	RESOLUBLE	CC-BY-4.0	NO	0	OPENSTAX
af69facexpolog11	RESOLUBLE	CC-BY-4.0	NO	0	OPENSTAX
af69facexpolog12	RESOLUBLE	CC-BY-4.0	NO	0	OPENSTAX
af69facexpolog13	RESOLUBLE	CC-BY-4.0	NO	0	OPENSTAX
af69facexpolog14	RESOLUBLE	CC-BY-4.0	NO	0	OPENSTAX
af69facexpolog15	RESOLUBLE	CC-BY-4.0	NO	0	OPENSTAX
af69facexpolog16	RESOLUBLE	CC-BY-4.0	NO	0	OPENSTAX
af69facexpolog17	RESOLUBLE	CC-BY-4.0	NO	0	OPENSTAX
af69facexpolog18	RESOLUBLE	CC-BY-4.0	NO	0	OPENSTAX
af69facexpolog19	RESOLUBLE	CC-BY-4.0	NO	0	OPENSTAX
af69facexpolog2	RESOLUBLE	CC-BY-4.0	NO	0	OPENSTAX
af69facexpolog20	RESOLUBLE	CC-BY-4.0	NO	0	OPENSTAX
af69facexpolog21	RESOLUBLE	CC-BY-4.0	NO	0	OPENSTAX
af69facexpolog22	RESOLUBLE	CC-BY-4.0	NO	0	OPENSTAX
af69facexpolog23	RESOLUBLE	CC-BY-4.0	NO	0	OPENSTAX
af69facexpolog24	RESOLUBLE	CC-BY-4.0	NO	0	OPENSTAX
af69facexpolog25	RESOLUBLE	CC-BY-4.0	NO	0	OPENSTAX
af69facexpolog26	RESOLUBLE	CC-BY-4.0	NO	0	OPENSTAX
af69facexpolog27	RESOLUBLE	CC-BY-4.0	NO	0	OPENSTAX
af69facexpolog28	RESOLUBLE	CC-BY-4.0	NO	0	OPENSTAX
af69facexpolog29	RESOLUBLE	CC-BY-4.0	NO	0	OPENSTAX
af69facexpolog3	RESOLUBLE	CC-BY-4.0	NO	0	OPENSTAX
af69facexpolog30	RESOLUBLE	CC-BY-4.0	NO	0	OPENSTAX
af69facexpolog4	RESOLUBLE	CC-BY-4.0	NO	0	OPENSTAX
af69facexpolog5	RESOLUBLE	CC-BY-4.0	NO	0	OPENSTAX
af69facexpolog6	RESOLUBLE	CC-BY-4.0	NO	0	OPENSTAX
af69facexpolog7	RESOLUBLE	CC-BY-4.0	NO	0	OPENSTAX
af69facexpolog8	RESOLUBLE	CC-BY-4.0	NO	0	OPENSTAX
af69facexpolog9	RESOLUBLE	CC-BY-4.0	NO	0	OPENSTAX
af94a3bpolarcoord1	RESOLUBLE	CC-BY-4.0	NO	0	OPENSTAX
af94a3bpolarcoord10	RESOLUBLE	CC-BY-4.0	NO	0	OPENSTAX
af94a3bpolarcoord11	RESOLUBLE	CC-BY-4.0	NO	0	OPENSTAX
af94a3bpolarcoord12	RESOLUBLE	CC-BY-4.0	NO	0	OPENSTAX
af94a3bpolarcoord13	RESOLUBLE	CC-BY-4.0	NO	0	OPENSTAX
af94a3bpolarcoord14	RESOLUBLE	CC-BY-4.0	NO	0	OPENSTAX
af94a3bpolarcoord15	RESOLUBLE	CC-BY-4.0	NO	0	OPENSTAX
af94a3bpolarcoord16	RESOLUBLE	CC-BY-4.0	NO	0	OPENSTAX
af94a3bpolarcoord17	RESOLUBLE	CC-BY-4.0	NO	0	OPENSTAX
af94a3bpolarcoord18	RESOLUBLE	CC-BY-4.0	NO	0	OPENSTAX
af94a3bpolarcoord19	RESOLUBLE	CC-BY-4.0	NO	0	OPENSTAX
af94a3bpolarcoord2	RESOLUBLE	CC-BY-4.0	NO	0	OPENSTAX
af94a3bpolarcoord20	RESOLUBLE	CC-BY-4.0	NO	0	OPENSTAX
af94a3bpolarcoord21	RESOLUBLE	CC-BY-4.0	NO	0	OPENSTAX
af94a3bpolarcoord22	RESOLUBLE	CC-BY-4.0	NO	0	OPENSTAX
af94a3bpolarcoord23	RESOLUBLE	CC-BY-4.0	NO	0	OPENSTAX
af94a3bpolarcoord24	RESOLUBLE	CC-BY-4.0	NO	0	OPENSTAX
af94a3bpolarcoord25	RESOLUBLE	CC-BY-4.0	NO	0	OPENSTAX
af94a3bpolarcoord26	RESOLUBLE	CC-BY-4.0	NO	0	OPENSTAX
af94a3bpolarcoord27	RESOLUBLE	CC-BY-4.0	NO	0	OPENSTAX
af94a3bpolarcoord28	RESOLUBLE	CC-BY-4.0	NO	0	OPENSTAX
af94a3bpolarcoord29	RESOLUBLE	CC-BY-4.0	NO	0	OPENSTAX
af94a3bpolarcoord3	RESOLUBLE	CC-BY-4.0	NO	0	OPENSTAX
af94a3bpolarcoord30	RESOLUBLE	CC-BY-4.0	NO	0	OPENSTAX
af94a3bpolarcoord4	RESOLUBLE	CC-BY-4.0	NO	0	OPENSTAX
af94a3bpolarcoord5	RESOLUBLE	CC-BY-4.0	NO	0	OPENSTAX
af94a3bpolarcoord6	RESOLUBLE	CC-BY-4.0	NO	0	OPENSTAX
af94a3bpolarcoord7	RESOLUBLE	CC-BY-4.0	NO	0	OPENSTAX
af94a3bpolarcoord8	RESOLUBLE	CC-BY-4.0	NO	0	OPENSTAX
af94a3bpolarcoord9	RESOLUBLE	CC-BY-4.0	NO	0	OPENSTAX
af985e8a1cc0dcareas1	RESOLUBLE	CC-BY-4.0	SI	1	NO-OPENSTAX
af9a055chem1	AUSENTE	-	SI	1	NO-OPENSTAX
af9a055chem10	AUSENTE	-	NO	0	NO-OPENSTAX
af9a055chem11	AUSENTE	-	NO	0	NO-OPENSTAX
af9a055chem12	AUSENTE	-	NO	0	NO-OPENSTAX
af9a055chem13	AUSENTE	-	NO	0	NO-OPENSTAX
af9a055chem14	AUSENTE	-	NO	0	NO-OPENSTAX
af9a055chem15	AUSENTE	-	NO	0	NO-OPENSTAX
af9a055chem2	AUSENTE	-	SI	1	NO-OPENSTAX
af9a055chem3	AUSENTE	-	SI	1	NO-OPENSTAX
af9a055chem4	AUSENTE	-	NO	0	NO-OPENSTAX
af9a055chem5	AUSENTE	-	NO	0	NO-OPENSTAX
af9a055chem6	AUSENTE	-	NO	0	NO-OPENSTAX
af9a055chem7	AUSENTE	-	NO	0	NO-OPENSTAX
af9a055chem8	AUSENTE	-	NO	0	NO-OPENSTAX
af9a055chem9	AUSENTE	-	NO	0	NO-OPENSTAX
af9dcc3physical1	AUSENTE	-	NO	0	OPENSTAX
af9dcc3physical10	AUSENTE	-	NO	0	OPENSTAX
af9dcc3physical11	AUSENTE	-	NO	0	OPENSTAX
af9dcc3physical12	AUSENTE	-	NO	0	OPENSTAX
af9dcc3physical13	AUSENTE	-	NO	0	OPENSTAX
af9dcc3physical14	AUSENTE	-	NO	0	OPENSTAX
af9dcc3physical15	AUSENTE	-	NO	0	OPENSTAX
af9dcc3physical2	AUSENTE	-	NO	0	OPENSTAX
af9dcc3physical3	AUSENTE	-	NO	0	OPENSTAX
af9dcc3physical4	AUSENTE	-	NO	0	OPENSTAX
af9dcc3physical5	AUSENTE	-	NO	0	OPENSTAX
af9dcc3physical6	AUSENTE	-	NO	0	OPENSTAX
af9dcc3physical7	AUSENTE	-	NO	0	OPENSTAX
af9dcc3physical8	AUSENTE	-	NO	0	OPENSTAX
af9dcc3physical9	AUSENTE	-	NO	0	OPENSTAX
afa0cfequadraticeq1	RESOLUBLE	CC-BY-4.0	NO	0	OPENSTAX
afa0cfequadraticeq10	RESOLUBLE	CC-BY-4.0	NO	0	OPENSTAX
afa0cfequadraticeq11	RESOLUBLE	CC-BY-4.0	NO	0	OPENSTAX
afa0cfequadraticeq12	RESOLUBLE	CC-BY-4.0	NO	0	OPENSTAX
afa0cfequadraticeq13	RESOLUBLE	CC-BY-4.0	NO	0	OPENSTAX
afa0cfequadraticeq14	RESOLUBLE	CC-BY-4.0	NO	0	OPENSTAX
afa0cfequadraticeq15	RESOLUBLE	CC-BY-4.0	NO	0	OPENSTAX
afa0cfequadraticeq16	RESOLUBLE	CC-BY-4.0	NO	0	OPENSTAX
afa0cfequadraticeq17	RESOLUBLE	CC-BY-4.0	NO	0	OPENSTAX
afa0cfequadraticeq18	RESOLUBLE	CC-BY-4.0	NO	0	OPENSTAX
afa0cfequadraticeq19	RESOLUBLE	CC-BY-4.0	NO	0	OPENSTAX
afa0cfequadraticeq2	RESOLUBLE	CC-BY-4.0	NO	0	OPENSTAX
afa0cfequadraticeq20	RESOLUBLE	CC-BY-4.0	NO	0	OPENSTAX
afa0cfequadraticeq21	RESOLUBLE	CC-BY-4.0	NO	0	OPENSTAX
afa0cfequadraticeq22	RESOLUBLE	CC-BY-4.0	NO	0	OPENSTAX
afa0cfequadraticeq23	RESOLUBLE	CC-BY-4.0	NO	0	OPENSTAX
afa0cfequadraticeq24	RESOLUBLE	CC-BY-4.0	NO	0	OPENSTAX
afa0cfequadraticeq25	RESOLUBLE	CC-BY-4.0	NO	0	OPENSTAX
afa0cfequadraticeq26	RESOLUBLE	CC-BY-4.0	NO	0	OPENSTAX
afa0cfequadraticeq27	RESOLUBLE	CC-BY-4.0	NO	0	OPENSTAX
afa0cfequadraticeq28	RESOLUBLE	CC-BY-4.0	NO	0	OPENSTAX
afa0cfequadraticeq29	RESOLUBLE	CC-BY-4.0	NO	0	OPENSTAX
afa0cfequadraticeq3	RESOLUBLE	CC-BY-4.0	NO	0	OPENSTAX
afa0cfequadraticeq30	RESOLUBLE	CC-BY-4.0	NO	0	OPENSTAX
afa0cfequadraticeq4	RESOLUBLE	CC-BY-4.0	NO	0	OPENSTAX
afa0cfequadraticeq5	RESOLUBLE	CC-BY-4.0	NO	0	OPENSTAX
afa0cfequadraticeq6	RESOLUBLE	CC-BY-4.0	NO	0	OPENSTAX
afa0cfequadraticeq7	RESOLUBLE	CC-BY-4.0	NO	0	OPENSTAX
afa0cfequadraticeq8	RESOLUBLE	CC-BY-4.0	NO	0	OPENSTAX
afa0cfequadraticeq9	RESOLUBLE	CC-BY-4.0	NO	0	OPENSTAX
afa63f8real1	AUSENTE	-	SI	2	OPENSTAX
afa63f8real10	AUSENTE	-	NO	0	OPENSTAX
afa63f8real11	AUSENTE	-	NO	0	OPENSTAX
afa63f8real12	AUSENTE	-	NO	0	OPENSTAX
afa63f8real13	AUSENTE	-	NO	0	OPENSTAX
afa63f8real14	AUSENTE	-	NO	0	OPENSTAX
afa63f8real15	AUSENTE	-	NO	0	OPENSTAX
afa63f8real16	AUSENTE	-	SI	2	OPENSTAX
afa63f8real17	AUSENTE	-	SI	2	OPENSTAX
afa63f8real18	AUSENTE	-	SI	2	OPENSTAX
afa63f8real19	AUSENTE	-	NO	0	OPENSTAX
afa63f8real2	AUSENTE	-	SI	2	OPENSTAX
afa63f8real20	AUSENTE	-	NO	0	OPENSTAX
afa63f8real21	AUSENTE	-	NO	0	OPENSTAX
afa63f8real22	AUSENTE	-	NO	0	OPENSTAX
afa63f8real23	AUSENTE	-	NO	0	OPENSTAX
afa63f8real24	AUSENTE	-	NO	0	OPENSTAX
afa63f8real25	AUSENTE	-	SI	1	OPENSTAX
afa63f8real26	AUSENTE	-	SI	1	OPENSTAX
afa63f8real27	AUSENTE	-	NO	0	OPENSTAX
afa63f8real28	AUSENTE	-	NO	0	OPENSTAX
afa63f8real29	AUSENTE	-	NO	0	OPENSTAX
afa63f8real3	AUSENTE	-	NO	0	OPENSTAX
afa63f8real30	AUSENTE	-	NO	0	OPENSTAX
afa63f8real5	AUSENTE	-	SI	2	OPENSTAX
afa63f8real6	AUSENTE	-	NO	0	OPENSTAX
afa63f8real7	AUSENTE	-	NO	0	OPENSTAX
afa63f8real8	AUSENTE	-	NO	0	OPENSTAX
afaf721inequalities1	RESOLUBLE	CC-BY-4.0	SI	6	OPENSTAX
afaf721inequalities10	RESOLUBLE	CC-BY-4.0	SI	1	OPENSTAX
afaf721inequalities11	RESOLUBLE	CC-BY-4.0	SI	1	OPENSTAX
afaf721inequalities12	RESOLUBLE	CC-BY-4.0	SI	1	OPENSTAX
afaf721inequalities13	RESOLUBLE	CC-BY-4.0	SI	1	OPENSTAX
afaf721inequalities14	RESOLUBLE	CC-BY-4.0	SI	1	OPENSTAX
afaf721inequalities15	RESOLUBLE	CC-BY-4.0	SI	1	OPENSTAX
afaf721inequalities16	RESOLUBLE	CC-BY-4.0	NO	0	OPENSTAX
afaf721inequalities17	RESOLUBLE	CC-BY-4.0	NO	0	OPENSTAX
afaf721inequalities18	RESOLUBLE	CC-BY-4.0	NO	0	OPENSTAX
afaf721inequalities19	RESOLUBLE	CC-BY-4.0	NO	0	OPENSTAX
afaf721inequalities2	RESOLUBLE	CC-BY-4.0	SI	3	OPENSTAX
afaf721inequalities20	RESOLUBLE	CC-BY-4.0	NO	0	OPENSTAX
afaf721inequalities21	RESOLUBLE	CC-BY-4.0	NO	0	OPENSTAX
afaf721inequalities22	RESOLUBLE	CC-BY-4.0	NO	0	OPENSTAX
afaf721inequalities23	RESOLUBLE	CC-BY-4.0	NO	0	OPENSTAX
afaf721inequalities24	RESOLUBLE	CC-BY-4.0	NO	0	OPENSTAX
afaf721inequalities25	RESOLUBLE	CC-BY-4.0	NO	0	OPENSTAX
afaf721inequalities26	RESOLUBLE	CC-BY-4.0	NO	0	OPENSTAX
afaf721inequalities27	RESOLUBLE	CC-BY-4.0	NO	0	OPENSTAX
afaf721inequalities28	RESOLUBLE	CC-BY-4.0	NO	0	OPENSTAX
afaf721inequalities29	RESOLUBLE	CC-BY-4.0	NO	0	OPENSTAX
afaf721inequalities3	RESOLUBLE	CC-BY-4.0	SI	3	OPENSTAX
afaf721inequalities30	RESOLUBLE	CC-BY-4.0	NO	0	OPENSTAX
afaf721inequalities4	RESOLUBLE	CC-BY-4.0	SI	2	OPENSTAX
afaf721inequalities5	RESOLUBLE	CC-BY-4.0	SI	1	OPENSTAX
afaf721inequalities6	RESOLUBLE	CC-BY-4.0	SI	1	OPENSTAX
afaf721inequalities7	RESOLUBLE	CC-BY-4.0	SI	1	OPENSTAX
afaf721inequalities8	RESOLUBLE	CC-BY-4.0	SI	1	OPENSTAX
afaf721inequalities9	RESOLUBLE	CC-BY-4.0	SI	1	OPENSTAX
afb3ccdlang1	RESOLUBLE	CC-BY-4.0	NO	0	OPENSTAX
afb3ccdlang10	RESOLUBLE	CC-BY-4.0	NO	0	OPENSTAX
afb3ccdlang11	RESOLUBLE	CC-BY-4.0	NO	0	OPENSTAX
afb3ccdlang12	RESOLUBLE	CC-BY-4.0	NO	0	OPENSTAX
afb3ccdlang13	RESOLUBLE	CC-BY-4.0	NO	0	OPENSTAX
afb3ccdlang14	RESOLUBLE	CC-BY-4.0	NO	0	OPENSTAX
afb3ccdlang15	RESOLUBLE	CC-BY-4.0	NO	0	OPENSTAX
afb3ccdlang16	RESOLUBLE	CC-BY-4.0	NO	0	OPENSTAX
afb3ccdlang17	RESOLUBLE	CC-BY-4.0	NO	0	OPENSTAX
afb3ccdlang18	RESOLUBLE	CC-BY-4.0	NO	0	OPENSTAX
afb3ccdlang19	RESOLUBLE	CC-BY-4.0	NO	0	OPENSTAX
afb3ccdlang2	RESOLUBLE	CC-BY-4.0	NO	0	OPENSTAX
afb3ccdlang20	RESOLUBLE	CC-BY-4.0	NO	0	OPENSTAX
afb3ccdlang21	RESOLUBLE	CC-BY-4.0	NO	0	OPENSTAX
afb3ccdlang22	RESOLUBLE	CC-BY-4.0	NO	0	OPENSTAX
afb3ccdlang23	RESOLUBLE	CC-BY-4.0	NO	0	OPENSTAX
afb3ccdlang24	RESOLUBLE	CC-BY-4.0	NO	0	OPENSTAX
afb3ccdlang25	RESOLUBLE	CC-BY-4.0	NO	0	OPENSTAX
afb3ccdlang26	RESOLUBLE	CC-BY-4.0	NO	0	OPENSTAX
afb3ccdlang27	RESOLUBLE	CC-BY-4.0	NO	0	OPENSTAX
afb3ccdlang28	RESOLUBLE	CC-BY-4.0	NO	0	OPENSTAX
afb3ccdlang29	RESOLUBLE	CC-BY-4.0	NO	0	OPENSTAX
afb3ccdlang3	RESOLUBLE	CC-BY-4.0	NO	0	OPENSTAX
afb3ccdlang30	RESOLUBLE	CC-BY-4.0	NO	0	OPENSTAX
afb3ccdlang31	RESOLUBLE	CC-BY-4.0	NO	0	OPENSTAX
afb3ccdlang32	RESOLUBLE	CC-BY-4.0	NO	0	OPENSTAX
afb3ccdlang4	RESOLUBLE	CC-BY-4.0	NO	0	OPENSTAX
afb3ccdlang5	RESOLUBLE	CC-BY-4.0	NO	0	OPENSTAX
afb3ccdlang6	RESOLUBLE	CC-BY-4.0	NO	0	OPENSTAX
afb3ccdlang7	RESOLUBLE	CC-BY-4.0	NO	0	OPENSTAX
afb3ccdlang8	RESOLUBLE	CC-BY-4.0	NO	0	OPENSTAX
afb3ccdlang9	RESOLUBLE	CC-BY-4.0	NO	0	OPENSTAX
afb69a0sumprod1	AUSENTE	-	NO	0	OPENSTAX
afb69a0sumprod10	AUSENTE	-	NO	0	OPENSTAX
afb69a0sumprod11	AUSENTE	-	NO	0	OPENSTAX
afb69a0sumprod12	AUSENTE	-	NO	0	OPENSTAX
afb69a0sumprod13	AUSENTE	-	NO	0	OPENSTAX
afb69a0sumprod14	AUSENTE	-	NO	0	OPENSTAX
afb69a0sumprod15	AUSENTE	-	NO	0	OPENSTAX
afb69a0sumprod16	AUSENTE	-	NO	0	OPENSTAX
afb69a0sumprod17	AUSENTE	-	NO	0	OPENSTAX
afb69a0sumprod18	AUSENTE	-	NO	0	OPENSTAX
afb69a0sumprod19	AUSENTE	-	NO	0	OPENSTAX
afb69a0sumprod2	AUSENTE	-	NO	0	OPENSTAX
afb69a0sumprod20	AUSENTE	-	NO	0	OPENSTAX
afb69a0sumprod21	AUSENTE	-	NO	0	OPENSTAX
afb69a0sumprod22	AUSENTE	-	NO	0	OPENSTAX
afb69a0sumprod23	AUSENTE	-	NO	0	OPENSTAX
afb69a0sumprod24	AUSENTE	-	NO	0	OPENSTAX
afb69a0sumprod25	AUSENTE	-	NO	0	OPENSTAX
afb69a0sumprod26	AUSENTE	-	NO	0	OPENSTAX
afb69a0sumprod27	AUSENTE	-	NO	0	OPENSTAX
afb69a0sumprod28	AUSENTE	-	NO	0	OPENSTAX
afb69a0sumprod29	AUSENTE	-	NO	0	OPENSTAX
afb69a0sumprod3	AUSENTE	-	NO	0	OPENSTAX
afb69a0sumprod30	AUSENTE	-	NO	0	OPENSTAX
afb69a0sumprod31	AUSENTE	-	NO	0	OPENSTAX
afb69a0sumprod32	AUSENTE	-	NO	0	OPENSTAX
afb69a0sumprod33	AUSENTE	-	NO	0	OPENSTAX
afb69a0sumprod34	AUSENTE	-	NO	0	OPENSTAX
afb69a0sumprod35	AUSENTE	-	NO	0	OPENSTAX
afb69a0sumprod36	AUSENTE	-	NO	0	OPENSTAX
afb69a0sumprod37	AUSENTE	-	NO	0	OPENSTAX
afb69a0sumprod38	AUSENTE	-	NO	0	OPENSTAX
afb69a0sumprod39	AUSENTE	-	NO	0	OPENSTAX
afb69a0sumprod4	AUSENTE	-	NO	0	OPENSTAX
afb69a0sumprod40	AUSENTE	-	NO	0	OPENSTAX
afb69a0sumprod41	AUSENTE	-	NO	0	OPENSTAX
afb69a0sumprod42	AUSENTE	-	NO	0	OPENSTAX
afb69a0sumprod43	AUSENTE	-	NO	0	OPENSTAX
afb69a0sumprod44	AUSENTE	-	NO	0	OPENSTAX
afb69a0sumprod45	AUSENTE	-	NO	0	OPENSTAX
afb69a0sumprod5	AUSENTE	-	NO	0	OPENSTAX
afb69a0sumprod6	AUSENTE	-	NO	0	OPENSTAX
afb69a0sumprod7	AUSENTE	-	NO	0	OPENSTAX
afb69a0sumprod8	AUSENTE	-	NO	0	OPENSTAX
afb69a0sumprod9	AUSENTE	-	NO	0	OPENSTAX
afbe5ccpower1	RESOLUBLE	CC-BY-4.0	NO	0	OPENSTAX
afbe5ccpower10	RESOLUBLE	CC-BY-4.0	NO	0	OPENSTAX
afbe5ccpower11	RESOLUBLE	CC-BY-4.0	NO	0	OPENSTAX
afbe5ccpower12	RESOLUBLE	CC-BY-4.0	NO	0	OPENSTAX
afbe5ccpower13	RESOLUBLE	CC-BY-4.0	NO	0	OPENSTAX
afbe5ccpower14	RESOLUBLE	CC-BY-4.0	NO	0	OPENSTAX
afbe5ccpower15	RESOLUBLE	CC-BY-4.0	NO	0	OPENSTAX
afbe5ccpower16	RESOLUBLE	CC-BY-4.0	NO	0	OPENSTAX
afbe5ccpower17	RESOLUBLE	CC-BY-4.0	NO	0	OPENSTAX
afbe5ccpower18	RESOLUBLE	CC-BY-4.0	NO	0	OPENSTAX
afbe5ccpower19	RESOLUBLE	CC-BY-4.0	NO	0	OPENSTAX
afbe5ccpower2	RESOLUBLE	CC-BY-4.0	NO	0	OPENSTAX
afbe5ccpower20	RESOLUBLE	CC-BY-4.0	NO	0	OPENSTAX
afbe5ccpower21	RESOLUBLE	CC-BY-4.0	NO	0	OPENSTAX
afbe5ccpower27	RESOLUBLE	CC-BY-4.0	NO	0	OPENSTAX
afbe5ccpower28	RESOLUBLE	CC-BY-4.0	NO	0	OPENSTAX
afbe5ccpower29	RESOLUBLE	CC-BY-4.0	NO	0	OPENSTAX
afbe5ccpower3	RESOLUBLE	CC-BY-4.0	NO	0	OPENSTAX
afbe5ccpower30	RESOLUBLE	CC-BY-4.0	NO	0	OPENSTAX
afbe5ccpower31	RESOLUBLE	CC-BY-4.0	NO	0	OPENSTAX
afbe5ccpower32	RESOLUBLE	CC-BY-4.0	NO	0	OPENSTAX
afbe5ccpower33	RESOLUBLE	CC-BY-4.0	NO	0	OPENSTAX
afbe5ccpower34	RESOLUBLE	CC-BY-4.0	NO	0	OPENSTAX
afbe5ccpower35	RESOLUBLE	CC-BY-4.0	NO	0	OPENSTAX
afbe5ccpower36	RESOLUBLE	CC-BY-4.0	NO	0	OPENSTAX
afbe5ccpower37	RESOLUBLE	CC-BY-4.0	NO	0	OPENSTAX
afbe5ccpower4	RESOLUBLE	CC-BY-4.0	NO	0	OPENSTAX
afbe5ccpower5	RESOLUBLE	CC-BY-4.0	NO	0	OPENSTAX
afbe5ccpower6	RESOLUBLE	CC-BY-4.0	NO	0	OPENSTAX
afbe5ccpower7	RESOLUBLE	CC-BY-4.0	NO	0	OPENSTAX
afbe5ccpower8	RESOLUBLE	CC-BY-4.0	NO	0	OPENSTAX
afbe5ccpower9	RESOLUBLE	CC-BY-4.0	NO	0	OPENSTAX
afbeae7inequalities1	RESOLUBLE	CC-BY-4.0	NO	0	OPENSTAX
afbeae7inequalities10	RESOLUBLE	CC-BY-4.0	SI	1	OPENSTAX
afbeae7inequalities11	RESOLUBLE	CC-BY-4.0	SI	1	OPENSTAX
afbeae7inequalities12	RESOLUBLE	CC-BY-4.0	SI	1	OPENSTAX
afbeae7inequalities13	RESOLUBLE	CC-BY-4.0	NO	0	OPENSTAX
afbeae7inequalities14	RESOLUBLE	CC-BY-4.0	NO	0	OPENSTAX
afbeae7inequalities15	RESOLUBLE	CC-BY-4.0	NO	0	OPENSTAX
afbeae7inequalities16	RESOLUBLE	CC-BY-4.0	NO	0	OPENSTAX
afbeae7inequalities17	RESOLUBLE	CC-BY-4.0	SI	1	OPENSTAX
afbeae7inequalities18	RESOLUBLE	CC-BY-4.0	SI	1	OPENSTAX
afbeae7inequalities19	RESOLUBLE	CC-BY-4.0	SI	1	OPENSTAX
afbeae7inequalities2	RESOLUBLE	CC-BY-4.0	NO	0	OPENSTAX
afbeae7inequalities20	RESOLUBLE	CC-BY-4.0	SI	1	OPENSTAX
afbeae7inequalities21	RESOLUBLE	CC-BY-4.0	SI	1	OPENSTAX
afbeae7inequalities22	RESOLUBLE	CC-BY-4.0	SI	1	OPENSTAX
afbeae7inequalities23	RESOLUBLE	CC-BY-4.0	SI	1	OPENSTAX
afbeae7inequalities24	RESOLUBLE	CC-BY-4.0	SI	1	OPENSTAX
afbeae7inequalities25	RESOLUBLE	CC-BY-4.0	SI	1	OPENSTAX
afbeae7inequalities26	RESOLUBLE	CC-BY-4.0	SI	1	OPENSTAX
afbeae7inequalities27	RESOLUBLE	CC-BY-4.0	SI	1	OPENSTAX
afbeae7inequalities28	RESOLUBLE	CC-BY-4.0	NO	0	OPENSTAX
afbeae7inequalities29	RESOLUBLE	CC-BY-4.0	NO	0	OPENSTAX
afbeae7inequalities3	RESOLUBLE	CC-BY-4.0	NO	0	OPENSTAX
afbeae7inequalities30	RESOLUBLE	CC-BY-4.0	NO	0	OPENSTAX
afbeae7inequalities4	RESOLUBLE	CC-BY-4.0	NO	0	OPENSTAX
afbeae7inequalities5	RESOLUBLE	CC-BY-4.0	NO	0	OPENSTAX
afbeae7inequalities6	RESOLUBLE	CC-BY-4.0	SI	1	OPENSTAX
afbeae7inequalities7	RESOLUBLE	CC-BY-4.0	SI	1	OPENSTAX
afbeae7inequalities8	RESOLUBLE	CC-BY-4.0	SI	1	OPENSTAX
afbeae7inequalities9	RESOLUBLE	CC-BY-4.0	SI	1	OPENSTAX
afc3761Unitcirc1	RESOLUBLE	CC-BY-4.0	NO	0	OPENSTAX
afc3761Unitcirc10	RESOLUBLE	CC-BY-4.0	NO	0	OPENSTAX
afc3761Unitcirc11	RESOLUBLE	CC-BY-4.0	NO	0	OPENSTAX
afc3761Unitcirc12	RESOLUBLE	CC-BY-4.0	NO	0	OPENSTAX
afc3761Unitcirc13	RESOLUBLE	CC-BY-4.0	NO	0	OPENSTAX
afc3761Unitcirc14	RESOLUBLE	CC-BY-4.0	NO	0	OPENSTAX
afc3761Unitcirc15	RESOLUBLE	CC-BY-4.0	NO	0	OPENSTAX
afc3761Unitcirc16	RESOLUBLE	CC-BY-4.0	NO	0	OPENSTAX
afc3761Unitcirc17	RESOLUBLE	CC-BY-4.0	NO	0	OPENSTAX
afc3761Unitcirc18	RESOLUBLE	CC-BY-4.0	NO	0	OPENSTAX
afc3761Unitcirc19	RESOLUBLE	CC-BY-4.0	SI	1	OPENSTAX
afc3761Unitcirc2	RESOLUBLE	CC-BY-4.0	NO	0	OPENSTAX
afc3761Unitcirc20	RESOLUBLE	CC-BY-4.0	SI	1	OPENSTAX
afc3761Unitcirc21	RESOLUBLE	CC-BY-4.0	SI	1	OPENSTAX
afc3761Unitcirc22	RESOLUBLE	CC-BY-4.0	SI	1	OPENSTAX
afc3761Unitcirc23	RESOLUBLE	CC-BY-4.0	SI	1	OPENSTAX
afc3761Unitcirc24	RESOLUBLE	CC-BY-4.0	SI	1	OPENSTAX
afc3761Unitcirc25	RESOLUBLE	CC-BY-4.0	NO	0	OPENSTAX
afc3761Unitcirc26	RESOLUBLE	CC-BY-4.0	NO	0	OPENSTAX
afc3761Unitcirc27	RESOLUBLE	CC-BY-4.0	NO	0	OPENSTAX
afc3761Unitcirc28	RESOLUBLE	CC-BY-4.0	NO	0	OPENSTAX
afc3761Unitcirc29	RESOLUBLE	CC-BY-4.0	NO	0	OPENSTAX
afc3761Unitcirc3	RESOLUBLE	CC-BY-4.0	NO	0	OPENSTAX
afc3761Unitcirc30	RESOLUBLE	CC-BY-4.0	NO	0	OPENSTAX
afc3761Unitcirc4	RESOLUBLE	CC-BY-4.0	NO	0	OPENSTAX
afc3761Unitcirc5	RESOLUBLE	CC-BY-4.0	NO	0	OPENSTAX
afc3761Unitcirc6	RESOLUBLE	CC-BY-4.0	NO	0	OPENSTAX
afc3761Unitcirc7	RESOLUBLE	CC-BY-4.0	NO	0	OPENSTAX
afc3761Unitcirc8	RESOLUBLE	CC-BY-4.0	NO	0	OPENSTAX
afc3761Unitcirc9	RESOLUBLE	CC-BY-4.0	NO	0	OPENSTAX
afda852A2-diag-P01	AUSENTE	-	NO	0	NO-OPENSTAX
afda852A2-diag-P02	AUSENTE	-	NO	0	NO-OPENSTAX
afda852A2-diag-P03	AUSENTE	-	NO	0	NO-OPENSTAX
afda852A2-diag-P04	AUSENTE	-	NO	0	NO-OPENSTAX
afda852A2-diag-P05	AUSENTE	-	NO	0	NO-OPENSTAX
afda852A2-diag-P06	AUSENTE	-	NO	0	NO-OPENSTAX
afda852A2-diag-P07	AUSENTE	-	NO	0	NO-OPENSTAX
afda852A2-diag-P08	AUSENTE	-	NO	0	NO-OPENSTAX
afdfbd3vector1	RESOLUBLE	CC-BY-4.0	NO	0	OPENSTAX
afdfbd3vector10	RESOLUBLE	CC-BY-4.0	NO	0	OPENSTAX
afdfbd3vector11	RESOLUBLE	CC-BY-4.0	NO	0	OPENSTAX
afdfbd3vector12	RESOLUBLE	CC-BY-4.0	NO	0	OPENSTAX
afdfbd3vector13	RESOLUBLE	CC-BY-4.0	NO	0	OPENSTAX
afdfbd3vector14	RESOLUBLE	CC-BY-4.0	NO	0	OPENSTAX
afdfbd3vector15	RESOLUBLE	CC-BY-4.0	NO	0	OPENSTAX
afdfbd3vector17	RESOLUBLE	CC-BY-4.0	NO	0	OPENSTAX
afdfbd3vector18	RESOLUBLE	CC-BY-4.0	NO	0	OPENSTAX
afdfbd3vector19	RESOLUBLE	CC-BY-4.0	NO	0	OPENSTAX
afdfbd3vector2	RESOLUBLE	CC-BY-4.0	NO	0	OPENSTAX
afdfbd3vector20	RESOLUBLE	CC-BY-4.0	NO	0	OPENSTAX
afdfbd3vector21	RESOLUBLE	CC-BY-4.0	NO	0	OPENSTAX
afdfbd3vector22	RESOLUBLE	CC-BY-4.0	NO	0	OPENSTAX
afdfbd3vector23	RESOLUBLE	CC-BY-4.0	NO	0	OPENSTAX
afdfbd3vector24	RESOLUBLE	CC-BY-4.0	NO	0	OPENSTAX
afdfbd3vector25	RESOLUBLE	CC-BY-4.0	NO	0	OPENSTAX
afdfbd3vector26	RESOLUBLE	CC-BY-4.0	NO	0	OPENSTAX
afdfbd3vector27	RESOLUBLE	CC-BY-4.0	NO	0	OPENSTAX
afdfbd3vector28	RESOLUBLE	CC-BY-4.0	NO	0	OPENSTAX
afdfbd3vector29	RESOLUBLE	CC-BY-4.0	NO	0	OPENSTAX
afdfbd3vector3	RESOLUBLE	CC-BY-4.0	SI	1	OPENSTAX
afdfbd3vector30	RESOLUBLE	CC-BY-4.0	NO	0	OPENSTAX
afdfbd3vector4	RESOLUBLE	CC-BY-4.0	NO	0	OPENSTAX
afdfbd3vector6	RESOLUBLE	CC-BY-4.0	NO	0	OPENSTAX
afdfbd3vector8	RESOLUBLE	CC-BY-4.0	NO	0	OPENSTAX
afdfbd3vector9	RESOLUBLE	CC-BY-4.0	NO	0	OPENSTAX
afe03cdT223-dblhalf-P01	VERSION-SIN-VARIANTE	CC4.0	NO	0	NO-OPENSTAX
afe03cdT223-dblhalf-P02	VERSION-SIN-VARIANTE	CC4.0	NO	0	NO-OPENSTAX
afe03cdT223-dblhalf-P03	VERSION-SIN-VARIANTE	CC4.0	NO	0	NO-OPENSTAX
afe03cdT223-dblhalf-P04	VERSION-SIN-VARIANTE	CC4.0	NO	0	NO-OPENSTAX
afe03cdT223-dblhalf-P05	VERSION-SIN-VARIANTE	CC4.0	NO	0	NO-OPENSTAX
afe03cdT223-dblhalf-P06	VERSION-SIN-VARIANTE	CC4.0	NO	0	NO-OPENSTAX
afe03cdT223-dblhalf-P07	VERSION-SIN-VARIANTE	CC4.0	NO	0	NO-OPENSTAX
afe03cdT223-dblhalf-P08	VERSION-SIN-VARIANTE	CC4.0	NO	0	NO-OPENSTAX
afe03cdT223-dblhalf-P09	VERSION-SIN-VARIANTE	CC4.0	NO	0	NO-OPENSTAX
afe03cdT223-dblhalf-P10	VERSION-SIN-VARIANTE	CC4.0	NO	0	NO-OPENSTAX
afe03cdT223-dblhalf-P11	VERSION-SIN-VARIANTE	CC4.0	NO	0	NO-OPENSTAX
afe03cdT223-dblhalf-P12	VERSION-SIN-VARIANTE	CC4.0	NO	0	NO-OPENSTAX
afe03cdT223-dblhalf-P13	VERSION-SIN-VARIANTE	CC4.0	NO	0	NO-OPENSTAX
afe03cdT223-dblhalf-P14	VERSION-SIN-VARIANTE	CC4.0	NO	0	NO-OPENSTAX
afe03cdT223-dblhalf-P15	VERSION-SIN-VARIANTE	CC4.0	NO	0	NO-OPENSTAX
afec02cEL1	AUSENTE	-	NO	0	OPENSTAX
afec02cEL10	AUSENTE	-	NO	0	OPENSTAX
afec02cEL11	AUSENTE	-	NO	0	OPENSTAX
afec02cEL12	AUSENTE	-	NO	0	OPENSTAX
afec02cEL13	AUSENTE	-	NO	0	OPENSTAX
afec02cEL14	AUSENTE	-	NO	0	OPENSTAX
afec02cEL15	AUSENTE	-	NO	0	OPENSTAX
afec02cEL16	AUSENTE	-	NO	0	OPENSTAX
afec02cEL17	AUSENTE	-	NO	0	OPENSTAX
afec02cEL2	AUSENTE	-	NO	0	OPENSTAX
afec02cEL3	AUSENTE	-	NO	0	OPENSTAX
afec02cEL4	AUSENTE	-	NO	0	OPENSTAX
afec02cEL5	AUSENTE	-	NO	0	OPENSTAX
afec02cEL6	AUSENTE	-	NO	0	OPENSTAX
afec02cEL7	AUSENTE	-	NO	0	OPENSTAX
afec02cEL8	AUSENTE	-	NO	0	OPENSTAX
afec02cEL9	AUSENTE	-	NO	0	OPENSTAX
aff0960mixture16	RESOLUBLE	CC-BY-4.0	NO	0	OPENSTAX
aff0960mixture17	RESOLUBLE	CC-BY-4.0	NO	0	OPENSTAX
aff0960mixture18	RESOLUBLE	CC-BY-4.0	NO	0	OPENSTAX
aff0960mixture19	RESOLUBLE	CC-BY-4.0	NO	0	OPENSTAX
aff0960mixture20	RESOLUBLE	CC-BY-4.0	NO	0	OPENSTAX
aff0960mixture21	RESOLUBLE	CC-BY-4.0	NO	0	OPENSTAX
aff0960mixture22	RESOLUBLE	CC-BY-4.0	NO	0	OPENSTAX
aff0960mixture23	RESOLUBLE	CC-BY-4.0	NO	0	OPENSTAX
aff0960mixture24	RESOLUBLE	CC-BY-4.0	NO	0	OPENSTAX
aff0960mixture25	RESOLUBLE	CC-BY-4.0	NO	0	OPENSTAX
aff0960mixture26	RESOLUBLE	CC-BY-4.0	NO	0	OPENSTAX
aff0960mixture27	RESOLUBLE	CC-BY-4.0	NO	0	OPENSTAX
aff0960mixture28	RESOLUBLE	CC-BY-4.0	NO	0	OPENSTAX
aff0960mixture29	RESOLUBLE	CC-BY-4.0	NO	0	OPENSTAX
aff0960mixture30	RESOLUBLE	CC-BY-4.0	NO	0	OPENSTAX
aff8a70precal6	AUSENTE	-	NO	0	NO-OPENSTAX
aff8a70precal7	AUSENTE	-	NO	0	NO-OPENSTAX
aff8a70precal8	AUSENTE	-	NO	0	NO-OPENSTAX
aff8a70precal9	AUSENTE	-	NO	0	NO-OPENSTAX
aff8a70precala1	AUSENTE	-	NO	0	NO-OPENSTAX
aff8a70precala2	AUSENTE	-	NO	0	NO-OPENSTAX
aff8a70precala3	AUSENTE	-	NO	0	NO-OPENSTAX
aff8a70precalb4	AUSENTE	-	NO	0	NO-OPENSTAX
aff8a70precalb41	AUSENTE	-	NO	0	NO-OPENSTAX
aff8a70precalb5	AUSENTE	-	NO	0	NO-OPENSTAX
aff8a70precalnew1	AUSENTE	-	NO	0	NO-OPENSTAX
aff8a70precalnew2	AUSENTE	-	NO	0	NO-OPENSTAX
aff8a70precalnew3	AUSENTE	-	NO	0	NO-OPENSTAX
aff8a70precalnew4	AUSENTE	-	NO	0	NO-OPENSTAX
aff8a70precalnew41	AUSENTE	-	NO	0	NO-OPENSTAX
aff8a70precalnew5	AUSENTE	-	NO	0	NO-OPENSTAX
aff8a70precalnew6	AUSENTE	-	NO	0	NO-OPENSTAX
aff8a70precalnew7	AUSENTE	-	NO	0	NO-OPENSTAX
aff8a70precalnew8	AUSENTE	-	NO	0	NO-OPENSTAX
aff9362DiscreteDist1	RESOLUBLE	CC-BY-4.0	NO	0	OPENSTAX
aff9362DiscreteDist10	RESOLUBLE	CC-BY-4.0	NO	0	OPENSTAX
aff9362DiscreteDist11	RESOLUBLE	CC-BY-4.0	NO	0	OPENSTAX
aff9362DiscreteDist12	RESOLUBLE	CC-BY-4.0	NO	0	OPENSTAX
aff9362DiscreteDist13	RESOLUBLE	CC-BY-4.0	NO	0	OPENSTAX
aff9362DiscreteDist14	RESOLUBLE	CC-BY-4.0	NO	0	OPENSTAX
aff9362DiscreteDist15	RESOLUBLE	CC-BY-4.0	NO	0	OPENSTAX
aff9362DiscreteDist2	RESOLUBLE	CC-BY-4.0	NO	0	OPENSTAX
aff9362DiscreteDist3	RESOLUBLE	CC-BY-4.0	NO	0	OPENSTAX
aff9362DiscreteDist4	RESOLUBLE	CC-BY-4.0	NO	0	OPENSTAX
aff9362DiscreteDist5	RESOLUBLE	CC-BY-4.0	NO	0	OPENSTAX
aff9362DiscreteDist6	RESOLUBLE	CC-BY-4.0	NO	0	OPENSTAX
aff9362DiscreteDist7	RESOLUBLE	CC-BY-4.0	NO	0	OPENSTAX
aff9362DiscreteDist8	RESOLUBLE	CC-BY-4.0	NO	0	OPENSTAX
aff9362DiscreteDist9	RESOLUBLE	CC-BY-4.0	NO	0	OPENSTAX
affa3b5domain1	RESOLUBLE	CC-BY-4.0	NO	0	OPENSTAX
affa3b5domain10	RESOLUBLE	CC-BY-4.0	NO	0	OPENSTAX
affa3b5domain11	RESOLUBLE	CC-BY-4.0	NO	0	OPENSTAX
affa3b5domain12	RESOLUBLE	CC-BY-4.0	NO	0	OPENSTAX
affa3b5domain13	RESOLUBLE	CC-BY-4.0	NO	0	OPENSTAX
affa3b5domain14	RESOLUBLE	CC-BY-4.0	NO	0	OPENSTAX
affa3b5domain15	RESOLUBLE	CC-BY-4.0	NO	0	OPENSTAX
affa3b5domain16	RESOLUBLE	CC-BY-4.0	NO	0	OPENSTAX
affa3b5domain17	RESOLUBLE	CC-BY-4.0	NO	0	OPENSTAX
affa3b5domain18	RESOLUBLE	CC-BY-4.0	NO	0	OPENSTAX
affa3b5domain19	RESOLUBLE	CC-BY-4.0	NO	0	OPENSTAX
affa3b5domain2	RESOLUBLE	CC-BY-4.0	NO	0	OPENSTAX
affa3b5domain20	RESOLUBLE	CC-BY-4.0	NO	0	OPENSTAX
affa3b5domain21	RESOLUBLE	CC-BY-4.0	NO	0	OPENSTAX
affa3b5domain22	RESOLUBLE	CC-BY-4.0	NO	0	OPENSTAX
affa3b5domain23	RESOLUBLE	CC-BY-4.0	NO	0	OPENSTAX
affa3b5domain24	RESOLUBLE	CC-BY-4.0	NO	0	OPENSTAX
affa3b5domain25	RESOLUBLE	CC-BY-4.0	NO	0	OPENSTAX
affa3b5domain26	RESOLUBLE	CC-BY-4.0	NO	0	OPENSTAX
affa3b5domain27	RESOLUBLE	CC-BY-4.0	NO	0	OPENSTAX
affa3b5domain28	RESOLUBLE	CC-BY-4.0	NO	0	OPENSTAX
affa3b5domain29	RESOLUBLE	CC-BY-4.0	NO	0	OPENSTAX
affa3b5domain30	RESOLUBLE	CC-BY-4.0	NO	0	OPENSTAX
affa3b5domain31	RESOLUBLE	CC-BY-4.0	NO	0	OPENSTAX
affa3b5domain32	RESOLUBLE	CC-BY-4.0	NO	0	OPENSTAX
affa3b5domain33	RESOLUBLE	CC-BY-4.0	NO	0	OPENSTAX
affa3b5domain4	RESOLUBLE	CC-BY-4.0	NO	0	OPENSTAX
affa3b5domain8	RESOLUBLE	CC-BY-4.0	NO	0	OPENSTAX
affa3b5domain9	RESOLUBLE	CC-BY-4.0	NO	0	OPENSTAX
