path	clase	detalle	courseName
content-pool/a005bd5real1/a005bd5real1.json	CC-BY-4.0	https://creativecommons.org/licenses/by/4.0/ <CC BY 4.0>	OpenStax: Pre-Calculus
content-pool/a005bd5real20/a005bd5real20.json	CC-BY-4.0	https://creativecommons.org/licenses/by/4.0/ <CC BY 4.0>	OpenStax: Pre-Calculus
content-pool/a005bd5real9/a005bd5real9.json	CC-BY-4.0	https://creativecommons.org/licenses/by/4.0/ <CC BY 4.0>	OpenStax: Pre-Calculus
content-pool/a0098c7realnumbers19/a0098c7realnumbers19.json	CC-BY-4.0	https://creativecommons.org/licenses/by/4.0/ <CC BY 4.0>	SJSU 1018
content-pool/a0098c7realnumbers29/a0098c7realnumbers29.json	CC-BY-4.0	https://creativecommons.org/licenses/by/4.0/ <CC BY 4.0>	SJSU 1018
content-pool/a01186breal10/a01186breal10.json	CC-BY-4.0	https://creativecommons.org/licenses/by/4.0/ <CC BY 4.0>	OpenStax: Pre-Calculus
content-pool/a01186breal22/a01186breal22.json	CC-BY-4.0	https://creativecommons.org/licenses/by/4.0/ <CC BY 4.0>	OpenStax: Pre-Calculus
content-pool/a01186breal5/a01186breal5.json	CC-BY-4.0	https://creativecommons.org/licenses/by/4.0/ <CC BY 4.0>	OpenStax: Pre-Calculus
content-pool/a012999exa16/a012999exa16.json	CC-BY-4.0	https://creativecommons.org/licenses/by/4.0/ <CC BY 4.0>	OpenStax: Elementary Algebra
content-pool/a012999exa26/a012999exa26.json	CC-BY-4.0	https://creativecommons.org/licenses/by/4.0/ <CC BY 4.0>	OpenStax: Elementary Algebra
content-pool/a012999exa9/a012999exa9.json	CC-BY-4.0	https://creativecommons.org/licenses/by/4.0/ <CC BY 4.0>	OpenStax: Elementary Algebra
content-pool/a016b54slope30/a016b54slope30.json	CC-BY-4.0	https://creativecommons.org/licenses/by/4.0/ <CC BY 4.0>	SJSU 1019S
content-pool/a01e792probsolve19/a01e792probsolve19.json	CC-BY-4.0	https://creativecommons.org/licenses/by/4.0/ <CC BY 4.0>	OpenStax: Elementary Algebra
content-pool/a01e792probsolve29/a01e792probsolve29.json	CC-BY-4.0	https://creativecommons.org/licenses/by/4.0/ <CC BY 4.0>	OpenStax: Elementary Algebra
content-pool/a02046bA122-zeroprod-P03/a02046bA122-zeroprod-P03.json	OTRO	CC4.0	Solid Foundations: Algebra
content-pool/a028737sound19/a028737sound19.json	VACIA		OpenStax: University Physics
content-pool/a028737sound29/a028737sound29.json	VACIA		OpenStax: University Physics
content-pool/a02e810proportions11/a02e810proportions11.json	CC-BY-4.0	https://creativecommons.org/licenses/by/4.0/ <CC BY 4.0>	OpenStax: Elementary Algebra
content-pool/a02e810proportions21/a02e810proportions21.json	CC-BY-4.0	https://creativecommons.org/licenses/by/4.0/ <CC BY 4.0>	OpenStax: Elementary Algebra
content-pool/a02e810proportions4/a02e810proportions4.json	CC-BY-4.0	https://creativecommons.org/licenses/by/4.0/ <CC BY 4.0>	OpenStax: Elementary Algebra
content-pool/a0351f0parabola14/a0351f0parabola14.json	CC-BY-4.0	https://creativecommons.org/licenses/by/4.0/ <CC BY 4.0>	OpenStax: College Algebra
content-pool/a0351f0theparabola12/a0351f0theparabola12.json	CC-BY-4.0	https://creativecommons.org/licenses/by/4.0/ <CC BY 4.0>	OpenStax: College Algebra
content-pool/a0351f0theparabola31/a0351f0theparabola31.json	CC-BY-4.0	https://creativecommons.org/licenses/by/4.0/ <CC BY 4.0>	OpenStax: College Algebra
content-pool/a042107clt13/a042107clt13.json	CC-BY-4.0	https://creativecommons.org/licenses/by/4.0/ <CC BY 4.0>	Mission College: Introductory Statistics
content-pool/a046eedintegrals1/a046eedintegrals1.json	VACIA		OpenStax: Calculus Volume 1
content-pool/a046eedintegrals6/a046eedintegrals6.json	VACIA		OpenStax: Calculus Volume 1
content-pool/a06269afundamental3/a06269afundamental3.json	VACIA		OpenStax: Calculus Volume 1
content-pool/a078685popu12/a078685popu12.json	CC-BY-4.0	https://creativecommons.org/licenses/by/4.0/ <CC BY 4.0>	Mission College: Introductory Statistics
content-pool/a078685popu9/a078685popu9.json	CC-BY-4.0	https://creativecommons.org/licenses/by/4.0/ <CC BY 4.0>	Mission College: Introductory Statistics
content-pool/a082a6bGraLiIneq5/a082a6bGraLiIneq5.json	CC-BY-4.0	https://creativecommons.org/licenses/by/4.0/ <CC BY 4.0>	OpenStax: Intermediate Algebra
content-pool/a08a388line15/a08a388line15.json	CC-BY-4.0	https://creativecommons.org/licenses/by/4.0/ <CC BY 4.0>	OpenStax: Elementary Algebra
content-pool/a08a388line25/a08a388line25.json	CC-BY-4.0	https://creativecommons.org/licenses/by/4.0/ <CC BY 4.0>	OpenStax: Elementary Algebra
content-pool/a08a388line8/a08a388line8.json	CC-BY-4.0	https://creativecommons.org/licenses/by/4.0/ <CC BY 4.0>	OpenStax: Elementary Algebra
content-pool/a08d293Rational18/a08d293Rational18.json	CC-BY-4.0	https://creativecommons.org/licenses/by/4.0/ <CC BY 4.0>	OpenStax: Intermediate Algebra
content-pool/a08d293Rational7/a08d293Rational7.json	CC-BY-4.0	https://creativecommons.org/licenses/by/4.0/ <CC BY 4.0>	OpenStax: Intermediate Algebra
content-pool/a090400Poisson2/a090400Poisson2.json	CC-BY-4.0	https://creativecommons.org/licenses/by/4.0/ <CC BY 4.0>	Mission College: Introductory Statistics
content-pool/a090e21alginequal103/a090e21alginequal103.json	VACIA		Pre-Calculus Essentials (UC Berkeley Math 1B)
content-pool/a095e7dlog15/a095e7dlog15.json	CC-BY-4.0	https://creativecommons.org/licenses/by/4.0/ <CC BY 4.0>	OpenStax: Pre-Calculus
content-pool/a095e7dlog25/a095e7dlog25.json	CC-BY-4.0	https://creativecommons.org/licenses/by/4.0/ <CC BY 4.0>	OpenStax: Pre-Calculus
content-pool/a095e7dlog8/a095e7dlog8.json	CC-BY-4.0	https://creativecommons.org/licenses/by/4.0/ <CC BY 4.0>	OpenStax: Pre-Calculus
content-pool/a09f25fmotion18/a09f25fmotion18.json	VACIA		OpenStax: University Physics
content-pool/a0a04b1divmonomial11/a0a04b1divmonomial11.json	CC-BY-4.0	https://creativecommons.org/licenses/by/4.0/ <CC BY 4.0>	OpenStax: Elementary Algebra
content-pool/a0a04b1divmonomial3/a0a04b1divmonomial3.json	CC-BY-4.0	https://creativecommons.org/licenses/by/4.0/ <CC BY 4.0>	OpenStax: Elementary Algebra
content-pool/a0afc81chem13/a0afc81chem13.json	VACIA		Chemistry 1A Summer Content
content-pool/a0afc81chem5/a0afc81chem5.json	VACIA		Chemistry 1A Summer Content
content-pool/a0bf68dadd15/a0bf68dadd15.json	CC-BY-4.0	https://creativecommons.org/licenses/by/4.0/ <CC BY 4.0>	SJSU 1019S
content-pool/a0bf68dadd25/a0bf68dadd25.json	CC-BY-4.0	https://creativecommons.org/licenses/by/4.0/ <CC BY 4.0>	SJSU 1019S
content-pool/a0ca101exe1/a0ca101exe1.json	CC-BY-4.0	https://creativecommons.org/licenses/by/4.0/ <CC BY 4.0>	OpenStax: Elementary Algebra
content-pool/a0ca101exe2/a0ca101exe2.json	CC-BY-4.0	https://creativecommons.org/licenses/by/4.0/ <CC BY 4.0>	OpenStax: Elementary Algebra
content-pool/a0ca101exe3/a0ca101exe3.json	CC-BY-4.0	https://creativecommons.org/licenses/by/4.0/ <CC BY 4.0>	OpenStax: Elementary Algebra
content-pool/a0cc26bpoly12/a0cc26bpoly12.json	CC-BY-4.0	https://creativecommons.org/licenses/by/4.0/ <CC BY 4.0>	OpenStax: College Algebra
content-pool/a0cc26bpoly22/a0cc26bpoly22.json	CC-BY-4.0	https://creativecommons.org/licenses/by/4.0/ <CC BY 4.0>	OpenStax: College Algebra
content-pool/a0cc26bpoly4/a0cc26bpoly4.json	CC-BY-4.0	https://creativecommons.org/licenses/by/4.0/ <CC BY 4.0>	OpenStax: College Algebra
content-pool/a0cdd78Visualize14/a0cdd78Visualize14.json	CC-BY-4.0	https://creativecommons.org/licenses/by/4.0/ <CC BY 4.0>	SJSU 1018
content-pool/a0cdd78Visualize9/a0cdd78Visualize9.json	CC-BY-4.0	https://creativecommons.org/licenses/by/4.0/ <CC BY 4.0>	SJSU 1018
content-pool/a0cdd78fractions9/a0cdd78fractions9.json	CC-BY-4.0	https://creativecommons.org/licenses/by/4.0/ <CC BY 4.0>	SJSU 1018
content-pool/a0d19dcInd19/a0d19dcInd19.json	CC-BY-4.0	https://creativecommons.org/licenses/by/4.0/ <CC BY 4.0>	OpenStax: Introductory Stats
content-pool/a0d19dcInd6/a0d19dcInd6.json	CC-BY-4.0	https://creativecommons.org/licenses/by/4.0/ <CC BY 4.0>	OpenStax: Introductory Stats
content-pool/a0dd0e7corepoly110/a0dd0e7corepoly110.json	VACIA		Pre-Calculus Essentials (UC Berkeley Math 1B)
content-pool/a0e4683regr11/a0e4683regr11.json	CC-BY-4.0	https://creativecommons.org/licenses/by/4.0/ <CC BY 4.0>	Mission College: Introductory Statistics
content-pool/a0e4683regr7/a0e4683regr7.json	CC-BY-4.0	https://creativecommons.org/licenses/by/4.0/ <CC BY 4.0>	Mission College: Introductory Statistics
content-pool/a0ec58fterminology17/a0ec58fterminology17.json	CC-BY-4.0	https://creativecommons.org/licenses/by/4.0/ <CC BY 4.0>	OpenStax: Introductory Stats
content-pool/a0ec58fterminology4/a0ec58fterminology4.json	CC-BY-4.0	https://creativecommons.org/licenses/by/4.0/ <CC BY 4.0>	OpenStax: Introductory Stats
content-pool/a0f69c4conic14/a0f69c4conic14.json	CC-BY-4.0	https://creativecommons.org/licenses/by/4.0/ <CC BY 4.0>	OpenStax: College Algebra
content-pool/a0f69c4conic5/a0f69c4conic5.json	CC-BY-4.0	https://creativecommons.org/licenses/by/4.0/ <CC BY 4.0>	OpenStax: College Algebra
content-pool/a0f69c4conics7/a0f69c4conics7.json	CC-BY-4.0	https://creativecommons.org/licenses/by/4.0/ <CC BY 4.0>	OpenStax: College Algebra
content-pool/a0fd0bapolynomial19/a0fd0bapolynomial19.json	CC-BY-4.0	https://creativecommons.org/licenses/by/4.0/ <CC BY 4.0>	OpenStax: Pre-Calculus
content-pool/a0fd0bapolynomial29/a0fd0bapolynomial29.json	CC-BY-4.0	https://creativecommons.org/licenses/by/4.0/ <CC BY 4.0>	OpenStax: Pre-Calculus
content-pool/a104861trifactor11/a104861trifactor11.json	CC-BY-4.0	https://creativecommons.org/licenses/by/4.0/ <CC BY 4.0>	OpenStax: Elementary Algebra
content-pool/a104861trifactor21/a104861trifactor21.json	CC-BY-4.0	https://creativecommons.org/licenses/by/4.0/ <CC BY 4.0>	OpenStax: Elementary Algebra
content-pool/a104861trifactor4/a104861trifactor4.json	CC-BY-4.0	https://creativecommons.org/licenses/by/4.0/ <CC BY 4.0>	OpenStax: Elementary Algebra
content-pool/a106ef7vector14/a106ef7vector14.json	CC-BY-4.0	https://creativecommons.org/licenses/by/4.0/ <CC BY 4.0>	OpenStax: University Physics
content-pool/a106ef7vector24/a106ef7vector24.json	CC-BY-4.0	https://creativecommons.org/licenses/by/4.0/ <CC BY 4.0>	OpenStax: University Physics
content-pool/a106ef7vector42/a106ef7vector42.json	CC-BY-4.0	https://creativecommons.org/licenses/by/4.0/ <CC BY 4.0>	OpenStax: University Physics
content-pool/a10b60arealnumbers18/a10b60arealnumbers18.json	CC-BY-4.0	https://creativecommons.org/licenses/by/4.0/ <CC BY 4.0>	OpenStax: Elementary Algebra
content-pool/a10b60arealnumbers28/a10b60arealnumbers28.json	CC-BY-4.0	https://creativecommons.org/licenses/by/4.0/ <CC BY 4.0>	OpenStax: Elementary Algebra
content-pool/a1155e4row10_p1/a1155e4row10_p1.json	URL-NO-LICENCIA	=oer https://ds100.org/su26/assets/exams/fa25/fa25_mt1_sol.pdf	Combined Data100 Worksheets
content-pool/a1155e4row8/a1155e4row8.json	URL-NO-LICENCIA	=oer https://ds100.org/su26/assets/exams/fa25/fa25_mt1_sol.pdf	Combined Data100 Worksheets
content-pool/a11c719lang18/a11c719lang18.json	CC-BY-4.0	https://creativecommons.org/licenses/by/4.0/ <CC BY 4.0>	SJSU 1019S
content-pool/a11c719lang28/a11c719lang28.json	CC-BY-4.0	https://creativecommons.org/licenses/by/4.0/ <CC BY 4.0>	SJSU 1019S
content-pool/a11c719lang9/a11c719lang9.json	CC-BY-4.0	https://creativecommons.org/licenses/by/4.0/ <CC BY 4.0>	SJSU 1019S
content-pool/a11f6efA242-logsofquotients-P11/a11f6efA242-logsofquotients-P11.json	OTRO	CC4.0	Solid Foundations: Algebra
content-pool/a1268beother19/a1268beother19.json	CC-BY-4.0	https://creativecommons.org/licenses/by/4.0/ <CC BY 4.0>	OpenStax: College Algebra
content-pool/a1268beother8/a1268beother8.json	CC-BY-4.0	https://creativecommons.org/licenses/by/4.0/ <CC BY 4.0>	OpenStax: College Algebra
content-pool/a1279cdpowers18/a1279cdpowers18.json	CC-BY-4.0	https://creativecommons.org/licenses/by/4.0/ <CC BY 4.0>	OpenStax: Elementary Algebra
content-pool/a1279cdpowers28/a1279cdpowers28.json	CC-BY-4.0	https://creativecommons.org/licenses/by/4.0/ <CC BY 4.0>	OpenStax: Elementary Algebra
content-pool/a132811electro10/a132811electro10.json	VACIA		Chemistry 1A Summer Content
content-pool/a137dddgre11/a137dddgre11.json	CC-BY-4.0	https://creativecommons.org/licenses/by/4.0/ <CC BY 4.0>	OpenStax: Elementary Algebra
content-pool/a137dddgre21/a137dddgre21.json	CC-BY-4.0	https://creativecommons.org/licenses/by/4.0/ <CC BY 4.0>	OpenStax: Elementary Algebra
content-pool/a137dddgre4/a137dddgre4.json	CC-BY-4.0	https://creativecommons.org/licenses/by/4.0/ <CC BY 4.0>	OpenStax: Elementary Algebra
content-pool/a1435ed10.4golf/a1435ed10.4golf.json	CC-BY-4.0	https://creativecommons.org/licenses/by/4.0/ <CC BY 4.0>	Mission College: Introductory Statistics
content-pool/a14ffbcmodeling2/a14ffbcmodeling2.json	CC-BY-4.0	https://creativecommons.org/licenses/by/4.0/ <CC BY 4.0>	OpenStax: College Algebra
content-pool/a14ffbcmodeling5/a14ffbcmodeling5.json	CC-BY-4.0	https://creativecommons.org/licenses/by/4.0/ <CC BY 4.0>	OpenStax: College Algebra
content-pool/a150a865.3phone1/a150a865.3phone1.json	CC-BY-4.0	https://creativecommons.org/licenses/by/4.0/ <CC BY 4.0>	OpenStax: Introductory Stats
content-pool/a152fa9Square20/a152fa9Square20.json	CC-BY-4.0	https://creativecommons.org/licenses/by/4.0/ <CC BY 4.0>	SJSU Calculus 1 (Quiz Collection)
content-pool/a15666breview17/a15666breview17.json	VACIA		OpenStax: Calculus Volume 1
content-pool/a15666breview4/a15666breview4.json	VACIA		OpenStax: Calculus Volume 1
content-pool/a161552dividing1/a161552dividing1.json	CC-BY-4.0	https://creativecommons.org/licenses/by/4.0/ <CC BY 4.0>	OpenStax: Intermediate Algebra
content-pool/a161552dividingpoly2/a161552dividingpoly2.json	CC-BY-4.0	https://creativecommons.org/licenses/by/4.0/ <CC BY 4.0>	OpenStax: Intermediate Algebra
content-pool/a161552divpoly12/a161552divpoly12.json	CC-BY-4.0	https://creativecommons.org/licenses/by/4.0/ <CC BY 4.0>	OpenStax: College Algebra
content-pool/a161552divpoly22/a161552divpoly22.json	CC-BY-4.0	https://creativecommons.org/licenses/by/4.0/ <CC BY 4.0>	OpenStax: College Algebra
content-pool/a161552divpoly5/a161552divpoly5.json	CC-BY-4.0	https://creativecommons.org/licenses/by/4.0/ <CC BY 4.0>	OpenStax: College Algebra
content-pool/a161552poly9/a161552poly9.json	CC-BY-4.0	https://creativecommons.org/licenses/by/4.0/ <CC BY 4.0>	OpenStax: Intermediate Algebra
content-pool/a16200bchemC3/a16200bchemC3.json	VACIA		Chemistry 1A Summer Content
content-pool/a16844emotion2d15/a16844emotion2d15.json	VACIA		OpenStax: University Physics
content-pool/a16844emotion2d26/a16844emotion2d26.json	VACIA		OpenStax: University Physics
content-pool/a171b3arationals1/a171b3arationals1.json	CC-BY-4.0	https://creativecommons.org/licenses/by/4.0/ <CC BY 4.0>	OpenStax: Elementary Algebra
content-pool/a171b3arationals2/a171b3arationals2.json	CC-BY-4.0	https://creativecommons.org/licenses/by/4.0/ <CC BY 4.0>	OpenStax: Elementary Algebra
content-pool/a171b3arationals3/a171b3arationals3.json	CC-BY-4.0	https://creativecommons.org/licenses/by/4.0/ <CC BY 4.0>	OpenStax: Elementary Algebra
content-pool/a1797b7chem14/a1797b7chem14.json	VACIA		Chemistry 1A Summer Content
content-pool/a1797b7chem5/a1797b7chem5.json	VACIA		Chemistry 1A Summer Content
content-pool/a17ac4finverse15/a17ac4finverse15.json	VACIA		Solid Foundations: Calculus Part 1
content-pool/a17ac4finverse25/a17ac4finverse25.json	VACIA		Solid Foundations: Calculus Part 1
content-pool/a18455cprediction12/a18455cprediction12.json	CC-BY-4.0	https://creativecommons.org/licenses/by/4.0/ <CC BY 4.0>	OpenStax: Introductory Stats
content-pool/a184b1aQuadratic11/a184b1aQuadratic11.json	CC-BY-4.0	https://creativecommons.org/licenses/by/4.0/ <CC BY 4.0>	OpenStax: Intermediate Algebra
content-pool/a184b1aQuadratic21/a184b1aQuadratic21.json	CC-BY-4.0	https://creativecommons.org/licenses/by/4.0/ <CC BY 4.0>	OpenStax: Intermediate Algebra
content-pool/a184b1aQuadratic4/a184b1aQuadratic4.json	CC-BY-4.0	https://creativecommons.org/licenses/by/4.0/ <CC BY 4.0>	OpenStax: Intermediate Algebra
content-pool/a18a5a6slope14/a18a5a6slope14.json	CC-BY-4.0	https://creativecommons.org/licenses/by/4.0/ <CC BY 4.0>	OpenStax: Elementary Algebra
content-pool/a18a5a6slope6/a18a5a6slope6.json	CC-BY-4.0	https://creativecommons.org/licenses/by/4.0/ <CC BY 4.0>	OpenStax: Elementary Algebra
content-pool/a18ab21limits16/a18ab21limits16.json	VACIA		Solid Foundations: Calculus Part 1
content-pool/a18ab21limits3/a18ab21limits3.json	VACIA		Solid Foundations: Calculus Part 1
content-pool/a18d102geometric13/a18d102geometric13.json	CC-BY-4.0	https://creativecommons.org/licenses/by/4.0/ <CC BY 4.0>	OpenStax: Intermediate Algebra
content-pool/a18d102geometric23/a18d102geometric23.json	CC-BY-4.0	https://creativecommons.org/licenses/by/4.0/ <CC BY 4.0>	OpenStax: Intermediate Algebra
content-pool/a18d102geometric6/a18d102geometric6.json	CC-BY-4.0	https://creativecommons.org/licenses/by/4.0/ <CC BY 4.0>	OpenStax: Intermediate Algebra
content-pool/a18dde9partfrac19/a18dde9partfrac19.json	CC-BY-4.0	https://creativecommons.org/licenses/by/4.0/ <CC BY 4.0>	OpenStax: College Algebra
content-pool/a18dde9partfrac29/a18dde9partfrac29.json	CC-BY-4.0	https://creativecommons.org/licenses/by/4.0/ <CC BY 4.0>	OpenStax: College Algebra
content-pool/a18e27bvariation1/a18e27bvariation1.json	VACIA		OpenStax: Pre-Calculus
content-pool/a18e27bvariation2/a18e27bvariation2.json	VACIA		OpenStax: Pre-Calculus
content-pool/a18e27bvariation3/a18e27bvariation3.json	VACIA		OpenStax: Pre-Calculus
content-pool/a19b4c7A251-simplifylogexpressions-P04/a19b4c7A251-simplifylogexpressions-P04.json	OTRO	CC4.0	Solid Foundations: Algebra
content-pool/a19d043polysq13/a19d043polysq13.json	VACIA		SJSU 1018
content-pool/a19dceanum1/a19dceanum1.json	CC-BY-4.0	https://creativecommons.org/licenses/by/4.0/ <CC BY 4.0>	Data 8 Discussion Worksheets
content-pool/a1a1ee1measure16/a1a1ee1measure16.json	CC-BY-4.0	https://creativecommons.org/licenses/by/4.0/ <CC BY 4.0>	OpenStax: Elementary Algebra
content-pool/a1a1ee1measure26/a1a1ee1measure26.json	CC-BY-4.0	https://creativecommons.org/licenses/by/4.0/ <CC BY 4.0>	OpenStax: Elementary Algebra
content-pool/a1a1ee1measure9/a1a1ee1measure9.json	CC-BY-4.0	https://creativecommons.org/licenses/by/4.0/ <CC BY 4.0>	OpenStax: Elementary Algebra
content-pool/a1a538fpairs6/a1a538fpairs6.json	CC-BY-4.0	https://creativecommons.org/licenses/by/4.0/ <CC BY 4.0>	OpenStax: Intermediate Algebra
content-pool/a1a538fsystems7/a1a538fsystems7.json	CC-BY-4.0	https://creativecommons.org/licenses/by/4.0/ <CC BY 4.0>	OpenStax: Intermediate Algebra
content-pool/a1a7c70log17/a1a7c70log17.json	CC-BY-4.0	https://creativecommons.org/licenses/by/4.0/ <CC BY 4.0>	OpenStax: Pre-Calculus
content-pool/a1a7c70log27/a1a7c70log27.json	CC-BY-4.0	https://creativecommons.org/licenses/by/4.0/ <CC BY 4.0>	OpenStax: Pre-Calculus
content-pool/a1a9374graphExp1/a1a9374graphExp1.json	CC-BY-4.0	https://creativecommons.org/licenses/by/4.0/ <CC BY 4.0>	OpenStax: Intermediate Algebra
content-pool/a1a9374graphExp7/a1a9374graphExp7.json	CC-BY-4.0	https://creativecommons.org/licenses/by/4.0/ <CC BY 4.0>	OpenStax: Intermediate Algebra
content-pool/a1b6be2stem3/a1b6be2stem3.json	CC-BY-4.0	https://creativecommons.org/licenses/by/4.0/ <CC BY 4.0>	Mission College: Introductory Statistics
content-pool/a1bb75eds100-fa19-mt2-Q7/a1bb75eds100-fa19-mt2-Q7.json	URL-NO-LICENCIA	=oer https://ds100.org/su26/past-exams/	Combined Data100 Worksheets
content-pool/a1bb75eds100-su20-mt2-Q7/a1bb75eds100-su20-mt2-Q7.json	URL-NO-LICENCIA	=oer https://ds100.org/su26/past-exams/	Combined Data100 Worksheets
content-pool/a1c9712Sim15/a1c9712Sim15.json	CC-BY-4.0	https://creativecommons.org/licenses/by/4.0/ <CC BY 4.0>	OpenStax: Intermediate Algebra
content-pool/a1cc0dcareas11/a1cc0dcareas11.json	VACIA		OpenStax: Calculus Volume 1
content-pool/a1def42clt1/a1def42clt1.json	CC-BY-4.0	https://creativecommons.org/licenses/by/4.0/ <CC BY 4.0>	OpenStax: Introductory Stats
content-pool/a1def42clt6/a1def42clt6.json	CC-BY-4.0	https://creativecommons.org/licenses/by/4.0/ <CC BY 4.0>	OpenStax: Introductory Stats
content-pool/a1ee7a8quadratics16/a1ee7a8quadratics16.json	CC-BY-4.0	https://creativecommons.org/licenses/by/4.0/ <CC BY 4.0>	OpenStax: Intermediate Algebra
content-pool/a1ee7a8quadratics26/a1ee7a8quadratics26.json	CC-BY-4.0	https://creativecommons.org/licenses/by/4.0/ <CC BY 4.0>	OpenStax: Intermediate Algebra
content-pool/a1ee7a8quadratics9/a1ee7a8quadratics9.json	CC-BY-4.0	https://creativecommons.org/licenses/by/4.0/ <CC BY 4.0>	OpenStax: Intermediate Algebra
content-pool/a1f0162sequences19/a1f0162sequences19.json	CC-BY-4.0	https://creativecommons.org/licenses/by/4.0/ <CC BY 4.0>	OpenStax: College Algebra
content-pool/a1f0162sequences29/a1f0162sequences29.json	CC-BY-4.0	https://creativecommons.org/licenses/by/4.0/ <CC BY 4.0>	OpenStax: College Algebra
content-pool/a1f1064rev3/a1f1064rev3.json	CC-BY-4.0	https://creativecommons.org/licenses/by/4.0/ <CC BY 4.0>	Data 8 Discussion Worksheets
content-pool/a1f32dfFormula15/a1f32dfFormula15.json	CC-BY-4.0	https://creativecommons.org/licenses/by/4.0/ <CC BY 4.0>	OpenStax: Elementary Algebra
content-pool/a1f32dfFormula25/a1f32dfFormula25.json	CC-BY-4.0	https://creativecommons.org/licenses/by/4.0/ <CC BY 4.0>	OpenStax: Elementary Algebra
content-pool/a1f32dfFormula7/a1f32dfFormula7.json	CC-BY-4.0	https://creativecommons.org/licenses/by/4.0/ <CC BY 4.0>	OpenStax: Elementary Algebra
content-pool/a1f74d6coordinates17/a1f74d6coordinates17.json	CC-BY-4.0	https://creativecommons.org/licenses/by/4.0/ <CC BY 4.0>	OpenStax: Elementary Algebra
content-pool/a1f74d6coordinates27/a1f74d6coordinates27.json	CC-BY-4.0	https://creativecommons.org/licenses/by/4.0/ <CC BY 4.0>	OpenStax: Elementary Algebra
content-pool/a1f9370SolvingFormul1/a1f9370SolvingFormul1.json	CC-BY-4.0	https://creativecommons.org/licenses/by/4.0/ <CC BY 4.0>	OpenStax: Intermediate Algebra
content-pool/a1f9370SolvingFormul2/a1f9370SolvingFormul2.json	CC-BY-4.0	https://creativecommons.org/licenses/by/4.0/ <CC BY 4.0>	OpenStax: Intermediate Algebra
content-pool/a1f9370SolvingFormul3/a1f9370SolvingFormul3.json	CC-BY-4.0	https://creativecommons.org/licenses/by/4.0/ <CC BY 4.0>	OpenStax: Intermediate Algebra
content-pool/a20771equad10/a20771equad10.json	CC-BY-4.0	https://creativecommons.org/licenses/by/4.0/ <CC BY 4.0>	OpenStax: College Algebra
content-pool/a20771equad20/a20771equad20.json	CC-BY-4.0	https://creativecommons.org/licenses/by/4.0/ <CC BY 4.0>	OpenStax: College Algebra
content-pool/a20771equad30/a20771equad30.json	CC-BY-4.0	https://creativecommons.org/licenses/by/4.0/ <CC BY 4.0>	OpenStax: College Algebra
content-pool/a20771equad40/a20771equad40.json	CC-BY-4.0	https://creativecommons.org/licenses/by/4.0/ <CC BY 4.0>	OpenStax: College Algebra
content-pool/a2101f5T332-trigcomp-P06/a2101f5T332-trigcomp-P06.json	OTRO	CC4.0	Solid Foundations: Trigonometry
content-pool/a23945econtingency19/a23945econtingency19.json	CC-BY-4.0	https://creativecommons.org/licenses/by/4.0/ <CC BY 4.0>	OpenStax: Introductory Stats
content-pool/a23945econtingency6/a23945econtingency6.json	CC-BY-4.0	https://creativecommons.org/licenses/by/4.0/ <CC BY 4.0>	OpenStax: Introductory Stats
content-pool/a23b17fderiv16/a23b17fderiv16.json	VACIA		Solid Foundations: Calculus Part 1
content-pool/a23b17fderiv3/a23b17fderiv3.json	VACIA		Solid Foundations: Calculus Part 1
content-pool/a23b17fderivative5/a23b17fderivative5.json	VACIA		Solid Foundations: Calculus Part 1
content-pool/a23b17ftangentline7/a23b17ftangentline7.json	VACIA		Solid Foundations: Calculus Part 1
content-pool/a23c2f8Fraction3/a23c2f8Fraction3.json	CC-BY-4.0	https://creativecommons.org/licenses/by/4.0/ <CC BY 4.0>	SJSU 1019S
content-pool/a23c2f8fractions13/a23c2f8fractions13.json	CC-BY-4.0	https://creativecommons.org/licenses/by/4.0/ <CC BY 4.0>	SJSU 1019S
content-pool/a245b5cce1/a245b5cce1.json	CC-BY-4.0	https://creativecommons.org/licenses/by/4.0/ <CC BY 4.0>	OpenStax: University Physics
content-pool/a245b5cnc1/a245b5cnc1.json	CC-BY-4.0	https://creativecommons.org/licenses/by/4.0/ <CC BY 4.0>	OpenStax: University Physics
content-pool/a251a50MultiplyPoly11/a251a50MultiplyPoly11.json	CC-BY-4.0	https://creativecommons.org/licenses/by/4.0/ <CC BY 4.0>	OpenStax: Intermediate Algebra
content-pool/a251a50MultiplyPoly8/a251a50MultiplyPoly8.json	CC-BY-4.0	https://creativecommons.org/licenses/by/4.0/ <CC BY 4.0>	OpenStax: Intermediate Algebra
content-pool/a251a50multiplication4/a251a50multiplication4.json	CC-BY-4.0	https://creativecommons.org/licenses/by/4.0/ <CC BY 4.0>	OpenStax: Intermediate Algebra
content-pool/a253a12exp10/a253a12exp10.json	CC-BY-4.0	https://creativecommons.org/licenses/by/4.0/ <CC BY 4.0>	Math Basics for Physics
content-pool/a253a12exp20/a253a12exp20.json	CC-BY-4.0	https://creativecommons.org/licenses/by/4.0/ <CC BY 4.0>	Math Basics for Physics
content-pool/a253a12exp8/a253a12exp8.json	CC-BY-4.0	https://creativecommons.org/licenses/by/4.0/ <CC BY 4.0>	Math Basics for Physics
content-pool/a25b88enonlinear18/a25b88enonlinear18.json	CC-BY-4.0	https://creativecommons.org/licenses/by/4.0/ <CC BY 4.0>	OpenStax: Pre-Calculus
content-pool/a25b88enonlinear28/a25b88enonlinear28.json	CC-BY-4.0	https://creativecommons.org/licenses/by/4.0/ <CC BY 4.0>	OpenStax: Pre-Calculus
content-pool/a276c42SolveRational10/a276c42SolveRational10.json	CC-BY-4.0	https://creativecommons.org/licenses/by/4.0/ <CC BY 4.0>	OpenStax: Intermediate Algebra
content-pool/a276c42SolveRational20/a276c42SolveRational20.json	CC-BY-4.0	https://creativecommons.org/licenses/by/4.0/ <CC BY 4.0>	OpenStax: Intermediate Algebra
content-pool/a276c42SolveRational8/a276c42SolveRational8.json	CC-BY-4.0	https://creativecommons.org/licenses/by/4.0/ <CC BY 4.0>	OpenStax: Intermediate Algebra
content-pool/a28448cslope18/a28448cslope18.json	CC-BY-4.0	https://creativecommons.org/licenses/by/4.0/ <CC BY 4.0>	OpenStax: Elementary Algebra
content-pool/a28448cslope28/a28448cslope28.json	CC-BY-4.0	https://creativecommons.org/licenses/by/4.0/ <CC BY 4.0>	OpenStax: Elementary Algebra
content-pool/a2853daparabola10/a2853daparabola10.json	CC-BY-4.0	https://creativecommons.org/licenses/by/4.0/ <CC BY 4.0>	OpenStax: Pre-Calculus
content-pool/a2853daparabola20/a2853daparabola20.json	CC-BY-4.0	https://creativecommons.org/licenses/by/4.0/ <CC BY 4.0>	OpenStax: Pre-Calculus
content-pool/a2853daparabola8/a2853daparabola8.json	CC-BY-4.0	https://creativecommons.org/licenses/by/4.0/ <CC BY 4.0>	OpenStax: Pre-Calculus
content-pool/a28722cappquad18/a28722cappquad18.json	CC-BY-4.0	https://creativecommons.org/licenses/by/4.0/ <CC BY 4.0>	OpenStax: Elementary Algebra
content-pool/a28722cappquad9/a28722cappquad9.json	CC-BY-4.0	https://creativecommons.org/licenses/by/4.0/ <CC BY 4.0>	OpenStax: Elementary Algebra
content-pool/a289fa8density5/a289fa8density5.json	CC-BY-4.0	https://creativecommons.org/licenses/by/4.0/ <CC BY 4.0>	OpenStax: College Physics
content-pool/a28bee8addand9/a28bee8addand9.json	CC-BY-4.0	https://creativecommons.org/licenses/by/4.0/ <CC BY 4.0>	SJSU Calculus 1 (Quiz Collection)
content-pool/a298b40expectedvalue19/a298b40expectedvalue19.json	CC-BY-4.0	https://creativecommons.org/licenses/by/4.0/ <CC BY 4.0>	OpenStax: Introductory Stats
content-pool/a298b40expectedvalue6/a298b40expectedvalue6.json	CC-BY-4.0	https://creativecommons.org/licenses/by/4.0/ <CC BY 4.0>	OpenStax: Introductory Stats
content-pool/a29c32b4.4pancrea1/a29c32b4.4pancrea1.json	CC-BY-4.0	https://creativecommons.org/licenses/by/4.0/ <CC BY 4.0>	OpenStax: Introductory Stats
content-pool/a29d75aclt5/a29d75aclt5.json	CC-BY-4.0	https://creativecommons.org/licenses/by/4.0/ <CC BY 4.0>	Mission College: Introductory Statistics
content-pool/a2a280bgaussian15/a2a280bgaussian15.json	CC-BY-4.0	https://creativecommons.org/licenses/by/4.0/ <CC BY 4.0>	OpenStax: College Algebra
content-pool/a2a280bgaussian5/a2a280bgaussian5.json	CC-BY-4.0	https://creativecommons.org/licenses/by/4.0/ <CC BY 4.0>	OpenStax: College Algebra
content-pool/a2a30a8A112-algrules-P07/a2a30a8A112-algrules-P07.json	OTRO	CC4.0	Solid Foundations: Algebra
content-pool/a2a5cd1alginequalabs1002/a2a5cd1alginequalabs1002.json	VACIA		Pre-Calculus Essentials (UC Berkeley Math 1B)
content-pool/a2c5dc0T112-trigdef-P06/a2c5dc0T112-trigdef-P06.json	VACIA		Solid Foundations: Trigonometry
content-pool/a2cd345stat5/a2cd345stat5.json	CC-BY-4.0	https://creativecommons.org/licenses/by/4.0/ <CC BY 4.0>	Mission College: Introductory Statistics
content-pool/a2d77b8chainrule15/a2d77b8chainrule15.json	CC-BY-4.0	https://creativecommons.org/licenses/by/4.0/ <CC BY 4.0>	OpenStax: Calculus Volume 1
content-pool/a2d8720LinEqua11/a2d8720LinEqua11.json	CC-BY-4.0	https://creativecommons.org/licenses/by/4.0/ <CC BY 4.0>	OpenStax: College Algebra
content-pool/a2d8720LinEqua21/a2d8720LinEqua21.json	CC-BY-4.0	https://creativecommons.org/licenses/by/4.0/ <CC BY 4.0>	OpenStax: College Algebra
content-pool/a2d8720LinEqua31/a2d8720LinEqua31.json	CC-BY-4.0	https://creativecommons.org/licenses/by/4.0/ <CC BY 4.0>	OpenStax: College Algebra
content-pool/a2eb6bb4.1javier1/a2eb6bb4.1javier1.json	CC-BY-4.0	https://creativecommons.org/licenses/by/4.0/ <CC BY 4.0>	Mission College: Introductory Statistics
content-pool/a2ef97dGrphingQuads22/a2ef97dGrphingQuads22.json	CC-BY-4.0	https://creativecommons.org/licenses/by/4.0/ <CC BY 4.0>	OpenStax: Elementary Algebra
content-pool/a2ef97dGrphingQuads32/a2ef97dGrphingQuads32.json	CC-BY-4.0	https://creativecommons.org/licenses/by/4.0/ <CC BY 4.0>	OpenStax: Elementary Algebra
content-pool/a2f619abox12/a2f619abox12.json	CC-BY-4.0	https://creativecommons.org/licenses/by/4.0/ <CC BY 4.0>	Mission College: Introductory Statistics
content-pool/a2f61b7sequences10/a2f61b7sequences10.json	CC-BY-4.0	https://creativecommons.org/licenses/by/4.0/ <CC BY 4.0>	OpenStax: Pre-Calculus
content-pool/a2f61b7sequences20/a2f61b7sequences20.json	CC-BY-4.0	https://creativecommons.org/licenses/by/4.0/ <CC BY 4.0>	OpenStax: Pre-Calculus
content-pool/a2f61b7sequences30/a2f61b7sequences30.json	CC-BY-4.0	https://creativecommons.org/licenses/by/4.0/ <CC BY 4.0>	OpenStax: Pre-Calculus
content-pool/a30046daddprop10/a30046daddprop10.json	VACIA		SJSU 1018
content-pool/a30046daddprop6/a30046daddprop6.json	VACIA		SJSU 1018
content-pool/a307ef0T122-trigbound-P08/a307ef0T122-trigbound-P08.json	OTRO	CC4.0	Solid Foundations: Trigonometry
content-pool/a320fba11.6studentheights/a320fba11.6studentheights.json	CC-BY-4.0	https://creativecommons.org/licenses/by/4.0/ <CC BY 4.0>	OpenStax: Introductory Stats
content-pool/a32c9a5power3/a32c9a5power3.json	CC-BY-4.0	https://creativecommons.org/licenses/by/4.0/ <CC BY 4.0>	OpenStax: College Physics
content-pool/a330233CompSq14/a330233CompSq14.json	CC-BY-4.0	https://creativecommons.org/licenses/by/4.0/ <CC BY 4.0>	OpenStax: Intermediate Algebra
content-pool/a330233CompSq24/a330233CompSq24.json	CC-BY-4.0	https://creativecommons.org/licenses/by/4.0/ <CC BY 4.0>	OpenStax: Intermediate Algebra
content-pool/a330233CompSq7/a330233CompSq7.json	CC-BY-4.0	https://creativecommons.org/licenses/by/4.0/ <CC BY 4.0>	OpenStax: Intermediate Algebra
content-pool/a33da99volumes14/a33da99volumes14.json	VACIA		OpenStax: Calculus Volume 1
content-pool/a342e92limit10/a342e92limit10.json	VACIA		OpenStax: Calculus Volume 1
content-pool/a342e92limit20/a342e92limit20.json	VACIA		OpenStax: Calculus Volume 1
content-pool/a342e92limit8/a342e92limit8.json	VACIA		OpenStax: Calculus Volume 1
content-pool/a343428l'hopital2/a343428l'hopital2.json	VACIA		OpenStax: Calculus Volume 1
content-pool/a3476d7optimize13/a3476d7optimize13.json	VACIA		SJSU Calculus 1 (Quiz Collection)
content-pool/a3476d7optimize9/a3476d7optimize9.json	VACIA		SJSU Calculus 1 (Quiz Collection)
content-pool/a35b0d9quadratic19/a35b0d9quadratic19.json	CC-BY-4.0	https://creativecommons.org/licenses/by/4.0/ <CC BY 4.0>	OpenStax: College Algebra
content-pool/a35b0d9quadratic29/a35b0d9quadratic29.json	CC-BY-4.0	https://creativecommons.org/licenses/by/4.0/ <CC BY 4.0>	OpenStax: College Algebra
content-pool/a35ba99cou12/a35ba99cou12.json	CC-BY-4.0	https://creativecommons.org/licenses/by/4.0/ <CC BY 4.0>	OpenStax: College Algebra
content-pool/a35ba99cou22/a35ba99cou22.json	CC-BY-4.0	https://creativecommons.org/licenses/by/4.0/ <CC BY 4.0>	OpenStax: College Algebra
content-pool/a35ba99cou5/a35ba99cou5.json	CC-BY-4.0	https://creativecommons.org/licenses/by/4.0/ <CC BY 4.0>	OpenStax: College Algebra
content-pool/a36d9e8corr7/a36d9e8corr7.json	CC-BY-4.0	https://creativecommons.org/licenses/by/4.0/ <CC BY 4.0>	Mission College: Introductory Statistics
content-pool/a372017cramer19/a372017cramer19.json	CC-BY-4.0	https://creativecommons.org/licenses/by/4.0/ <CC BY 4.0>	OpenStax: College Algebra
content-pool/a372017cramer29/a372017cramer29.json	CC-BY-4.0	https://creativecommons.org/licenses/by/4.0/ <CC BY 4.0>	OpenStax: College Algebra
content-pool/a374ff4inequalities11/a374ff4inequalities11.json	CC-BY-4.0	https://creativecommons.org/licenses/by/4.0/ <CC BY 4.0>	OpenStax: Intermediate Algebra
content-pool/a374ff4inequalities21/a374ff4inequalities21.json	CC-BY-4.0	https://creativecommons.org/licenses/by/4.0/ <CC BY 4.0>	OpenStax: Intermediate Algebra
content-pool/a374ff4inequalities4/a374ff4inequalities4.json	CC-BY-4.0	https://creativecommons.org/licenses/by/4.0/ <CC BY 4.0>	OpenStax: Intermediate Algebra
content-pool/a37a2f0FractionSimplification1/a37a2f0FractionSimplification1.json	CC-BY-4.0	https://creativecommons.org/licenses/by/4.0/ <CC BY 4.0>	SJSU 1018
content-pool/a37a2f0Visualize19/a37a2f0Visualize19.json	CC-BY-4.0	https://creativecommons.org/licenses/by/4.0/ <CC BY 4.0>	SJSU 1018
content-pool/a37a2f0fraction_reduction1/a37a2f0fraction_reduction1.json	CC-BY-4.0	https://creativecommons.org/licenses/by/4.0/ <CC BY 4.0>	SJSU 1018
content-pool/a37e07emodels16/a37e07emodels16.json	CC-BY-4.0	https://creativecommons.org/licenses/by/4.0/ <CC BY 4.0>	OpenStax: Pre-Calculus
content-pool/a37e07emodels26/a37e07emodels26.json	CC-BY-4.0	https://creativecommons.org/licenses/by/4.0/ <CC BY 4.0>	OpenStax: Pre-Calculus
content-pool/a381217systemeq10/a381217systemeq10.json	CC-BY-4.0	https://creativecommons.org/licenses/by/4.0/ <CC BY 4.0>	OpenStax: Elementary Algebra
content-pool/a381217systemeq20/a381217systemeq20.json	CC-BY-4.0	https://creativecommons.org/licenses/by/4.0/ <CC BY 4.0>	OpenStax: Elementary Algebra
content-pool/a381217systemeq8/a381217systemeq8.json	CC-BY-4.0	https://creativecommons.org/licenses/by/4.0/ <CC BY 4.0>	OpenStax: Elementary Algebra
content-pool/a382995DiscreteDist4/a382995DiscreteDist4.json	CC-BY-4.0	https://creativecommons.org/licenses/by/4.0/ <CC BY 4.0>	OpenStax: Introductory Stats
content-pool/a3837e8graphline14/a3837e8graphline14.json	CC-BY-4.0	https://creativecommons.org/licenses/by/4.0/ <CC BY 4.0>	OpenStax: Intermediate Algebra
content-pool/a3837e8points13/a3837e8points13.json	CC-BY-4.0	https://creativecommons.org/licenses/by/4.0/ <CC BY 4.0>	OpenStax: Intermediate Algebra
content-pool/a389170multpoly1/a389170multpoly1.json	VACIA		SJSU 1018
content-pool/a389170multpoly5/a389170multpoly5.json	VACIA		SJSU 1018
content-pool/a38bd54basicrules15/a38bd54basicrules15.json	CC-BY-4.0	https://creativecommons.org/licenses/by/4.0/ <CC BY 4.0>	OpenStax: Introductory Stats
content-pool/a38bd54basicrules5/a38bd54basicrules5.json	CC-BY-4.0	https://creativecommons.org/licenses/by/4.0/ <CC BY 4.0>	OpenStax: Introductory Stats
content-pool/a38da08geo6/a38da08geo6.json	VACIA		Pre-Calculus Essentials (UC Berkeley Math 1B)
content-pool/a391214Sequ16/a391214Sequ16.json	CC-BY-4.0	https://creativecommons.org/licenses/by/4.0/ <CC BY 4.0>	OpenStax: Intermediate Algebra
content-pool/a391214Sequ26/a391214Sequ26.json	CC-BY-4.0	https://creativecommons.org/licenses/by/4.0/ <CC BY 4.0>	OpenStax: Intermediate Algebra
content-pool/a391214Sequ9/a391214Sequ9.json	CC-BY-4.0	https://creativecommons.org/licenses/by/4.0/ <CC BY 4.0>	OpenStax: Intermediate Algebra
content-pool/a394625deriv11/a394625deriv11.json	VACIA		OpenStax: Calculus Volume 1
content-pool/a394625deriv21/a394625deriv21.json	VACIA		OpenStax: Calculus Volume 1
content-pool/a394625deriv9/a394625deriv9.json	VACIA		OpenStax: Calculus Volume 1
content-pool/a39b8a0def19/a39b8a0def19.json	VACIA		OpenStax: Calculus Volume 1
content-pool/a39b8a0def5/a39b8a0def5.json	VACIA		OpenStax: Calculus Volume 1
content-pool/a39def5good15/a39def5good15.json	CC-BY-4.0	https://creativecommons.org/licenses/by/4.0/ <CC BY 4.0>	Mission College: Introductory Statistics
content-pool/a3a417ccontinuity11/a3a417ccontinuity11.json	CC-BY-4.0	https://creativecommons.org/licenses/by/4.0/ <CC BY 4.0>	OpenStax: Pre-Calculus
content-pool/a3a417cdiscontinuity11/a3a417cdiscontinuity11.json	CC-BY-4.0	https://creativecommons.org/licenses/by/4.0/ <CC BY 4.0>	OpenStax: Pre-Calculus
content-pool/a3a50fepercent11/a3a50fepercent11.json	CC-BY-4.0	https://creativecommons.org/licenses/by/4.0/ <CC BY 4.0>	SJSU 1018
content-pool/a3a50fepercent21/a3a50fepercent21.json	CC-BY-4.0	https://creativecommons.org/licenses/by/4.0/ <CC BY 4.0>	SJSU 1018
content-pool/a3abd22AddRational10/a3abd22AddRational10.json	CC-BY-4.0	https://creativecommons.org/licenses/by/4.0/ <CC BY 4.0>	OpenStax: Intermediate Algebra
content-pool/a3abd22AddRational7/a3abd22AddRational7.json	CC-BY-4.0	https://creativecommons.org/licenses/by/4.0/ <CC BY 4.0>	OpenStax: Intermediate Algebra
content-pool/a3abd22addsubrational3/a3abd22addsubrational3.json	CC-BY-4.0	https://creativecommons.org/licenses/by/4.0/ <CC BY 4.0>	OpenStax: Intermediate Algebra
content-pool/a3acaad9.3distributionreview/a3acaad9.3distributionreview.json	CC-BY-4.0	https://creativecommons.org/licenses/by/4.0/ <CC BY 4.0>	Mission College: Introductory Statistics
content-pool/a3ae150real16/a3ae150real16.json	VACIA		OpenStax: Pre-Calculus
content-pool/a3ae150real26/a3ae150real26.json	VACIA		OpenStax: Pre-Calculus
content-pool/a3b059ageo13/a3b059ageo13.json	CC-BY-4.0	https://creativecommons.org/licenses/by/4.0/ <CC BY 4.0>	SJSU 1019S
content-pool/a3b059asrt6/a3b059asrt6.json	CC-BY-4.0	https://creativecommons.org/licenses/by/4.0/ <CC BY 4.0>	SJSU 1019S
content-pool/a3b09a3binomseq16/a3b09a3binomseq16.json	CC-BY-4.0	https://creativecommons.org/licenses/by/4.0/ <CC BY 4.0>	OpenStax: College Algebra
content-pool/a3b09a3binomseq26/a3b09a3binomseq26.json	CC-BY-4.0	https://creativecommons.org/licenses/by/4.0/ <CC BY 4.0>	OpenStax: College Algebra
content-pool/a3b09a3binomseq9/a3b09a3binomseq9.json	CC-BY-4.0	https://creativecommons.org/licenses/by/4.0/ <CC BY 4.0>	OpenStax: College Algebra
content-pool/a3b574dRealNums19/a3b574dRealNums19.json	CC-BY-4.0	https://creativecommons.org/licenses/by/4.0/ <CC BY 4.0>	SJSU 1019S
content-pool/a3b574dRealNums29/a3b574dRealNums29.json	CC-BY-4.0	https://creativecommons.org/licenses/by/4.0/ <CC BY 4.0>	SJSU 1019S
content-pool/a3b7d40expgraph11/a3b7d40expgraph11.json	CC-BY-4.0	https://creativecommons.org/licenses/by/4.0/ <CC BY 4.0>	OpenStax: College Algebra
content-pool/a3b7d40expgraph3/a3b7d40expgraph3.json	CC-BY-4.0	https://creativecommons.org/licenses/by/4.0/ <CC BY 4.0>	OpenStax: College Algebra
content-pool/a3bdccdfunctions14/a3bdccdfunctions14.json	CC-BY-4.0	https://creativecommons.org/licenses/by/4.0/ <CC BY 4.0>	OpenStax: Pre-Calculus
content-pool/a3bdccdfunctions24/a3bdccdfunctions24.json	CC-BY-4.0	https://creativecommons.org/licenses/by/4.0/ <CC BY 4.0>	OpenStax: Pre-Calculus
content-pool/a3bdccdfunctions7/a3bdccdfunctions7.json	CC-BY-4.0	https://creativecommons.org/licenses/by/4.0/ <CC BY 4.0>	OpenStax: Pre-Calculus
content-pool/a3c2b68root17/a3c2b68root17.json	CC-BY-4.0	https://creativecommons.org/licenses/by/4.0/ <CC BY 4.0>	OpenStax: Elementary Algebra
content-pool/a3c2b68root27/a3c2b68root27.json	CC-BY-4.0	https://creativecommons.org/licenses/by/4.0/ <CC BY 4.0>	OpenStax: Elementary Algebra
content-pool/a3c51e5DiscreteD1/a3c51e5DiscreteD1.json	CC-BY-4.0	https://creativecommons.org/licenses/by/4.0/ <CC BY 4.0>	OpenStax: Introductory Stats
content-pool/a3c51e5DiscreteD2/a3c51e5DiscreteD2.json	CC-BY-4.0	https://creativecommons.org/licenses/by/4.0/ <CC BY 4.0>	OpenStax: Introductory Stats
content-pool/a3c79a0Ind11/a3c79a0Ind11.json	CC-BY-4.0	https://creativecommons.org/licenses/by/4.0/ <CC BY 4.0>	Mission College: Introductory Statistics
content-pool/a3c79a0Ind21/a3c79a0Ind21.json	CC-BY-4.0	https://creativecommons.org/licenses/by/4.0/ <CC BY 4.0>	Mission College: Introductory Statistics
content-pool/a3c79a0Ind9/a3c79a0Ind9.json	CC-BY-4.0	https://creativecommons.org/licenses/by/4.0/ <CC BY 4.0>	Mission College: Introductory Statistics
content-pool/a3cce77popu5/a3cce77popu5.json	CC-BY-4.0	https://creativecommons.org/licenses/by/4.0/ <CC BY 4.0>	OpenStax: Introductory Stats
content-pool/a3d3e89log15/a3d3e89log15.json	VACIA		OpenStax: Pre-Calculus
content-pool/a3d3e89log27/a3d3e89log27.json	VACIA		OpenStax: Pre-Calculus
content-pool/a3d6a35variation1/a3d6a35variation1.json	CC-BY-4.0	https://creativecommons.org/licenses/by/4.0/ <CC BY 4.0>	OpenStax: Elementary Algebra
content-pool/a3d6a35variation20/a3d6a35variation20.json	CC-BY-4.0	https://creativecommons.org/licenses/by/4.0/ <CC BY 4.0>	OpenStax: Elementary Algebra
content-pool/a3d6a35variation30/a3d6a35variation30.json	CC-BY-4.0	https://creativecommons.org/licenses/by/4.0/ <CC BY 4.0>	OpenStax: Elementary Algebra
content-pool/a3d6ae2sys13/a3d6ae2sys13.json	CC-BY-4.0	https://creativecommons.org/licenses/by/4.0/ <CC BY 4.0>	OpenStax: Elementary Algebra
content-pool/a3d6ae2sys23/a3d6ae2sys23.json	CC-BY-4.0	https://creativecommons.org/licenses/by/4.0/ <CC BY 4.0>	OpenStax: Elementary Algebra
content-pool/a3d6ae2sys6/a3d6ae2sys6.json	CC-BY-4.0	https://creativecommons.org/licenses/by/4.0/ <CC BY 4.0>	OpenStax: Elementary Algebra
content-pool/a3d9e92Inequality2/a3d9e92Inequality2.json	CC-BY-4.0	https://creativecommons.org/licenses/by/4.0/ <CC BY 4.0>	OpenStax: Intermediate Algebra
content-pool/a3dd710RecCord12/a3dd710RecCord12.json	CC-BY-4.0	https://creativecommons.org/licenses/by/4.0/ <CC BY 4.0>	Math Basics for Physics
content-pool/a3dd710RecCord22/a3dd710RecCord22.json	CC-BY-4.0	https://creativecommons.org/licenses/by/4.0/ <CC BY 4.0>	Math Basics for Physics
content-pool/a3dd710RecCord8/a3dd710RecCord8.json	CC-BY-4.0	https://creativecommons.org/licenses/by/4.0/ <CC BY 4.0>	Math Basics for Physics
content-pool/a3e1067arc4/a3e1067arc4.json	VACIA		OpenStax: Calculus Volume 1
content-pool/a3e2de7expo3/a3e2de7expo3.json	VACIA		SJSU 1018
content-pool/a3e5a23A123-cancel-P03/a3e5a23A123-cancel-P03.json	OTRO	CC4.0	Solid Foundations: Algebra
content-pool/a3e5c4cpercent15/a3e5c4cpercent15.json	CC-BY-4.0	https://creativecommons.org/licenses/by/4.0/ <CC BY 4.0>	OpenStax: Elementary Algebra
content-pool/a3e5c4cpercent4/a3e5c4cpercent4.json	CC-BY-4.0	https://creativecommons.org/licenses/by/4.0/ <CC BY 4.0>	OpenStax: Elementary Algebra
content-pool/a3faae27.3q12/a3faae27.3q12.json	CC-BY-4.0	https://creativecommons.org/licenses/by/4.0/ <CC BY 4.0>	Mission College: Introductory Statistics
content-pool/a3faae27.3q9/a3faae27.3q9.json	CC-BY-4.0	https://creativecommons.org/licenses/by/4.0/ <CC BY 4.0>	Mission College: Introductory Statistics
content-pool/a3faf0areal19/a3faf0areal19.json	CC-BY-4.0	https://creativecommons.org/licenses/by/4.0/ <CC BY 4.0>	OpenStax: Pre-Calculus
content-pool/a3faf0areal29/a3faf0areal29.json	CC-BY-4.0	https://creativecommons.org/licenses/by/4.0/ <CC BY 4.0>	OpenStax: Pre-Calculus
content-pool/a40e287thermo11/a40e287thermo11.json	VACIA		Chemistry 1A Summer Content
content-pool/a40e287thermo9/a40e287thermo9.json	VACIA		Chemistry 1A Summer Content
content-pool/a40f8c4inv19/a40f8c4inv19.json	CC-BY-4.0	https://creativecommons.org/licenses/by/4.0/ <CC BY 4.0>	OpenStax: Pre-Calculus
content-pool/a40f8c4inv29/a40f8c4inv29.json	CC-BY-4.0	https://creativecommons.org/licenses/by/4.0/ <CC BY 4.0>	OpenStax: Pre-Calculus
content-pool/a41316cmatrices12/a41316cmatrices12.json	CC-BY-4.0	https://creativecommons.org/licenses/by/4.0/ <CC BY 4.0>	OpenStax: College Algebra
content-pool/a41316cmatrices22/a41316cmatrices22.json	CC-BY-4.0	https://creativecommons.org/licenses/by/4.0/ <CC BY 4.0>	OpenStax: College Algebra
content-pool/a41316cmatrices5/a41316cmatrices5.json	CC-BY-4.0	https://creativecommons.org/licenses/by/4.0/ <CC BY 4.0>	OpenStax: College Algebra
content-pool/a423e1cfunctions15/a423e1cfunctions15.json	VACIA		OpenStax: Pre-Calculus
content-pool/a423e1cfunctions25/a423e1cfunctions25.json	VACIA		OpenStax: Pre-Calculus
content-pool/a423e1cfunctions8/a423e1cfunctions8.json	VACIA		OpenStax: Pre-Calculus
content-pool/a4384a1model1/a4384a1model1.json	CC-BY-4.0	https://creativecommons.org/licenses/by/4.0/ <CC BY 4.0>	OpenStax: Pre-Calculus
content-pool/a4384a1model2/a4384a1model2.json	CC-BY-4.0	https://creativecommons.org/licenses/by/4.0/ <CC BY 4.0>	OpenStax: Pre-Calculus
content-pool/a4384a1model3/a4384a1model3.json	CC-BY-4.0	https://creativecommons.org/licenses/by/4.0/ <CC BY 4.0>	OpenStax: Pre-Calculus
content-pool/a443311sqroots13/a443311sqroots13.json	CC-BY-4.0	https://creativecommons.org/licenses/by/4.0/ <CC BY 4.0>	OpenStax: Elementary Algebra
content-pool/a443311sqroots23/a443311sqroots23.json	CC-BY-4.0	https://creativecommons.org/licenses/by/4.0/ <CC BY 4.0>	OpenStax: Elementary Algebra
content-pool/a443311sqroots6/a443311sqroots6.json	CC-BY-4.0	https://creativecommons.org/licenses/by/4.0/ <CC BY 4.0>	OpenStax: Elementary Algebra
content-pool/a4488b1Fraction2/a4488b1Fraction2.json	CC-BY-4.0	https://creativecommons.org/licenses/by/4.0/ <CC BY 4.0>	OpenStax: Intermediate Algebra
content-pool/a4488b1fractions12/a4488b1fractions12.json	CC-BY-4.0	https://creativecommons.org/licenses/by/4.0/ <CC BY 4.0>	OpenStax: Intermediate Algebra
content-pool/a4488b1fractions9/a4488b1fractions9.json	CC-BY-4.0	https://creativecommons.org/licenses/by/4.0/ <CC BY 4.0>	OpenStax: Intermediate Algebra
content-pool/a453be6realnumbers19/a453be6realnumbers19.json	CC-BY-4.0	https://creativecommons.org/licenses/by/4.0/ <CC BY 4.0>	OpenStax: Elementary Algebra
content-pool/a453be6realnumbers29/a453be6realnumbers29.json	CC-BY-4.0	https://creativecommons.org/licenses/by/4.0/ <CC BY 4.0>	OpenStax: Elementary Algebra
content-pool/a4593e0functrans100/a4593e0functrans100.json	VACIA		Pre-Calculus Essentials (UC Berkeley Math 1B)
content-pool/a4593e0functrans511/a4593e0functrans511.json	VACIA		Pre-Calculus Essentials (UC Berkeley Math 1B)
content-pool/a4763e0rationalprob11/a4763e0rationalprob11.json	CC-BY-4.0	https://creativecommons.org/licenses/by/4.0/ <CC BY 4.0>	SJSU 1019S
content-pool/a4763e0rationalprob9/a4763e0rationalprob9.json	CC-BY-4.0	https://creativecommons.org/licenses/by/4.0/ <CC BY 4.0>	SJSU 1019S
content-pool/a47ce72graphquad11/a47ce72graphquad11.json	CC-BY-4.0	https://creativecommons.org/licenses/by/4.0/ <CC BY 4.0>	OpenStax: Intermediate Algebra
content-pool/a47ce72graphquad21/a47ce72graphquad21.json	CC-BY-4.0	https://creativecommons.org/licenses/by/4.0/ <CC BY 4.0>	OpenStax: Intermediate Algebra
content-pool/a47ce72graphquad4/a47ce72graphquad4.json	CC-BY-4.0	https://creativecommons.org/licenses/by/4.0/ <CC BY 4.0>	OpenStax: Intermediate Algebra
content-pool/a4861c9explog14/a4861c9explog14.json	CC-BY-4.0	https://creativecommons.org/licenses/by/4.0/ <CC BY 4.0>	OpenStax: Pre-Calculus
content-pool/a4861c9explog24/a4861c9explog24.json	CC-BY-4.0	https://creativecommons.org/licenses/by/4.0/ <CC BY 4.0>	OpenStax: Pre-Calculus
content-pool/a4861c9explog7/a4861c9explog7.json	CC-BY-4.0	https://creativecommons.org/licenses/by/4.0/ <CC BY 4.0>	OpenStax: Pre-Calculus
content-pool/a48e533fluid37/a48e533fluid37.json	CC-BY-4.0	https://creativecommons.org/licenses/by/4.0/ <CC BY 4.0>	OpenStax: College Physics
content-pool/a49fa00c2/a49fa00c2.json	VACIA		SJSU Calculus 1 (Quiz Collection)
content-pool/a4a0f7dradicalroot16/a4a0f7dradicalroot16.json	CC-BY-4.0	https://creativecommons.org/licenses/by/4.0/ <CC BY 4.0>	OpenStax: Elementary Algebra
content-pool/a4a0f7dradicalroot26/a4a0f7dradicalroot26.json	CC-BY-4.0	https://creativecommons.org/licenses/by/4.0/ <CC BY 4.0>	OpenStax: Elementary Algebra
content-pool/a4a0f7dradicalroot9/a4a0f7dradicalroot9.json	CC-BY-4.0	https://creativecommons.org/licenses/by/4.0/ <CC BY 4.0>	OpenStax: Elementary Algebra
content-pool/a4b48f4RealNums10/a4b48f4RealNums10.json	CC-BY-4.0	https://creativecommons.org/licenses/by/4.0/ <CC BY 4.0>	OpenStax: Intermediate Algebra
content-pool/a4b48f4RealNums20/a4b48f4RealNums20.json	CC-BY-4.0	https://creativecommons.org/licenses/by/4.0/ <CC BY 4.0>	OpenStax: Intermediate Algebra
content-pool/a4b48f4RealNums30/a4b48f4RealNums30.json	CC-BY-4.0	https://creativecommons.org/licenses/by/4.0/ <CC BY 4.0>	OpenStax: Intermediate Algebra
content-pool/a4b9bbfrationalnums13/a4b9bbfrationalnums13.json	CC-BY-4.0	https://creativecommons.org/licenses/by/4.0/ <CC BY 4.0>	OpenStax: Elementary Algebra
content-pool/a4b9bbfrationalnums23/a4b9bbfrationalnums23.json	CC-BY-4.0	https://creativecommons.org/licenses/by/4.0/ <CC BY 4.0>	OpenStax: Elementary Algebra
content-pool/a4ba03econtingency10/a4ba03econtingency10.json	CC-BY-4.0	https://creativecommons.org/licenses/by/4.0/ <CC BY 4.0>	Mission College: Introductory Statistics
content-pool/a4ba03econtingency20/a4ba03econtingency20.json	CC-BY-4.0	https://creativecommons.org/licenses/by/4.0/ <CC BY 4.0>	Mission College: Introductory Statistics
content-pool/a4ba03econtingency8/a4ba03econtingency8.json	CC-BY-4.0	https://creativecommons.org/licenses/by/4.0/ <CC BY 4.0>	Mission College: Introductory Statistics
content-pool/a4be2a0derivative18/a4be2a0derivative18.json	CC-BY-4.0	https://creativecommons.org/licenses/by/4.0/ <CC BY 4.0>	OpenStax: Pre-Calculus
content-pool/a4be2a0derivative29/a4be2a0derivative29.json	CC-BY-4.0	https://creativecommons.org/licenses/by/4.0/ <CC BY 4.0>	OpenStax: Pre-Calculus
content-pool/a4d0c67whole18/a4d0c67whole18.json	CC-BY-4.0	https://creativecommons.org/licenses/by/4.0/ <CC BY 4.0>	SJSU 1018
content-pool/a4d0c67whole29/a4d0c67whole29.json	CC-BY-4.0	https://creativecommons.org/licenses/by/4.0/ <CC BY 4.0>	SJSU 1018
content-pool/a4d2b33use18/a4d2b33use18.json	CC-BY-4.0	https://creativecommons.org/licenses/by/4.0/ <CC BY 4.0>	OpenStax: Elementary Algebra
content-pool/a4d2b33use28/a4d2b33use28.json	CC-BY-4.0	https://creativecommons.org/licenses/by/4.0/ <CC BY 4.0>	OpenStax: Elementary Algebra
content-pool/a4d2b33use5/a4d2b33use5.json	CC-BY-4.0	https://creativecommons.org/licenses/by/4.0/ <CC BY 4.0>	OpenStax: Elementary Algebra
content-pool/a4d5812T121-trigraph-P07/a4d5812T121-trigraph-P07.json	OTRO	CC4.0	Solid Foundations: Trigonometry
content-pool/a4da5e5rootdomain1/a4da5e5rootdomain1.json	VACIA		SJSU 1018
content-pool/a4da5e5rootdomain2/a4da5e5rootdomain2.json	VACIA		SJSU 1018
content-pool/a4dc570tri4/a4dc570tri4.json	VACIA		Pre-Calculus Essentials (UC Berkeley Math 1B)
content-pool/a4dc570trig15/a4dc570trig15.json	VACIA		Math Basics for Physics
content-pool/a4dc570trig25/a4dc570trig25.json	VACIA		Math Basics for Physics
content-pool/a4dc64fsqroots13/a4dc64fsqroots13.json	CC-BY-4.0	https://creativecommons.org/licenses/by/4.0/ <CC BY 4.0>	SJSU 1019S
content-pool/a4dc64fsqroots24/a4dc64fsqroots24.json	CC-BY-4.0	https://creativecommons.org/licenses/by/4.0/ <CC BY 4.0>	SJSU 1019S
content-pool/a4dc64fsquareroots19/a4dc64fsquareroots19.json	CC-BY-4.0	https://creativecommons.org/licenses/by/4.0/ <CC BY 4.0>	SJSU 1019S
content-pool/a4dc64fsquareroots30/a4dc64fsquareroots30.json	CC-BY-4.0	https://creativecommons.org/licenses/by/4.0/ <CC BY 4.0>	SJSU 1019S
content-pool/a4e19abfacts4/a4e19abfacts4.json	CC-BY-4.0	https://creativecommons.org/licenses/by/4.0/ <CC BY 4.0>	OpenStax: Introductory Stats
content-pool/a4edf7dEquation14/a4edf7dEquation14.json	CC-BY-4.0	https://creativecommons.org/licenses/by/4.0/ <CC BY 4.0>	OpenStax: Intermediate Algebra
content-pool/a4edf7dEquation24/a4edf7dEquation24.json	CC-BY-4.0	https://creativecommons.org/licenses/by/4.0/ <CC BY 4.0>	OpenStax: Intermediate Algebra
content-pool/a4edf7dEquation7/a4edf7dEquation7.json	CC-BY-4.0	https://creativecommons.org/licenses/by/4.0/ <CC BY 4.0>	OpenStax: Intermediate Algebra
content-pool/a4f52d1probability17/a4f52d1probability17.json	CC-BY-4.0	https://creativecommons.org/licenses/by/4.0/ <CC BY 4.0>	OpenStax: Pre-Calculus
content-pool/a4f52d1probability27/a4f52d1probability27.json	CC-BY-4.0	https://creativecommons.org/licenses/by/4.0/ <CC BY 4.0>	OpenStax: Pre-Calculus
content-pool/a502645sqroot1/a502645sqroot1.json	VACIA		SJSU 1018
content-pool/a502645sqroot5/a502645sqroot5.json	VACIA		SJSU 1018
content-pool/a50bb85hypo1/a50bb85hypo1.json	CC-BY-4.0	https://creativecommons.org/licenses/by/4.0/ <CC BY 4.0>	OpenStax: Introductory Stats
content-pool/a512f5aexplog14/a512f5aexplog14.json	CC-BY-4.0	https://creativecommons.org/licenses/by/4.0/ <CC BY 4.0>	OpenStax: College Algebra
content-pool/a512f5aexplog24/a512f5aexplog24.json	CC-BY-4.0	https://creativecommons.org/licenses/by/4.0/ <CC BY 4.0>	OpenStax: College Algebra
content-pool/a518506partialfractions10/a518506partialfractions10.json	CC-BY-4.0	https://creativecommons.org/licenses/by/4.0/ <CC BY 4.0>	OpenStax: Pre-Calculus
content-pool/a518506partialfractions20/a518506partialfractions20.json	CC-BY-4.0	https://creativecommons.org/licenses/by/4.0/ <CC BY 4.0>	OpenStax: Pre-Calculus
content-pool/a524aa3PreciseLim12/a524aa3PreciseLim12.json	VACIA		OpenStax: Calculus Volume 1
content-pool/a524aa3PreciseLim22/a524aa3PreciseLim22.json	VACIA		OpenStax: Calculus Volume 1
content-pool/a526a0cintegration1/a526a0cintegration1.json	VACIA		OpenStax: Calculus Volume 1
content-pool/a526a0cintegration7/a526a0cintegration7.json	VACIA		OpenStax: Calculus Volume 1
content-pool/a5340a6foil14/a5340a6foil14.json	VACIA		SJSU 1018
content-pool/a536a53Uni1/a536a53Uni1.json	CC-BY-4.0	https://creativecommons.org/licenses/by/4.0/ <CC BY 4.0>	OpenStax: Introductory Stats
content-pool/a536a53Uni2/a536a53Uni2.json	CC-BY-4.0	https://creativecommons.org/licenses/by/4.0/ <CC BY 4.0>	OpenStax: Introductory Stats
content-pool/a53b893whole11/a53b893whole11.json	CC-BY-4.0	https://creativecommons.org/licenses/by/4.0/ <CC BY 4.0>	OpenStax: Elementary Algebra
content-pool/a53b893whole21/a53b893whole21.json	CC-BY-4.0	https://creativecommons.org/licenses/by/4.0/ <CC BY 4.0>	OpenStax: Elementary Algebra
content-pool/a53b893whole4/a53b893whole4.json	CC-BY-4.0	https://creativecommons.org/licenses/by/4.0/ <CC BY 4.0>	OpenStax: Elementary Algebra
content-pool/a54f58cgraphineq14/a54f58cgraphineq14.json	CC-BY-4.0	https://creativecommons.org/licenses/by/4.0/ <CC BY 4.0>	OpenStax: Intermediate Algebra
content-pool/a54f58cgraphineq24/a54f58cgraphineq24.json	CC-BY-4.0	https://creativecommons.org/licenses/by/4.0/ <CC BY 4.0>	OpenStax: Intermediate Algebra
content-pool/a5676cbreal1/a5676cbreal1.json	CC-BY-4.0	https://creativecommons.org/licenses/by/4.0/ <CC BY 4.0>	OpenStax: Pre-Calculus
content-pool/a5676cbreal23/a5676cbreal23.json	CC-BY-4.0	https://creativecommons.org/licenses/by/4.0/ <CC BY 4.0>	OpenStax: Pre-Calculus
content-pool/a56bd16newtonapps16/a56bd16newtonapps16.json	VACIA		OpenStax: University Physics
content-pool/a56bd16newtonapps26/a56bd16newtonapps26.json	VACIA		OpenStax: University Physics
content-pool/a57cb5ccenter12/a57cb5ccenter12.json	CC-BY-4.0	https://creativecommons.org/licenses/by/4.0/ <CC BY 4.0>	OpenStax: Introductory Stats
content-pool/a57cb5ccenter4/a57cb5ccenter4.json	CC-BY-4.0	https://creativecommons.org/licenses/by/4.0/ <CC BY 4.0>	OpenStax: Introductory Stats
content-pool/a57f999ser14/a57f999ser14.json	CC-BY-4.0	https://creativecommons.org/licenses/by/4.0/ <CC BY 4.0>	OpenStax: College Algebra
content-pool/a57f999ser24/a57f999ser24.json	CC-BY-4.0	https://creativecommons.org/licenses/by/4.0/ <CC BY 4.0>	OpenStax: College Algebra
content-pool/a57f999ser7/a57f999ser7.json	CC-BY-4.0	https://creativecommons.org/licenses/by/4.0/ <CC BY 4.0>	OpenStax: College Algebra
content-pool/a583c4cprobbasic17/a583c4cprobbasic17.json	CC-BY-4.0	https://creativecommons.org/licenses/by/4.0/ <CC BY 4.0>	Mission College: Introductory Statistics
content-pool/a583c4cprobbasic4/a583c4cprobbasic4.json	CC-BY-4.0	https://creativecommons.org/licenses/by/4.0/ <CC BY 4.0>	Mission College: Introductory Statistics
content-pool/a58aac7box2/a58aac7box2.json	CC-BY-4.0	https://creativecommons.org/licenses/by/4.0/ <CC BY 4.0>	OpenStax: Introductory Stats
content-pool/a590f38trigonometric12/a590f38trigonometric12.json	VACIA		OpenStax: Pre-Calculus
content-pool/a590f38trigonometric22/a590f38trigonometric22.json	VACIA		OpenStax: Pre-Calculus
content-pool/a590f38trigonometric32/a590f38trigonometric32.json	VACIA		OpenStax: Pre-Calculus
content-pool/a590f38trigonometric42/a590f38trigonometric42.json	VACIA		OpenStax: Pre-Calculus
content-pool/a590f38trigonometric53/a590f38trigonometric53.json	VACIA		OpenStax: Pre-Calculus
content-pool/a590f38trigonometric63/a590f38trigonometric63.json	VACIA		OpenStax: Pre-Calculus
content-pool/a590f38trigonometric73/a590f38trigonometric73.json	VACIA		OpenStax: Pre-Calculus
content-pool/a5991b4add12/a5991b4add12.json	CC-BY-4.0	https://creativecommons.org/licenses/by/4.0/ <CC BY 4.0>	OpenStax: Elementary Algebra
content-pool/a5991b4add22/a5991b4add22.json	CC-BY-4.0	https://creativecommons.org/licenses/by/4.0/ <CC BY 4.0>	OpenStax: Elementary Algebra
content-pool/a5991b4add5/a5991b4add5.json	CC-BY-4.0	https://creativecommons.org/licenses/by/4.0/ <CC BY 4.0>	OpenStax: Elementary Algebra
content-pool/a59aefadesc-stat15/a59aefadesc-stat15.json	CC-BY-4.0	https://creativecommons.org/licenses/by/4.0/ <CC BY 4.0>	Mission College: Introductory Statistics
content-pool/a59aefadesc-stat25/a59aefadesc-stat25.json	CC-BY-4.0	https://creativecommons.org/licenses/by/4.0/ <CC BY 4.0>	Mission College: Introductory Statistics
content-pool/a59eb5bexpectedvalue12/a59eb5bexpectedvalue12.json	CC-BY-4.0	https://creativecommons.org/licenses/by/4.0/ <CC BY 4.0>	Mission College: Introductory Statistics
content-pool/a59eb5bexpectedvalue22/a59eb5bexpectedvalue22.json	CC-BY-4.0	https://creativecommons.org/licenses/by/4.0/ <CC BY 4.0>	Mission College: Introductory Statistics
content-pool/a5a11cdclt1/a5a11cdclt1.json	CC-BY-4.0	https://creativecommons.org/licenses/by/4.0/ <CC BY 4.0>	OpenStax: Introductory Stats
content-pool/a5a573fBinomial10/a5a573fBinomial10.json	CC-BY-4.0	https://creativecommons.org/licenses/by/4.0/ <CC BY 4.0>	Mission College: Introductory Statistics
content-pool/a5a573fBinomial20/a5a573fBinomial20.json	CC-BY-4.0	https://creativecommons.org/licenses/by/4.0/ <CC BY 4.0>	Mission College: Introductory Statistics
content-pool/a5a573fBinomial8/a5a573fBinomial8.json	CC-BY-4.0	https://creativecommons.org/licenses/by/4.0/ <CC BY 4.0>	Mission College: Introductory Statistics
content-pool/a5a6756chainrule4/a5a6756chainrule4.json	CC-BY-4.0	https://creativecommons.org/licenses/by/4.0/ <CC BY 4.0>	Solid Foundations: Calculus Part 1
content-pool/a5a6756deriv14/a5a6756deriv14.json	VACIA		Solid Foundations: Calculus Part 1
content-pool/a5a6756deriv6/a5a6756deriv6.json	VACIA		Solid Foundations: Calculus Part 1
content-pool/a5b26d4accuracy1/a5b26d4accuracy1.json	CC-BY-4.0	https://creativecommons.org/licenses/by/4.0/ <CC BY 4.0>	OpenStax: College Physics
content-pool/a5b26d4approximation3/a5b26d4approximation3.json	CC-BY-4.0	https://creativecommons.org/licenses/by/4.0/ <CC BY 4.0>	OpenStax: College Physics
content-pool/a5b26d4physical8/a5b26d4physical8.json	CC-BY-4.0	https://creativecommons.org/licenses/by/4.0/ <CC BY 4.0>	OpenStax: College Physics
content-pool/a5b6f42rationals18/a5b6f42rationals18.json	CC-BY-4.0	https://creativecommons.org/licenses/by/4.0/ <CC BY 4.0>	OpenStax: College Algebra
content-pool/a5b6f42rationals5/a5b6f42rationals5.json	CC-BY-4.0	https://creativecommons.org/licenses/by/4.0/ <CC BY 4.0>	OpenStax: College Algebra
content-pool/a5c2168rotation15/a5c2168rotation15.json	CC-BY-4.0	https://creativecommons.org/licenses/by/4.0/ <CC BY 4.0>	OpenStax: College Algebra
content-pool/a5c2168rotation9/a5c2168rotation9.json	CC-BY-4.0	https://creativecommons.org/licenses/by/4.0/ <CC BY 4.0>	OpenStax: College Algebra
content-pool/a5c70bfsquareroots19/a5c70bfsquareroots19.json	CC-BY-4.0	https://creativecommons.org/licenses/by/4.0/ <CC BY 4.0>	OpenStax: Elementary Algebra
content-pool/a5c70bfsquareroots29/a5c70bfsquareroots29.json	CC-BY-4.0	https://creativecommons.org/licenses/by/4.0/ <CC BY 4.0>	OpenStax: Elementary Algebra
content-pool/a5c95e8polyzero12/a5c95e8polyzero12.json	CC-BY-4.0	https://creativecommons.org/licenses/by/4.0/ <CC BY 4.0>	OpenStax: College Algebra
content-pool/a5c95e8polyzero25/a5c95e8polyzero25.json	CC-BY-4.0	https://creativecommons.org/licenses/by/4.0/ <CC BY 4.0>	OpenStax: College Algebra
content-pool/a5c95e8polyzero6/a5c95e8polyzero6.json	CC-BY-4.0	https://creativecommons.org/licenses/by/4.0/ <CC BY 4.0>	OpenStax: College Algebra
content-pool/a5ccaf6logarithmsandlogistic13/a5ccaf6logarithmsandlogistic13.json	CC-BY-4.0	https://creativecommons.org/licenses/by/4.0/ <CC BY 4.0>	OpenStax: College Algebra
content-pool/a5ccaf6logarithmsandlogistic5/a5ccaf6logarithmsandlogistic5.json	CC-BY-4.0	https://creativecommons.org/licenses/by/4.0/ <CC BY 4.0>	OpenStax: College Algebra
content-pool/a5d54dagcf15/a5d54dagcf15.json	CC-BY-4.0	https://creativecommons.org/licenses/by/4.0/ <CC BY 4.0>	OpenStax: Intermediate Algebra
content-pool/a5d54dagcf26/a5d54dagcf26.json	CC-BY-4.0	https://creativecommons.org/licenses/by/4.0/ <CC BY 4.0>	OpenStax: Intermediate Algebra
content-pool/a5d54dagcf9/a5d54dagcf9.json	CC-BY-4.0	https://creativecommons.org/licenses/by/4.0/ <CC BY 4.0>	OpenStax: Intermediate Algebra
content-pool/a5dd108exe19/a5dd108exe19.json	CC-BY-4.0	https://creativecommons.org/licenses/by/4.0/ <CC BY 4.0>	SJSU 1019S
content-pool/a5dd108exe30/a5dd108exe30.json	CC-BY-4.0	https://creativecommons.org/licenses/by/4.0/ <CC BY 4.0>	SJSU 1019S
content-pool/a5dd108gcf16/a5dd108gcf16.json	CC-BY-4.0	https://creativecommons.org/licenses/by/4.0/ <CC BY 4.0>	SJSU 1019S
content-pool/a5e282bSolvquad14/a5e282bSolvquad14.json	CC-BY-4.0	https://creativecommons.org/licenses/by/4.0/ <CC BY 4.0>	OpenStax: Intermediate Algebra
content-pool/a5e282bSolvquad24/a5e282bSolvquad24.json	CC-BY-4.0	https://creativecommons.org/licenses/by/4.0/ <CC BY 4.0>	OpenStax: Intermediate Algebra
content-pool/a5e282bSolvquad7/a5e282bSolvquad7.json	CC-BY-4.0	https://creativecommons.org/licenses/by/4.0/ <CC BY 4.0>	OpenStax: Intermediate Algebra
content-pool/a5f8927normal14/a5f8927normal14.json	CC-BY-4.0	https://creativecommons.org/licenses/by/4.0/ <CC BY 4.0>	Mission College: Introductory Statistics
content-pool/a5fb8e3cause1/a5fb8e3cause1.json	CC-BY-4.0	https://creativecommons.org/licenses/by/4.0/ <CC BY 4.0>	Data 8 Discussion Worksheets
content-pool/a5fd810distance16/a5fd810distance16.json	CC-BY-4.0	https://creativecommons.org/licenses/by/4.0/ <CC BY 4.0>	OpenStax: Intermediate Algebra
content-pool/a5fd810distance26/a5fd810distance26.json	CC-BY-4.0	https://creativecommons.org/licenses/by/4.0/ <CC BY 4.0>	OpenStax: Intermediate Algebra
content-pool/a5fd810distance9/a5fd810distance9.json	CC-BY-4.0	https://creativecommons.org/licenses/by/4.0/ <CC BY 4.0>	OpenStax: Intermediate Algebra
content-pool/a6014eaSubAdd19/a6014eaSubAdd19.json	CC-BY-4.0	https://creativecommons.org/licenses/by/4.0/ <CC BY 4.0>	OpenStax: Elementary Algebra
content-pool/a6014eaSubAdd29/a6014eaSubAdd29.json	CC-BY-4.0	https://creativecommons.org/licenses/by/4.0/ <CC BY 4.0>	OpenStax: Elementary Algebra
content-pool/a6014eaSubAdd9/a6014eaSubAdd9.json	CC-BY-4.0	https://creativecommons.org/licenses/by/4.0/ <CC BY 4.0>	OpenStax: Elementary Algebra
content-pool/a60909cdistprop3/a60909cdistprop3.json	VACIA		SJSU 1018
content-pool/a60a373solverat13/a60a373solverat13.json	CC-BY-4.0	https://creativecommons.org/licenses/by/4.0/ <CC BY 4.0>	OpenStax: Elementary Algebra
content-pool/a60a373solverat23/a60a373solverat23.json	CC-BY-4.0	https://creativecommons.org/licenses/by/4.0/ <CC BY 4.0>	OpenStax: Elementary Algebra
content-pool/a60a373solverat8/a60a373solverat8.json	CC-BY-4.0	https://creativecommons.org/licenses/by/4.0/ <CC BY 4.0>	OpenStax: Elementary Algebra
content-pool/a612a9eprop5/a612a9eprop5.json	CC-BY-4.0	https://creativecommons.org/licenses/by/4.0/ <CC BY 4.0>	OpenStax: Introductory Stats
content-pool/a6143e5real15/a6143e5real15.json	CC-BY-4.0	https://creativecommons.org/licenses/by/4.0/ <CC BY 4.0>	OpenStax: Pre-Calculus
content-pool/a6143e5real25/a6143e5real25.json	CC-BY-4.0	https://creativecommons.org/licenses/by/4.0/ <CC BY 4.0>	OpenStax: Pre-Calculus
content-pool/a61c721rational12/a61c721rational12.json	CC-BY-4.0	https://creativecommons.org/licenses/by/4.0/ <CC BY 4.0>	OpenStax: College Algebra
content-pool/a61c721rational22/a61c721rational22.json	VACIA		OpenStax: College Algebra
content-pool/a623746multistep12/a623746multistep12.json	VACIA		SJSU 1018
content-pool/a623746multistep5/a623746multistep5.json	VACIA		SJSU 1018
content-pool/a62d4a8factoring15/a62d4a8factoring15.json	CC-BY-4.0	https://creativecommons.org/licenses/by/4.0/ <CC BY 4.0>	OpenStax: Elementary Algebra
content-pool/a62d4a8factoring25/a62d4a8factoring25.json	CC-BY-4.0	https://creativecommons.org/licenses/by/4.0/ <CC BY 4.0>	OpenStax: Elementary Algebra
content-pool/a634847gravitation12/a634847gravitation12.json	VACIA		OpenStax: University Physics
content-pool/a634847gravitation4/a634847gravitation4.json	VACIA		OpenStax: University Physics
content-pool/a6348524.4miata1/a6348524.4miata1.json	CC-BY-4.0	https://creativecommons.org/licenses/by/4.0/ <CC BY 4.0>	Mission College: Introductory Statistics
content-pool/a63563bnewton12/a63563bnewton12.json	VACIA		OpenStax: Calculus Volume 1
content-pool/a63563bnewton22/a63563bnewton22.json	VACIA		OpenStax: Calculus Volume 1
content-pool/a63563bnewton5/a63563bnewton5.json	VACIA		OpenStax: Calculus Volume 1
content-pool/a638351distmono15/a638351distmono15.json	VACIA		SJSU 1018
content-pool/a638e1chypo3/a638e1chypo3.json	CC-BY-4.0	https://creativecommons.org/licenses/by/4.0/ <CC BY 4.0>	Mission College: Introductory Statistics
content-pool/a640c04S25M1Q2B/a640c04S25M1Q2B.json	URL-NO-LICENCIA	=oer https://ds100.org/sp26/assets/exams/fa25/fa25_final_sol.pdf	Combined Data100 Worksheets
content-pool/a642536polar15/a642536polar15.json	CC-BY-4.0	https://creativecommons.org/licenses/by/4.0/ <CC BY 4.0>	OpenStax: Pre-Calculus
content-pool/a642536polar25/a642536polar25.json	CC-BY-4.0	https://creativecommons.org/licenses/by/4.0/ <CC BY 4.0>	OpenStax: Pre-Calculus
content-pool/a649252angle13/a649252angle13.json	VACIA		OpenStax: Pre-Calculus
content-pool/a649252angle25/a649252angle25.json	VACIA		OpenStax: Pre-Calculus
content-pool/a649252angle38/a649252angle38.json	VACIA		OpenStax: Pre-Calculus
content-pool/a649252angle5/a649252angle5.json	VACIA		OpenStax: Pre-Calculus
content-pool/a649fc5linear18/a649fc5linear18.json	VACIA		SJSU Calculus 1 (Quiz Collection)
content-pool/a65ae04inequalities16/a65ae04inequalities16.json	CC-BY-4.0	https://creativecommons.org/licenses/by/4.0/ <CC BY 4.0>	OpenStax: Intermediate Algebra
content-pool/a65ae04inequalities26/a65ae04inequalities26.json	CC-BY-4.0	https://creativecommons.org/licenses/by/4.0/ <CC BY 4.0>	OpenStax: Intermediate Algebra
content-pool/a65ae04inequalities9/a65ae04inequalities9.json	CC-BY-4.0	https://creativecommons.org/licenses/by/4.0/ <CC BY 4.0>	OpenStax: Intermediate Algebra
content-pool/a6614c6sol19/a6614c6sol19.json	CC-BY-4.0	https://creativecommons.org/licenses/by/4.0/ <CC BY 4.0>	OpenStax: Elementary Algebra
content-pool/a6614c6sol7/a6614c6sol7.json	CC-BY-4.0	https://creativecommons.org/licenses/by/4.0/ <CC BY 4.0>	OpenStax: Elementary Algebra
content-pool/a662caelawsin2/a662caelawsin2.json	VACIA		OpenStax: Pre-Calculus
content-pool/a664eb9bin12/a664eb9bin12.json	CC-BY-4.0	https://creativecommons.org/licenses/by/4.0/ <CC BY 4.0>	OpenStax: Intermediate Algebra
content-pool/a664eb9bin22/a664eb9bin22.json	CC-BY-4.0	https://creativecommons.org/licenses/by/4.0/ <CC BY 4.0>	OpenStax: Intermediate Algebra
content-pool/a664eb9bin5/a664eb9bin5.json	CC-BY-4.0	https://creativecommons.org/licenses/by/4.0/ <CC BY 4.0>	OpenStax: Intermediate Algebra
content-pool/a666a84A213-exploginverse-P07/a666a84A213-exploginverse-P07.json	OTRO	CC4.0	Solid Foundations: Algebra
content-pool/a66decea2d77b8chainrule12/a66decea2d77b8chainrule12.json	CC-BY-4.0	https://creativecommons.org/licenses/by/4.0/ <CC BY 4.0>	Matematik 4
content-pool/a675767Ellipses12/a675767Ellipses12.json	CC-BY-4.0	https://creativecommons.org/licenses/by/4.0/ <CC BY 4.0>	OpenStax: Intermediate Algebra
content-pool/a675767Ellipses22/a675767Ellipses22.json	CC-BY-4.0	https://creativecommons.org/licenses/by/4.0/ <CC BY 4.0>	OpenStax: Intermediate Algebra
content-pool/a675767Ellipses5/a675767Ellipses5.json	CC-BY-4.0	https://creativecommons.org/licenses/by/4.0/ <CC BY 4.0>	OpenStax: Intermediate Algebra
content-pool/a67bbc4decimals26/a67bbc4decimals26.json	CC-BY-4.0	https://creativecommons.org/licenses/by/4.0/ <CC BY 4.0>	SJSU 1018
content-pool/a67bbc4reducefrac6/a67bbc4reducefrac6.json	VACIA		SJSU 1018
content-pool/a69a61eineq18/a69a61eineq18.json	VACIA		SJSU 1018
content-pool/a69a61eineq8/a69a61eineq8.json	VACIA		SJSU 1018
content-pool/a69a9c8rate18/a69a9c8rate18.json	CC-BY-4.0	https://creativecommons.org/licenses/by/4.0/ <CC BY 4.0>	Math Basics for Physics
content-pool/a69a9c8rates1/a69a9c8rates1.json	CC-BY-4.0	https://creativecommons.org/licenses/by/4.0/ <CC BY 4.0>	Math Basics for Physics
content-pool/a6a1924multprop13/a6a1924multprop13.json	VACIA		SJSU 1018
content-pool/a6a6a73inverse11/a6a6a73inverse11.json	CC-BY-4.0	https://creativecommons.org/licenses/by/4.0/ <CC BY 4.0>	OpenStax: Pre-Calculus
content-pool/a6a6a73inverse21/a6a6a73inverse21.json	CC-BY-4.0	https://creativecommons.org/licenses/by/4.0/ <CC BY 4.0>	OpenStax: Pre-Calculus
content-pool/a6a6a73inverse4/a6a6a73inverse4.json	CC-BY-4.0	https://creativecommons.org/licenses/by/4.0/ <CC BY 4.0>	OpenStax: Pre-Calculus
content-pool/a6b05b8poly12/a6b05b8poly12.json	VACIA		SJSU 1018
content-pool/a6b05b8poly9/a6b05b8poly9.json	VACIA		SJSU 1018
content-pool/a6b9f29radfunc19/a6b9f29radfunc19.json	CC-BY-4.0	https://creativecommons.org/licenses/by/4.0/ <CC BY 4.0>	OpenStax: Intermediate Algebra
content-pool/a6b9f29radfunc29/a6b9f29radfunc29.json	CC-BY-4.0	https://creativecommons.org/licenses/by/4.0/ <CC BY 4.0>	OpenStax: Intermediate Algebra
content-pool/a6c1cc5T311-invtrigdef-P04/a6c1cc5T311-invtrigdef-P04.json	OTRO	CC4.0	Solid Foundations: Trigonometry
content-pool/a6c9e74DerivativeFunction4/a6c9e74DerivativeFunction4.json	VACIA		Solid Foundations: Calculus Part 1
content-pool/a6c9e74def14/a6c9e74def14.json	VACIA		Solid Foundations: Calculus Part 1
content-pool/a6c9e74def24/a6c9e74def24.json	VACIA		Solid Foundations: Calculus Part 1
content-pool/a6ca47dc5/a6ca47dc5.json	VACIA		SJSU Calculus 1 (Quiz Collection)
content-pool/a6cbbb5deriv5/a6cbbb5deriv5.json	VACIA		SJSU Calculus 1 (Quiz Collection)
content-pool/a6cf981T222-identanglesum-P08/a6cf981T222-identanglesum-P08.json	VACIA		Solid Foundations: Trigonometry
content-pool/a6d0007exp14/a6d0007exp14.json	CC-BY-4.0	https://creativecommons.org/licenses/by/4.0/ <CC BY 4.0>	OpenStax: College Algebra
content-pool/a6d0007exp24/a6d0007exp24.json	CC-BY-4.0	https://creativecommons.org/licenses/by/4.0/ <CC BY 4.0>	OpenStax: College Algebra
content-pool/a6d440d7.3q11/a6d440d7.3q11.json	CC-BY-4.0	https://creativecommons.org/licenses/by/4.0/ <CC BY 4.0>	OpenStax: Introductory Stats
content-pool/a6d440d7.3q8/a6d440d7.3q8.json	CC-BY-4.0	https://creativecommons.org/licenses/by/4.0/ <CC BY 4.0>	OpenStax: Introductory Stats
content-pool/a6dd06fA131-fracequiv-P10/a6dd06fA131-fracequiv-P10.json	VACIA		Solid Foundations: Algebra
content-pool/a6deb51T321-invtriggraph-P07/a6deb51T321-invtriggraph-P07.json	OTRO	CC4.0	Solid Foundations: Trigonometry
content-pool/a6dffedreal18/a6dffedreal18.json	CC-BY-4.0	https://creativecommons.org/licenses/by/4.0/ <CC BY 4.0>	OpenStax: Pre-Calculus
content-pool/a6dffedreal28/a6dffedreal28.json	CC-BY-4.0	https://creativecommons.org/licenses/by/4.0/ <CC BY 4.0>	OpenStax: Pre-Calculus
content-pool/a6e12dcextrema10/a6e12dcextrema10.json	VACIA		OpenStax: Calculus Volume 1
content-pool/a6e12dcextrema20/a6e12dcextrema20.json	VACIA		OpenStax: Calculus Volume 1
content-pool/a6e12dcextrema8/a6e12dcextrema8.json	VACIA		OpenStax: Calculus Volume 1
content-pool/a6e13b4MVT4/a6e13b4MVT4.json	VACIA		OpenStax: Calculus Volume 1
content-pool/a6ead19multiplingyrational21/a6ead19multiplingyrational21.json	CC-BY-4.0	https://creativecommons.org/licenses/by/4.0/ <CC BY 4.0>	OpenStax: Elementary Algebra
content-pool/a6ead19multiplyingrationals10/a6ead19multiplyingrationals10.json	CC-BY-4.0	https://creativecommons.org/licenses/by/4.0/ <CC BY 4.0>	OpenStax: Elementary Algebra
content-pool/a6ead19multiplyingrationals9/a6ead19multiplyingrationals9.json	CC-BY-4.0	https://creativecommons.org/licenses/by/4.0/ <CC BY 4.0>	OpenStax: Elementary Algebra
content-pool/a6ec5faothertrig10/a6ec5faothertrig10.json	CC-BY-4.0	https://creativecommons.org/licenses/by/4.0/ <CC BY 4.0>	OpenStax: Pre-Calculus
content-pool/a6ec5faothertrig20/a6ec5faothertrig20.json	CC-BY-4.0	https://creativecommons.org/licenses/by/4.0/ <CC BY 4.0>	OpenStax: Pre-Calculus
content-pool/a6ec5faothertrig30/a6ec5faothertrig30.json	CC-BY-4.0	https://creativecommons.org/licenses/by/4.0/ <CC BY 4.0>	OpenStax: Pre-Calculus
content-pool/a6f06c3real13/a6f06c3real13.json	CC-BY-4.0	https://creativecommons.org/licenses/by/4.0/ <CC BY 4.0>	OpenStax: Pre-Calculus
content-pool/a6f06c3real23/a6f06c3real23.json	CC-BY-4.0	https://creativecommons.org/licenses/by/4.0/ <CC BY 4.0>	OpenStax: Pre-Calculus
content-pool/a6f06c3real6/a6f06c3real6.json	CC-BY-4.0	https://creativecommons.org/licenses/by/4.0/ <CC BY 4.0>	OpenStax: Pre-Calculus
content-pool/a6f9727real16/a6f9727real16.json	CC-BY-4.0	https://creativecommons.org/licenses/by/4.0/ <CC BY 4.0>	OpenStax: College Algebra
content-pool/a6f9727real26/a6f9727real26.json	CC-BY-4.0	https://creativecommons.org/licenses/by/4.0/ <CC BY 4.0>	OpenStax: College Algebra
content-pool/a7077a0A111-algdef-P02/a7077a0A111-algdef-P02.json	OTRO	CC4.0	Solid Foundations: Algebra
content-pool/a7079e8inverse15/a7079e8inverse15.json	VACIA		OpenStax: Calculus Volume 1
content-pool/a7079e8inverse25/a7079e8inverse25.json	VACIA		OpenStax: Calculus Volume 1
content-pool/a70d110lang4/a70d110lang4.json	CC-BY-4.0	https://creativecommons.org/licenses/by/4.0/ <CC BY 4.0>	SJSU 1018
content-pool/a70d110whole17/a70d110whole17.json	CC-BY-4.0	https://creativecommons.org/licenses/by/4.0/ <CC BY 4.0>	SJSU 1018
content-pool/a70ee94pythagorean7/a70ee94pythagorean7.json	CC-BY-4.0	https://creativecommons.org/licenses/by/4.0/ <CC BY 4.0>	SJSU 1019S
content-pool/a7139feFormula17/a7139feFormula17.json	CC-BY-4.0	https://creativecommons.org/licenses/by/4.0/ <CC BY 4.0>	SJSU 1019S
content-pool/a7139feFormula7/a7139feFormula7.json	CC-BY-4.0	https://creativecommons.org/licenses/by/4.0/ <CC BY 4.0>	SJSU 1019S
content-pool/a72a45crow10_p1/a72a45crow10_p1.json	URL-NO-LICENCIA	=oer https://ds100.org/sp26/assets/exams/fa25/fa25_final_sol.pdf	Combined Data100 Worksheets
content-pool/a736a57T3-diag-P04/a736a57T3-diag-P04.json	OTRO	CC4.0	Solid Foundations: Trigonometry
content-pool/a73b129counting10/a73b129counting10.json	OTRO	openstax	OpenStax: Pre-Calculus
content-pool/a73b129counting20/a73b129counting20.json	OTRO	openstax	OpenStax: Pre-Calculus
content-pool/a73b129counting30/a73b129counting30.json	OTRO	openstax	OpenStax: Pre-Calculus
content-pool/a73ccaalimits15/a73ccaalimits15.json	VACIA		OpenStax: Calculus Volume 1
content-pool/a73ccaalimits25/a73ccaalimits25.json	VACIA		OpenStax: Calculus Volume 1
content-pool/a73cd4bprobbasic12/a73cd4bprobbasic12.json	CC-BY-4.0	https://creativecommons.org/licenses/by/4.0/ <CC BY 4.0>	OpenStax: Introductory Stats
content-pool/a73cd4bprobbasic22/a73cd4bprobbasic22.json	CC-BY-4.0	https://creativecommons.org/licenses/by/4.0/ <CC BY 4.0>	OpenStax: Introductory Stats
content-pool/a746c1bFactoring1/a746c1bFactoring1.json	CC-BY-4.0	https://creativecommons.org/licenses/by/4.0/ <CC BY 4.0>	OpenStax: Intermediate Algebra
content-pool/a746c1bFactoring6/a746c1bFactoring6.json	CC-BY-4.0	https://creativecommons.org/licenses/by/4.0/ <CC BY 4.0>	OpenStax: Intermediate Algebra
content-pool/a746c1bfactoringpoly2/a746c1bfactoringpoly2.json	CC-BY-4.0	https://creativecommons.org/licenses/by/4.0/ <CC BY 4.0>	OpenStax: Intermediate Algebra
content-pool/a750210trig12/a750210trig12.json	VACIA		OpenStax: Calculus Volume 1
content-pool/a750210trig22/a750210trig22.json	VACIA		OpenStax: Calculus Volume 1
content-pool/a750210trig9/a750210trig9.json	VACIA		OpenStax: Calculus Volume 1
content-pool/a755010polynomial19/a755010polynomial19.json	CC-BY-4.0	https://creativecommons.org/licenses/by/4.0/ <CC BY 4.0>	OpenStax: Pre-Calculus
content-pool/a755010polynomial5/a755010polynomial5.json	CC-BY-4.0	https://creativecommons.org/licenses/by/4.0/ <CC BY 4.0>	OpenStax: Pre-Calculus
content-pool/a7587b3rotational15/a7587b3rotational15.json	CC-BY-4.0	https://creativecommons.org/licenses/by/4.0/ <CC BY 4.0>	OpenStax: College Physics
content-pool/a75a1f8standard11/a75a1f8standard11.json	CC-BY-4.0	https://creativecommons.org/licenses/by/4.0/ <CC BY 4.0>	Mission College: Introductory Statistics
content-pool/a75a1f8standard8/a75a1f8standard8.json	CC-BY-4.0	https://creativecommons.org/licenses/by/4.0/ <CC BY 4.0>	Mission College: Introductory Statistics
content-pool/a75d03cRecCord18/a75d03cRecCord18.json	CC-BY-4.0	https://creativecommons.org/licenses/by/4.0/ <CC BY 4.0>	OpenStax: College Algebra
content-pool/a75d03cRecCord4/a75d03cRecCord4.json	CC-BY-4.0	https://creativecommons.org/licenses/by/4.0/ <CC BY 4.0>	OpenStax: College Algebra
content-pool/a767c30T221-identpyth-P06/a767c30T221-identpyth-P06.json	OTRO	CC4.0	Solid Foundations: Trigonometry
content-pool/a76e5d4tab3/a76e5d4tab3.json	CC-BY-4.0	https://creativecommons.org/licenses/by/4.0/ <CC BY 4.0>	Data 8 Discussion Worksheets
content-pool/a76f136limits16/a76f136limits16.json	CC-BY-4.0	https://creativecommons.org/licenses/by/4.0/ <CC BY 4.0>	OpenStax: Pre-Calculus
content-pool/a76f136limits28/a76f136limits28.json	CC-BY-4.0	https://creativecommons.org/licenses/by/4.0/ <CC BY 4.0>	OpenStax: Pre-Calculus
content-pool/a7811e5normal12/a7811e5normal12.json	CC-BY-4.0	https://creativecommons.org/licenses/by/4.0/ <CC BY 4.0>	OpenStax: Introductory Stats
content-pool/a7811e5normal9/a7811e5normal9.json	CC-BY-4.0	https://creativecommons.org/licenses/by/4.0/ <CC BY 4.0>	OpenStax: Introductory Stats
content-pool/a78ba6esubsitution19/a78ba6esubsitution19.json	CC-BY-4.0	https://creativecommons.org/licenses/by/4.0/ <CC BY 4.0>	OpenStax: Elementary Algebra
content-pool/a790ea1type10/a790ea1type10.json	CC-BY-4.0	https://creativecommons.org/licenses/by/4.0/ <CC BY 4.0>	Mission College: Introductory Statistics
content-pool/a790ea1type7/a790ea1type7.json	CC-BY-4.0	https://creativecommons.org/licenses/by/4.0/ <CC BY 4.0>	Mission College: Introductory Statistics
content-pool/a79a53dgood3/a79a53dgood3.json	VACIA		OpenStax: Introductory Stats
content-pool/a79dde1funccomp101/a79dde1funccomp101.json	VACIA		Pre-Calculus Essentials (UC Berkeley Math 1B)
content-pool/a79dde1funccomp3/a79dde1funccomp3.json	VACIA		Pre-Calculus Essentials (UC Berkeley Math 1B)
content-pool/a7b6395A141-algprac-P10/a7b6395A141-algprac-P10.json	OTRO	CC4.0	Solid Foundations: Algebra
content-pool/a7b7c31limits21/a7b7c31limits21.json	VACIA		SJSU Calculus 1 (Quiz Collection)
content-pool/a7b98f9composition14/a7b98f9composition14.json	CC-BY-4.0	https://creativecommons.org/licenses/by/4.0/ <CC BY 4.0>	OpenStax: College Algebra
content-pool/a7b98f9composition24/a7b98f9composition24.json	CC-BY-4.0	https://creativecommons.org/licenses/by/4.0/ <CC BY 4.0>	OpenStax: College Algebra
content-pool/a7c4d8321/a7c4d8321.json	CC-BY-4.0	https://creativecommons.org/licenses/by/4.0/ <CC BY 4.0>	OpenStax: College Physics
content-pool/a7c4d83average_speed5/a7c4d83average_speed5.json	CC-BY-4.0	https://creativecommons.org/licenses/by/4.0/ <CC BY 4.0>	OpenStax: College Physics
content-pool/a7d2c45Arithseq15/a7d2c45Arithseq15.json	CC-BY-4.0	https://creativecommons.org/licenses/by/4.0/ <CC BY 4.0>	OpenStax: Intermediate Algebra
content-pool/a7d2c45Arithseq25/a7d2c45Arithseq25.json	CC-BY-4.0	https://creativecommons.org/licenses/by/4.0/ <CC BY 4.0>	OpenStax: Intermediate Algebra
content-pool/a7db3eepoly_gcf_1/a7db3eepoly_gcf_1.json	VACIA		SJSU 1018
content-pool/a7db3eepolygcf5/a7db3eepolygcf5.json	VACIA		SJSU 1018
content-pool/a7dc5fftransformation15/a7dc5fftransformation15.json	CC-BY-4.0	https://creativecommons.org/licenses/by/4.0/ <CC BY 4.0>	OpenStax: College Algebra
content-pool/a7dc5fftransformation3/a7dc5fftransformation3.json	CC-BY-4.0	https://creativecommons.org/licenses/by/4.0/ <CC BY 4.0>	OpenStax: College Algebra
content-pool/a7e096bFormula22/a7e096bFormula22.json	CC-BY-4.0	https://creativecommons.org/licenses/by/4.0/ <CC BY 4.0>	SJSU 1019S
content-pool/a7e096bGenStr10/a7e096bGenStr10.json	CC-BY-4.0	https://creativecommons.org/licenses/by/4.0/ <CC BY 4.0>	SJSU 1019S
content-pool/a7e096bGenStr3/a7e096bGenStr3.json	CC-BY-4.0	https://creativecommons.org/licenses/by/4.0/ <CC BY 4.0>	SJSU 1019S
content-pool/a7ea646graph13/a7ea646graph13.json	CC-BY-4.0	https://creativecommons.org/licenses/by/4.0/ <CC BY 4.0>	OpenStax: College Algebra
content-pool/a7ea646graph23/a7ea646graph23.json	CC-BY-4.0	https://creativecommons.org/licenses/by/4.0/ <CC BY 4.0>	OpenStax: College Algebra
content-pool/a7ea646graph4/a7ea646graph4.json	CC-BY-4.0	https://creativecommons.org/licenses/by/4.0/ <CC BY 4.0>	OpenStax: College Algebra
content-pool/a7ecb8ffactoring14/a7ecb8ffactoring14.json	CC-BY-4.0	https://creativecommons.org/licenses/by/4.0/ <CC BY 4.0>	OpenStax: Intermediate Algebra
content-pool/a7fd07f5.1continuous2/a7fd07f5.1continuous2.json	CC-BY-4.0	https://creativecommons.org/licenses/by/4.0/ <CC BY 4.0>	OpenStax: Introductory Stats
content-pool/a805812corr4/a805812corr4.json	CC-BY-4.0	https://creativecommons.org/licenses/by/4.0/ <CC BY 4.0>	OpenStax: Introductory Stats
content-pool/a80f26flinear16/a80f26flinear16.json	CC-BY-4.0	https://creativecommons.org/licenses/by/4.0/ <CC BY 4.0>	Mission College: Introductory Statistics
content-pool/a81d715SolRadical11/a81d715SolRadical11.json	CC-BY-4.0	https://creativecommons.org/licenses/by/4.0/ <CC BY 4.0>	OpenStax: Intermediate Algebra
content-pool/a81d715SolRadical21/a81d715SolRadical21.json	CC-BY-4.0	https://creativecommons.org/licenses/by/4.0/ <CC BY 4.0>	OpenStax: Intermediate Algebra
content-pool/a81d715SolRadical4/a81d715SolRadical4.json	CC-BY-4.0	https://creativecommons.org/licenses/by/4.0/ <CC BY 4.0>	OpenStax: Intermediate Algebra
content-pool/a8274f3A231-lawsexpproduct-P07/a8274f3A231-lawsexpproduct-P07.json	OTRO	CC4.0	Solid Foundations: Algebra
content-pool/a82acbdstat5/a82acbdstat5.json	CC-BY-4.0	https://creativecommons.org/licenses/by/4.0/ <CC BY 4.0>	Mission College: Introductory Statistics
content-pool/a82e37dA232-lawsexpquotient-P07/a82e37dA232-lawsexpquotient-P07.json	OTRO	CC4.0	Solid Foundations: Algebra
content-pool/a82ea5csubstitution16/a82ea5csubstitution16.json	VACIA		OpenStax: Calculus Volume 1
content-pool/a82ea5csubstitution8/a82ea5csubstitution8.json	VACIA		OpenStax: Calculus Volume 1
content-pool/a833c22linear11/a833c22linear11.json	CC-BY-4.0	https://creativecommons.org/licenses/by/4.0/ <CC BY 4.0>	OpenStax: College Algebra
content-pool/a833c22linear21/a833c22linear21.json	CC-BY-4.0	https://creativecommons.org/licenses/by/4.0/ <CC BY 4.0>	OpenStax: College Algebra
content-pool/a833c22linear5/a833c22linear5.json	CC-BY-4.0	https://creativecommons.org/licenses/by/4.0/ <CC BY 4.0>	OpenStax: College Algebra
content-pool/a838a73vectoranalytical3new/a838a73vectoranalytical3new.json	CC-BY-4.0	https://creativecommons.org/licenses/by/4.0/ <CC BY 4.0>	OpenStax: College Physics
content-pool/a838a73vectorgraphical5/a838a73vectorgraphical5.json	CC-BY-4.0	https://creativecommons.org/licenses/by/4.0/ <CC BY 4.0>	OpenStax: College Physics
content-pool/a83b2ddmodel15/a83b2ddmodel15.json	VACIA		OpenStax: Pre-Calculus
content-pool/a83b2ddmodel25/a83b2ddmodel25.json	VACIA		OpenStax: Pre-Calculus
content-pool/a8435depolynomial13/a8435depolynomial13.json	CC-BY-4.0	https://creativecommons.org/licenses/by/4.0/ <CC BY 4.0>	OpenStax: Pre-Calculus
content-pool/a8435depolynomial23/a8435depolynomial23.json	CC-BY-4.0	https://creativecommons.org/licenses/by/4.0/ <CC BY 4.0>	OpenStax: Pre-Calculus
content-pool/a8435depolynomial6/a8435depolynomial6.json	CC-BY-4.0	https://creativecommons.org/licenses/by/4.0/ <CC BY 4.0>	OpenStax: Pre-Calculus
content-pool/a846989decimals16/a846989decimals16.json	CC-BY-4.0	https://creativecommons.org/licenses/by/4.0/ <CC BY 4.0>	SJSU 1018
content-pool/a846989decimals9/a846989decimals9.json	CC-BY-4.0	https://creativecommons.org/licenses/by/4.0/ <CC BY 4.0>	SJSU 1018
content-pool/a8583b4FracDec19/a8583b4FracDec19.json	CC-BY-4.0	https://creativecommons.org/licenses/by/4.0/ <CC BY 4.0>	OpenStax: Elementary Algebra
content-pool/a8583b4FracDec29/a8583b4FracDec29.json	CC-BY-4.0	https://creativecommons.org/licenses/by/4.0/ <CC BY 4.0>	OpenStax: Elementary Algebra
content-pool/a85f143Inequality3/a85f143Inequality3.json	CC-BY-4.0	https://creativecommons.org/licenses/by/4.0/ <CC BY 4.0>	SJSU 1019S
content-pool/a85f143linear13/a85f143linear13.json	CC-BY-4.0	https://creativecommons.org/licenses/by/4.0/ <CC BY 4.0>	SJSU 1019S
content-pool/a870b02DivMul15/a870b02DivMul15.json	CC-BY-4.0	https://creativecommons.org/licenses/by/4.0/ <CC BY 4.0>	OpenStax: Elementary Algebra
content-pool/a870b02DivMul25/a870b02DivMul25.json	CC-BY-4.0	https://creativecommons.org/licenses/by/4.0/ <CC BY 4.0>	OpenStax: Elementary Algebra
content-pool/a870b02DivMul35/a870b02DivMul35.json	CC-BY-4.0	https://creativecommons.org/licenses/by/4.0/ <CC BY 4.0>	OpenStax: Elementary Algebra
content-pool/a870b02DivMul9/a870b02DivMul9.json	CC-BY-4.0	https://creativecommons.org/licenses/by/4.0/ <CC BY 4.0>	OpenStax: Elementary Algebra
content-pool/a873512coordinates19/a873512coordinates19.json	CC-BY-4.0	https://creativecommons.org/licenses/by/4.0/ <CC BY 4.0>	SJSU 1018
content-pool/a873512coordinates29/a873512coordinates29.json	CC-BY-4.0	https://creativecommons.org/licenses/by/4.0/ <CC BY 4.0>	SJSU 1018
content-pool/a876364momentum11/a876364momentum11.json	CC-BY-4.0	https://creativecommons.org/licenses/by/4.0/ <CC BY 4.0>	OpenStax: College Physics
content-pool/a876364momentum22/a876364momentum22.json	CC-BY-4.0	https://creativecommons.org/licenses/by/4.0/ <CC BY 4.0>	OpenStax: College Physics
content-pool/a876364momentum9/a876364momentum9.json	CC-BY-4.0	https://creativecommons.org/licenses/by/4.0/ <CC BY 4.0>	OpenStax: College Physics
content-pool/a8802f1std19/a8802f1std19.json	CC-BY-4.0	https://creativecommons.org/licenses/by/4.0/ <CC BY 4.0>	OpenStax: Introductory Stats
content-pool/a8824c9add11/a8824c9add11.json	CC-BY-4.0	https://creativecommons.org/licenses/by/4.0/ <CC BY 4.0>	SJSU 1019S
content-pool/a8824c9add27/a8824c9add27.json	CC-BY-4.0	https://creativecommons.org/licenses/by/4.0/ <CC BY 4.0>	SJSU 1019S
content-pool/a8824c9use15/a8824c9use15.json	CC-BY-4.0	https://creativecommons.org/licenses/by/4.0/ <CC BY 4.0>	SJSU 1019S
content-pool/a883d8f5.3intro1/a883d8f5.3intro1.json	CC-BY-4.0	https://creativecommons.org/licenses/by/4.0/ <CC BY 4.0>	Mission College: Introductory Statistics
content-pool/a88aae9QuadEq10/a88aae9QuadEq10.json	CC-BY-4.0	https://creativecommons.org/licenses/by/4.0/ <CC BY 4.0>	OpenStax: Intermediate Algebra
content-pool/a88aae9QuadEq20/a88aae9QuadEq20.json	CC-BY-4.0	https://creativecommons.org/licenses/by/4.0/ <CC BY 4.0>	OpenStax: Intermediate Algebra
content-pool/a88aae9QuadEq30/a88aae9QuadEq30.json	CC-BY-4.0	https://creativecommons.org/licenses/by/4.0/ <CC BY 4.0>	OpenStax: Intermediate Algebra
content-pool/a88b451a394625deriv21/a88b451a394625deriv21.json	CC-BY-4.0	https://creativecommons.org/licenses/by/4.0/ <CC BY 4.0>	Matematik 4
content-pool/a88bf5afacts14/a88bf5afacts14.json	CC-BY-4.0	https://creativecommons.org/licenses/by/4.0/ <CC BY 4.0>	Mission College: Introductory Statistics
content-pool/a88c93efixedaxis1/a88c93efixedaxis1.json	CC-BY-4.0	https://creativecommons.org/licenses/by/4.0/ <CC BY 4.0>	OpenStax: University Physics
content-pool/a88c93efixedaxis2/a88c93efixedaxis2.json	CC-BY-4.0	https://creativecommons.org/licenses/by/4.0/ <CC BY 4.0>	OpenStax: University Physics
content-pool/a89b247ds100-fa17-final-Q17/a89b247ds100-fa17-final-Q17.json	URL-NO-LICENCIA	=oer https://ds100.org/su26/past-exams/	Combined Data100 Worksheets
content-pool/a89b247ds100-sp22-mt2-Q2/a89b247ds100-sp22-mt2-Q2.json	URL-NO-LICENCIA	=oer https://ds100.org/su26/past-exams/	Combined Data100 Worksheets
content-pool/a8ad46flog15/a8ad46flog15.json	CC-BY-4.0	https://creativecommons.org/licenses/by/4.0/ <CC BY 4.0>	OpenStax: Intermediate Algebra
content-pool/a8ad46flog25/a8ad46flog25.json	CC-BY-4.0	https://creativecommons.org/licenses/by/4.0/ <CC BY 4.0>	OpenStax: Intermediate Algebra
content-pool/a8ad46flog8/a8ad46flog8.json	CC-BY-4.0	https://creativecommons.org/licenses/by/4.0/ <CC BY 4.0>	OpenStax: Intermediate Algebra
content-pool/a8b65afdynamics12/a8b65afdynamics12.json	CC-BY-4.0	https://creativecommons.org/licenses/by/4.0/ <CC BY 4.0>	OpenStax: College Physics
content-pool/a8b65afdynamics22/a8b65afdynamics22.json	CC-BY-4.0	https://creativecommons.org/licenses/by/4.0/ <CC BY 4.0>	OpenStax: College Physics
content-pool/a8b65afdynamics9/a8b65afdynamics9.json	CC-BY-4.0	https://creativecommons.org/licenses/by/4.0/ <CC BY 4.0>	OpenStax: College Physics
content-pool/a8b6b9fLinear19/a8b6b9fLinear19.json	CC-BY-4.0	https://creativecommons.org/licenses/by/4.0/ <CC BY 4.0>	OpenStax: Intermediate Algebra
content-pool/a8b6b9fLinear29/a8b6b9fLinear29.json	CC-BY-4.0	https://creativecommons.org/licenses/by/4.0/ <CC BY 4.0>	OpenStax: Intermediate Algebra
content-pool/a8b76d1A223-lawsexpmisconcept-P03/a8b76d1A223-lawsexpmisconcept-P03.json	OTRO	CC4.0	Solid Foundations: Algebra
content-pool/a8ba05dlang18/a8ba05dlang18.json	CC-BY-4.0	https://creativecommons.org/licenses/by/4.0/ <CC BY 4.0>	SJSU 1018
content-pool/a8ba05dlang5/a8ba05dlang5.json	CC-BY-4.0	https://creativecommons.org/licenses/by/4.0/ <CC BY 4.0>	SJSU 1018
content-pool/a8c5fd6T213-trigvals-P05/a8c5fd6T213-trigvals-P05.json	VACIA		Solid Foundations: Trigonometry
content-pool/a8c8399ds100-fa19-mt2-Q6/a8c8399ds100-fa19-mt2-Q6.json	URL-NO-LICENCIA	=oer https://ds100.org/su26/past-exams/	Combined Data100 Worksheets
content-pool/a8c8399ds100-su20-final-Q4/a8c8399ds100-su20-final-Q4.json	URL-NO-LICENCIA	=oer https://ds100.org/su26/past-exams/	Combined Data100 Worksheets
content-pool/a8cc02freal16/a8cc02freal16.json	CC-BY-4.0	https://creativecommons.org/licenses/by/4.0/ <CC BY 4.0>	OpenStax: Pre-Calculus
content-pool/a8cc02freal26/a8cc02freal26.json	CC-BY-4.0	https://creativecommons.org/licenses/by/4.0/ <CC BY 4.0>	OpenStax: Pre-Calculus
content-pool/a8ce029A121-solveq-P01/a8ce029A121-solveq-P01.json	OTRO	CC4.0	Solid Foundations: Algebra
content-pool/a8ce029A121-solveq-P12/a8ce029A121-solveq-P12.json	OTRO	CC4.0	Solid Foundations: Algebra
content-pool/a8d511eDeterminant18/a8d511eDeterminant18.json	CC-BY-4.0	https://creativecommons.org/licenses/by/4.0/ <CC BY 4.0>	OpenStax: Intermediate Algebra
content-pool/a8d511eDeterminant28/a8d511eDeterminant28.json	CC-BY-4.0	https://creativecommons.org/licenses/by/4.0/ <CC BY 4.0>	OpenStax: Intermediate Algebra
content-pool/a8d81afgaussian10/a8d81afgaussian10.json	OTRO	openstax	OpenStax: Pre-Calculus
content-pool/a8d81afgaussian21/a8d81afgaussian21.json	OTRO	openstax	OpenStax: Pre-Calculus
content-pool/a8d81afgaussian7/a8d81afgaussian7.json	OTRO	openstax	OpenStax: Pre-Calculus
content-pool/a8e1cdaelasticity5/a8e1cdaelasticity5.json	CC-BY-4.0	https://creativecommons.org/licenses/by/4.0/ <CC BY 4.0>	OpenStax: College Physics
content-pool/a8e1cdafriction8/a8e1cdafriction8.json	CC-BY-4.0	https://creativecommons.org/licenses/by/4.0/ <CC BY 4.0>	OpenStax: College Physics
content-pool/a8e6481uni18/a8e6481uni18.json	CC-BY-4.0	https://creativecommons.org/licenses/by/4.0/ <CC BY 4.0>	OpenStax: Elementary Algebra
content-pool/a8e6481uni28/a8e6481uni28.json	CC-BY-4.0	https://creativecommons.org/licenses/by/4.0/ <CC BY 4.0>	OpenStax: Elementary Algebra
content-pool/a8ee2e6real10/a8ee2e6real10.json	CC-BY-4.0	https://creativecommons.org/licenses/by/4.0/ <CC BY 4.0>	OpenStax: Pre-Calculus
content-pool/a8ee2e6real20/a8ee2e6real20.json	CC-BY-4.0	https://creativecommons.org/licenses/by/4.0/ <CC BY 4.0>	OpenStax: Pre-Calculus
content-pool/a8ee2e6real30/a8ee2e6real30.json	CC-BY-4.0	https://creativecommons.org/licenses/by/4.0/ <CC BY 4.0>	OpenStax: Pre-Calculus
content-pool/a8f47f3deriv13/a8f47f3deriv13.json	VACIA		OpenStax: Calculus Volume 1
content-pool/a8f47f3deriv5/a8f47f3deriv5.json	VACIA		OpenStax: Calculus Volume 1
content-pool/a8ffef9inverses15/a8ffef9inverses15.json	CC-BY-4.0	https://creativecommons.org/licenses/by/4.0/ <CC BY 4.0>	OpenStax: College Algebra
content-pool/a8ffef9inverses26/a8ffef9inverses26.json	CC-BY-4.0	https://creativecommons.org/licenses/by/4.0/ <CC BY 4.0>	OpenStax: College Algebra
content-pool/a904dedmultdiveq11/a904dedmultdiveq11.json	VACIA		SJSU 1018
content-pool/a904dedmultdiveq7/a904dedmultdiveq7.json	VACIA		SJSU 1018
content-pool/a909d26DivMul3/a909d26DivMul3.json	CC-BY-4.0	https://creativecommons.org/licenses/by/4.0/ <CC BY 4.0>	SJSU 1019S
content-pool/a909d26SubAdd13/a909d26SubAdd13.json	CC-BY-4.0	https://creativecommons.org/licenses/by/4.0/ <CC BY 4.0>	SJSU 1019S
content-pool/a912db6arithmetic1/a912db6arithmetic1.json	CC-BY-4.0	https://creativecommons.org/licenses/by/4.0/ <CC BY 4.0>	OpenStax: College Algebra
content-pool/a912db6arithmetic7/a912db6arithmetic7.json	CC-BY-4.0	https://creativecommons.org/licenses/by/4.0/ <CC BY 4.0>	OpenStax: College Algebra
content-pool/a91e303graphhyper18/a91e303graphhyper18.json	CC-BY-4.0	https://creativecommons.org/licenses/by/4.0/ <CC BY 4.0>	OpenStax: Intermediate Algebra
content-pool/a91e303graphhyper28/a91e303graphhyper28.json	CC-BY-4.0	https://creativecommons.org/licenses/by/4.0/ <CC BY 4.0>	OpenStax: Intermediate Algebra
content-pool/a92ac99ds100-fa17-final-Q11/a92ac99ds100-fa17-final-Q11.json	URL-NO-LICENCIA	=oer https://ds100.org/su26/past-exams/	Combined Data100 Worksheets
content-pool/a949afaangmom15/a949afaangmom15.json	CC-BY-4.0	https://creativecommons.org/licenses/by/4.0/ <CC BY 4.0>	OpenStax: University Physics
content-pool/a949afaangmom6/a949afaangmom6.json	CC-BY-4.0	https://creativecommons.org/licenses/by/4.0/ <CC BY 4.0>	OpenStax: University Physics
content-pool/a94a0a4prediction5/a94a0a4prediction5.json	CC-BY-4.0	https://creativecommons.org/licenses/by/4.0/ <CC BY 4.0>	Mission College: Introductory Statistics
content-pool/a94b3d5means7/a94b3d5means7.json	CC-BY-4.0	https://creativecommons.org/licenses/by/4.0/ <CC BY 4.0>	OpenStax: Introductory Stats
content-pool/a95836f13.1assumption2/a95836f13.1assumption2.json	CC-BY-4.0	https://creativecommons.org/licenses/by/4.0/ <CC BY 4.0>	Mission College: Introductory Statistics
content-pool/a961302definite12/a961302definite12.json	VACIA		OpenStax: Calculus Volume 1
content-pool/a961302definite3/a961302definite3.json	VACIA		OpenStax: Calculus Volume 1
content-pool/a969466InverseFunc13/a969466InverseFunc13.json	VACIA		OpenStax: Calculus Volume 1
content-pool/a969466InverseFunc24/a969466InverseFunc24.json	VACIA		OpenStax: Calculus Volume 1
content-pool/a96f11611.6airline1/a96f11611.6airline1.json	CC-BY-4.0	https://creativecommons.org/licenses/by/4.0/ <CC BY 4.0>	Mission College: Introductory Statistics
content-pool/a970b2ahypergeometric11/a970b2ahypergeometric11.json	CC-BY-4.0	https://creativecommons.org/licenses/by/4.0/ <CC BY 4.0>	Mission College: Introductory Statistics
content-pool/a970b2ahypergeometric3/a970b2ahypergeometric3.json	CC-BY-4.0	https://creativecommons.org/licenses/by/4.0/ <CC BY 4.0>	Mission College: Introductory Statistics
content-pool/a975ae1MultDivInts13/a975ae1MultDivInts13.json	CC-BY-4.0	https://creativecommons.org/licenses/by/4.0/ <CC BY 4.0>	OpenStax: Intermediate Algebra
content-pool/a975ae1MultDivInts23/a975ae1MultDivInts23.json	CC-BY-4.0	https://creativecommons.org/licenses/by/4.0/ <CC BY 4.0>	OpenStax: Intermediate Algebra
content-pool/a975ae1MultDivInts6/a975ae1MultDivInts6.json	CC-BY-4.0	https://creativecommons.org/licenses/by/4.0/ <CC BY 4.0>	OpenStax: Intermediate Algebra
content-pool/a9790f0System16/a9790f0System16.json	CC-BY-4.0	https://creativecommons.org/licenses/by/4.0/ <CC BY 4.0>	OpenStax: Intermediate Algebra
content-pool/a9790f0System26/a9790f0System26.json	CC-BY-4.0	https://creativecommons.org/licenses/by/4.0/ <CC BY 4.0>	OpenStax: Intermediate Algebra
content-pool/a9790f0System9/a9790f0System9.json	CC-BY-4.0	https://creativecommons.org/licenses/by/4.0/ <CC BY 4.0>	OpenStax: Intermediate Algebra
content-pool/a97d67fcoordinates4/a97d67fcoordinates4.json	CC-BY-4.0	https://creativecommons.org/licenses/by/4.0/ <CC BY 4.0>	SJSU 1019S
content-pool/a982aa6gre17/a982aa6gre17.json	CC-BY-4.0	https://creativecommons.org/licenses/by/4.0/ <CC BY 4.0>	SJSU Calculus 1 (Quiz Collection)
content-pool/a985d52Square1/a985d52Square1.json	CC-BY-4.0	https://creativecommons.org/licenses/by/4.0/ <CC BY 4.0>	OpenStax: Elementary Algebra
content-pool/a985d52Square2/a985d52Square2.json	CC-BY-4.0	https://creativecommons.org/licenses/by/4.0/ <CC BY 4.0>	OpenStax: Elementary Algebra
content-pool/a985d52Square6/a985d52Square6.json	CC-BY-4.0	https://creativecommons.org/licenses/by/4.0/ <CC BY 4.0>	OpenStax: Elementary Algebra
content-pool/a98a015ds100-sp25-final-Q4a,Q4b/a98a015ds100-sp25-final-Q4a,Q4b.json	URL-NO-LICENCIA	=oer https://ds100.org/su26/past-exams/	Combined Data100 Worksheets
content-pool/a98b1afgraphlog15/a98b1afgraphlog15.json	CC-BY-4.0	https://creativecommons.org/licenses/by/4.0/ <CC BY 4.0>	OpenStax: College Algebra
content-pool/a98b1afgraphlog7/a98b1afgraphlog7.json	CC-BY-4.0	https://creativecommons.org/licenses/by/4.0/ <CC BY 4.0>	OpenStax: College Algebra
content-pool/a9981ababs12/a9981ababs12.json	CC-BY-4.0	https://creativecommons.org/licenses/by/4.0/ <CC BY 4.0>	OpenStax: College Algebra
content-pool/a9981ababs6/a9981ababs6.json	CC-BY-4.0	https://creativecommons.org/licenses/by/4.0/ <CC BY 4.0>	OpenStax: College Algebra
content-pool/a9ad3f8applications16/a9ad3f8applications16.json	CC-BY-4.0	https://creativecommons.org/licenses/by/4.0/ <CC BY 4.0>	OpenStax: Elementary Algebra
content-pool/a9ad3f8applications26/a9ad3f8applications26.json	CC-BY-4.0	https://creativecommons.org/licenses/by/4.0/ <CC BY 4.0>	OpenStax: Elementary Algebra
content-pool/a9ad3f8applications9/a9ad3f8applications9.json	CC-BY-4.0	https://creativecommons.org/licenses/by/4.0/ <CC BY 4.0>	OpenStax: Elementary Algebra
content-pool/a9ade3dRadicals25/a9ade3dRadicals25.json	CC-BY-4.0	https://creativecommons.org/licenses/by/4.0/ <CC BY 4.0>	OpenStax: Intermediate Algebra
content-pool/a9ae528add13/a9ae528add13.json	CC-BY-4.0	https://creativecommons.org/licenses/by/4.0/ <CC BY 4.0>	OpenStax: Elementary Algebra
content-pool/a9ae528add23/a9ae528add23.json	CC-BY-4.0	https://creativecommons.org/licenses/by/4.0/ <CC BY 4.0>	OpenStax: Elementary Algebra
content-pool/a9ae528add6/a9ae528add6.json	CC-BY-4.0	https://creativecommons.org/licenses/by/4.0/ <CC BY 4.0>	OpenStax: Elementary Algebra
content-pool/a9b0a01SolveGeometry8/a9b0a01SolveGeometry8.json	CC-BY-4.0	https://creativecommons.org/licenses/by/4.0/ <CC BY 4.0>	OpenStax: Elementary Algebra
content-pool/a9b0a01geo4/a9b0a01geo4.json	CC-BY-4.0	https://creativecommons.org/licenses/by/4.0/ <CC BY 4.0>	OpenStax: Elementary Algebra
content-pool/a9bee85sqroots17/a9bee85sqroots17.json	CC-BY-4.0	https://creativecommons.org/licenses/by/4.0/ <CC BY 4.0>	SJSU 1019S
content-pool/a9bee85sqroots28/a9bee85sqroots28.json	CC-BY-4.0	https://creativecommons.org/licenses/by/4.0/ <CC BY 4.0>	SJSU 1019S
content-pool/a9c142dVarCon19/a9c142dVarCon19.json	CC-BY-4.0	https://creativecommons.org/licenses/by/4.0/ <CC BY 4.0>	OpenStax: Elementary Algebra
content-pool/a9c142dVarCon29/a9c142dVarCon29.json	CC-BY-4.0	https://creativecommons.org/licenses/by/4.0/ <CC BY 4.0>	OpenStax: Elementary Algebra
content-pool/a9c142dVarCon9/a9c142dVarCon9.json	CC-BY-4.0	https://creativecommons.org/licenses/by/4.0/ <CC BY 4.0>	OpenStax: Elementary Algebra
content-pool/a9c64f0series2/a9c64f0series2.json	CC-BY-4.0	https://creativecommons.org/licenses/by/4.0/ <CC BY 4.0>	OpenStax: Pre-Calculus
content-pool/a9c64f0series30/a9c64f0series30.json	CC-BY-4.0	https://creativecommons.org/licenses/by/4.0/ <CC BY 4.0>	OpenStax: Pre-Calculus
content-pool/a9cf10atrig12/a9cf10atrig12.json	CC-BY-4.0	https://creativecommons.org/licenses/by/4.0/ <CC BY 4.0>	OpenStax: Pre-Calculus
content-pool/a9cf10atrig22/a9cf10atrig22.json	CC-BY-4.0	https://creativecommons.org/licenses/by/4.0/ <CC BY 4.0>	OpenStax: Pre-Calculus
content-pool/a9cf10atrig5/a9cf10atrig5.json	CC-BY-4.0	https://creativecommons.org/licenses/by/4.0/ <CC BY 4.0>	OpenStax: Pre-Calculus
content-pool/a9cf449complex15/a9cf449complex15.json	CC-BY-4.0	https://creativecommons.org/licenses/by/4.0/ <CC BY 4.0>	OpenStax: College Algebra
content-pool/a9cf449complex25/a9cf449complex25.json	CC-BY-4.0	https://creativecommons.org/licenses/by/4.0/ <CC BY 4.0>	OpenStax: College Algebra
content-pool/a9d3659treeandvenn16/a9d3659treeandvenn16.json	CC-BY-4.0	https://creativecommons.org/licenses/by/4.0/ <CC BY 4.0>	OpenStax: Introductory Stats
content-pool/a9d3aa3stat3/a9d3aa3stat3.json	CC-BY-4.0	https://creativecommons.org/licenses/by/4.0/ <CC BY 4.0>	OpenStax: Introductory Stats
content-pool/a9d566eA243-logsofpowers-P05/a9d566eA243-logsofpowers-P05.json	OTRO	CC4.0	Solid Foundations: Algebra
content-pool/a9e42b3CompInv13/a9e42b3CompInv13.json	CC-BY-4.0	https://creativecommons.org/licenses/by/4.0/ <CC BY 4.0>	OpenStax: Intermediate Algebra
content-pool/a9e42b3CompInv23/a9e42b3CompInv23.json	CC-BY-4.0	https://creativecommons.org/licenses/by/4.0/ <CC BY 4.0>	OpenStax: Intermediate Algebra
content-pool/a9e42b3CompInv6/a9e42b3CompInv6.json	CC-BY-4.0	https://creativecommons.org/licenses/by/4.0/ <CC BY 4.0>	OpenStax: Intermediate Algebra
content-pool/a9ed39ahyperbola16/a9ed39ahyperbola16.json	CC-BY-4.0	https://creativecommons.org/licenses/by/4.0/ <CC BY 4.0>	OpenStax: College Algebra
content-pool/a9ed39ahyperbola4/a9ed39ahyperbola4.json	CC-BY-4.0	https://creativecommons.org/licenses/by/4.0/ <CC BY 4.0>	OpenStax: College Algebra
content-pool/a9edaf5ds100-fa25-mt2-Q6/a9edaf5ds100-fa25-mt2-Q6.json	URL-NO-LICENCIA	=oer https://ds100.org/su26/past-exams/	Combined Data100 Worksheets
content-pool/a9ef311slicing11/a9ef311slicing11.json	VACIA		OpenStax: Calculus Volume 1
content-pool/a9ef311slicing3/a9ef311slicing3.json	VACIA		OpenStax: Calculus Volume 1
content-pool/a9f55eblinearmodels13/a9f55eblinearmodels13.json	CC-BY-4.0	https://creativecommons.org/licenses/by/4.0/ <CC BY 4.0>	OpenStax: College Algebra
content-pool/a9f55eblinearmodels4/a9f55eblinearmodels4.json	CC-BY-4.0	https://creativecommons.org/licenses/by/4.0/ <CC BY 4.0>	OpenStax: College Algebra
content-pool/a9f812aslope17/a9f812aslope17.json	CC-BY-4.0	https://creativecommons.org/licenses/by/4.0/ <CC BY 4.0>	SJSU 1019S
content-pool/a9f9bc74.1nancy1/a9f9bc74.1nancy1.json	CC-BY-4.0	https://creativecommons.org/licenses/by/4.0/ <CC BY 4.0>	OpenStax: Introductory Stats
content-pool/a9fd720matrix2/a9fd720matrix2.json	CC-BY-4.0	https://creativecommons.org/licenses/by/4.0/ <CC BY 4.0>	OpenStax: Pre-Calculus
content-pool/a9fd720matrix5/a9fd720matrix5.json	CC-BY-4.0	https://creativecommons.org/licenses/by/4.0/ <CC BY 4.0>	OpenStax: Pre-Calculus
content-pool/a9ff35apoly3/a9ff35apoly3.json	CC-BY-4.0	https://creativecommons.org/licenses/by/4.0/ <CC BY 4.0>	OpenStax: Intermediate Algebra
content-pool/aa008ddT1-diag-P06/aa008ddT1-diag-P06.json	OTRO	CC4.0	Solid Foundations: Trigonometry
content-pool/aa167ebA241-logsofproducts-P07/aa167ebA241-logsofproducts-P07.json	OTRO	CC4.0	Solid Foundations: Algebra
content-pool/aa1f4c6expprop15/aa1f4c6expprop15.json	CC-BY-4.0	https://creativecommons.org/licenses/by/4.0/ <CC BY 4.0>	SJSU 1019S
content-pool/aa1f4c6expprop25/aa1f4c6expprop25.json	CC-BY-4.0	https://creativecommons.org/licenses/by/4.0/ <CC BY 4.0>	SJSU 1019S
content-pool/aa1f4c6expprop8/aa1f4c6expprop8.json	CC-BY-4.0	https://creativecommons.org/licenses/by/4.0/ <CC BY 4.0>	SJSU 1019S
content-pool/aa27eearational4/aa27eearational4.json	CC-BY-4.0	https://creativecommons.org/licenses/by/4.0/ <CC BY 4.0>	OpenStax: Intermediate Algebra
content-pool/aa30a09exponents14/aa30a09exponents14.json	CC-BY-4.0	https://creativecommons.org/licenses/by/4.0/ <CC BY 4.0>	OpenStax: Elementary Algebra
content-pool/aa30a09exponents24/aa30a09exponents24.json	CC-BY-4.0	https://creativecommons.org/licenses/by/4.0/ <CC BY 4.0>	OpenStax: Elementary Algebra
content-pool/aa30a09exponents7/aa30a09exponents7.json	CC-BY-4.0	https://creativecommons.org/licenses/by/4.0/ <CC BY 4.0>	OpenStax: Elementary Algebra
content-pool/aa47f81type12/aa47f81type12.json	CC-BY-4.0	https://creativecommons.org/licenses/by/4.0/ <CC BY 4.0>	OpenStax: Introductory Stats
content-pool/aa47f81type9/aa47f81type9.json	CC-BY-4.0	https://creativecommons.org/licenses/by/4.0/ <CC BY 4.0>	OpenStax: Introductory Stats
content-pool/aa4d8eereal19/aa4d8eereal19.json	CC-BY-4.0	https://creativecommons.org/licenses/by/4.0/ <CC BY 4.0>	OpenStax: Pre-Calculus
content-pool/aa4d8eereal29/aa4d8eereal29.json	CC-BY-4.0	https://creativecommons.org/licenses/by/4.0/ <CC BY 4.0>	OpenStax: Pre-Calculus
content-pool/aa58d65c2/aa58d65c2.json	VACIA		Solid Foundations: Calculus Part 1
content-pool/aa5ef86inv12/aa5ef86inv12.json	CC-BY-4.0	https://creativecommons.org/licenses/by/4.0/ <CC BY 4.0>	OpenStax: College Algebra
content-pool/aa5ef86inv22/aa5ef86inv22.json	CC-BY-4.0	https://creativecommons.org/licenses/by/4.0/ <CC BY 4.0>	OpenStax: College Algebra
content-pool/aa60f04hist2/aa60f04hist2.json	CC-BY-4.0	https://creativecommons.org/licenses/by/4.0/ <CC BY 4.0>	OpenStax: Introductory Stats
content-pool/aa74655add2/aa74655add2.json	CC-BY-4.0	https://creativecommons.org/licenses/by/4.0/ <CC BY 4.0>	SJSU 1019S
content-pool/aa74655power14/aa74655power14.json	CC-BY-4.0	https://creativecommons.org/licenses/by/4.0/ <CC BY 4.0>	SJSU 1019S
content-pool/aa74655power5/aa74655power5.json	CC-BY-4.0	https://creativecommons.org/licenses/by/4.0/ <CC BY 4.0>	SJSU 1019S
content-pool/aa7aa5dsampling3/aa7aa5dsampling3.json	CC-BY-4.0	https://creativecommons.org/licenses/by/4.0/ <CC BY 4.0>	OpenStax: Introductory Stats
content-pool/aa822f8UniMotion13/aa822f8UniMotion13.json	CC-BY-4.0	https://creativecommons.org/licenses/by/4.0/ <CC BY 4.0>	OpenStax: Elementary Algebra
content-pool/aa822f8UniMotion23/aa822f8UniMotion23.json	CC-BY-4.0	https://creativecommons.org/licenses/by/4.0/ <CC BY 4.0>	OpenStax: Elementary Algebra
content-pool/aa822f8UniMotion33/aa822f8UniMotion33.json	CC-BY-4.0	https://creativecommons.org/licenses/by/4.0/ <CC BY 4.0>	OpenStax: Elementary Algebra
content-pool/aa82aec5.4q10/aa82aec5.4q10.json	CC-BY-4.0	https://creativecommons.org/licenses/by/4.0/ <CC BY 4.0>	OpenStax: Introductory Stats
content-pool/aa82aec5.4q7/aa82aec5.4q7.json	CC-BY-4.0	https://creativecommons.org/licenses/by/4.0/ <CC BY 4.0>	OpenStax: Introductory Stats
content-pool/aa97d5brate17/aa97d5brate17.json	CC-BY-4.0	https://creativecommons.org/licenses/by/4.0/ <CC BY 4.0>	OpenStax: College Algebra
content-pool/aa97d5brate9/aa97d5brate9.json	CC-BY-4.0	https://creativecommons.org/licenses/by/4.0/ <CC BY 4.0>	OpenStax: College Algebra
content-pool/aa9eca4stat4/aa9eca4stat4.json	CC-BY-4.0	https://creativecommons.org/licenses/by/4.0/ <CC BY 4.0>	OpenStax: Introductory Stats
content-pool/aaa317eLinIneq14/aaa317eLinIneq14.json	CC-BY-4.0	https://creativecommons.org/licenses/by/4.0/ <CC BY 4.0>	OpenStax: College Algebra
content-pool/aaa317eLinIneq24/aaa317eLinIneq24.json	CC-BY-4.0	https://creativecommons.org/licenses/by/4.0/ <CC BY 4.0>	OpenStax: College Algebra
content-pool/aaa317eLinIneq7/aaa317eLinIneq7.json	CC-BY-4.0	https://creativecommons.org/licenses/by/4.0/ <CC BY 4.0>	OpenStax: College Algebra
content-pool/aaac80bvis1/aaac80bvis1.json	CC-BY-4.0	https://creativecommons.org/licenses/by/4.0/ <CC BY 4.0>	Data 8 Discussion Worksheets
content-pool/aaaec44conf2/aaaec44conf2.json	CC-BY-4.0	https://creativecommons.org/licenses/by/4.0/ <CC BY 4.0>	OpenStax: Introductory Stats
content-pool/aab36429.3distributionchoice2/aab36429.3distributionchoice2.json	CC-BY-4.0	https://creativecommons.org/licenses/by/4.0/ <CC BY 4.0>	OpenStax: Introductory Stats
content-pool/aabf119factor15/aabf119factor15.json	VACIA		OpenStax: College Algebra
content-pool/aabf119factor25/aabf119factor25.json	CC-BY-4.0	https://creativecommons.org/licenses/by/4.0/ <CC BY 4.0>	OpenStax: College Algebra
content-pool/aac2a9fantiderivative1/aac2a9fantiderivative1.json	VACIA		OpenStax: Calculus Volume 1
content-pool/aac2a9fantiderivative8/aac2a9fantiderivative8.json	VACIA		OpenStax: Calculus Volume 1
content-pool/aac5661polarcoords18/aac5661polarcoords18.json	CC-BY-4.0	https://creativecommons.org/licenses/by/4.0/ <CC BY 4.0>	OpenStax: Pre-Calculus
content-pool/aac5661polarcoords28/aac5661polarcoords28.json	CC-BY-4.0	https://creativecommons.org/licenses/by/4.0/ <CC BY 4.0>	OpenStax: Pre-Calculus
content-pool/aac97ednormal10/aac97ednormal10.json	CC-BY-4.0	https://creativecommons.org/licenses/by/4.0/ <CC BY 4.0>	Mission College: Introductory Statistics
content-pool/aac97ednormal7/aac97ednormal7.json	CC-BY-4.0	https://creativecommons.org/licenses/by/4.0/ <CC BY 4.0>	Mission College: Introductory Statistics
content-pool/aadff92AppQuad14/aadff92AppQuad14.json	CC-BY-4.0	https://creativecommons.org/licenses/by/4.0/ <CC BY 4.0>	OpenStax: Intermediate Algebra
content-pool/aadff92AppQuad24/aadff92AppQuad24.json	CC-BY-4.0	https://creativecommons.org/licenses/by/4.0/ <CC BY 4.0>	OpenStax: Intermediate Algebra
content-pool/aadff92AppQuad7/aadff92AppQuad7.json	CC-BY-4.0	https://creativecommons.org/licenses/by/4.0/ <CC BY 4.0>	OpenStax: Intermediate Algebra
content-pool/aae56detrig18/aae56detrig18.json	VACIA		OpenStax: Pre-Calculus
content-pool/aae56detrig28/aae56detrig28.json	VACIA		OpenStax: Pre-Calculus
content-pool/aae56detrig7/aae56detrig7.json	VACIA		OpenStax: Pre-Calculus
content-pool/aae6efeSolving2/aae6efeSolving2.json	CC-BY-4.0	https://creativecommons.org/licenses/by/4.0/ <CC BY 4.0>	OpenStax: Intermediate Algebra
content-pool/aae6efeSolving3/aae6efeSolving3.json	CC-BY-4.0	https://creativecommons.org/licenses/by/4.0/ <CC BY 4.0>	OpenStax: Intermediate Algebra
content-pool/aaebddaPolynomial12/aaebddaPolynomial12.json	CC-BY-4.0	https://creativecommons.org/licenses/by/4.0/ <CC BY 4.0>	OpenStax: Intermediate Algebra
content-pool/aaebddaPolynomial22/aaebddaPolynomial22.json	CC-BY-4.0	https://creativecommons.org/licenses/by/4.0/ <CC BY 4.0>	OpenStax: Intermediate Algebra
content-pool/aaebddaPolynomial5/aaebddaPolynomial5.json	CC-BY-4.0	https://creativecommons.org/licenses/by/4.0/ <CC BY 4.0>	OpenStax: Intermediate Algebra
content-pool/aaf274fA113-algconseq-P07/aaf274fA113-algconseq-P07.json	OTRO	CC4.0	Solid Foundations: Algebra
content-pool/aaf8369DiscreteD14/aaf8369DiscreteD14.json	CC-BY-4.0	https://creativecommons.org/licenses/by/4.0/ <CC BY 4.0>	Mission College: Introductory Statistics
content-pool/aaf8369DiscreteD6/aaf8369DiscreteD6.json	CC-BY-4.0	https://creativecommons.org/licenses/by/4.0/ <CC BY 4.0>	Mission College: Introductory Statistics
content-pool/aaf87e0equilibrium7/aaf87e0equilibrium7.json	CC-BY-4.0	https://creativecommons.org/licenses/by/4.0/ <CC BY 4.0>	OpenStax: University Physics
content-pool/aafbadeintercepts17/aafbadeintercepts17.json	CC-BY-4.0	https://creativecommons.org/licenses/by/4.0/ <CC BY 4.0>	OpenStax: Elementary Algebra
content-pool/aafbadeintercepts28/aafbadeintercepts28.json	CC-BY-4.0	https://creativecommons.org/licenses/by/4.0/ <CC BY 4.0>	OpenStax: Elementary Algebra
content-pool/aafc2dcMultiply1/aafc2dcMultiply1.json	CC-BY-4.0	https://creativecommons.org/licenses/by/4.0/ <CC BY 4.0>	OpenStax: Elementary Algebra
content-pool/aafc2dcMultiply2/aafc2dcMultiply2.json	CC-BY-4.0	https://creativecommons.org/licenses/by/4.0/ <CC BY 4.0>	OpenStax: Elementary Algebra
content-pool/aafc2dcMultiply3/aafc2dcMultiply3.json	CC-BY-4.0	https://creativecommons.org/licenses/by/4.0/ <CC BY 4.0>	OpenStax: Elementary Algebra
content-pool/aaff50dradical12/aaff50dradical12.json	CC-BY-4.0	https://creativecommons.org/licenses/by/4.0/ <CC BY 4.0>	OpenStax: Elementary Algebra
content-pool/aaff50dradical22/aaff50dradical22.json	CC-BY-4.0	https://creativecommons.org/licenses/by/4.0/ <CC BY 4.0>	OpenStax: Elementary Algebra
content-pool/aaff50dradical4/aaff50dradical4.json	CC-BY-4.0	https://creativecommons.org/licenses/by/4.0/ <CC BY 4.0>	OpenStax: Elementary Algebra
content-pool/ab002b1power2/ab002b1power2.json	CC-BY-4.0	https://creativecommons.org/licenses/by/4.0/ <CC BY 4.0>	OpenStax: University Physics
content-pool/ab002b1work3/ab002b1work3.json	CC-BY-4.0	https://creativecommons.org/licenses/by/4.0/ <CC BY 4.0>	OpenStax: University Physics
content-pool/ab04f69Additional5/ab04f69Additional5.json	CC-BY-4.0	https://creativecommons.org/licenses/by/4.0/ <CC BY 4.0>	Mission College: Introductory Statistics
content-pool/ab05b78Fraction9/ab05b78Fraction9.json	CC-BY-4.0	https://creativecommons.org/licenses/by/4.0/ <CC BY 4.0>	SJSU 1018
content-pool/ab05b78addand19/ab05b78addand19.json	CC-BY-4.0	https://creativecommons.org/licenses/by/4.0/ <CC BY 4.0>	SJSU 1018
content-pool/ab0ba5einverses10/ab0ba5einverses10.json	VACIA		OpenStax: Pre-Calculus
content-pool/ab0ba5einverses21/ab0ba5einverses21.json	VACIA		OpenStax: Pre-Calculus
content-pool/ab0ba5einverses4/ab0ba5einverses4.json	VACIA		OpenStax: Pre-Calculus
content-pool/ab19046LimitLaw5/ab19046LimitLaw5.json	VACIA		OpenStax: Calculus Volume 1
content-pool/ab19046LimitlLaw17/ab19046LimitlLaw17.json	VACIA		OpenStax: Calculus Volume 1
content-pool/ab1ad7fGenStr11/ab1ad7fGenStr11.json	CC-BY-4.0	https://creativecommons.org/licenses/by/4.0/ <CC BY 4.0>	OpenStax: Elementary Algebra
content-pool/ab1ad7fGenStr21/ab1ad7fGenStr21.json	CC-BY-4.0	https://creativecommons.org/licenses/by/4.0/ <CC BY 4.0>	OpenStax: Elementary Algebra
content-pool/ab1ad7fGenStr6/ab1ad7fGenStr6.json	CC-BY-4.0	https://creativecommons.org/licenses/by/4.0/ <CC BY 4.0>	OpenStax: Elementary Algebra
content-pool/ab2ed79implicit1/ab2ed79implicit1.json	VACIA		OpenStax: Calculus Volume 1
content-pool/ab2ed79implicit2/ab2ed79implicit2.json	VACIA		OpenStax: Calculus Volume 1
content-pool/ab2ed79implicit7/ab2ed79implicit7.json	VACIA		OpenStax: Calculus Volume 1
content-pool/ab303f8factoring3/ab303f8factoring3.json	CC-BY-4.0	https://creativecommons.org/licenses/by/4.0/ <CC BY 4.0>	OpenStax: Intermediate Algebra
content-pool/ab3c11fVisualize13/ab3c11fVisualize13.json	CC-BY-4.0	https://creativecommons.org/licenses/by/4.0/ <CC BY 4.0>	OpenStax: Elementary Algebra
content-pool/ab3c11fVisualize4/ab3c11fVisualize4.json	CC-BY-4.0	https://creativecommons.org/licenses/by/4.0/ <CC BY 4.0>	OpenStax: Elementary Algebra
content-pool/ab4750azeropoly14/ab4750azeropoly14.json	CC-BY-4.0	https://creativecommons.org/licenses/by/4.0/ <CC BY 4.0>	OpenStax: Pre-Calculus
content-pool/ab4750azeropoly24/ab4750azeropoly24.json	CC-BY-4.0	https://creativecommons.org/licenses/by/4.0/ <CC BY 4.0>	OpenStax: Pre-Calculus
content-pool/ab4750azeropoly7/ab4750azeropoly7.json	CC-BY-4.0	https://creativecommons.org/licenses/by/4.0/ <CC BY 4.0>	OpenStax: Pre-Calculus
content-pool/ab4f61dellipse17/ab4f61dellipse17.json	CC-BY-4.0	https://creativecommons.org/licenses/by/4.0/ <CC BY 4.0>	OpenStax: Pre-Calculus
content-pool/ab4f61dellipse27/ab4f61dellipse27.json	CC-BY-4.0	https://creativecommons.org/licenses/by/4.0/ <CC BY 4.0>	OpenStax: Pre-Calculus
content-pool/ab50a95log1/ab50a95log1.json	CC-BY-4.0	https://creativecommons.org/licenses/by/4.0/ <CC BY 4.0>	OpenStax: College Algebra
content-pool/ab50a95log2/ab50a95log2.json	CC-BY-4.0	https://creativecommons.org/licenses/by/4.0/ <CC BY 4.0>	OpenStax: College Algebra
content-pool/ab50a95log3/ab50a95log3.json	CC-BY-4.0	https://creativecommons.org/licenses/by/4.0/ <CC BY 4.0>	OpenStax: College Algebra
content-pool/ab5d0bbratioexpo10/ab5d0bbratioexpo10.json	VACIA		SJSU 1018
content-pool/ab5d0bbratioexpo7/ab5d0bbratioexpo7.json	VACIA		SJSU 1018
content-pool/ab62b81rational17/ab62b81rational17.json	CC-BY-4.0	https://creativecommons.org/licenses/by/4.0/ <CC BY 4.0>	OpenStax: Elementary Algebra
content-pool/ab62b81rational27/ab62b81rational27.json	CC-BY-4.0	https://creativecommons.org/licenses/by/4.0/ <CC BY 4.0>	OpenStax: Elementary Algebra
content-pool/ab63d62spread1/ab63d62spread1.json	CC-BY-4.0	https://creativecommons.org/licenses/by/4.0/ <CC BY 4.0>	OpenStax: Introductory Stats
content-pool/ab63d62spread2/ab63d62spread2.json	CC-BY-4.0	https://creativecommons.org/licenses/by/4.0/ <CC BY 4.0>	OpenStax: Introductory Stats
content-pool/ab63d62spread7/ab63d62spread7.json	CC-BY-4.0	https://creativecommons.org/licenses/by/4.0/ <CC BY 4.0>	OpenStax: Introductory Stats
content-pool/ab6a46ageometric1/ab6a46ageometric1.json	CC-BY-4.0	https://creativecommons.org/licenses/by/4.0/ <CC BY 4.0>	OpenStax: College Algebra
content-pool/ab6a46ageometric6/ab6a46ageometric6.json	CC-BY-4.0	https://creativecommons.org/licenses/by/4.0/ <CC BY 4.0>	OpenStax: College Algebra
content-pool/ab7c38dgraphExp12/ab7c38dgraphExp12.json	CC-BY-4.0	https://creativecommons.org/licenses/by/4.0/ <CC BY 4.0>	SJSU Calculus 1 (Quiz Collection)
content-pool/ab846b4standard12/ab846b4standard12.json	CC-BY-4.0	https://creativecommons.org/licenses/by/4.0/ <CC BY 4.0>	OpenStax: Introductory Stats
content-pool/ab846b4standard9/ab846b4standard9.json	CC-BY-4.0	https://creativecommons.org/licenses/by/4.0/ <CC BY 4.0>	OpenStax: Introductory Stats
content-pool/ab8934ethreevar2/ab8934ethreevar2.json	CC-BY-4.0	https://creativecommons.org/licenses/by/4.0/ <CC BY 4.0>	OpenStax: College Algebra
content-pool/ab8934ethreevar4/ab8934ethreevar4.json	CC-BY-4.0	https://creativecommons.org/licenses/by/4.0/ <CC BY 4.0>	OpenStax: College Algebra
content-pool/ab8b840systemeq5/ab8b840systemeq5.json	CC-BY-4.0	https://creativecommons.org/licenses/by/4.0/ <CC BY 4.0>	OpenStax: College Algebra
content-pool/ab8b840systems15/ab8b840systems15.json	CC-BY-4.0	https://creativecommons.org/licenses/by/4.0/ <CC BY 4.0>	OpenStax: College Algebra
content-pool/aba0997real10/aba0997real10.json	CC-BY-4.0	https://creativecommons.org/licenses/by/4.0/ <CC BY 4.0>	OpenStax: Pre-Calculus
content-pool/aba0997real20/aba0997real20.json	CC-BY-4.0	https://creativecommons.org/licenses/by/4.0/ <CC BY 4.0>	OpenStax: Pre-Calculus
content-pool/aba0997real30/aba0997real30.json	CC-BY-4.0	https://creativecommons.org/licenses/by/4.0/ <CC BY 4.0>	OpenStax: Pre-Calculus
content-pool/aba1299row1_part4/aba1299row1_part4.json	URL-NO-LICENCIA	https://ds100.org/sp26/assets/exams/fa25/fa25_mt2.pdf	Combined Data100 Worksheets
content-pool/aba1299row9/aba1299row9.json	URL-NO-LICENCIA	https://ds100.org/sp26/assets/exams/sp25/sp25_mt.pdf	Combined Data100 Worksheets
content-pool/abaea60linmom18/abaea60linmom18.json	CC-BY-4.0	https://creativecommons.org/licenses/by/4.0/ <CC BY 4.0>	OpenStax: University Physics
content-pool/abaea60linmom9/abaea60linmom9.json	CC-BY-4.0	https://creativecommons.org/licenses/by/4.0/ <CC BY 4.0>	OpenStax: University Physics
content-pool/abc1682approximating5/abc1682approximating5.json	VACIA		OpenStax: Calculus Volume 1
content-pool/abc3475rational15/abc3475rational15.json	CC-BY-4.0	https://creativecommons.org/licenses/by/4.0/ <CC BY 4.0>	OpenStax: Pre-Calculus
content-pool/abc3475rational25/abc3475rational25.json	CC-BY-4.0	https://creativecommons.org/licenses/by/4.0/ <CC BY 4.0>	OpenStax: Pre-Calculus
content-pool/abc3475rational8/abc3475rational8.json	CC-BY-4.0	https://creativecommons.org/licenses/by/4.0/ <CC BY 4.0>	OpenStax: Pre-Calculus
content-pool/abcb484geometric18/abcb484geometric18.json	CC-BY-4.0	https://creativecommons.org/licenses/by/4.0/ <CC BY 4.0>	OpenStax: Pre-Calculus
content-pool/abcb484geometric28/abcb484geometric28.json	CC-BY-4.0	https://creativecommons.org/licenses/by/4.0/ <CC BY 4.0>	OpenStax: Pre-Calculus
content-pool/abcc0f7chi10/abcc0f7chi10.json	CC-BY-4.0	https://creativecommons.org/licenses/by/4.0/ <CC BY 4.0>	OpenStax: Introductory Stats
content-pool/abcc0f7chi7/abcc0f7chi7.json	CC-BY-4.0	https://creativecommons.org/licenses/by/4.0/ <CC BY 4.0>	OpenStax: Introductory Stats
content-pool/abd4034poly15/abd4034poly15.json	CC-BY-4.0	https://creativecommons.org/licenses/by/4.0/ <CC BY 4.0>	OpenStax: Elementary Algebra
content-pool/abd4034poly25/abd4034poly25.json	CC-BY-4.0	https://creativecommons.org/licenses/by/4.0/ <CC BY 4.0>	OpenStax: Elementary Algebra
content-pool/abd4034poly8/abd4034poly8.json	CC-BY-4.0	https://creativecommons.org/licenses/by/4.0/ <CC BY 4.0>	OpenStax: Elementary Algebra
content-pool/abd4835power18/abd4835power18.json	CC-BY-4.0	https://creativecommons.org/licenses/by/4.0/ <CC BY 4.0>	SJSU 1019S
content-pool/abd4835power32/abd4835power32.json	CC-BY-4.0	https://creativecommons.org/licenses/by/4.0/ <CC BY 4.0>	SJSU 1019S
content-pool/abd66f7distance10/abd66f7distance10.json	CC-BY-4.0	https://creativecommons.org/licenses/by/4.0/ <CC BY 4.0>	SJSU 1019S
content-pool/abd66f7distance6/abd66f7distance6.json	CC-BY-4.0	https://creativecommons.org/licenses/by/4.0/ <CC BY 4.0>	SJSU 1019S
content-pool/abe88c3log16/abe88c3log16.json	CC-BY-4.0	https://creativecommons.org/licenses/by/4.0/ <CC BY 4.0>	OpenStax: Intermediate Algebra
content-pool/abe88c3log26/abe88c3log26.json	CC-BY-4.0	https://creativecommons.org/licenses/by/4.0/ <CC BY 4.0>	OpenStax: Intermediate Algebra
content-pool/abe88c3log9/abe88c3log9.json	CC-BY-4.0	https://creativecommons.org/licenses/by/4.0/ <CC BY 4.0>	OpenStax: Intermediate Algebra
content-pool/abf1b34stem5/abf1b34stem5.json	CC-BY-4.0	https://creativecommons.org/licenses/by/4.0/ <CC BY 4.0>	OpenStax: Introductory Stats
content-pool/abf3684ds100-sp24-mt-Q5/abf3684ds100-sp24-mt-Q5.json	URL-NO-LICENCIA	=oer https://ds100.org/su26/past-exams/	Combined Data100 Worksheets
content-pool/abfb1f3exp15/abfb1f3exp15.json	CC-BY-4.0	https://creativecommons.org/licenses/by/4.0/ <CC BY 4.0>	SJSU 1018
content-pool/abfb1f3exp25/abfb1f3exp25.json	CC-BY-4.0	https://creativecommons.org/licenses/by/4.0/ <CC BY 4.0>	SJSU 1018
content-pool/abfba37quadratic13/abfba37quadratic13.json	CC-BY-4.0	https://creativecommons.org/licenses/by/4.0/ <CC BY 4.0>	OpenStax: Pre-Calculus
content-pool/abfba37quadratic24/abfba37quadratic24.json	CC-BY-4.0	https://creativecommons.org/licenses/by/4.0/ <CC BY 4.0>	OpenStax: Pre-Calculus
content-pool/abfba37quadratic7/abfba37quadratic7.json	CC-BY-4.0	https://creativecommons.org/licenses/by/4.0/ <CC BY 4.0>	OpenStax: Pre-Calculus
content-pool/ac048eeT331-trigcancel-P02/ac048eeT331-trigcancel-P02.json	OTRO	CC4.0	Solid Foundations: Trigonometry
content-pool/ac08b9aA132-fracmuldiv-P06/ac08b9aA132-fracmuldiv-P06.json	OTRO	CC4.0	Solid Foundations: Algebra
content-pool/ac0c1d3spe14/ac0c1d3spe14.json	CC-BY-4.0	https://creativecommons.org/licenses/by/4.0/ <CC BY 4.0>	OpenStax: Elementary Algebra
content-pool/ac0c1d3spe24/ac0c1d3spe24.json	CC-BY-4.0	https://creativecommons.org/licenses/by/4.0/ <CC BY 4.0>	OpenStax: Elementary Algebra
content-pool/ac0c1d3spe7/ac0c1d3spe7.json	CC-BY-4.0	https://creativecommons.org/licenses/by/4.0/ <CC BY 4.0>	OpenStax: Elementary Algebra
content-pool/ac1df14related17/ac1df14related17.json	VACIA		OpenStax: Calculus Volume 1
content-pool/ac22d42means2/ac22d42means2.json	CC-BY-4.0	https://creativecommons.org/licenses/by/4.0/ <CC BY 4.0>	Mission College: Introductory Statistics
content-pool/ac22d42std12/ac22d42std12.json	CC-BY-4.0	https://creativecommons.org/licenses/by/4.0/ <CC BY 4.0>	Mission College: Introductory Statistics
content-pool/ac22d42std4/ac22d42std4.json	CC-BY-4.0	https://creativecommons.org/licenses/by/4.0/ <CC BY 4.0>	Mission College: Introductory Statistics
content-pool/ac26263ThreeVariables14/ac26263ThreeVariables14.json	CC-BY-4.0	https://creativecommons.org/licenses/by/4.0/ <CC BY 4.0>	OpenStax: Intermediate Algebra
content-pool/ac26263equations10/ac26263equations10.json	CC-BY-4.0	https://creativecommons.org/licenses/by/4.0/ <CC BY 4.0>	OpenStax: Intermediate Algebra
content-pool/ac26263equations7/ac26263equations7.json	CC-BY-4.0	https://creativecommons.org/licenses/by/4.0/ <CC BY 4.0>	OpenStax: Intermediate Algebra
content-pool/ac2cc23q17/ac2cc23q17.json	CC-BY-4.0	https://creativecommons.org/licenses/by/4.0/ <CC BY 4.0>	Mission College: Introductory Statistics
content-pool/ac2cc23q9/ac2cc23q9.json	CC-BY-4.0	https://creativecommons.org/licenses/by/4.0/ <CC BY 4.0>	Mission College: Introductory Statistics
content-pool/ac3d94dProperties14/ac3d94dProperties14.json	CC-BY-4.0	https://creativecommons.org/licenses/by/4.0/ <CC BY 4.0>	OpenStax: Elementary Algebra
content-pool/ac3d94dProperties24/ac3d94dProperties24.json	CC-BY-4.0	https://creativecommons.org/licenses/by/4.0/ <CC BY 4.0>	OpenStax: Elementary Algebra
content-pool/ac3d94dProperties7/ac3d94dProperties7.json	CC-BY-4.0	https://creativecommons.org/licenses/by/4.0/ <CC BY 4.0>	OpenStax: Elementary Algebra
content-pool/ac47cfflimits17/ac47cfflimits17.json	CC-BY-4.0	https://creativecommons.org/licenses/by/4.0/ <CC BY 4.0>	OpenStax: Pre-Calculus
content-pool/ac47cfflimits27/ac47cfflimits27.json	CC-BY-4.0	https://creativecommons.org/licenses/by/4.0/ <CC BY 4.0>	OpenStax: Pre-Calculus
content-pool/ac48862calc2_10/ac48862calc2_10.json	VACIA		OpenStax: Calculus Volume 1
content-pool/ac48862calc2_5/ac48862calc2_5.json	VACIA		OpenStax: Calculus Volume 1
content-pool/ac561a1systems10/ac561a1systems10.json	CC-BY-4.0	https://creativecommons.org/licenses/by/4.0/ <CC BY 4.0>	OpenStax: College Algebra
content-pool/ac561a1systems20/ac561a1systems20.json	CC-BY-4.0	https://creativecommons.org/licenses/by/4.0/ <CC BY 4.0>	OpenStax: College Algebra
content-pool/ac561a1systems4/ac561a1systems4.json	CC-BY-4.0	https://creativecommons.org/licenses/by/4.0/ <CC BY 4.0>	OpenStax: College Algebra
content-pool/ac5ce8413.1assumption1/ac5ce8413.1assumption1.json	CC-BY-4.0	https://creativecommons.org/licenses/by/4.0/ <CC BY 4.0>	OpenStax: Introductory Stats
content-pool/ac5eac5expprop11/ac5eac5expprop11.json	CC-BY-4.0	https://creativecommons.org/licenses/by/4.0/ <CC BY 4.0>	OpenStax: Intermediate Algebra
content-pool/ac5eac5expprop21/ac5eac5expprop21.json	CC-BY-4.0	https://creativecommons.org/licenses/by/4.0/ <CC BY 4.0>	OpenStax: Intermediate Algebra
content-pool/ac5eac5expprop4/ac5eac5expprop4.json	CC-BY-4.0	https://creativecommons.org/licenses/by/4.0/ <CC BY 4.0>	OpenStax: Intermediate Algebra
content-pool/ac6025fBinomial14/ac6025fBinomial14.json	CC-BY-4.0	https://creativecommons.org/licenses/by/4.0/ <CC BY 4.0>	OpenStax: Introductory Stats
content-pool/ac6025fBinomial24/ac6025fBinomial24.json	CC-BY-4.0	https://creativecommons.org/licenses/by/4.0/ <CC BY 4.0>	OpenStax: Introductory Stats
content-pool/ac613aahypergeometric11/ac613aahypergeometric11.json	CC-BY-4.0	https://creativecommons.org/licenses/by/4.0/ <CC BY 4.0>	OpenStax: Introductory Stats
content-pool/ac613aahypergeometric3/ac613aahypergeometric3.json	CC-BY-4.0	https://creativecommons.org/licenses/by/4.0/ <CC BY 4.0>	OpenStax: Introductory Stats
content-pool/ac6628d13.4nycsingers/ac6628d13.4nycsingers.json	CC-BY-4.0	https://creativecommons.org/licenses/by/4.0/ <CC BY 4.0>	OpenStax: Introductory Stats
content-pool/ac726d3location14/ac726d3location14.json	VACIA		OpenStax: Introductory Stats
content-pool/ac726d3location6/ac726d3location6.json	CC-BY-4.0	https://creativecommons.org/licenses/by/4.0/ <CC BY 4.0>	OpenStax: Introductory Stats
content-pool/ac7990clinear14/ac7990clinear14.json	CC-BY-4.0	https://creativecommons.org/licenses/by/4.0/ <CC BY 4.0>	OpenStax: Introductory Stats
content-pool/ac7ed35sampling1/ac7ed35sampling1.json	CC-BY-4.0	https://creativecommons.org/licenses/by/4.0/ <CC BY 4.0>	Mission College: Introductory Statistics
content-pool/ac7ed35sampling8/ac7ed35sampling8.json	CC-BY-4.0	https://creativecommons.org/licenses/by/4.0/ <CC BY 4.0>	Mission College: Introductory Statistics
content-pool/ac82848addsubeq3/ac82848addsubeq3.json	VACIA		SJSU 1018
content-pool/ac879b3graph13/ac879b3graph13.json	CC-BY-4.0	https://creativecommons.org/licenses/by/4.0/ <CC BY 4.0>	OpenStax: Elementary Algebra
content-pool/ac879b3linearequation1/ac879b3linearequation1.json	CC-BY-4.0	https://creativecommons.org/licenses/by/4.0/ <CC BY 4.0>	OpenStax: Elementary Algebra
content-pool/ac879b3linearequation8/ac879b3linearequation8.json	CC-BY-4.0	https://creativecommons.org/licenses/by/4.0/ <CC BY 4.0>	OpenStax: Elementary Algebra
content-pool/ac9802fsimproots11/ac9802fsimproots11.json	CC-BY-4.0	https://creativecommons.org/licenses/by/4.0/ <CC BY 4.0>	OpenStax: Intermediate Algebra
content-pool/ac9802fsimproots21/ac9802fsimproots21.json	CC-BY-4.0	https://creativecommons.org/licenses/by/4.0/ <CC BY 4.0>	OpenStax: Intermediate Algebra
content-pool/ac9802fsimproots9/ac9802fsimproots9.json	CC-BY-4.0	https://creativecommons.org/licenses/by/4.0/ <CC BY 4.0>	OpenStax: Intermediate Algebra
content-pool/ac98d98matrices5/ac98d98matrices5.json	CC-BY-4.0	https://creativecommons.org/licenses/by/4.0/ <CC BY 4.0>	OpenStax: Intermediate Algebra
content-pool/ac98d98systemMat15/ac98d98systemMat15.json	CC-BY-4.0	https://creativecommons.org/licenses/by/4.0/ <CC BY 4.0>	OpenStax: Intermediate Algebra
content-pool/ac9c764addand11/ac9c764addand11.json	CC-BY-4.0	https://creativecommons.org/licenses/by/4.0/ <CC BY 4.0>	OpenStax: Elementary Algebra
content-pool/ac9c764addand3/ac9c764addand3.json	CC-BY-4.0	https://creativecommons.org/licenses/by/4.0/ <CC BY 4.0>	OpenStax: Elementary Algebra
content-pool/ac9f523waves13/ac9f523waves13.json	VACIA		OpenStax: University Physics
content-pool/ac9f523waves23/ac9f523waves23.json	VACIA		OpenStax: University Physics
content-pool/ac9f523waves9/ac9f523waves9.json	VACIA		OpenStax: University Physics
content-pool/aca1a7dderivative8/aca1a7dderivative8.json	VACIA		OpenStax: Calculus Volume 1
content-pool/aca1a7dtangentline6/aca1a7dtangentline6.json	VACIA		OpenStax: Calculus Volume 1
content-pool/aca598bexp8/aca598bexp8.json	VACIA		Pre-Calculus Essentials (UC Berkeley Math 1B)
content-pool/acb4287real1/acb4287real1.json	CC-BY-4.0	https://creativecommons.org/licenses/by/4.0/ <CC BY 4.0>	OpenStax: Pre-Calculus
content-pool/acb4287real2/acb4287real2.json	CC-BY-4.0	https://creativecommons.org/licenses/by/4.0/ <CC BY 4.0>	OpenStax: Pre-Calculus
content-pool/acb4287real3/acb4287real3.json	CC-BY-4.0	https://creativecommons.org/licenses/by/4.0/ <CC BY 4.0>	OpenStax: Pre-Calculus
content-pool/acb67bbchemeq12/acb67bbchemeq12.json	VACIA		Chemistry 1A Summer Content
content-pool/acbd1a5basicrules1/acbd1a5basicrules1.json	CC-BY-4.0	https://creativecommons.org/licenses/by/4.0/ <CC BY 4.0>	Mission College: Introductory Statistics
content-pool/acbd1a5basicrules20/acbd1a5basicrules20.json	CC-BY-4.0	https://creativecommons.org/licenses/by/4.0/ <CC BY 4.0>	Mission College: Introductory Statistics
content-pool/acbe785cha1/acbe785cha1.json	CC-BY-4.0	https://creativecommons.org/licenses/by/4.0/ <CC BY 4.0>	Data 8 Discussion Worksheets
content-pool/acc585clocation17/acc585clocation17.json	VACIA		Mission College: Introductory Statistics
content-pool/acc585clocation9/acc585clocation9.json	CC-BY-4.0	https://creativecommons.org/licenses/by/4.0/ <CC BY 4.0>	Mission College: Introductory Statistics
content-pool/acc652fregr16/acc652fregr16.json	CC-BY-4.0	https://creativecommons.org/licenses/by/4.0/ <CC BY 4.0>	OpenStax: Introductory Stats
content-pool/acccc99hypo3/acccc99hypo3.json	CC-BY-4.0	https://creativecommons.org/licenses/by/4.0/ <CC BY 4.0>	OpenStax: Introductory Stats
content-pool/acd9137measure16/acd9137measure16.json	CC-BY-4.0	https://creativecommons.org/licenses/by/4.0/ <CC BY 4.0>	OpenStax: University Physics
content-pool/acd9137measure26/acd9137measure26.json	CC-BY-4.0	https://creativecommons.org/licenses/by/4.0/ <CC BY 4.0>	OpenStax: University Physics
content-pool/acd9137measure4/acd9137measure4.json	CC-BY-4.0	https://creativecommons.org/licenses/by/4.0/ <CC BY 4.0>	OpenStax: University Physics
content-pool/ace4be0A1-diag-P06/ace4be0A1-diag-P06.json	OTRO	CC4.0	Solid Foundations: Algebra
content-pool/ace4be0A1-diag-P17/ace4be0A1-diag-P17.json	OTRO	CC4.0	Solid Foundations: Algebra
content-pool/ace788cLimitLaw5/ace788cLimitLaw5.json	VACIA		Solid Foundations: Calculus Part 1
content-pool/ace788cLimitlLaw17/ace788cLimitlLaw17.json	VACIA		Solid Foundations: Calculus Part 1
content-pool/ace788climit11/ace788climit11.json	VACIA		Solid Foundations: Calculus Part 1
content-pool/ace788climit21/ace788climit21.json	VACIA		Solid Foundations: Calculus Part 1
content-pool/ace788climit9/ace788climit9.json	VACIA		Solid Foundations: Calculus Part 1
content-pool/ace918bnlaws20/ace918bnlaws20.json	VACIA		OpenStax: University Physics
content-pool/ace918bnlaws30/ace918bnlaws30.json	VACIA		OpenStax: University Physics
content-pool/acebb4ddomain13/acebb4ddomain13.json	CC-BY-4.0	https://creativecommons.org/licenses/by/4.0/ <CC BY 4.0>	OpenStax: Intermediate Algebra
content-pool/acebb4dfunctions1/acebb4dfunctions1.json	CC-BY-4.0	https://creativecommons.org/licenses/by/4.0/ <CC BY 4.0>	OpenStax: Intermediate Algebra
content-pool/acebb4dfunctions6/acebb4dfunctions6.json	CC-BY-4.0	https://creativecommons.org/licenses/by/4.0/ <CC BY 4.0>	OpenStax: Intermediate Algebra
content-pool/acf3da9gaussian16/acf3da9gaussian16.json	CC-BY-4.0	https://creativecommons.org/licenses/by/4.0/ <CC BY 4.0>	OpenStax: Elementary Algebra
content-pool/acf3da9gaussian29/acf3da9gaussian29.json	CC-BY-4.0	https://creativecommons.org/licenses/by/4.0/ <CC BY 4.0>	OpenStax: Elementary Algebra
content-pool/acf60f3DerivativeFunction11/acf60f3DerivativeFunction11.json	VACIA		OpenStax: Calculus Volume 1
content-pool/acf60f3DerivativeFunction8/acf60f3DerivativeFunction8.json	VACIA		OpenStax: Calculus Volume 1
content-pool/acff542gra22/acff542gra22.json	CC-BY-4.0	https://creativecommons.org/licenses/by/4.0/ <CC BY 4.0>	OpenStax: Elementary Algebra
content-pool/acff542gra5/acff542gra5.json	CC-BY-4.0	https://creativecommons.org/licenses/by/4.0/ <CC BY 4.0>	OpenStax: Elementary Algebra
content-pool/ad053e6T211-righttri-P02/ad053e6T211-righttri-P02.json	OTRO	CC4.0	Solid Foundations: Trigonometry
content-pool/ad05581triggraphs18/ad05581triggraphs18.json	VACIA		OpenStax: Pre-Calculus
content-pool/ad05581triggraphs28/ad05581triggraphs28.json	VACIA		OpenStax: Pre-Calculus
content-pool/ad08b92T212-sohcahtoa-P01/ad08b92T212-sohcahtoa-P01.json	VACIA		Solid Foundations: Trigonometry
content-pool/ad0aaf6linear14/ad0aaf6linear14.json	VACIA		OpenStax: Calculus Volume 1
content-pool/ad0aaf6linear8/ad0aaf6linear8.json	VACIA		OpenStax: Calculus Volume 1
content-pool/ad16e82class18/ad16e82class18.json	VACIA		OpenStax: Calculus Volume 1
content-pool/ad16e82class5/ad16e82class5.json	VACIA		OpenStax: Calculus Volume 1
content-pool/ad1b49dc6/ad1b49dc6.json	VACIA		OpenStax: Calculus Volume 1
content-pool/ad1dfa0problem3/ad1dfa0problem3.json	CC-BY-4.0	https://creativecommons.org/licenses/by/4.0/ <CC BY 4.0>	OpenStax: College Physics
content-pool/ad220b3GraphQuadratic11/ad220b3GraphQuadratic11.json	CC-BY-4.0	https://creativecommons.org/licenses/by/4.0/ <CC BY 4.0>	OpenStax: Intermediate Algebra
content-pool/ad220b3GraphQuadratic21/ad220b3GraphQuadratic21.json	CC-BY-4.0	https://creativecommons.org/licenses/by/4.0/ <CC BY 4.0>	OpenStax: Intermediate Algebra
content-pool/ad220b3GraphQuadratic5/ad220b3GraphQuadratic5.json	CC-BY-4.0	https://creativecommons.org/licenses/by/4.0/ <CC BY 4.0>	OpenStax: Intermediate Algebra
content-pool/ad291beRadRat15/ad291beRadRat15.json	CC-BY-4.0	https://creativecommons.org/licenses/by/4.0/ <CC BY 4.0>	OpenStax: College Algebra
content-pool/ad291beRadRat6/ad291beRadRat6.json	CC-BY-4.0	https://creativecommons.org/licenses/by/4.0/ <CC BY 4.0>	OpenStax: College Algebra
content-pool/ad30139T312-invtrigeval-P08/ad30139T312-invtrigeval-P08.json	OTRO	CC4.0	Solid Foundations: Trigonometry
content-pool/ad33ee8parabolas18/ad33ee8parabolas18.json	CC-BY-4.0	https://creativecommons.org/licenses/by/4.0/ <CC BY 4.0>	OpenStax: Intermediate Algebra
content-pool/ad33ee8parabolas28/ad33ee8parabolas28.json	CC-BY-4.0	https://creativecommons.org/licenses/by/4.0/ <CC BY 4.0>	OpenStax: Intermediate Algebra
content-pool/ad37b31probability10/ad37b31probability10.json	CC-BY-4.0	https://creativecommons.org/licenses/by/4.0/ <CC BY 4.0>	OpenStax: College Algebra
content-pool/ad37b31probability20/ad37b31probability20.json	CC-BY-4.0	https://creativecommons.org/licenses/by/4.0/ <CC BY 4.0>	OpenStax: College Algebra
content-pool/ad37b31probability30/ad37b31probability30.json	CC-BY-4.0	https://creativecommons.org/licenses/by/4.0/ <CC BY 4.0>	OpenStax: College Algebra
content-pool/ad3a47cA133-fracadd-P05/ad3a47cA133-fracadd-P05.json	OTRO	CC4.0	Solid Foundations: Algebra
content-pool/ad3a8eeSolveMixture4/ad3a8eeSolveMixture4.json	CC-BY-4.0	https://creativecommons.org/licenses/by/4.0/ <CC BY 4.0>	OpenStax: Elementary Algebra
content-pool/ad3a8eemixapp3/ad3a8eemixapp3.json	CC-BY-4.0	https://creativecommons.org/licenses/by/4.0/ <CC BY 4.0>	OpenStax: Elementary Algebra
content-pool/ad4e7e2decimals13/ad4e7e2decimals13.json	CC-BY-4.0	https://creativecommons.org/licenses/by/4.0/ <CC BY 4.0>	OpenStax: Elementary Algebra
content-pool/ad4e7e2decimals23/ad4e7e2decimals23.json	CC-BY-4.0	https://creativecommons.org/licenses/by/4.0/ <CC BY 4.0>	OpenStax: Elementary Algebra
content-pool/ad4e7e2decimals5/ad4e7e2decimals5.json	CC-BY-4.0	https://creativecommons.org/licenses/by/4.0/ <CC BY 4.0>	OpenStax: Elementary Algebra
content-pool/ad4fd60center6/ad4fd60center6.json	VACIA		OpenStax: Calculus Volume 1
content-pool/ad51073factor2/ad51073factor2.json	CC-BY-4.0	https://creativecommons.org/licenses/by/4.0/ <CC BY 4.0>	OpenStax: Intermediate Algebra
content-pool/ad51073poly3/ad51073poly3.json	CC-BY-4.0	https://creativecommons.org/licenses/by/4.0/ <CC BY 4.0>	OpenStax: Intermediate Algebra
content-pool/ad54ce5A212-explogdomain-P05/ad54ce5A212-explogdomain-P05.json	OTRO	CC4.0	Solid Foundations: Algebra
content-pool/ad7a338radical18/ad7a338radical18.json	CC-BY-4.0	https://creativecommons.org/licenses/by/4.0/ <CC BY 4.0>	SJSU 1019S
content-pool/ad7a338radical28/ad7a338radical28.json	CC-BY-4.0	https://creativecommons.org/licenses/by/4.0/ <CC BY 4.0>	SJSU 1019S
content-pool/ad7cbc2vis1/ad7cbc2vis1.json	CC-BY-4.0	https://creativecommons.org/licenses/by/4.0/ <CC BY 4.0>	Data 8 Discussion Worksheets
content-pool/ad82f2bhighroot5/ad82f2bhighroot5.json	VACIA		SJSU 1018
content-pool/ad88052l'hopital1/ad88052l'hopital1.json	VACIA		SJSU Calculus 1 (Quiz Collection)
content-pool/ad9ac1cpolarform14/ad9ac1cpolarform14.json	VACIA		OpenStax: Pre-Calculus
content-pool/ad9ac1cpolarform24/ad9ac1cpolarform24.json	VACIA		OpenStax: Pre-Calculus
content-pool/ad9ac1cpolarform7/ad9ac1cpolarform7.json	VACIA		OpenStax: Pre-Calculus
content-pool/ada10e6CompletingSqr17/ada10e6CompletingSqr17.json	CC-BY-4.0	https://creativecommons.org/licenses/by/4.0/ <CC BY 4.0>	OpenStax: Elementary Algebra
content-pool/ada10e6CompletingSqr28/ada10e6CompletingSqr28.json	CC-BY-4.0	https://creativecommons.org/licenses/by/4.0/ <CC BY 4.0>	OpenStax: Elementary Algebra
content-pool/ada72c8boot2/ada72c8boot2.json	CC-BY-4.0	https://creativecommons.org/licenses/by/4.0/ <CC BY 4.0>	Data 8 Discussion Worksheets
content-pool/adaa3f9righttrig18/adaa3f9righttrig18.json	CC-BY-4.0	https://creativecommons.org/licenses/by/4.0/ <CC BY 4.0>	OpenStax: Pre-Calculus
content-pool/adaa3f9righttrig28/adaa3f9righttrig28.json	CC-BY-4.0	https://creativecommons.org/licenses/by/4.0/ <CC BY 4.0>	OpenStax: Pre-Calculus
content-pool/adb00fecramers10/adb00fecramers10.json	CC-BY-4.0	https://creativecommons.org/licenses/by/4.0/ <CC BY 4.0>	OpenStax: Pre-Calculus
content-pool/adb00fecramers20/adb00fecramers20.json	CC-BY-4.0	https://creativecommons.org/licenses/by/4.0/ <CC BY 4.0>	OpenStax: Pre-Calculus
content-pool/adb00fecramers30/adb00fecramers30.json	CC-BY-4.0	https://creativecommons.org/licenses/by/4.0/ <CC BY 4.0>	OpenStax: Pre-Calculus
content-pool/adb5110A253-explogwild-P05/adb5110A253-explogwild-P05.json	OTRO	CC4.0	Solid Foundations: Algebra
content-pool/adc8562real16/adc8562real16.json	CC-BY-4.0	https://creativecommons.org/licenses/by/4.0/ <CC BY 4.0>	OpenStax: Pre-Calculus
content-pool/adc8562real26/adc8562real26.json	CC-BY-4.0	https://creativecommons.org/licenses/by/4.0/ <CC BY 4.0>	OpenStax: Pre-Calculus
content-pool/adc8562real9/adc8562real9.json	CC-BY-4.0	https://creativecommons.org/licenses/by/4.0/ <CC BY 4.0>	OpenStax: Pre-Calculus
content-pool/add17b3fractions1/add17b3fractions1.json	CC-BY-4.0	https://creativecommons.org/licenses/by/4.0/ <CC BY 4.0>	OpenStax: Elementary Algebra
content-pool/add17b3fractions2/add17b3fractions2.json	CC-BY-4.0	https://creativecommons.org/licenses/by/4.0/ <CC BY 4.0>	OpenStax: Elementary Algebra
content-pool/add17b3fractions3/add17b3fractions3.json	CC-BY-4.0	https://creativecommons.org/licenses/by/4.0/ <CC BY 4.0>	OpenStax: Elementary Algebra
content-pool/add1c75trig21/add1c75trig21.json	VACIA		SJSU Calculus 1 (Quiz Collection)
content-pool/add2dfegeneral19/add2dfegeneral19.json	CC-BY-4.0	https://creativecommons.org/licenses/by/4.0/ <CC BY 4.0>	OpenStax: Elementary Algebra
content-pool/add2dfegeneral29/add2dfegeneral29.json	CC-BY-4.0	https://creativecommons.org/licenses/by/4.0/ <CC BY 4.0>	OpenStax: Elementary Algebra
content-pool/add398dT2-diag-P03/add398dT2-diag-P03.json	OTRO	CC4.0	Solid Foundations: Trigonometry
content-pool/add685ddesc-stat1/add685ddesc-stat1.json	CC-BY-4.0	https://creativecommons.org/licenses/by/4.0/ <CC BY 4.0>	OpenStax: Introductory Stats
content-pool/add685ddesc-stat2/add685ddesc-stat2.json	CC-BY-4.0	https://creativecommons.org/licenses/by/4.0/ <CC BY 4.0>	OpenStax: Introductory Stats
content-pool/add685ddesc-stat7/add685ddesc-stat7.json	CC-BY-4.0	https://creativecommons.org/licenses/by/4.0/ <CC BY 4.0>	OpenStax: Introductory Stats
content-pool/aded0eclinear17/aded0eclinear17.json	CC-BY-4.0	https://creativecommons.org/licenses/by/4.0/ <CC BY 4.0>	OpenStax: Intermediate Algebra
content-pool/aded0eclinear27/aded0eclinear27.json	CC-BY-4.0	https://creativecommons.org/licenses/by/4.0/ <CC BY 4.0>	OpenStax: Intermediate Algebra
content-pool/adfa1cbterminology10/adfa1cbterminology10.json	CC-BY-4.0	https://creativecommons.org/licenses/by/4.0/ <CC BY 4.0>	Mission College: Introductory Statistics
content-pool/adfa1cbterminology20/adfa1cbterminology20.json	CC-BY-4.0	https://creativecommons.org/licenses/by/4.0/ <CC BY 4.0>	Mission College: Introductory Statistics
content-pool/adfa1cbterminology8/adfa1cbterminology8.json	CC-BY-4.0	https://creativecommons.org/licenses/by/4.0/ <CC BY 4.0>	Mission College: Introductory Statistics
content-pool/ae05e04inverse18/ae05e04inverse18.json	CC-BY-4.0	https://creativecommons.org/licenses/by/4.0/ <CC BY 4.0>	OpenStax: College Algebra
content-pool/ae05e04inverse6/ae05e04inverse6.json	CC-BY-4.0	https://creativecommons.org/licenses/by/4.0/ <CC BY 4.0>	OpenStax: College Algebra
content-pool/ae0c19cmodels6/ae0c19cmodels6.json	CC-BY-4.0	https://creativecommons.org/licenses/by/4.0/ <CC BY 4.0>	OpenStax: College Algebra
content-pool/ae173b9deriv16/ae173b9deriv16.json	VACIA		OpenStax: Calculus Volume 1
content-pool/ae173b9deriv8/ae173b9deriv8.json	VACIA		OpenStax: Calculus Volume 1
content-pool/ae2513baca1a7dderivative7/ae2513baca1a7dderivative7.json	CC-BY-4.0	https://creativecommons.org/licenses/by/4.0/ <CC BY 4.0>	Matematik 4
content-pool/ae2513baca1a7dvelocity1/ae2513baca1a7dvelocity1.json	CC-BY-4.0	https://creativecommons.org/licenses/by/4.0/ <CC BY 4.0>	Matematik 4
content-pool/ae25c01functions5/ae25c01functions5.json	CC-BY-4.0	https://creativecommons.org/licenses/by/4.0/ <CC BY 4.0>	OpenStax: Intermediate Algebra
content-pool/ae25c01graphs15/ae25c01graphs15.json	CC-BY-4.0	https://creativecommons.org/licenses/by/4.0/ <CC BY 4.0>	OpenStax: Intermediate Algebra
content-pool/ae2aa31Additional12/ae2aa31Additional12.json	CC-BY-4.0	https://creativecommons.org/licenses/by/4.0/ <CC BY 4.0>	OpenStax: Introductory Stats
content-pool/ae2aa31Addtional2/ae2aa31Addtional2.json	CC-BY-4.0	https://creativecommons.org/licenses/by/4.0/ <CC BY 4.0>	OpenStax: Introductory Stats
content-pool/ae379baFassumption5/ae379baFassumption5.json	CC-BY-4.0	https://creativecommons.org/licenses/by/4.0/ <CC BY 4.0>	Mission College: Introductory Statistics
content-pool/ae39497systems19/ae39497systems19.json	CC-BY-4.0	https://creativecommons.org/licenses/by/4.0/ <CC BY 4.0>	OpenStax: Pre-Calculus
content-pool/ae39497systems29/ae39497systems29.json	CC-BY-4.0	https://creativecommons.org/licenses/by/4.0/ <CC BY 4.0>	OpenStax: Pre-Calculus
content-pool/ae3c1a1exponential11/ae3c1a1exponential11.json	VACIA		OpenStax: College Algebra
content-pool/ae3c1a1exponential21/ae3c1a1exponential21.json	CC-BY-4.0	https://creativecommons.org/licenses/by/4.0/ <CC BY 4.0>	OpenStax: College Algebra
content-pool/ae3c1a1exponential4/ae3c1a1exponential4.json	CC-BY-4.0	https://creativecommons.org/licenses/by/4.0/ <CC BY 4.0>	OpenStax: College Algebra
content-pool/ae40a3eacidbase15/ae40a3eacidbase15.json	VACIA		Chemistry 1A Summer Content
content-pool/ae41a5fspread11/ae41a5fspread11.json	CC-BY-4.0	https://creativecommons.org/licenses/by/4.0/ <CC BY 4.0>	Mission College: Introductory Statistics
content-pool/ae41a5fspread21/ae41a5fspread21.json	CC-BY-4.0	https://creativecommons.org/licenses/by/4.0/ <CC BY 4.0>	Mission College: Introductory Statistics
content-pool/ae41a5fspread9/ae41a5fspread9.json	CC-BY-4.0	https://creativecommons.org/licenses/by/4.0/ <CC BY 4.0>	Mission College: Introductory Statistics
content-pool/ae45a45int20/ae45a45int20.json	CC-BY-4.0	https://creativecommons.org/licenses/by/4.0/ <CC BY 4.0>	OpenStax: Intermediate Algebra
content-pool/ae45a45int30/ae45a45int30.json	CC-BY-4.0	https://creativecommons.org/licenses/by/4.0/ <CC BY 4.0>	OpenStax: Intermediate Algebra
content-pool/ae63c0cInequality4/ae63c0cInequality4.json	CC-BY-4.0	https://creativecommons.org/licenses/by/4.0/ <CC BY 4.0>	SJSU 1019S
content-pool/ae63c0clinear7/ae63c0clinear7.json	CC-BY-4.0	https://creativecommons.org/licenses/by/4.0/ <CC BY 4.0>	SJSU 1019S
content-pool/ae6e5ceq16/ae6e5ceq16.json	CC-BY-4.0	https://creativecommons.org/licenses/by/4.0/ <CC BY 4.0>	OpenStax: Introductory Stats
content-pool/ae6e5ceq8/ae6e5ceq8.json	CC-BY-4.0	https://creativecommons.org/licenses/by/4.0/ <CC BY 4.0>	OpenStax: Introductory Stats
content-pool/ae8c2acComplex18/ae8c2acComplex18.json	CC-BY-4.0	https://creativecommons.org/licenses/by/4.0/ <CC BY 4.0>	OpenStax: Intermediate Algebra
content-pool/ae8c2acComplex28/ae8c2acComplex28.json	CC-BY-4.0	https://creativecommons.org/licenses/by/4.0/ <CC BY 4.0>	OpenStax: Intermediate Algebra
content-pool/ae8dd20divradexp10/ae8dd20divradexp10.json	CC-BY-4.0	https://creativecommons.org/licenses/by/4.0/ <CC BY 4.0>	OpenStax: Intermediate Algebra
content-pool/ae8dd20divradexp9/ae8dd20divradexp9.json	CC-BY-4.0	https://creativecommons.org/licenses/by/4.0/ <CC BY 4.0>	OpenStax: Intermediate Algebra
content-pool/ae901a1oscillations4/ae901a1oscillations4.json	VACIA		OpenStax: University Physics
content-pool/ae9b645T111-unitcirc-P06/ae9b645T111-unitcirc-P06.json	OTRO	CC4.0	Solid Foundations: Trigonometry
content-pool/ae9e419IneqApp11/ae9e419IneqApp11.json	CC-BY-4.0	https://creativecommons.org/licenses/by/4.0/ <CC BY 4.0>	OpenStax: Elementary Algebra
content-pool/ae9e419IneqApp21/ae9e419IneqApp21.json	CC-BY-4.0	https://creativecommons.org/licenses/by/4.0/ <CC BY 4.0>	OpenStax: Elementary Algebra
content-pool/aea001bfluids1/aea001bfluids1.json	VACIA		OpenStax: University Physics
content-pool/aea001bfluids2/aea001bfluids2.json	VACIA		OpenStax: University Physics
content-pool/aea05a2ds100-fa20-final-Q14/aea05a2ds100-fa20-final-Q14.json	URL-NO-LICENCIA	=oer https://ds100.org/su26/past-exams/	Combined Data100 Worksheets
content-pool/aea0f93trigmodel1/aea0f93trigmodel1.json	VACIA		OpenStax: Pre-Calculus
content-pool/aea0f93trigmodel20/aea0f93trigmodel20.json	VACIA		OpenStax: Pre-Calculus
content-pool/aeae96dlogarithmic1/aeae96dlogarithmic1.json	CC-BY-4.0	https://creativecommons.org/licenses/by/4.0/ <CC BY 4.0>	OpenStax: College Algebra
content-pool/aeae96dlogarithmic5/aeae96dlogarithmic5.json	CC-BY-4.0	https://creativecommons.org/licenses/by/4.0/ <CC BY 4.0>	OpenStax: College Algebra
content-pool/aeae96dlogprop16/aeae96dlogprop16.json	CC-BY-4.0	https://creativecommons.org/licenses/by/4.0/ <CC BY 4.0>	OpenStax: College Algebra
content-pool/aeb11eedomain11/aeb11eedomain11.json	CC-BY-4.0	https://creativecommons.org/licenses/by/4.0/ <CC BY 4.0>	OpenStax: College Algebra
content-pool/aeb11eedomain21/aeb11eedomain21.json	CC-BY-4.0	https://creativecommons.org/licenses/by/4.0/ <CC BY 4.0>	OpenStax: College Algebra
content-pool/aeb11eedomain31/aeb11eedomain31.json	CC-BY-4.0	https://creativecommons.org/licenses/by/4.0/ <CC BY 4.0>	OpenStax: College Algebra
content-pool/aeb68b0Uni11/aeb68b0Uni11.json	CC-BY-4.0	https://creativecommons.org/licenses/by/4.0/ <CC BY 4.0>	Mission College: Introductory Statistics
content-pool/aeb68b0Uni3/aeb68b0Uni3.json	CC-BY-4.0	https://creativecommons.org/licenses/by/4.0/ <CC BY 4.0>	Mission College: Introductory Statistics
content-pool/aeb975brationaldenom13/aeb975brationaldenom13.json	CC-BY-4.0	https://creativecommons.org/licenses/by/4.0/ <CC BY 4.0>	OpenStax: Elementary Algebra
content-pool/aeb975brationaldenom23/aeb975brationaldenom23.json	CC-BY-4.0	https://creativecommons.org/licenses/by/4.0/ <CC BY 4.0>	OpenStax: Elementary Algebra
content-pool/aeb975brationaldenom6/aeb975brationaldenom6.json	CC-BY-4.0	https://creativecommons.org/licenses/by/4.0/ <CC BY 4.0>	OpenStax: Elementary Algebra
content-pool/aeba74cA222-lawsexpsamebase-P08/aeba74cA222-lawsexpsamebase-P08.json	OTRO	CC4.0	Solid Foundations: Algebra
content-pool/aed4feastability1/aed4feastability1.json	CC-BY-4.0	https://creativecommons.org/licenses/by/4.0/ <CC BY 4.0>	OpenStax: College Physics
content-pool/aed93bainv11/aed93bainv11.json	VACIA		OpenStax: Calculus Volume 1
content-pool/aed93bainv21/aed93bainv21.json	VACIA		OpenStax: Calculus Volume 1
content-pool/aeec340Poisson11/aeec340Poisson11.json	CC-BY-4.0	https://creativecommons.org/licenses/by/4.0/ <CC BY 4.0>	OpenStax: Introductory Stats
content-pool/aeec340Poisson7/aeec340Poisson7.json	CC-BY-4.0	https://creativecommons.org/licenses/by/4.0/ <CC BY 4.0>	OpenStax: Introductory Stats
content-pool/aef8b03optimize3/aef8b03optimize3.json	VACIA		OpenStax: Calculus Volume 1
content-pool/aefa26bnormal14/aefa26bnormal14.json	CC-BY-4.0	https://creativecommons.org/licenses/by/4.0/ <CC BY 4.0>	OpenStax: Introductory Stats
content-pool/aefaff5clt1/aefaff5clt1.json	CC-BY-4.0	https://creativecommons.org/licenses/by/4.0/ <CC BY 4.0>	Data 8 Discussion Worksheets
content-pool/af0394ereal18/af0394ereal18.json	VACIA		OpenStax: Pre-Calculus
content-pool/af0394ereal8/af0394ereal8.json	VACIA		OpenStax: Pre-Calculus
content-pool/af04890Rational4/af04890Rational4.json	CC-BY-4.0	https://creativecommons.org/licenses/by/4.0/ <CC BY 4.0>	OpenStax: Intermediate Algebra
content-pool/af0908dreal14/af0908dreal14.json	VACIA		OpenStax: Pre-Calculus
content-pool/af0908dreal24/af0908dreal24.json	VACIA		OpenStax: Pre-Calculus
content-pool/af0908dreal7/af0908dreal7.json	VACIA		OpenStax: Pre-Calculus
content-pool/af0b12cCompletingSqr3/af0b12cCompletingSqr3.json	CC-BY-4.0	https://creativecommons.org/licenses/by/4.0/ <CC BY 4.0>	SJSU 1019S
content-pool/af0b12cSquare14/af0b12cSquare14.json	CC-BY-4.0	https://creativecommons.org/licenses/by/4.0/ <CC BY 4.0>	SJSU 1019S
content-pool/af0b12cSquare25/af0b12cSquare25.json	CC-BY-4.0	https://creativecommons.org/licenses/by/4.0/ <CC BY 4.0>	SJSU 1019S
content-pool/af1a2a0roots10/af1a2a0roots10.json	CC-BY-4.0	https://creativecommons.org/licenses/by/4.0/ <CC BY 4.0>	OpenStax: Elementary Algebra
content-pool/af1a2a0roots20/af1a2a0roots20.json	CC-BY-4.0	https://creativecommons.org/licenses/by/4.0/ <CC BY 4.0>	OpenStax: Elementary Algebra
content-pool/af1a2a0roots6/af1a2a0roots6.json	CC-BY-4.0	https://creativecommons.org/licenses/by/4.0/ <CC BY 4.0>	OpenStax: Elementary Algebra
content-pool/af1f9dfbin16/af1f9dfbin16.json	CC-BY-4.0	https://creativecommons.org/licenses/by/4.0/ <CC BY 4.0>	OpenStax: Pre-Calculus
content-pool/af1f9dfbin26/af1f9dfbin26.json	CC-BY-4.0	https://creativecommons.org/licenses/by/4.0/ <CC BY 4.0>	OpenStax: Pre-Calculus
content-pool/af21ad9MultiplyPoly1/af21ad9MultiplyPoly1.json	CC-BY-4.0	https://creativecommons.org/licenses/by/4.0/ <CC BY 4.0>	SJSU 1019S
content-pool/af21ad9add12/af21ad9add12.json	CC-BY-4.0	https://creativecommons.org/licenses/by/4.0/ <CC BY 4.0>	SJSU 1019S
content-pool/af21ad9add9/af21ad9add9.json	CC-BY-4.0	https://creativecommons.org/licenses/by/4.0/ <CC BY 4.0>	SJSU 1019S
content-pool/af227bbMoApp12/af227bbMoApp12.json	CC-BY-4.0	https://creativecommons.org/licenses/by/4.0/ <CC BY 4.0>	OpenStax: College Algebra
content-pool/af36e21FunNota10/af36e21FunNota10.json	CC-BY-4.0	https://creativecommons.org/licenses/by/4.0/ <CC BY 4.0>	OpenStax: College Algebra
content-pool/af36e21FunNota20/af36e21FunNota20.json	CC-BY-4.0	https://creativecommons.org/licenses/by/4.0/ <CC BY 4.0>	OpenStax: College Algebra
content-pool/af38be6prop12/af38be6prop12.json	CC-BY-4.0	https://creativecommons.org/licenses/by/4.0/ <CC BY 4.0>	Mission College: Introductory Statistics
content-pool/af3b50aangles1/af3b50aangles1.json	CC-BY-4.0	https://creativecommons.org/licenses/by/4.0/ <CC BY 4.0>	OpenStax: Pre-Calculus
content-pool/af3b50aangles2/af3b50aangles2.json	CC-BY-4.0	https://creativecommons.org/licenses/by/4.0/ <CC BY 4.0>	OpenStax: Pre-Calculus
content-pool/af3b50aangles3/af3b50aangles3.json	CC-BY-4.0	https://creativecommons.org/licenses/by/4.0/ <CC BY 4.0>	OpenStax: Pre-Calculus
content-pool/af4dc22Lawcos12/af4dc22Lawcos12.json	CC-BY-4.0	https://creativecommons.org/licenses/by/4.0/ <CC BY 4.0>	OpenStax: Pre-Calculus
content-pool/af4dc22Lawcos22/af4dc22Lawcos22.json	CC-BY-4.0	https://creativecommons.org/licenses/by/4.0/ <CC BY 4.0>	OpenStax: Pre-Calculus
content-pool/af4dc22Lawcos5/af4dc22Lawcos5.json	CC-BY-4.0	https://creativecommons.org/licenses/by/4.0/ <CC BY 4.0>	OpenStax: Pre-Calculus
content-pool/af4e405log15/af4e405log15.json	CC-BY-4.0	https://creativecommons.org/licenses/by/4.0/ <CC BY 4.0>	OpenStax: Intermediate Algebra
content-pool/af4e405log26/af4e405log26.json	CC-BY-4.0	https://creativecommons.org/licenses/by/4.0/ <CC BY 4.0>	OpenStax: Intermediate Algebra
content-pool/af4e405log9/af4e405log9.json	CC-BY-4.0	https://creativecommons.org/licenses/by/4.0/ <CC BY 4.0>	OpenStax: Intermediate Algebra
content-pool/af53fe6chi5/af53fe6chi5.json	CC-BY-4.0	https://creativecommons.org/licenses/by/4.0/ <CC BY 4.0>	Mission College: Introductory Statistics
content-pool/af564d8LimitlLaw17/af564d8LimitlLaw17.json	VACIA		SJSU Calculus 1 (Quiz Collection)
content-pool/af5cb05center17/af5cb05center17.json	CC-BY-4.0	https://creativecommons.org/licenses/by/4.0/ <CC BY 4.0>	Mission College: Introductory Statistics
content-pool/af5cb05center9/af5cb05center9.json	CC-BY-4.0	https://creativecommons.org/licenses/by/4.0/ <CC BY 4.0>	Mission College: Introductory Statistics
content-pool/af5fe5dSolveapp19/af5fe5dSolveapp19.json	CC-BY-4.0	https://creativecommons.org/licenses/by/4.0/ <CC BY 4.0>	OpenStax: Intermediate Algebra
content-pool/af5fe5dSolveapp6/af5fe5dSolveapp6.json	CC-BY-4.0	https://creativecommons.org/licenses/by/4.0/ <CC BY 4.0>	OpenStax: Intermediate Algebra
content-pool/af60b4fellipse17/af60b4fellipse17.json	CC-BY-4.0	https://creativecommons.org/licenses/by/4.0/ <CC BY 4.0>	OpenStax: College Algebra
content-pool/af60b4fellipse27/af60b4fellipse27.json	CC-BY-4.0	https://creativecommons.org/licenses/by/4.0/ <CC BY 4.0>	OpenStax: College Algebra
content-pool/af69612T113-period-P02/af69612T113-period-P02.json	OTRO	CC4.0	Solid Foundations: Trigonometry
content-pool/af69facexpolog12/af69facexpolog12.json	CC-BY-4.0	https://creativecommons.org/licenses/by/4.0/ <CC BY 4.0>	OpenStax: College Algebra
content-pool/af69facexpolog22/af69facexpolog22.json	CC-BY-4.0	https://creativecommons.org/licenses/by/4.0/ <CC BY 4.0>	OpenStax: College Algebra
content-pool/af69facexpolog5/af69facexpolog5.json	CC-BY-4.0	https://creativecommons.org/licenses/by/4.0/ <CC BY 4.0>	OpenStax: College Algebra
content-pool/af94a3bpolarcoord15/af94a3bpolarcoord15.json	CC-BY-4.0	https://creativecommons.org/licenses/by/4.0/ <CC BY 4.0>	OpenStax: Pre-Calculus
content-pool/af94a3bpolarcoord25/af94a3bpolarcoord25.json	CC-BY-4.0	https://creativecommons.org/licenses/by/4.0/ <CC BY 4.0>	OpenStax: Pre-Calculus
content-pool/af94a3bpolarcoord8/af94a3bpolarcoord8.json	CC-BY-4.0	https://creativecommons.org/licenses/by/4.0/ <CC BY 4.0>	OpenStax: Pre-Calculus
content-pool/af9a055chem3/af9a055chem3.json	VACIA		Chemistry 1A Summer Content
content-pool/af9dcc3physical13/af9dcc3physical13.json	VACIA		OpenStax: Calculus Volume 1
content-pool/afa0cfequadraticeq1/afa0cfequadraticeq1.json	CC-BY-4.0	https://creativecommons.org/licenses/by/4.0/ <CC BY 4.0>	OpenStax: Elementary Algebra
content-pool/afa0cfequadraticeq2/afa0cfequadraticeq2.json	CC-BY-4.0	https://creativecommons.org/licenses/by/4.0/ <CC BY 4.0>	OpenStax: Elementary Algebra
content-pool/afa0cfequadraticeq3/afa0cfequadraticeq3.json	CC-BY-4.0	https://creativecommons.org/licenses/by/4.0/ <CC BY 4.0>	OpenStax: Elementary Algebra
content-pool/afa63f8real12/afa63f8real12.json	VACIA		OpenStax: Pre-Calculus
content-pool/afa63f8real22/afa63f8real22.json	VACIA		OpenStax: Pre-Calculus
content-pool/afa63f8real6/afa63f8real6.json	VACIA		OpenStax: Pre-Calculus
content-pool/afaf721inequalities17/afaf721inequalities17.json	CC-BY-4.0	https://creativecommons.org/licenses/by/4.0/ <CC BY 4.0>	OpenStax: Elementary Algebra
content-pool/afaf721inequalities27/afaf721inequalities27.json	CC-BY-4.0	https://creativecommons.org/licenses/by/4.0/ <CC BY 4.0>	OpenStax: Elementary Algebra
content-pool/afb3ccdlang1/afb3ccdlang1.json	CC-BY-4.0	https://creativecommons.org/licenses/by/4.0/ <CC BY 4.0>	OpenStax: Intermediate Algebra
content-pool/afb3ccdlang2/afb3ccdlang2.json	CC-BY-4.0	https://creativecommons.org/licenses/by/4.0/ <CC BY 4.0>	OpenStax: Intermediate Algebra
content-pool/afb3ccdlang3/afb3ccdlang3.json	CC-BY-4.0	https://creativecommons.org/licenses/by/4.0/ <CC BY 4.0>	OpenStax: Intermediate Algebra
content-pool/afb69a0sumprod10/afb69a0sumprod10.json	VACIA		OpenStax: Pre-Calculus
content-pool/afb69a0sumprod20/afb69a0sumprod20.json	VACIA		OpenStax: Pre-Calculus
content-pool/afb69a0sumprod30/afb69a0sumprod30.json	VACIA		OpenStax: Pre-Calculus
content-pool/afb69a0sumprod40/afb69a0sumprod40.json	VACIA		OpenStax: Pre-Calculus
content-pool/afbe5ccpower1/afbe5ccpower1.json	CC-BY-4.0	https://creativecommons.org/licenses/by/4.0/ <CC BY 4.0>	OpenStax: College Algebra
content-pool/afbe5ccpower2/afbe5ccpower2.json	CC-BY-4.0	https://creativecommons.org/licenses/by/4.0/ <CC BY 4.0>	OpenStax: College Algebra
content-pool/afbe5ccpower34/afbe5ccpower34.json	CC-BY-4.0	https://creativecommons.org/licenses/by/4.0/ <CC BY 4.0>	OpenStax: College Algebra
content-pool/afbeae7inequalities10/afbeae7inequalities10.json	CC-BY-4.0	https://creativecommons.org/licenses/by/4.0/ <CC BY 4.0>	OpenStax: Elementary Algebra
content-pool/afbeae7inequalities20/afbeae7inequalities20.json	CC-BY-4.0	https://creativecommons.org/licenses/by/4.0/ <CC BY 4.0>	OpenStax: Elementary Algebra
content-pool/afbeae7inequalities30/afbeae7inequalities30.json	CC-BY-4.0	https://creativecommons.org/licenses/by/4.0/ <CC BY 4.0>	OpenStax: Elementary Algebra
content-pool/afc3761Unitcirc13/afc3761Unitcirc13.json	CC-BY-4.0	https://creativecommons.org/licenses/by/4.0/ <CC BY 4.0>	OpenStax: Pre-Calculus
content-pool/afc3761Unitcirc23/afc3761Unitcirc23.json	CC-BY-4.0	https://creativecommons.org/licenses/by/4.0/ <CC BY 4.0>	OpenStax: Pre-Calculus
content-pool/afc3761Unitcirc6/afc3761Unitcirc6.json	CC-BY-4.0	https://creativecommons.org/licenses/by/4.0/ <CC BY 4.0>	OpenStax: Pre-Calculus
content-pool/afda852A2-diag-P08/afda852A2-diag-P08.json	VACIA		Solid Foundations: Algebra
content-pool/afdfbd3vector2/afdfbd3vector2.json	CC-BY-4.0	https://creativecommons.org/licenses/by/4.0/ <CC BY 4.0>	OpenStax: Pre-Calculus
content-pool/afdfbd3vector3/afdfbd3vector3.json	CC-BY-4.0	https://creativecommons.org/licenses/by/4.0/ <CC BY 4.0>	OpenStax: Pre-Calculus
content-pool/afe03cdT223-dblhalf-P06/afe03cdT223-dblhalf-P06.json	OTRO	CC4.0	Solid Foundations: Trigonometry
content-pool/afec02cEL10/afec02cEL10.json	VACIA		OpenStax: Calculus Volume 1
content-pool/afec02cEL5/afec02cEL5.json	VACIA		OpenStax: Calculus Volume 1
content-pool/aff0960mixture22/aff0960mixture22.json	CC-BY-4.0	https://creativecommons.org/licenses/by/4.0/ <CC BY 4.0>	OpenStax: Intermediate Algebra
content-pool/aff8a70precal8/aff8a70precal8.json	VACIA		Pre-Calculus Essentials (UC Berkeley Math 1B)
content-pool/aff8a70precalnew4/aff8a70precalnew4.json	VACIA		Pre-Calculus Essentials (UC Berkeley Math 1B)
content-pool/aff9362DiscreteDist14/aff9362DiscreteDist14.json	CC-BY-4.0	https://creativecommons.org/licenses/by/4.0/ <CC BY 4.0>	Mission College: Introductory Statistics
content-pool/affa3b5domain10/affa3b5domain10.json	CC-BY-4.0	https://creativecommons.org/licenses/by/4.0/ <CC BY 4.0>	SJSU 1019S
content-pool/affa3b5domain20/affa3b5domain20.json	CC-BY-4.0	https://creativecommons.org/licenses/by/4.0/ <CC BY 4.0>	SJSU 1019S
content-pool/affa3b5domain31/affa3b5domain31.json	CC-BY-4.0	https://creativecommons.org/licenses/by/4.0/ <CC BY 4.0>	SJSU 1019S
