problem_id	figura	forma_oer	lado	clase_cesion	identificador
a0098c7realnumbers18	figure1.gif	details-books	OPENSTAX	RESOLUBLE	CC-BY-4.0
a0098c7realnumbers19	figure1.gif	details-books	OPENSTAX	RESOLUBLE	CC-BY-4.0
a0098c7realnumbers20	figure1.gif	details-books	OPENSTAX	RESOLUBLE	CC-BY-4.0
a0098c7realnumbers21	figure1.gif	details-books	OPENSTAX	RESOLUBLE	CC-BY-4.0
a0098c7realnumbers22	figure1.gif	details-books	OPENSTAX	RESOLUBLE	CC-BY-4.0
a0098c7realnumbers23	figure1.gif	details-books	OPENSTAX	RESOLUBLE	CC-BY-4.0
a0098c7realnumbers24	figure1.gif	details-books	OPENSTAX	RESOLUBLE	CC-BY-4.0
a0098c7realnumbers25	figure1.gif	details-books	OPENSTAX	RESOLUBLE	CC-BY-4.0
a0098c7realnumbers26	figure1.gif	details-books	OPENSTAX	RESOLUBLE	CC-BY-4.0
a0098c7realnumbers27	figure1.gif	details-books	OPENSTAX	RESOLUBLE	CC-BY-4.0
a0098c7realnumbers28	figure1.gif	details-books	OPENSTAX	RESOLUBLE	CC-BY-4.0
a0098c7realnumbers29	figure1.gif	details-books	OPENSTAX	RESOLUBLE	CC-BY-4.0
a0098c7realnumbers30	figure1.gif	details-books	OPENSTAX	RESOLUBLE	CC-BY-4.0
a01186breal22	figure1.gif	books-pages	OPENSTAX	RESOLUBLE	CC-BY-4.0
a01186breal22	figure2.gif	books-pages	OPENSTAX	RESOLUBLE	CC-BY-4.0
a01186breal23	figure1.gif	books-pages	OPENSTAX	RESOLUBLE	CC-BY-4.0
a01186breal23	figure2.gif	books-pages	OPENSTAX	RESOLUBLE	CC-BY-4.0
a01186breal24	figure1.gif	books-pages	OPENSTAX	RESOLUBLE	CC-BY-4.0
a01186breal24	figure2.gif	books-pages	OPENSTAX	RESOLUBLE	CC-BY-4.0
a01186breal25	figure1.gif	books-pages	OPENSTAX	RESOLUBLE	CC-BY-4.0
a01186breal25	figure2.gif	books-pages	OPENSTAX	RESOLUBLE	CC-BY-4.0
a06269afundamental1	figure1.gif	details-books	OPENSTAX	AUSENTE	-
a08a388line19	figure1.gif	details-books	OPENSTAX	RESOLUBLE	CC-BY-4.0
a08a388line20	figure1.gif	details-books	OPENSTAX	RESOLUBLE	CC-BY-4.0
a08a388line21	figure1.gif	details-books	OPENSTAX	RESOLUBLE	CC-BY-4.0
a0afc81chem15	figure1.gif	NO-OPENSTAX	NO-OPENSTAX	AUSENTE	-
a0afc81chem8	figure1.gif	NO-OPENSTAX	NO-OPENSTAX	AUSENTE	-
a0e4683PlotCorrelation	figure1.gif	details-books	OPENSTAX	RESOLUBLE	CC-BY-4.0
a0e4683PlotDirection	figure1.gif	details-books	OPENSTAX	RESOLUBLE	CC-BY-4.0
a0e4683PlotShape	figure1.gif	details-books	OPENSTAX	RESOLUBLE	CC-BY-4.0
a0e4683regr2	figure1.gif	details-books	OPENSTAX	RESOLUBLE	CC-BY-4.0
a0ec58fterminology25	figure1.gif	details-books	OPENSTAX	RESOLUBLE	CC-BY-4.0
a106ef7vector4	figure1.gif	books-pages	OPENSTAX	RESOLUBLE	CC-BY-4.0
a106ef7vector41	figure1.gif	books-pages	OPENSTAX	RESOLUBLE	CC-BY-4.0
a106ef7vector42	figure1.gif	books-pages	OPENSTAX	RESOLUBLE	CC-BY-4.0
a1155e4row1	figure1.gif	NO-OPENSTAX	NO-OPENSTAX	NO-ES-CESION	https://ds100.org/su26/assets/exams/fa25/fa25_mt1_sol.pdf
a1155e4row10_p1	figure1.gif	NO-OPENSTAX	NO-OPENSTAX	NO-ES-CESION	https://ds100.org/su26/assets/exams/fa25/fa25_mt1_sol.pdf
a1155e4row10_p1	figure2.gif	NO-OPENSTAX	NO-OPENSTAX	NO-ES-CESION	https://ds100.org/su26/assets/exams/fa25/fa25_mt1_sol.pdf
a1155e4row10_p1	figure3.gif	NO-OPENSTAX	NO-OPENSTAX	NO-ES-CESION	https://ds100.org/su26/assets/exams/fa25/fa25_mt1_sol.pdf
a1155e4row10_p2	figure1.gif	NO-OPENSTAX	NO-OPENSTAX	NO-ES-CESION	https://ds100.org/su26/assets/exams/fa25/fa25_mt1_sol.pdf
a1155e4row10_p2	figure2.gif	NO-OPENSTAX	NO-OPENSTAX	NO-ES-CESION	https://ds100.org/su26/assets/exams/fa25/fa25_mt1_sol.pdf
a1155e4row10_p2	figure3.gif	NO-OPENSTAX	NO-OPENSTAX	NO-ES-CESION	https://ds100.org/su26/assets/exams/fa25/fa25_mt1_sol.pdf
a1155e4row2	figure1.gif	NO-OPENSTAX	NO-OPENSTAX	NO-ES-CESION	https://ds100.org/su26/assets/exams/fa25/fa25_mt1_sol.pdf
a1155e4row3_p1	figure1.gif	NO-OPENSTAX	NO-OPENSTAX	NO-ES-CESION	https://ds100.org/su26/assets/exams/fa25/fa25_mt1_sol.pdf
a1155e4row3_p2	figure1.gif	NO-OPENSTAX	NO-OPENSTAX	NO-ES-CESION	https://ds100.org/su26/assets/exams/fa25/fa25_mt1_sol.pdf
a1155e4row3_p2	figure2.gif	NO-OPENSTAX	NO-OPENSTAX	NO-ES-CESION	https://ds100.org/su26/assets/exams/fa25/fa25_mt1_sol.pdf
a1155e4row3_p2	figure3.gif	NO-OPENSTAX	NO-OPENSTAX	NO-ES-CESION	https://ds100.org/su26/assets/exams/fa25/fa25_mt1_sol.pdf
a1155e4row3_p2	figure4.gif	NO-OPENSTAX	NO-OPENSTAX	NO-ES-CESION	https://ds100.org/su26/assets/exams/fa25/fa25_mt1_sol.pdf
a1155e4row4	figure1.gif	NO-OPENSTAX	NO-OPENSTAX	NO-ES-CESION	https://ds100.org/su26/assets/exams/fa25/fa25_mt1_sol.pdf
a1155e4row4	figure10.gif	NO-OPENSTAX	NO-OPENSTAX	NO-ES-CESION	https://ds100.org/su26/assets/exams/fa25/fa25_mt1_sol.pdf
a1155e4row4	figure11.gif	NO-OPENSTAX	NO-OPENSTAX	NO-ES-CESION	https://ds100.org/su26/assets/exams/fa25/fa25_mt1_sol.pdf
a1155e4row4	figure12.gif	NO-OPENSTAX	NO-OPENSTAX	NO-ES-CESION	https://ds100.org/su26/assets/exams/fa25/fa25_mt1_sol.pdf
a1155e4row4	figure2.gif	NO-OPENSTAX	NO-OPENSTAX	NO-ES-CESION	https://ds100.org/su26/assets/exams/fa25/fa25_mt1_sol.pdf
a1155e4row4	figure3.gif	NO-OPENSTAX	NO-OPENSTAX	NO-ES-CESION	https://ds100.org/su26/assets/exams/fa25/fa25_mt1_sol.pdf
a1155e4row4	figure4.gif	NO-OPENSTAX	NO-OPENSTAX	NO-ES-CESION	https://ds100.org/su26/assets/exams/fa25/fa25_mt1_sol.pdf
a1155e4row4	figure5.gif	NO-OPENSTAX	NO-OPENSTAX	NO-ES-CESION	https://ds100.org/su26/assets/exams/fa25/fa25_mt1_sol.pdf
a1155e4row4	figure6.gif	NO-OPENSTAX	NO-OPENSTAX	NO-ES-CESION	https://ds100.org/su26/assets/exams/fa25/fa25_mt1_sol.pdf
a1155e4row4	figure7.gif	NO-OPENSTAX	NO-OPENSTAX	NO-ES-CESION	https://ds100.org/su26/assets/exams/fa25/fa25_mt1_sol.pdf
a1155e4row4	figure8.gif	NO-OPENSTAX	NO-OPENSTAX	NO-ES-CESION	https://ds100.org/su26/assets/exams/fa25/fa25_mt1_sol.pdf
a1155e4row4	figure9.gif	NO-OPENSTAX	NO-OPENSTAX	NO-ES-CESION	https://ds100.org/su26/assets/exams/fa25/fa25_mt1_sol.pdf
a1155e4row5_p1	figure1.gif	NO-OPENSTAX	NO-OPENSTAX	NO-ES-CESION	https://ds100.org/su26/assets/exams/fa25/fa25_mt1_sol.pdf
a1155e4row5_p1	figure2.gif	NO-OPENSTAX	NO-OPENSTAX	NO-ES-CESION	https://ds100.org/su26/assets/exams/fa25/fa25_mt1_sol.pdf
a1155e4row5_p1	figure3.gif	NO-OPENSTAX	NO-OPENSTAX	NO-ES-CESION	https://ds100.org/su26/assets/exams/fa25/fa25_mt1_sol.pdf
a1155e4row5_p1	figure4.gif	NO-OPENSTAX	NO-OPENSTAX	NO-ES-CESION	https://ds100.org/su26/assets/exams/fa25/fa25_mt1_sol.pdf
a1155e4row5_p1	figure5.gif	NO-OPENSTAX	NO-OPENSTAX	NO-ES-CESION	https://ds100.org/su26/assets/exams/fa25/fa25_mt1_sol.pdf
a1155e4row5_p1	figure6.gif	NO-OPENSTAX	NO-OPENSTAX	NO-ES-CESION	https://ds100.org/su26/assets/exams/fa25/fa25_mt1_sol.pdf
a1155e4row5_p1	figure7.gif	NO-OPENSTAX	NO-OPENSTAX	NO-ES-CESION	https://ds100.org/su26/assets/exams/fa25/fa25_mt1_sol.pdf
a1155e4row5_p1	figure8.gif	NO-OPENSTAX	NO-OPENSTAX	NO-ES-CESION	https://ds100.org/su26/assets/exams/fa25/fa25_mt1_sol.pdf
a1155e4row5_p1	figure9.gif	NO-OPENSTAX	NO-OPENSTAX	NO-ES-CESION	https://ds100.org/su26/assets/exams/fa25/fa25_mt1_sol.pdf
a1155e4row5_p2	figure1.gif	NO-OPENSTAX	NO-OPENSTAX	NO-ES-CESION	https://ds100.org/su26/assets/exams/fa25/fa25_mt1_sol.pdf
a1155e4row5_p2	figure2.gif	NO-OPENSTAX	NO-OPENSTAX	NO-ES-CESION	https://ds100.org/su26/assets/exams/fa25/fa25_mt1_sol.pdf
a1155e4row5_p2	figure3.gif	NO-OPENSTAX	NO-OPENSTAX	NO-ES-CESION	https://ds100.org/su26/assets/exams/fa25/fa25_mt1_sol.pdf
a1155e4row6	figure1.gif	NO-OPENSTAX	NO-OPENSTAX	NO-ES-CESION	https://ds100.org/su26/assets/exams/fa25/fa25_mt1_sol.pdf
a1155e4row6	figure2.gif	NO-OPENSTAX	NO-OPENSTAX	NO-ES-CESION	https://ds100.org/su26/assets/exams/fa25/fa25_mt1_sol.pdf
a1155e4row6	figure3.gif	NO-OPENSTAX	NO-OPENSTAX	NO-ES-CESION	https://ds100.org/su26/assets/exams/fa25/fa25_mt1_sol.pdf
a1155e4row6	figure4.gif	NO-OPENSTAX	NO-OPENSTAX	NO-ES-CESION	https://ds100.org/su26/assets/exams/fa25/fa25_mt1_sol.pdf
a1155e4row6	figure5.gif	NO-OPENSTAX	NO-OPENSTAX	NO-ES-CESION	https://ds100.org/su26/assets/exams/fa25/fa25_mt1_sol.pdf
a1155e4row7_p1	figure1.gif	NO-OPENSTAX	NO-OPENSTAX	NO-ES-CESION	https://ds100.org/su26/assets/exams/fa25/fa25_mt1_sol.pdf
a1155e4row7_p1	figure2.gif	NO-OPENSTAX	NO-OPENSTAX	NO-ES-CESION	https://ds100.org/su26/assets/exams/fa25/fa25_mt1_sol.pdf
a1155e4row7_p1	figure3.gif	NO-OPENSTAX	NO-OPENSTAX	NO-ES-CESION	https://ds100.org/su26/assets/exams/fa25/fa25_mt1_sol.pdf
a1155e4row7_p1	figure4.gif	NO-OPENSTAX	NO-OPENSTAX	NO-ES-CESION	https://ds100.org/su26/assets/exams/fa25/fa25_mt1_sol.pdf
a1155e4row7_p1	figure5.gif	NO-OPENSTAX	NO-OPENSTAX	NO-ES-CESION	https://ds100.org/su26/assets/exams/fa25/fa25_mt1_sol.pdf
a1155e4row7_p1	figure6.gif	NO-OPENSTAX	NO-OPENSTAX	NO-ES-CESION	https://ds100.org/su26/assets/exams/fa25/fa25_mt1_sol.pdf
a1155e4row7_p1	figure7.gif	NO-OPENSTAX	NO-OPENSTAX	NO-ES-CESION	https://ds100.org/su26/assets/exams/fa25/fa25_mt1_sol.pdf
a1155e4row7_p1	figure8.gif	NO-OPENSTAX	NO-OPENSTAX	NO-ES-CESION	https://ds100.org/su26/assets/exams/fa25/fa25_mt1_sol.pdf
a1155e4row7_p1	figure9.gif	NO-OPENSTAX	NO-OPENSTAX	NO-ES-CESION	https://ds100.org/su26/assets/exams/fa25/fa25_mt1_sol.pdf
a1155e4row7_p2	figure1.gif	NO-OPENSTAX	NO-OPENSTAX	NO-ES-CESION	https://ds100.org/su26/assets/exams/fa25/fa25_mt1_sol.pdf
a1155e4row7_p2	figure2.gif	NO-OPENSTAX	NO-OPENSTAX	NO-ES-CESION	https://ds100.org/su26/assets/exams/fa25/fa25_mt1_sol.pdf
a1155e4row7_p2	figure3.gif	NO-OPENSTAX	NO-OPENSTAX	NO-ES-CESION	https://ds100.org/su26/assets/exams/fa25/fa25_mt1_sol.pdf
a1155e4row7_p2	figure4.gif	NO-OPENSTAX	NO-OPENSTAX	NO-ES-CESION	https://ds100.org/su26/assets/exams/fa25/fa25_mt1_sol.pdf
a1155e4row7_p2	figure5.gif	NO-OPENSTAX	NO-OPENSTAX	NO-ES-CESION	https://ds100.org/su26/assets/exams/fa25/fa25_mt1_sol.pdf
a1155e4row8	figure1.gif	NO-OPENSTAX	NO-OPENSTAX	NO-ES-CESION	https://ds100.org/su26/assets/exams/fa25/fa25_mt1_sol.pdf
a1155e4row8	figure2.gif	NO-OPENSTAX	NO-OPENSTAX	NO-ES-CESION	https://ds100.org/su26/assets/exams/fa25/fa25_mt1_sol.pdf
a1155e4row9	figure1.gif	NO-OPENSTAX	NO-OPENSTAX	NO-ES-CESION	https://ds100.org/su26/assets/exams/fa25/fa25_mt1_sol.pdf
a1155e4row9	figure2.gif	NO-OPENSTAX	NO-OPENSTAX	NO-ES-CESION	https://ds100.org/su26/assets/exams/fa25/fa25_mt1_sol.pdf
a132811electro10	figure1.gif	NO-OPENSTAX	NO-OPENSTAX	AUSENTE	-
a132811electro5	figure1.gif	NO-OPENSTAX	NO-OPENSTAX	AUSENTE	-
a132811electro5	figure2.gif	NO-OPENSTAX	NO-OPENSTAX	AUSENTE	-
a132811electro6	figure1.gif	NO-OPENSTAX	NO-OPENSTAX	AUSENTE	-
a132811electro7	figure1.gif	NO-OPENSTAX	NO-OPENSTAX	AUSENTE	-
a132811electro7	figure2.gif	NO-OPENSTAX	NO-OPENSTAX	AUSENTE	-
a132811electro8	figure1.gif	NO-OPENSTAX	NO-OPENSTAX	AUSENTE	-
a1435ed10.4coach	figure1.gif	details-books	OPENSTAX	RESOLUBLE	CC-BY-4.0
a1435ed10.4coach	figure2.gif	details-books	OPENSTAX	RESOLUBLE	CC-BY-4.0
a1435ed10.4golf	figure1.gif	details-books	OPENSTAX	RESOLUBLE	CC-BY-4.0
a1435ed10.4hypnotism	figure1.gif	details-books	OPENSTAX	RESOLUBLE	CC-BY-4.0
a150a865.3computer1	figure1.gif	details-books	OPENSTAX	RESOLUBLE	CC-BY-4.0
a150a865.3intro2	figure1.gif	details-books	OPENSTAX	RESOLUBLE	CC-BY-4.0
a150a865.3intro2	figure2.gif	details-books	OPENSTAX	RESOLUBLE	CC-BY-4.0
a150a865.3intro2	figure3.gif	details-books	OPENSTAX	RESOLUBLE	CC-BY-4.0
a150a865.3police1	figure1.gif	details-books	OPENSTAX	RESOLUBLE	CC-BY-4.0
a150a865.3store1	figure1.gif	details-books	OPENSTAX	RESOLUBLE	CC-BY-4.0
a15cd07anov1	figure1.gif	details-books	OPENSTAX	RESOLUBLE	CC-BY-4.0
a15cd07anov2	figure1.gif	details-books	OPENSTAX	RESOLUBLE	CC-BY-4.0
a15cd07anov3	figure1.gif	details-books	OPENSTAX	RESOLUBLE	CC-BY-4.0
a15cd07anov4	figure1.gif	details-books	OPENSTAX	RESOLUBLE	CC-BY-4.0
a15cd07anov5	figure1.gif	details-books	OPENSTAX	RESOLUBLE	CC-BY-4.0
a161552divpoly1	figure1.gif	details-books	OPENSTAX	RESOLUBLE	CC-BY-4.0
a161552divpoly10	figure1.gif	details-books	OPENSTAX	RESOLUBLE	CC-BY-4.0
a161552divpoly11	figure1.gif	details-books	OPENSTAX	RESOLUBLE	CC-BY-4.0
a161552divpoly12	figure1.gif	details-books	OPENSTAX	RESOLUBLE	CC-BY-4.0
a161552divpoly13	figure1.gif	details-books	OPENSTAX	RESOLUBLE	CC-BY-4.0
a161552divpoly14	figure1.gif	details-books	OPENSTAX	RESOLUBLE	CC-BY-4.0
a161552divpoly15	figure1.gif	details-books	OPENSTAX	RESOLUBLE	CC-BY-4.0
a161552divpoly16	figure1.gif	details-books	OPENSTAX	RESOLUBLE	CC-BY-4.0
a161552divpoly17	figure1.gif	details-books	OPENSTAX	RESOLUBLE	CC-BY-4.0
a161552divpoly18	figure1.gif	details-books	OPENSTAX	RESOLUBLE	CC-BY-4.0
a161552divpoly19	figure1.gif	details-books	OPENSTAX	RESOLUBLE	CC-BY-4.0
a161552divpoly2	figure1.gif	details-books	OPENSTAX	RESOLUBLE	CC-BY-4.0
a161552divpoly20	figure1.gif	details-books	OPENSTAX	RESOLUBLE	CC-BY-4.0
a161552divpoly3	figure1.gif	details-books	OPENSTAX	RESOLUBLE	CC-BY-4.0
a161552divpoly3	figure2.gif	details-books	OPENSTAX	RESOLUBLE	CC-BY-4.0
a161552divpoly3	figure3.gif	details-books	OPENSTAX	RESOLUBLE	CC-BY-4.0
a161552divpoly4	figure1.gif	details-books	OPENSTAX	RESOLUBLE	CC-BY-4.0
a161552divpoly5	figure1.gif	details-books	OPENSTAX	RESOLUBLE	CC-BY-4.0
a161552divpoly6	figure1.gif	details-books	OPENSTAX	RESOLUBLE	CC-BY-4.0
a161552divpoly6	figure2.gif	details-books	OPENSTAX	RESOLUBLE	CC-BY-4.0
a161552poly3	figure1.gif	details-books	OPENSTAX	RESOLUBLE	CC-BY-4.0
a161552poly3	figure2.gif	details-books	OPENSTAX	RESOLUBLE	CC-BY-4.0
a161552poly3	figure3.gif	details-books	OPENSTAX	RESOLUBLE	CC-BY-4.0
a161552poly3	figure4.gif	details-books	OPENSTAX	RESOLUBLE	CC-BY-4.0
a161552poly3	figure5.gif	details-books	OPENSTAX	RESOLUBLE	CC-BY-4.0
a161552poly3	figure6.gif	details-books	OPENSTAX	RESOLUBLE	CC-BY-4.0
a161552poly3	figure7.gif	details-books	OPENSTAX	RESOLUBLE	CC-BY-4.0
a16200bc2_1	figure1.gif	NO-OPENSTAX	NO-OPENSTAX	AUSENTE	-
a16200bc2_2	figure1.gif	NO-OPENSTAX	NO-OPENSTAX	AUSENTE	-
a16200bc2_4	figure1.gif	NO-OPENSTAX	NO-OPENSTAX	AUSENTE	-
a16200bc2_4	figure2.gif	NO-OPENSTAX	NO-OPENSTAX	AUSENTE	-
a16200bc2_4	figure3.gif	NO-OPENSTAX	NO-OPENSTAX	AUSENTE	-
a16200bc2_4	figure4.gif	NO-OPENSTAX	NO-OPENSTAX	AUSENTE	-
a16200bc2_5	figure1.gif	NO-OPENSTAX	NO-OPENSTAX	AUSENTE	-
a16200bc2_7	figure1.gif	NO-OPENSTAX	NO-OPENSTAX	AUSENTE	-
a16200bc2_8	figure1.gif	NO-OPENSTAX	NO-OPENSTAX	AUSENTE	-
a16200bchemC6	figure1.gif	NO-OPENSTAX	NO-OPENSTAX	AUSENTE	-
a1797b7chem15	figure1.gif	NO-OPENSTAX	NO-OPENSTAX	AUSENTE	-
a1797b7chem19	figure1.gif	NO-OPENSTAX	NO-OPENSTAX	AUSENTE	-
a1797b7chem2	figure1.gif	NO-OPENSTAX	NO-OPENSTAX	AUSENTE	-
a1797b7chem20	figure1.gif	NO-OPENSTAX	NO-OPENSTAX	AUSENTE	-
a1797b7chem20	figure2.gif	NO-OPENSTAX	NO-OPENSTAX	AUSENTE	-
a1797b7chem20	figure3.gif	NO-OPENSTAX	NO-OPENSTAX	AUSENTE	-
a1797b7chem20	figure4.gif	NO-OPENSTAX	NO-OPENSTAX	AUSENTE	-
a1797b7chem21	figure1.gif	NO-OPENSTAX	NO-OPENSTAX	AUSENTE	-
a1797b7chem3	figure1.gif	NO-OPENSTAX	NO-OPENSTAX	AUSENTE	-
a1797b7chem4	figure1.gif	NO-OPENSTAX	NO-OPENSTAX	AUSENTE	-
a1797b7chem5	figure1.gif	NO-OPENSTAX	NO-OPENSTAX	AUSENTE	-
a18455cprediction10	figure1.gif	details-books	OPENSTAX	RESOLUBLE	CC-BY-4.0
a18455cprediction11	figure1.gif	details-books	OPENSTAX	RESOLUBLE	CC-BY-4.0
a18455cprediction12	figure1.gif	details-books	OPENSTAX	RESOLUBLE	CC-BY-4.0
a18455cprediction4	figure1.gif	details-books	OPENSTAX	RESOLUBLE	CC-BY-4.0
a18455cprediction5	figure1.gif	details-books	OPENSTAX	RESOLUBLE	CC-BY-4.0
a18455cprediction6	figure1.gif	details-books	OPENSTAX	RESOLUBLE	CC-BY-4.0
a18455cprediction7	figure1.gif	details-books	OPENSTAX	RESOLUBLE	CC-BY-4.0
a18455cprediction8	figure1.gif	details-books	OPENSTAX	RESOLUBLE	CC-BY-4.0
a18455cprediction9	figure1.gif	details-books	OPENSTAX	RESOLUBLE	CC-BY-4.0
a18a5a6slope1	figure1.gif	details-books	OPENSTAX	RESOLUBLE	CC-BY-4.0
a18a5a6slope10	figure1.gif	details-books	OPENSTAX	RESOLUBLE	CC-BY-4.0
a18a5a6slope11	figure1.gif	details-books	OPENSTAX	RESOLUBLE	CC-BY-4.0
a18a5a6slope12	figure1.gif	details-books	OPENSTAX	RESOLUBLE	CC-BY-4.0
a18a5a6slope13	figure1.gif	details-books	OPENSTAX	RESOLUBLE	CC-BY-4.0
a18a5a6slope14	figure1.gif	details-books	OPENSTAX	RESOLUBLE	CC-BY-4.0
a18a5a6slope15	figure1.gif	details-books	OPENSTAX	RESOLUBLE	CC-BY-4.0
a18a5a6slope16	figure1.gif	details-books	OPENSTAX	RESOLUBLE	CC-BY-4.0
a18a5a6slope17	figure1.gif	details-books	OPENSTAX	RESOLUBLE	CC-BY-4.0
a18a5a6slope18	figure1.gif	details-books	OPENSTAX	RESOLUBLE	CC-BY-4.0
a18a5a6slope19	figure1.gif	details-books	OPENSTAX	RESOLUBLE	CC-BY-4.0
a18a5a6slope2	figure1.gif	details-books	OPENSTAX	RESOLUBLE	CC-BY-4.0
a18a5a6slope20	figure1.gif	details-books	OPENSTAX	RESOLUBLE	CC-BY-4.0
a18a5a6slope3	figure1.gif	details-books	OPENSTAX	RESOLUBLE	CC-BY-4.0
a18a5a6slope4	figure1.gif	details-books	OPENSTAX	RESOLUBLE	CC-BY-4.0
a18a5a6slope5	figure1.gif	details-books	OPENSTAX	RESOLUBLE	CC-BY-4.0
a18a5a6slope6	figure1.gif	details-books	OPENSTAX	RESOLUBLE	CC-BY-4.0
a18a5a6slope7	figure1.gif	details-books	OPENSTAX	RESOLUBLE	CC-BY-4.0
a18a5a6slope8	figure1.gif	details-books	OPENSTAX	RESOLUBLE	CC-BY-4.0
a18a5a6slope9	figure1.gif	details-books	OPENSTAX	RESOLUBLE	CC-BY-4.0
a18ab21limits1	figure1.gif	details-books	OPENSTAX	AUSENTE	-
a18ab21limits2	figure1.gif	details-books	OPENSTAX	AUSENTE	-
a18ab21limits3	figure1.gif	details-books	OPENSTAX	AUSENTE	-
a18ab21limits4	figure1.gif	details-books	OPENSTAX	AUSENTE	-
a18ab21limits5	figure1.gif	details-books	OPENSTAX	AUSENTE	-
a1a9374graphExp11	figure1.gif	details-books	OPENSTAX	RESOLUBLE	CC-BY-4.0
a1a9374graphExp11	figure2.gif	details-books	OPENSTAX	RESOLUBLE	CC-BY-4.0
a1a9374graphExp12	figure1.gif	details-books	OPENSTAX	RESOLUBLE	CC-BY-4.0
a1a9374graphExp12	figure2.gif	details-books	OPENSTAX	RESOLUBLE	CC-BY-4.0
a1a9374graphExp13	figure1.gif	details-books	OPENSTAX	RESOLUBLE	CC-BY-4.0
a1a9374graphExp13	figure2.gif	details-books	OPENSTAX	RESOLUBLE	CC-BY-4.0
a1b6be2stem1	figure1.gif	details-books	OPENSTAX	RESOLUBLE	CC-BY-4.0
a1b6be2stem10	figure1.gif	details-books	OPENSTAX	RESOLUBLE	CC-BY-4.0
a1b6be2stem10	figure2.gif	details-books	OPENSTAX	RESOLUBLE	CC-BY-4.0
a1b6be2stem11	figure1.gif	details-books	OPENSTAX	RESOLUBLE	CC-BY-4.0
a1b6be2stem11	figure2.gif	details-books	OPENSTAX	RESOLUBLE	CC-BY-4.0
a1b6be2stem12	figure1.gif	details-books	OPENSTAX	RESOLUBLE	CC-BY-4.0
a1b6be2stem12	figure2.gif	details-books	OPENSTAX	RESOLUBLE	CC-BY-4.0
a1b6be2stem13	figure1.gif	details-books	OPENSTAX	RESOLUBLE	CC-BY-4.0
a1b6be2stem13	figure2.gif	details-books	OPENSTAX	RESOLUBLE	CC-BY-4.0
a1b6be2stem14	figure1.gif	details-books	OPENSTAX	RESOLUBLE	CC-BY-4.0
a1b6be2stem14	figure2.gif	details-books	OPENSTAX	RESOLUBLE	CC-BY-4.0
a1b6be2stem15	figure1.gif	details-books	OPENSTAX	RESOLUBLE	CC-BY-4.0
a1b6be2stem15	figure2.gif	details-books	OPENSTAX	RESOLUBLE	CC-BY-4.0
a1b6be2stem2	figure1.gif	details-books	OPENSTAX	RESOLUBLE	CC-BY-4.0
a1b6be2stem3	figure1.gif	details-books	OPENSTAX	RESOLUBLE	CC-BY-4.0
a1b6be2stem4	figure1.gif	details-books	OPENSTAX	RESOLUBLE	CC-BY-4.0
a1b6be2stem5	figure1.gif	details-books	OPENSTAX	RESOLUBLE	CC-BY-4.0
a1b6be2stem6	figure1.gif	details-books	OPENSTAX	RESOLUBLE	CC-BY-4.0
a1b6be2stem7	figure1.gif	details-books	OPENSTAX	RESOLUBLE	CC-BY-4.0
a1b6be2stem8	figure1.gif	details-books	OPENSTAX	RESOLUBLE	CC-BY-4.0
a1b6be2stem8	figure2.gif	details-books	OPENSTAX	RESOLUBLE	CC-BY-4.0
a1b6be2stem9	figure1.gif	details-books	OPENSTAX	RESOLUBLE	CC-BY-4.0
a1b6be2stem9	figure2.gif	details-books	OPENSTAX	RESOLUBLE	CC-BY-4.0
a1bb75eds100-fa19-final-Q5	figure1.gif	NO-OPENSTAX	NO-OPENSTAX	NO-ES-CESION	https://ds100.org/su26/past-exams/
a1bb75eds100-fa19-final-Q7	figure1.gif	NO-OPENSTAX	NO-OPENSTAX	NO-ES-CESION	https://ds100.org/su26/past-exams/
a1bb75eds100-fa20-final-Q9	figure1.gif	NO-OPENSTAX	NO-OPENSTAX	NO-ES-CESION	https://ds100.org/su26/past-exams/
a1bb75eds100-fa20-final-Q9	figure2.gif	NO-OPENSTAX	NO-OPENSTAX	NO-ES-CESION	https://ds100.org/su26/past-exams/
a1bb75eds100-fa20-final-Q9	figure3.gif	NO-OPENSTAX	NO-OPENSTAX	NO-ES-CESION	https://ds100.org/su26/past-exams/
a1bb75eds100-sp21-final-Q4a,Q4b,Q4c	figure1.gif	NO-OPENSTAX	NO-OPENSTAX	NO-ES-CESION	https://ds100.org/su26/past-exams/
a1bb75eds100-sp21-final-Q9	figure1.gif	NO-OPENSTAX	NO-OPENSTAX	NO-ES-CESION	https://ds100.org/su26/past-exams/
a1bb75eds100-sp21-final-Q9	figure2.gif	NO-OPENSTAX	NO-OPENSTAX	NO-ES-CESION	https://ds100.org/su26/past-exams/
a1bb75eds100-sp21-final-Q9	figure3.gif	NO-OPENSTAX	NO-OPENSTAX	NO-ES-CESION	https://ds100.org/su26/past-exams/
a1bb75eds100-sp21-final-Q9	figure4.gif	NO-OPENSTAX	NO-OPENSTAX	NO-ES-CESION	https://ds100.org/su26/past-exams/
a1bb75eds100-sp21-final-Q9	figure5.gif	NO-OPENSTAX	NO-OPENSTAX	NO-ES-CESION	https://ds100.org/su26/past-exams/
a1bb75eds100-sp21-final-Q9	figure6.gif	NO-OPENSTAX	NO-OPENSTAX	NO-ES-CESION	https://ds100.org/su26/past-exams/
a1bb75eds100-sp24-final-Q8	figure1.gif	NO-OPENSTAX	NO-OPENSTAX	NO-ES-CESION	https://ds100.org/su26/past-exams/
a1bb75eds100-sp24-final-Q8	figure2.gif	NO-OPENSTAX	NO-OPENSTAX	NO-ES-CESION	https://ds100.org/su26/past-exams/
a1bb75eds100-sp24-final-Q8	figure3.gif	NO-OPENSTAX	NO-OPENSTAX	NO-ES-CESION	https://ds100.org/su26/past-exams/
a1bb75eds100-sp24-final-Q8	figure4.gif	NO-OPENSTAX	NO-OPENSTAX	NO-ES-CESION	https://ds100.org/su26/past-exams/
a1bb75eds100-sp24-final-Q8	figure5.gif	NO-OPENSTAX	NO-OPENSTAX	NO-ES-CESION	https://ds100.org/su26/past-exams/
a1bb75eds100-sp24-final-Q8	figure6.gif	NO-OPENSTAX	NO-OPENSTAX	NO-ES-CESION	https://ds100.org/su26/past-exams/
a1bb75eds100-su19-final-Q8	figure1.gif	NO-OPENSTAX	NO-OPENSTAX	NO-ES-CESION	https://ds100.org/su26/past-exams/
a1bb75eds100-su19-final-Q8	figure2.gif	NO-OPENSTAX	NO-OPENSTAX	NO-ES-CESION	https://ds100.org/su26/past-exams/
a1bb75eds100-su20-mt2-Q7	figure1.gif	NO-OPENSTAX	NO-OPENSTAX	NO-ES-CESION	https://ds100.org/su26/past-exams/
a1bb75eds100-su20-mt2-Q7	figure2.gif	NO-OPENSTAX	NO-OPENSTAX	NO-ES-CESION	https://ds100.org/su26/past-exams/
a1bb75eds100-su21-final-Q7	figure1.gif	NO-OPENSTAX	NO-OPENSTAX	NO-ES-CESION	https://ds100.org/su26/past-exams/
a1bb75eds100-su21-final-Q7	figure2.gif	NO-OPENSTAX	NO-OPENSTAX	NO-ES-CESION	https://ds100.org/su26/past-exams/
a1bb75eds100-su21-final-Q7	figure3.gif	NO-OPENSTAX	NO-OPENSTAX	NO-ES-CESION	https://ds100.org/su26/past-exams/
a1bb75eds100-su21-final-Q7	figure4.gif	NO-OPENSTAX	NO-OPENSTAX	NO-ES-CESION	https://ds100.org/su26/past-exams/
a1bb75eds100-su21-final-Q7	figure5.gif	NO-OPENSTAX	NO-OPENSTAX	NO-ES-CESION	https://ds100.org/su26/past-exams/
a1bb75eds100-su25-final-Q3a,Q3b,Q3c	figure1.gif	NO-OPENSTAX	NO-OPENSTAX	NO-ES-CESION	https://ds100.org/su26/past-exams/
a1cc0dcareas1	figure1.gif	details-books	OPENSTAX	AUSENTE	-
a1cc0dcareas11	figure1.gif	details-books	OPENSTAX	AUSENTE	-
a1cc0dcareas2	figure1.gif	details-books	OPENSTAX	AUSENTE	-
a1cc0dcareas3	figure1.gif	details-books	OPENSTAX	AUSENTE	-
a1cc0dcareas4	figure1.gif	details-books	OPENSTAX	AUSENTE	-
a1cc0dcareas5	figure1.gif	details-books	OPENSTAX	AUSENTE	-
a1cc0dcareas6	figure1.gif	details-books	OPENSTAX	AUSENTE	-
a1cc0dcareas7	figure1.gif	details-books	OPENSTAX	AUSENTE	-
a1cc0dcareas8	figure1.gif	details-books	OPENSTAX	AUSENTE	-
a1f0162sequences10	figure1.gif	details-books	OPENSTAX	RESOLUBLE	CC-BY-4.0
a1f0162sequences11	figure1.gif	details-books	OPENSTAX	RESOLUBLE	CC-BY-4.0
a1f0162sequences12	figure1.gif	details-books	OPENSTAX	RESOLUBLE	CC-BY-4.0
a1f0162sequences13	figure1.gif	details-books	OPENSTAX	RESOLUBLE	CC-BY-4.0
a1f0162sequences14	figure1.gif	details-books	OPENSTAX	RESOLUBLE	CC-BY-4.0
a1f0162sequences15	figure1.gif	details-books	OPENSTAX	RESOLUBLE	CC-BY-4.0
a1f0162sequences2	figure1.gif	details-books	OPENSTAX	RESOLUBLE	CC-BY-4.0
a1f0162sequences3	figure1.gif	details-books	OPENSTAX	RESOLUBLE	CC-BY-4.0
a1f0162sequences4	figure1.gif	details-books	OPENSTAX	RESOLUBLE	CC-BY-4.0
a1f0162sequences5	figure1.gif	openstax-otro	OPENSTAX	AUSENTE	-
a1f0162sequences6	figure1.gif	openstax-otro	OPENSTAX	AUSENTE	-
a1f0162sequences9	figure1.gif	details-books	OPENSTAX	RESOLUBLE	CC-BY-4.0
a1f1064rev1	figure1.gif	NO-OPENSTAX	NO-OPENSTAX	RESOLUBLE	CC-BY-4.0
a1f1064rev1	figure10.gif	NO-OPENSTAX	NO-OPENSTAX	RESOLUBLE	CC-BY-4.0
a1f1064rev1	figure11.gif	NO-OPENSTAX	NO-OPENSTAX	RESOLUBLE	CC-BY-4.0
a1f1064rev1	figure12.gif	NO-OPENSTAX	NO-OPENSTAX	RESOLUBLE	CC-BY-4.0
a1f1064rev1	figure13.gif	NO-OPENSTAX	NO-OPENSTAX	RESOLUBLE	CC-BY-4.0
a1f1064rev1	figure14.gif	NO-OPENSTAX	NO-OPENSTAX	RESOLUBLE	CC-BY-4.0
a1f1064rev1	figure15.gif	NO-OPENSTAX	NO-OPENSTAX	RESOLUBLE	CC-BY-4.0
a1f1064rev1	figure16.gif	NO-OPENSTAX	NO-OPENSTAX	RESOLUBLE	CC-BY-4.0
a1f1064rev1	figure17.gif	NO-OPENSTAX	NO-OPENSTAX	RESOLUBLE	CC-BY-4.0
a1f1064rev1	figure18.gif	NO-OPENSTAX	NO-OPENSTAX	RESOLUBLE	CC-BY-4.0
a1f1064rev1	figure19.gif	NO-OPENSTAX	NO-OPENSTAX	RESOLUBLE	CC-BY-4.0
a1f1064rev1	figure2.gif	NO-OPENSTAX	NO-OPENSTAX	RESOLUBLE	CC-BY-4.0
a1f1064rev1	figure20.gif	NO-OPENSTAX	NO-OPENSTAX	RESOLUBLE	CC-BY-4.0
a1f1064rev1	figure21.gif	NO-OPENSTAX	NO-OPENSTAX	RESOLUBLE	CC-BY-4.0
a1f1064rev1	figure22.gif	NO-OPENSTAX	NO-OPENSTAX	RESOLUBLE	CC-BY-4.0
a1f1064rev1	figure23.gif	NO-OPENSTAX	NO-OPENSTAX	RESOLUBLE	CC-BY-4.0
a1f1064rev1	figure24.gif	NO-OPENSTAX	NO-OPENSTAX	RESOLUBLE	CC-BY-4.0
a1f1064rev1	figure25.gif	NO-OPENSTAX	NO-OPENSTAX	RESOLUBLE	CC-BY-4.0
a1f1064rev1	figure26.gif	NO-OPENSTAX	NO-OPENSTAX	RESOLUBLE	CC-BY-4.0
a1f1064rev1	figure27.gif	NO-OPENSTAX	NO-OPENSTAX	RESOLUBLE	CC-BY-4.0
a1f1064rev1	figure28.gif	NO-OPENSTAX	NO-OPENSTAX	RESOLUBLE	CC-BY-4.0
a1f1064rev1	figure29.gif	NO-OPENSTAX	NO-OPENSTAX	RESOLUBLE	CC-BY-4.0
a1f1064rev1	figure3.gif	NO-OPENSTAX	NO-OPENSTAX	RESOLUBLE	CC-BY-4.0
a1f1064rev1	figure30.gif	NO-OPENSTAX	NO-OPENSTAX	RESOLUBLE	CC-BY-4.0
a1f1064rev1	figure4.gif	NO-OPENSTAX	NO-OPENSTAX	RESOLUBLE	CC-BY-4.0
a1f1064rev1	figure5.gif	NO-OPENSTAX	NO-OPENSTAX	RESOLUBLE	CC-BY-4.0
a1f1064rev1	figure6.gif	NO-OPENSTAX	NO-OPENSTAX	RESOLUBLE	CC-BY-4.0
a1f1064rev1	figure7.gif	NO-OPENSTAX	NO-OPENSTAX	RESOLUBLE	CC-BY-4.0
a1f1064rev1	figure8.gif	NO-OPENSTAX	NO-OPENSTAX	RESOLUBLE	CC-BY-4.0
a1f1064rev1	figure9.gif	NO-OPENSTAX	NO-OPENSTAX	RESOLUBLE	CC-BY-4.0
a1f1064rev2	figure1.gif	NO-OPENSTAX	NO-OPENSTAX	RESOLUBLE	CC-BY-4.0
a1f1064rev5	figure1.gif	NO-OPENSTAX	NO-OPENSTAX	RESOLUBLE	CC-BY-4.0
a1f1064rev5	figure10.gif	NO-OPENSTAX	NO-OPENSTAX	RESOLUBLE	CC-BY-4.0
a1f1064rev5	figure11.gif	NO-OPENSTAX	NO-OPENSTAX	RESOLUBLE	CC-BY-4.0
a1f1064rev5	figure12.gif	NO-OPENSTAX	NO-OPENSTAX	RESOLUBLE	CC-BY-4.0
a1f1064rev5	figure13.gif	NO-OPENSTAX	NO-OPENSTAX	RESOLUBLE	CC-BY-4.0
a1f1064rev5	figure14.gif	NO-OPENSTAX	NO-OPENSTAX	RESOLUBLE	CC-BY-4.0
a1f1064rev5	figure15.gif	NO-OPENSTAX	NO-OPENSTAX	RESOLUBLE	CC-BY-4.0
a1f1064rev5	figure16.gif	NO-OPENSTAX	NO-OPENSTAX	RESOLUBLE	CC-BY-4.0
a1f1064rev5	figure17.gif	NO-OPENSTAX	NO-OPENSTAX	RESOLUBLE	CC-BY-4.0
a1f1064rev5	figure18.gif	NO-OPENSTAX	NO-OPENSTAX	RESOLUBLE	CC-BY-4.0
a1f1064rev5	figure19.gif	NO-OPENSTAX	NO-OPENSTAX	RESOLUBLE	CC-BY-4.0
a1f1064rev5	figure2.gif	NO-OPENSTAX	NO-OPENSTAX	RESOLUBLE	CC-BY-4.0
a1f1064rev5	figure20.gif	NO-OPENSTAX	NO-OPENSTAX	RESOLUBLE	CC-BY-4.0
a1f1064rev5	figure21.gif	NO-OPENSTAX	NO-OPENSTAX	RESOLUBLE	CC-BY-4.0
a1f1064rev5	figure22.gif	NO-OPENSTAX	NO-OPENSTAX	RESOLUBLE	CC-BY-4.0
a1f1064rev5	figure3.gif	NO-OPENSTAX	NO-OPENSTAX	RESOLUBLE	CC-BY-4.0
a1f1064rev5	figure4.gif	NO-OPENSTAX	NO-OPENSTAX	RESOLUBLE	CC-BY-4.0
a1f1064rev5	figure5.gif	NO-OPENSTAX	NO-OPENSTAX	RESOLUBLE	CC-BY-4.0
a1f1064rev5	figure6.gif	NO-OPENSTAX	NO-OPENSTAX	RESOLUBLE	CC-BY-4.0
a1f1064rev5	figure7.gif	NO-OPENSTAX	NO-OPENSTAX	RESOLUBLE	CC-BY-4.0
a1f1064rev5	figure8.gif	NO-OPENSTAX	NO-OPENSTAX	RESOLUBLE	CC-BY-4.0
a1f1064rev5	figure9.gif	NO-OPENSTAX	NO-OPENSTAX	RESOLUBLE	CC-BY-4.0
a1f1064rev6	figure1.gif	NO-OPENSTAX	NO-OPENSTAX	RESOLUBLE	CC-BY-4.0
a1f1064rev6	figure2.gif	NO-OPENSTAX	NO-OPENSTAX	RESOLUBLE	CC-BY-4.0
a1f1064rev6	figure3.gif	NO-OPENSTAX	NO-OPENSTAX	RESOLUBLE	CC-BY-4.0
a1f1064rev6	figure4.gif	NO-OPENSTAX	NO-OPENSTAX	RESOLUBLE	CC-BY-4.0
a1f1064rev6	figure5.gif	NO-OPENSTAX	NO-OPENSTAX	RESOLUBLE	CC-BY-4.0
a1f1064rev6	figure6.gif	NO-OPENSTAX	NO-OPENSTAX	RESOLUBLE	CC-BY-4.0
a1f1064rev6	figure7.gif	NO-OPENSTAX	NO-OPENSTAX	RESOLUBLE	CC-BY-4.0
a1f1064rev7	figure1.gif	NO-OPENSTAX	NO-OPENSTAX	RESOLUBLE	CC-BY-4.0
a1f1064rev7	figure10.gif	NO-OPENSTAX	NO-OPENSTAX	RESOLUBLE	CC-BY-4.0
a1f1064rev7	figure2.gif	NO-OPENSTAX	NO-OPENSTAX	RESOLUBLE	CC-BY-4.0
a1f1064rev7	figure3.gif	NO-OPENSTAX	NO-OPENSTAX	RESOLUBLE	CC-BY-4.0
a1f1064rev7	figure4.gif	NO-OPENSTAX	NO-OPENSTAX	RESOLUBLE	CC-BY-4.0
a1f1064rev7	figure5.gif	NO-OPENSTAX	NO-OPENSTAX	RESOLUBLE	CC-BY-4.0
a1f1064rev7	figure6.gif	NO-OPENSTAX	NO-OPENSTAX	RESOLUBLE	CC-BY-4.0
a1f1064rev7	figure7.gif	NO-OPENSTAX	NO-OPENSTAX	RESOLUBLE	CC-BY-4.0
a1f1064rev7	figure8.gif	NO-OPENSTAX	NO-OPENSTAX	RESOLUBLE	CC-BY-4.0
a1f1064rev7	figure9.gif	NO-OPENSTAX	NO-OPENSTAX	RESOLUBLE	CC-BY-4.0
a1fac02a1cc0dcareas3	figure1.gif	NO-OPENSTAX	NO-OPENSTAX	RESOLUBLE	CC-BY-4.0
a1fac02a1cc0dcareas4	figure1.gif	NO-OPENSTAX	NO-OPENSTAX	RESOLUBLE	CC-BY-4.0
a20771equad19	figure1.gif	details-books	OPENSTAX	RESOLUBLE	CC-BY-4.0
a2101f5T332-trigcomp-P01	figure1.gif	NO-OPENSTAX	NO-OPENSTAX	VERSION-SIN-VARIANTE	CC4.0
a2101f5T332-trigcomp-P01	figure2.gif	NO-OPENSTAX	NO-OPENSTAX	VERSION-SIN-VARIANTE	CC4.0
a2101f5T332-trigcomp-P02	figure1.gif	NO-OPENSTAX	NO-OPENSTAX	VERSION-SIN-VARIANTE	CC4.0
a2101f5T332-trigcomp-P02	figure2.gif	NO-OPENSTAX	NO-OPENSTAX	VERSION-SIN-VARIANTE	CC4.0
a2101f5T332-trigcomp-P03	figure1.gif	NO-OPENSTAX	NO-OPENSTAX	VERSION-SIN-VARIANTE	CC4.0
a2101f5T332-trigcomp-P03	figure2.gif	NO-OPENSTAX	NO-OPENSTAX	VERSION-SIN-VARIANTE	CC4.0
a2101f5T332-trigcomp-P03	figure3.gif	NO-OPENSTAX	NO-OPENSTAX	VERSION-SIN-VARIANTE	CC4.0
a2101f5T332-trigcomp-P04	figure1.gif	NO-OPENSTAX	NO-OPENSTAX	VERSION-SIN-VARIANTE	CC4.0
a2101f5T332-trigcomp-P04	figure2.gif	NO-OPENSTAX	NO-OPENSTAX	VERSION-SIN-VARIANTE	CC4.0
a2101f5T332-trigcomp-P04	figure3.gif	NO-OPENSTAX	NO-OPENSTAX	VERSION-SIN-VARIANTE	CC4.0
a2101f5T332-trigcomp-P05	figure1.gif	NO-OPENSTAX	NO-OPENSTAX	VERSION-SIN-VARIANTE	CC4.0
a2101f5T332-trigcomp-P05	figure2.gif	NO-OPENSTAX	NO-OPENSTAX	VERSION-SIN-VARIANTE	CC4.0
a2101f5T332-trigcomp-P05	figure3.gif	NO-OPENSTAX	NO-OPENSTAX	VERSION-SIN-VARIANTE	CC4.0
a2101f5T332-trigcomp-P06	figure1.gif	NO-OPENSTAX	NO-OPENSTAX	VERSION-SIN-VARIANTE	CC4.0
a2101f5T332-trigcomp-P06	figure2.gif	NO-OPENSTAX	NO-OPENSTAX	VERSION-SIN-VARIANTE	CC4.0
a2101f5T332-trigcomp-P06	figure3.gif	NO-OPENSTAX	NO-OPENSTAX	VERSION-SIN-VARIANTE	CC4.0
a251b28mod1	figure1.gif	NO-OPENSTAX	NO-OPENSTAX	RESOLUBLE	CC-BY-4.0
a251b28mod1	figure2.gif	NO-OPENSTAX	NO-OPENSTAX	RESOLUBLE	CC-BY-4.0
a251b28mod1	figure3.gif	NO-OPENSTAX	NO-OPENSTAX	RESOLUBLE	CC-BY-4.0
a251b28mod1	figure4.gif	NO-OPENSTAX	NO-OPENSTAX	RESOLUBLE	CC-BY-4.0
a251b28mod1	figure5.gif	NO-OPENSTAX	NO-OPENSTAX	RESOLUBLE	CC-BY-4.0
a251b28mod1	figure6.gif	NO-OPENSTAX	NO-OPENSTAX	RESOLUBLE	CC-BY-4.0
a251b28mod2	figure1.gif	NO-OPENSTAX	NO-OPENSTAX	RESOLUBLE	CC-BY-4.0
a251b28mod2	figure2.gif	NO-OPENSTAX	NO-OPENSTAX	RESOLUBLE	CC-BY-4.0
a251b28mod2	figure3.gif	NO-OPENSTAX	NO-OPENSTAX	RESOLUBLE	CC-BY-4.0
a251b28mod2	figure4.gif	NO-OPENSTAX	NO-OPENSTAX	RESOLUBLE	CC-BY-4.0
a251b28mod3	figure1.gif	NO-OPENSTAX	NO-OPENSTAX	RESOLUBLE	CC-BY-4.0
a251b28mod4	figure1.gif	NO-OPENSTAX	NO-OPENSTAX	RESOLUBLE	CC-BY-4.0
a28448cslope1	figure1.gif	details-books	OPENSTAX	RESOLUBLE	CC-BY-4.0
a28448cslope2	figure1.gif	details-books	OPENSTAX	RESOLUBLE	CC-BY-4.0
a28448cslope3	figure1.gif	details-books	OPENSTAX	RESOLUBLE	CC-BY-4.0
a28448cslope4	figure1.gif	details-books	OPENSTAX	RESOLUBLE	CC-BY-4.0
a28722cappquad18	figure1.gif	details-books	OPENSTAX	RESOLUBLE	CC-BY-4.0
a28722cappquad19	figure1.gif	details-books	OPENSTAX	RESOLUBLE	CC-BY-4.0
a298b40expectedvalue1	figure1.gif	details-books	OPENSTAX	RESOLUBLE	CC-BY-4.0
a298b40expectedvalue11	figure1.gif	details-books	OPENSTAX	RESOLUBLE	CC-BY-4.0
a298b40expectedvalue12	figure1.gif	details-books	OPENSTAX	RESOLUBLE	CC-BY-4.0
a298b40expectedvalue13	figure1.gif	details-books	OPENSTAX	RESOLUBLE	CC-BY-4.0
a298b40expectedvalue14	figure1.gif	details-books	OPENSTAX	RESOLUBLE	CC-BY-4.0
a298b40expectedvalue15	figure1.gif	details-books	OPENSTAX	RESOLUBLE	CC-BY-4.0
a298b40expectedvalue16	figure1.gif	details-books	OPENSTAX	RESOLUBLE	CC-BY-4.0
a298b40expectedvalue17	figure1.gif	details-books	OPENSTAX	RESOLUBLE	CC-BY-4.0
a298b40expectedvalue18	figure1.gif	details-books	OPENSTAX	RESOLUBLE	CC-BY-4.0
a298b40expectedvalue19	figure1.gif	details-books	OPENSTAX	RESOLUBLE	CC-BY-4.0
a298b40expectedvalue2	figure1.gif	details-books	OPENSTAX	RESOLUBLE	CC-BY-4.0
a298b40expectedvalue20	figure1.gif	details-books	OPENSTAX	RESOLUBLE	CC-BY-4.0
a298b40expectedvalue23	figure1.gif	details-books	OPENSTAX	RESOLUBLE	CC-BY-4.0
a298b40expectedvalue24	figure1.gif	details-books	OPENSTAX	RESOLUBLE	CC-BY-4.0
a298b40expectedvalue3	figure1.gif	details-books	OPENSTAX	RESOLUBLE	CC-BY-4.0
a298b40expectedvalue4	figure1.gif	details-books	OPENSTAX	RESOLUBLE	CC-BY-4.0
a298b40expectedvalue5	figure1.gif	details-books	OPENSTAX	RESOLUBLE	CC-BY-4.0
a298b40expectedvalue8	figure1.gif	details-books	OPENSTAX	RESOLUBLE	CC-BY-4.0
a298b40expectedvalue9	figure1.gif	details-books	OPENSTAX	RESOLUBLE	CC-BY-4.0
a29d75aclt1	figure1.gif	details-books	OPENSTAX	RESOLUBLE	CC-BY-4.0
a2a30a8A112-algrules-P11	figure1.gif	NO-OPENSTAX	NO-OPENSTAX	VERSION-SIN-VARIANTE	CC4.0
a2a30a8A112-algrules-P12	figure1.gif	NO-OPENSTAX	NO-OPENSTAX	VERSION-SIN-VARIANTE	CC4.0
a2a30a8A112-algrules-P13	figure1.gif	NO-OPENSTAX	NO-OPENSTAX	VERSION-SIN-VARIANTE	CC4.0
a2a30a8A112-algrules-P14	figure1.gif	NO-OPENSTAX	NO-OPENSTAX	VERSION-SIN-VARIANTE	CC4.0
a2c5dc0T112-trigdef-P01	figure1.gif	NO-OPENSTAX	NO-OPENSTAX	VERSION-SIN-VARIANTE	CC4.0
a2c5dc0T112-trigdef-P01	figure2.gif	NO-OPENSTAX	NO-OPENSTAX	VERSION-SIN-VARIANTE	CC4.0
a2c5dc0T112-trigdef-P01	figure3.gif	NO-OPENSTAX	NO-OPENSTAX	VERSION-SIN-VARIANTE	CC4.0
a2c5dc0T112-trigdef-P02	figure1.gif	NO-OPENSTAX	NO-OPENSTAX	VERSION-SIN-VARIANTE	CC4.0
a2c5dc0T112-trigdef-P02	figure2.gif	NO-OPENSTAX	NO-OPENSTAX	VERSION-SIN-VARIANTE	CC4.0
a2c5dc0T112-trigdef-P02	figure3.gif	NO-OPENSTAX	NO-OPENSTAX	VERSION-SIN-VARIANTE	CC4.0
a2c5dc0T112-trigdef-P03	figure1.gif	NO-OPENSTAX	NO-OPENSTAX	VERSION-SIN-VARIANTE	CC4.0
a2c5dc0T112-trigdef-P03	figure2.gif	NO-OPENSTAX	NO-OPENSTAX	VERSION-SIN-VARIANTE	CC4.0
a2c5dc0T112-trigdef-P03	figure3.gif	NO-OPENSTAX	NO-OPENSTAX	VERSION-SIN-VARIANTE	CC4.0
a2c5dc0T112-trigdef-P04	figure1.gif	NO-OPENSTAX	NO-OPENSTAX	VERSION-SIN-VARIANTE	CC4.0
a2c5dc0T112-trigdef-P04	figure2.gif	NO-OPENSTAX	NO-OPENSTAX	VERSION-SIN-VARIANTE	CC4.0
a2c5dc0T112-trigdef-P04	figure3.gif	NO-OPENSTAX	NO-OPENSTAX	VERSION-SIN-VARIANTE	CC4.0
a2c5dc0T112-trigdef-P05	figure1.gif	NO-OPENSTAX	NO-OPENSTAX	VERSION-SIN-VARIANTE	CC4.0
a2c5dc0T112-trigdef-P06	figure1.gif	NO-OPENSTAX	NO-OPENSTAX	AUSENTE	-
a2c5dc0T112-trigdef-P07	figure1.gif	NO-OPENSTAX	NO-OPENSTAX	AUSENTE	-
a2c7986stat12	figure1.gif	details-books	OPENSTAX	RESOLUBLE	CC-BY-4.0
a2c7986stat13	figure1.gif	details-books	OPENSTAX	RESOLUBLE	CC-BY-4.0
a2c7986stat14	figure1.gif	details-books	OPENSTAX	RESOLUBLE	CC-BY-4.0
a2c7986stat15	figure1.gif	details-books	OPENSTAX	RESOLUBLE	CC-BY-4.0
a2eb6bb4.1baker1	figure1.gif	details-books	OPENSTAX	RESOLUBLE	CC-BY-4.0
a2eb6bb4.1employer1	figure1.gif	details-books	OPENSTAX	RESOLUBLE	CC-BY-4.0
a2f619abox1	figure1.gif	details-books	OPENSTAX	RESOLUBLE	CC-BY-4.0
a2f619abox10	figure1.gif	details-books	OPENSTAX	RESOLUBLE	CC-BY-4.0
a2f619abox11	figure1.gif	details-books	OPENSTAX	RESOLUBLE	CC-BY-4.0
a2f619abox12	figure1.gif	details-books	OPENSTAX	RESOLUBLE	CC-BY-4.0
a2f619abox13	figure1.gif	details-books	OPENSTAX	RESOLUBLE	CC-BY-4.0
a2f619abox2	figure1.gif	details-books	OPENSTAX	RESOLUBLE	CC-BY-4.0
a2f619abox3	figure1.gif	details-books	OPENSTAX	RESOLUBLE	CC-BY-4.0
a2f619abox4	figure1.gif	details-books	OPENSTAX	RESOLUBLE	CC-BY-4.0
a2f619abox5	figure1.gif	details-books	OPENSTAX	RESOLUBLE	CC-BY-4.0
a2f619abox6	figure1.gif	details-books	OPENSTAX	RESOLUBLE	CC-BY-4.0
a2f619abox7	figure1.gif	details-books	OPENSTAX	RESOLUBLE	CC-BY-4.0
a2f619abox8	figure1.gif	details-books	OPENSTAX	RESOLUBLE	CC-BY-4.0
a2f619abox9	figure1.gif	details-books	OPENSTAX	RESOLUBLE	CC-BY-4.0
a2f73b1indep1	figure1.gif	details-books	OPENSTAX	RESOLUBLE	CC-BY-4.0
a2f73b1indep1	figure2.gif	details-books	OPENSTAX	RESOLUBLE	CC-BY-4.0
a2f73b1indep2	figure1.gif	details-books	OPENSTAX	RESOLUBLE	CC-BY-4.0
a2f73b1indep3	figure1.gif	details-books	OPENSTAX	RESOLUBLE	CC-BY-4.0
a320fba11.6post	figure1.gif	details-books	OPENSTAX	RESOLUBLE	CC-BY-4.0
a32c9a5work4	figure1.gif	books-pages	OPENSTAX	RESOLUBLE	CC-BY-4.0
a331339res1	figure1.gif	NO-OPENSTAX	NO-OPENSTAX	RESOLUBLE	CC-BY-4.0
a331339res2	figure1.gif	NO-OPENSTAX	NO-OPENSTAX	RESOLUBLE	CC-BY-4.0
a331339res2	figure2.gif	NO-OPENSTAX	NO-OPENSTAX	RESOLUBLE	CC-BY-4.0
a331339res2	figure3.gif	NO-OPENSTAX	NO-OPENSTAX	RESOLUBLE	CC-BY-4.0
a331339res3	figure1.gif	NO-OPENSTAX	NO-OPENSTAX	RESOLUBLE	CC-BY-4.0
a331339res3	figure2.gif	NO-OPENSTAX	NO-OPENSTAX	RESOLUBLE	CC-BY-4.0
a331339res3	figure3.gif	NO-OPENSTAX	NO-OPENSTAX	RESOLUBLE	CC-BY-4.0
a331339res3	figure4.gif	NO-OPENSTAX	NO-OPENSTAX	RESOLUBLE	CC-BY-4.0
a33da99volumes1	figure1.gif	details-books	OPENSTAX	AUSENTE	-
a33da99volumes10	figure1.gif	details-books	OPENSTAX	AUSENTE	-
a33da99volumes11	figure1.gif	details-books	OPENSTAX	AUSENTE	-
a33da99volumes12	figure1.gif	details-books	OPENSTAX	AUSENTE	-
a33da99volumes13	figure1.gif	details-books	OPENSTAX	AUSENTE	-
a33da99volumes14	figure1.gif	details-books	OPENSTAX	AUSENTE	-
a33da99volumes2	figure1.gif	details-books	OPENSTAX	AUSENTE	-
a33da99volumes3	figure1.gif	details-books	OPENSTAX	AUSENTE	-
a33da99volumes4	figure1.gif	details-books	OPENSTAX	AUSENTE	-
a33da99volumes5	figure1.gif	details-books	OPENSTAX	AUSENTE	-
a33da99volumes6	figure1.gif	details-books	OPENSTAX	AUSENTE	-
a33da99volumes7	figure1.gif	details-books	OPENSTAX	AUSENTE	-
a33da99volumes8	figure1.gif	details-books	OPENSTAX	AUSENTE	-
a33da99volumes9	figure1.gif	details-books	OPENSTAX	AUSENTE	-
a342e92limit1	figure1.gif	details-books	OPENSTAX	AUSENTE	-
a342e92limit1	figure2.gif	details-books	OPENSTAX	AUSENTE	-
a342e92limit1	figure3.gif	details-books	OPENSTAX	AUSENTE	-
a342e92limit10	figure1.gif	details-books	OPENSTAX	AUSENTE	-
a342e92limit11	figure1.gif	details-books	OPENSTAX	AUSENTE	-
a342e92limit12	figure1.gif	details-books	OPENSTAX	AUSENTE	-
a342e92limit14	figure1.gif	details-books	OPENSTAX	AUSENTE	-
a342e92limit14	figure2.gif	details-books	OPENSTAX	AUSENTE	-
a342e92limit14	figure3.gif	details-books	OPENSTAX	AUSENTE	-
a342e92limit15	figure1.gif	details-books	OPENSTAX	AUSENTE	-
a342e92limit15	figure2.gif	details-books	OPENSTAX	AUSENTE	-
a342e92limit15	figure3.gif	details-books	OPENSTAX	AUSENTE	-
a342e92limit16	figure1.gif	details-books	OPENSTAX	AUSENTE	-
a342e92limit16	figure2.gif	details-books	OPENSTAX	AUSENTE	-
a342e92limit17	figure1.gif	details-books	OPENSTAX	AUSENTE	-
a342e92limit17	figure2.gif	details-books	OPENSTAX	AUSENTE	-
a342e92limit18	figure1.gif	details-books	OPENSTAX	AUSENTE	-
a342e92limit18	figure2.gif	details-books	OPENSTAX	AUSENTE	-
a342e92limit19	figure1.gif	details-books	OPENSTAX	AUSENTE	-
a342e92limit19	figure2.gif	details-books	OPENSTAX	AUSENTE	-
a342e92limit2	figure1.gif	details-books	OPENSTAX	AUSENTE	-
a342e92limit2	figure2.gif	details-books	OPENSTAX	AUSENTE	-
a342e92limit2	figure3.gif	details-books	OPENSTAX	AUSENTE	-
a342e92limit20	figure1.gif	details-books	OPENSTAX	AUSENTE	-
a342e92limit20	figure2.gif	details-books	OPENSTAX	AUSENTE	-
a342e92limit21	figure1.gif	details-books	OPENSTAX	AUSENTE	-
a342e92limit21	figure2.gif	details-books	OPENSTAX	AUSENTE	-
a342e92limit21	figure3.gif	details-books	OPENSTAX	AUSENTE	-
a342e92limit22	figure1.gif	details-books	OPENSTAX	AUSENTE	-
a342e92limit22	figure2.gif	details-books	OPENSTAX	AUSENTE	-
a342e92limit23	figure1.gif	details-books	OPENSTAX	AUSENTE	-
a342e92limit23	figure2.gif	details-books	OPENSTAX	AUSENTE	-
a342e92limit23	figure3.gif	details-books	OPENSTAX	AUSENTE	-
a342e92limit24	figure1.gif	details-books	OPENSTAX	AUSENTE	-
a342e92limit24	figure2.gif	details-books	OPENSTAX	AUSENTE	-
a342e92limit24	figure3.gif	details-books	OPENSTAX	AUSENTE	-
a342e92limit25	figure1.gif	details-books	OPENSTAX	AUSENTE	-
a342e92limit25	figure2.gif	details-books	OPENSTAX	AUSENTE	-
a342e92limit25	figure3.gif	details-books	OPENSTAX	AUSENTE	-
a342e92limit3	figure1.gif	details-books	OPENSTAX	AUSENTE	-
a342e92limit4	figure1.gif	details-books	OPENSTAX	AUSENTE	-
a342e92limit4	figure2.gif	details-books	OPENSTAX	AUSENTE	-
a342e92limit4	figure3.gif	details-books	OPENSTAX	AUSENTE	-
a342e92limit5	figure1.gif	details-books	OPENSTAX	AUSENTE	-
a342e92limit5	figure2.gif	details-books	OPENSTAX	AUSENTE	-
a342e92limit5	figure3.gif	details-books	OPENSTAX	AUSENTE	-
a342e92limit6	figure1.gif	details-books	OPENSTAX	AUSENTE	-
a342e92limit6	figure2.gif	details-books	OPENSTAX	AUSENTE	-
a342e92limit6	figure3.gif	details-books	OPENSTAX	AUSENTE	-
a342e92limit7	figure1.gif	details-books	OPENSTAX	AUSENTE	-
a342e92limit7	figure2.gif	details-books	OPENSTAX	AUSENTE	-
a342e92limit8	figure1.gif	details-books	OPENSTAX	AUSENTE	-
a342e92limit8	figure2.gif	details-books	OPENSTAX	AUSENTE	-
a342e92limit9	figure1.gif	details-books	OPENSTAX	AUSENTE	-
a342e92limit9	figure2.gif	details-books	OPENSTAX	AUSENTE	-
a343428l'hopital14	figure1.gif	details-books	OPENSTAX	AUSENTE	-
a3476d7optimize1	figure1.gif	books-pages	OPENSTAX	AUSENTE	-
a3476d7optimize15	figure1.gif	books-pages	OPENSTAX	AUSENTE	-
a3476d7optimize3	figure1.gif	books-pages	OPENSTAX	AUSENTE	-
a3476d7optimize3	figure2.gif	books-pages	OPENSTAX	AUSENTE	-
a3476d7optimize7	figure1.gif	books-pages	OPENSTAX	AUSENTE	-
a3476d7optimize9	figure1.gif	books-pages	OPENSTAX	AUSENTE	-
a35b0d9quadratic1	figure1.gif	details-books	OPENSTAX	RESOLUBLE	CC-BY-4.0
a35b0d9quadratic5	figure1.gif	details-books	OPENSTAX	RESOLUBLE	CC-BY-4.0
a35ba99cou2	figure1.gif	details-books	OPENSTAX	RESOLUBLE	CC-BY-4.0
a35ba99cou3	figure1.gif	details-books	OPENSTAX	RESOLUBLE	CC-BY-4.0
a36d9e8corr1	figure1.gif	details-books	OPENSTAX	RESOLUBLE	CC-BY-4.0
a36d9e8corr2	figure1.gif	details-books	OPENSTAX	RESOLUBLE	CC-BY-4.0
a36d9e8corr3	figure1.gif	details-books	OPENSTAX	RESOLUBLE	CC-BY-4.0
a36d9e8corr4	figure1.gif	details-books	OPENSTAX	RESOLUBLE	CC-BY-4.0
a36d9e8corr5	figure1.gif	details-books	OPENSTAX	RESOLUBLE	CC-BY-4.0
a36d9e8corr6	figure1.gif	details-books	OPENSTAX	RESOLUBLE	CC-BY-4.0
a36d9e8corr7	figure1.gif	details-books	OPENSTAX	RESOLUBLE	CC-BY-4.0
a372017cramer16	figure1.gif	details-books	OPENSTAX	RESOLUBLE	CC-BY-4.0
a372017cramer19	figure1.gif	details-books	OPENSTAX	RESOLUBLE	CC-BY-4.0
a372017cramer20	figure1.gif	details-books	OPENSTAX	RESOLUBLE	CC-BY-4.0
a372017cramer21	figure1.gif	details-books	OPENSTAX	RESOLUBLE	CC-BY-4.0
a372017cramer21	figure2.gif	details-books	OPENSTAX	RESOLUBLE	CC-BY-4.0
a372017cramer22	figure1.gif	details-books	OPENSTAX	RESOLUBLE	CC-BY-4.0
a372017cramer22	figure2.gif	details-books	OPENSTAX	RESOLUBLE	CC-BY-4.0
a372017cramer23	figure1.gif	details-books	OPENSTAX	RESOLUBLE	CC-BY-4.0
a372017cramer24	figure1.gif	details-books	OPENSTAX	RESOLUBLE	CC-BY-4.0
a372017cramer24	figure2.gif	details-books	OPENSTAX	RESOLUBLE	CC-BY-4.0
a372017cramer24	figure3.gif	details-books	OPENSTAX	RESOLUBLE	CC-BY-4.0
a372017cramer25	figure1.gif	details-books	OPENSTAX	RESOLUBLE	CC-BY-4.0
a372017cramer25	figure2.gif	details-books	OPENSTAX	RESOLUBLE	CC-BY-4.0
a372017cramer26	figure1.gif	details-books	OPENSTAX	RESOLUBLE	CC-BY-4.0
a372017cramer27	figure1.gif	details-books	OPENSTAX	RESOLUBLE	CC-BY-4.0
a372017cramer30	figure1.gif	details-books	OPENSTAX	RESOLUBLE	CC-BY-4.0
a374ff4inequalities1	figure1.gif	details-books	OPENSTAX	RESOLUBLE	CC-BY-4.0
a374ff4inequalities1	figure2.gif	details-books	OPENSTAX	RESOLUBLE	CC-BY-4.0
a374ff4inequalities16	figure1.gif	details-books	OPENSTAX	RESOLUBLE	CC-BY-4.0
a374ff4inequalities17	figure1.gif	details-books	OPENSTAX	RESOLUBLE	CC-BY-4.0
a374ff4inequalities18	figure1.gif	details-books	OPENSTAX	RESOLUBLE	CC-BY-4.0
a374ff4inequalities2	figure1.gif	details-books	OPENSTAX	RESOLUBLE	CC-BY-4.0
a374ff4inequalities2	figure2.gif	details-books	OPENSTAX	RESOLUBLE	CC-BY-4.0
a374ff4inequalities3	figure1.gif	details-books	OPENSTAX	RESOLUBLE	CC-BY-4.0
a374ff4inequalities3	figure2.gif	details-books	OPENSTAX	RESOLUBLE	CC-BY-4.0
a374ff4inequalities4	figure1.gif	details-books	OPENSTAX	RESOLUBLE	CC-BY-4.0
a374ff4inequalities4	figure2.gif	details-books	OPENSTAX	RESOLUBLE	CC-BY-4.0
a374ff4inequalities5	figure1.gif	details-books	OPENSTAX	RESOLUBLE	CC-BY-4.0
a374ff4inequalities5	figure2.gif	details-books	OPENSTAX	RESOLUBLE	CC-BY-4.0
a37e07emodels28	figure1.gif	details-books	OPENSTAX	RESOLUBLE	CC-BY-4.0
a3837e8graphline1	figure1.gif	details-books	OPENSTAX	RESOLUBLE	CC-BY-4.0
a3837e8graphline5	figure1.gif	details-books	OPENSTAX	RESOLUBLE	CC-BY-4.0
a3837e8graphline6	figure1.gif	details-books	OPENSTAX	RESOLUBLE	CC-BY-4.0
a38da08geo1	figure1.gif	NO-OPENSTAX	NO-OPENSTAX	AUSENTE	-
a38da08geo10	figure1.gif	NO-OPENSTAX	NO-OPENSTAX	AUSENTE	-
a38da08geo2	figure1.gif	NO-OPENSTAX	NO-OPENSTAX	AUSENTE	-
a38da08geo2	figure2.gif	NO-OPENSTAX	NO-OPENSTAX	AUSENTE	-
a38da08geo3	figure1.gif	NO-OPENSTAX	NO-OPENSTAX	AUSENTE	-
a38da08geo4	figure1.gif	NO-OPENSTAX	NO-OPENSTAX	AUSENTE	-
a38da08geo4	figure2.gif	NO-OPENSTAX	NO-OPENSTAX	AUSENTE	-
a38da08geo5	figure1.gif	NO-OPENSTAX	NO-OPENSTAX	AUSENTE	-
a38da08geo6	figure1.gif	NO-OPENSTAX	NO-OPENSTAX	AUSENTE	-
a38da08geo6	figure2.gif	NO-OPENSTAX	NO-OPENSTAX	AUSENTE	-
a38da08geo8	figure1.gif	NO-OPENSTAX	NO-OPENSTAX	AUSENTE	-
a38da08geo9	figure1.gif	NO-OPENSTAX	NO-OPENSTAX	AUSENTE	-
a38da08geo9	figure2.gif	NO-OPENSTAX	NO-OPENSTAX	AUSENTE	-
a39b8a0def18	figure1.gif	openstax-otro	OPENSTAX	AUSENTE	-
a39b8a0def19	figure1.gif	openstax-otro	OPENSTAX	AUSENTE	-
a39b8a0def22	figure1.gif	openstax-otro	OPENSTAX	AUSENTE	-
a39def5good1	figure1.gif	details-books	OPENSTAX	RESOLUBLE	CC-BY-4.0
a39def5good1	figure2.gif	details-books	OPENSTAX	RESOLUBLE	CC-BY-4.0
a39def5good1	figure3.gif	details-books	OPENSTAX	RESOLUBLE	CC-BY-4.0
a39def5good10	figure1.gif	details-books	OPENSTAX	RESOLUBLE	CC-BY-4.0
a39def5good11	figure1.gif	details-books	OPENSTAX	RESOLUBLE	CC-BY-4.0
a39def5good12	figure1.gif	details-books	OPENSTAX	RESOLUBLE	CC-BY-4.0
a39def5good13	figure1.gif	details-books	OPENSTAX	RESOLUBLE	CC-BY-4.0
a39def5good13	figure2.gif	details-books	OPENSTAX	RESOLUBLE	CC-BY-4.0
a39def5good14	figure1.gif	details-books	OPENSTAX	RESOLUBLE	CC-BY-4.0
a39def5good14	figure2.gif	details-books	OPENSTAX	RESOLUBLE	CC-BY-4.0
a39def5good15	figure1.gif	details-books	OPENSTAX	RESOLUBLE	CC-BY-4.0
a39def5good2	figure1.gif	details-books	OPENSTAX	RESOLUBLE	CC-BY-4.0
a39def5good2	figure2.gif	details-books	OPENSTAX	RESOLUBLE	CC-BY-4.0
a39def5good3	figure1.gif	openstax-otro	OPENSTAX	AUSENTE	-
a39def5good4	figure1.gif	details-books	OPENSTAX	RESOLUBLE	CC-BY-4.0
a39def5good8	figure1.gif	details-books	OPENSTAX	RESOLUBLE	CC-BY-4.0
a39def5good9	figure1.gif	details-books	OPENSTAX	RESOLUBLE	CC-BY-4.0
a3acaad9.3baker1	figure1.gif	details-books	OPENSTAX	RESOLUBLE	CC-BY-4.0
a3ae150real22	figure1.gif	books-pages	OPENSTAX	AUSENTE	-
a3ae150real23	figure1.gif	books-pages	OPENSTAX	AUSENTE	-
a3ae150real24	figure1.gif	books-pages	OPENSTAX	AUSENTE	-
a3ae150real25	figure1.gif	books-pages	OPENSTAX	AUSENTE	-
a3ae150real26	figure1.gif	books-pages	OPENSTAX	AUSENTE	-
a3ae150real27	figure1.gif	books-pages	OPENSTAX	AUSENTE	-
a3ae150real28	figure1.gif	books-pages	OPENSTAX	AUSENTE	-
a3ae150real29	figure1.gif	books-pages	OPENSTAX	AUSENTE	-
a3ae150real30	figure1.gif	books-pages	OPENSTAX	AUSENTE	-
a3d6ae2sys1	figure1.gif	details-books	OPENSTAX	RESOLUBLE	CC-BY-4.0
a3d6ae2sys10	figure1.gif	details-books	OPENSTAX	RESOLUBLE	CC-BY-4.0
a3d6ae2sys11	figure1.gif	details-books	OPENSTAX	RESOLUBLE	CC-BY-4.0
a3d6ae2sys11	figure2.gif	details-books	OPENSTAX	RESOLUBLE	CC-BY-4.0
a3d6ae2sys12	figure1.gif	details-books	OPENSTAX	RESOLUBLE	CC-BY-4.0
a3d6ae2sys12	figure2.gif	details-books	OPENSTAX	RESOLUBLE	CC-BY-4.0
a3d6ae2sys13	figure1.gif	details-books	OPENSTAX	RESOLUBLE	CC-BY-4.0
a3d6ae2sys13	figure2.gif	details-books	OPENSTAX	RESOLUBLE	CC-BY-4.0
a3d6ae2sys14	figure1.gif	details-books	OPENSTAX	RESOLUBLE	CC-BY-4.0
a3d6ae2sys14	figure2.gif	details-books	OPENSTAX	RESOLUBLE	CC-BY-4.0
a3d6ae2sys15	figure1.gif	details-books	OPENSTAX	RESOLUBLE	CC-BY-4.0
a3d6ae2sys15	figure2.gif	details-books	OPENSTAX	RESOLUBLE	CC-BY-4.0
a3d6ae2sys16	figure1.gif	details-books	OPENSTAX	RESOLUBLE	CC-BY-4.0
a3d6ae2sys17	figure1.gif	details-books	OPENSTAX	RESOLUBLE	CC-BY-4.0
a3d6ae2sys18	figure1.gif	details-books	OPENSTAX	RESOLUBLE	CC-BY-4.0
a3d6ae2sys19	figure1.gif	details-books	OPENSTAX	RESOLUBLE	CC-BY-4.0
a3d6ae2sys2	figure1.gif	details-books	OPENSTAX	RESOLUBLE	CC-BY-4.0
a3d6ae2sys20	figure1.gif	details-books	OPENSTAX	RESOLUBLE	CC-BY-4.0
a3d6ae2sys21	figure1.gif	details-books	OPENSTAX	RESOLUBLE	CC-BY-4.0
a3d6ae2sys22	figure1.gif	details-books	OPENSTAX	RESOLUBLE	CC-BY-4.0
a3d6ae2sys23	figure1.gif	details-books	OPENSTAX	RESOLUBLE	CC-BY-4.0
a3d6ae2sys24	figure1.gif	details-books	OPENSTAX	RESOLUBLE	CC-BY-4.0
a3d6ae2sys25	figure1.gif	details-books	OPENSTAX	RESOLUBLE	CC-BY-4.0
a3d6ae2sys26	figure1.gif	details-books	OPENSTAX	RESOLUBLE	CC-BY-4.0
a3d6ae2sys26	figure2.gif	details-books	OPENSTAX	RESOLUBLE	CC-BY-4.0
a3d6ae2sys26	figure3.gif	details-books	OPENSTAX	RESOLUBLE	CC-BY-4.0
a3d6ae2sys27	figure1.gif	details-books	OPENSTAX	RESOLUBLE	CC-BY-4.0
a3d6ae2sys27	figure2.gif	details-books	OPENSTAX	RESOLUBLE	CC-BY-4.0
a3d6ae2sys27	figure3.gif	details-books	OPENSTAX	RESOLUBLE	CC-BY-4.0
a3d6ae2sys28	figure1.gif	details-books	OPENSTAX	RESOLUBLE	CC-BY-4.0
a3d6ae2sys28	figure2.gif	details-books	OPENSTAX	RESOLUBLE	CC-BY-4.0
a3d6ae2sys29	figure1.gif	details-books	OPENSTAX	RESOLUBLE	CC-BY-4.0
a3d6ae2sys29	figure2.gif	details-books	OPENSTAX	RESOLUBLE	CC-BY-4.0
a3d6ae2sys3	figure1.gif	details-books	OPENSTAX	RESOLUBLE	CC-BY-4.0
a3d6ae2sys30	figure1.gif	details-books	OPENSTAX	RESOLUBLE	CC-BY-4.0
a3d6ae2sys30	figure2.gif	details-books	OPENSTAX	RESOLUBLE	CC-BY-4.0
a3d6ae2sys4	figure1.gif	details-books	OPENSTAX	RESOLUBLE	CC-BY-4.0
a3d6ae2sys5	figure1.gif	details-books	OPENSTAX	RESOLUBLE	CC-BY-4.0
a3d6ae2sys6	figure1.gif	details-books	OPENSTAX	RESOLUBLE	CC-BY-4.0
a3d6ae2sys7	figure1.gif	details-books	OPENSTAX	RESOLUBLE	CC-BY-4.0
a3d6ae2sys8	figure1.gif	details-books	OPENSTAX	RESOLUBLE	CC-BY-4.0
a3d6ae2sys9	figure1.gif	details-books	OPENSTAX	RESOLUBLE	CC-BY-4.0
a3dd710RecCord11	figure1.gif	details-books	OPENSTAX	RESOLUBLE	CC-BY-4.0
a3dd710RecCord27	figure1.gif	details-books	OPENSTAX	RESOLUBLE	CC-BY-4.0
a3e1067arc7	figure1.gif	details-books	OPENSTAX	AUSENTE	-
a3e1067arc8	figure1.gif	details-books	OPENSTAX	AUSENTE	-
a40e287thermo11	figure1.gif	NO-OPENSTAX	NO-OPENSTAX	AUSENTE	-
a40e287thermo2	figure1.gif	NO-OPENSTAX	NO-OPENSTAX	AUSENTE	-
a40e287thermo3	figure1.gif	NO-OPENSTAX	NO-OPENSTAX	AUSENTE	-
a40e287thermo4	figure1.gif	NO-OPENSTAX	NO-OPENSTAX	AUSENTE	-
a40e287thermo5	figure1.gif	NO-OPENSTAX	NO-OPENSTAX	AUSENTE	-
a40e287thermo6	figure1.gif	NO-OPENSTAX	NO-OPENSTAX	AUSENTE	-
a40e287thermo7	figure1.gif	NO-OPENSTAX	NO-OPENSTAX	AUSENTE	-
a40e287thermo9	figure1.gif	NO-OPENSTAX	NO-OPENSTAX	AUSENTE	-
a41316cmatrices6	figure1.gif	details-books	OPENSTAX	RESOLUBLE	CC-BY-4.0
a41316cmatrices7	figure1.gif	details-books	OPENSTAX	RESOLUBLE	CC-BY-4.0
a41316cmatrices8	figure1.gif	details-books	OPENSTAX	RESOLUBLE	CC-BY-4.0
a41316cmatrices9	figure1.gif	details-books	OPENSTAX	RESOLUBLE	CC-BY-4.0
a423e1cfunctions1	figure1.gif	books-pages	OPENSTAX	AUSENTE	-
a423e1cfunctions17	figure1.gif	books-pages	OPENSTAX	AUSENTE	-
a423e1cfunctions18	figure1.gif	books-pages	OPENSTAX	AUSENTE	-
a423e1cfunctions22	figure1.gif	books-pages	OPENSTAX	AUSENTE	-
a423e1cfunctions23	figure1.gif	books-pages	OPENSTAX	AUSENTE	-
a423e1cfunctions24	figure1.gif	books-pages	OPENSTAX	AUSENTE	-
a423e1cfunctions28	figure1.gif	books-pages	OPENSTAX	AUSENTE	-
a423e1cfunctions29	figure1.gif	books-pages	OPENSTAX	AUSENTE	-
a423e1cfunctions5	figure1.gif	books-pages	OPENSTAX	AUSENTE	-
a423e1cfunctions6	figure1.gif	books-pages	OPENSTAX	AUSENTE	-
a423e1cfunctions6	figure2.gif	books-pages	OPENSTAX	AUSENTE	-
a423e1cfunctions6	figure3.gif	books-pages	OPENSTAX	AUSENTE	-
a423e1cfunctions7	figure1.gif	books-pages	OPENSTAX	AUSENTE	-
a42d06ec1	figure1.gif	NO-OPENSTAX	NO-OPENSTAX	AUSENTE	-
a42d06ec1	figure2.gif	NO-OPENSTAX	NO-OPENSTAX	AUSENTE	-
a42d06ec6	figure1.gif	NO-OPENSTAX	NO-OPENSTAX	AUSENTE	-
a42d06ec61	figure1.gif	NO-OPENSTAX	NO-OPENSTAX	AUSENTE	-
a4384a1model1	figure1.gif	books-pages	OPENSTAX	RESOLUBLE	CC-BY-4.0
a4384a1model19	figure1.gif	books-pages	OPENSTAX	RESOLUBLE	CC-BY-4.0
a4384a1model2	figure1.gif	books-pages	OPENSTAX	RESOLUBLE	CC-BY-4.0
a4384a1model20	figure1.gif	books-pages	OPENSTAX	RESOLUBLE	CC-BY-4.0
a4384a1model21	figure1.gif	books-pages	OPENSTAX	RESOLUBLE	CC-BY-4.0
a4384a1model22	figure1.gif	books-pages	OPENSTAX	RESOLUBLE	CC-BY-4.0
a4384a1model23	figure1.gif	books-pages	OPENSTAX	RESOLUBLE	CC-BY-4.0
a4384a1model24	figure1.gif	books-pages	OPENSTAX	RESOLUBLE	CC-BY-4.0
a4384a1model25	figure1.gif	books-pages	OPENSTAX	RESOLUBLE	CC-BY-4.0
a4384a1model26	figure1.gif	books-pages	OPENSTAX	RESOLUBLE	CC-BY-4.0
a4384a1model27	figure1.gif	books-pages	OPENSTAX	RESOLUBLE	CC-BY-4.0
a4384a1model28	figure1.gif	books-pages	OPENSTAX	RESOLUBLE	CC-BY-4.0
a4384a1model29	figure1.gif	books-pages	OPENSTAX	RESOLUBLE	CC-BY-4.0
a4384a1model3	figure1.gif	books-pages	OPENSTAX	RESOLUBLE	CC-BY-4.0
a4384a1model4	figure1.gif	books-pages	OPENSTAX	RESOLUBLE	CC-BY-4.0
a4384a1model5	figure1.gif	books-pages	OPENSTAX	RESOLUBLE	CC-BY-4.0
a453be6realnumbers18	figure1.gif	details-books	OPENSTAX	RESOLUBLE	CC-BY-4.0
a453be6realnumbers19	figure1.gif	details-books	OPENSTAX	RESOLUBLE	CC-BY-4.0
a453be6realnumbers20	figure1.gif	details-books	OPENSTAX	RESOLUBLE	CC-BY-4.0
a453be6realnumbers21	figure1.gif	details-books	OPENSTAX	RESOLUBLE	CC-BY-4.0
a453be6realnumbers22	figure1.gif	details-books	OPENSTAX	RESOLUBLE	CC-BY-4.0
a453be6realnumbers23	figure1.gif	details-books	OPENSTAX	RESOLUBLE	CC-BY-4.0
a453be6realnumbers24	figure1.gif	details-books	OPENSTAX	RESOLUBLE	CC-BY-4.0
a453be6realnumbers25	figure1.gif	details-books	OPENSTAX	RESOLUBLE	CC-BY-4.0
a453be6realnumbers26	figure1.gif	details-books	OPENSTAX	RESOLUBLE	CC-BY-4.0
a453be6realnumbers27	figure1.gif	details-books	OPENSTAX	RESOLUBLE	CC-BY-4.0
a453be6realnumbers28	figure1.gif	details-books	OPENSTAX	RESOLUBLE	CC-BY-4.0
a453be6realnumbers29	figure1.gif	details-books	OPENSTAX	RESOLUBLE	CC-BY-4.0
a453be6realnumbers30	figure1.gif	details-books	OPENSTAX	RESOLUBLE	CC-BY-4.0
a4593e0functrans1	figure1.gif	NO-OPENSTAX	NO-OPENSTAX	AUSENTE	-
a4593e0functrans1	figure2.gif	NO-OPENSTAX	NO-OPENSTAX	AUSENTE	-
a4593e0functrans1	figure3.gif	NO-OPENSTAX	NO-OPENSTAX	AUSENTE	-
a4593e0functrans100	figure1.gif	NO-OPENSTAX	NO-OPENSTAX	AUSENTE	-
a4593e0functrans2	figure1.gif	NO-OPENSTAX	NO-OPENSTAX	AUSENTE	-
a4593e0functrans2	figure2.gif	NO-OPENSTAX	NO-OPENSTAX	AUSENTE	-
a4593e0functrans2	figure3.gif	NO-OPENSTAX	NO-OPENSTAX	AUSENTE	-
a4593e0functrans200	figure1.gif	NO-OPENSTAX	NO-OPENSTAX	AUSENTE	-
a4593e0functrans3	figure1.gif	NO-OPENSTAX	NO-OPENSTAX	AUSENTE	-
a4593e0functrans3	figure2.gif	NO-OPENSTAX	NO-OPENSTAX	AUSENTE	-
a47ce72graphquad1	figure1.gif	details-books	OPENSTAX	RESOLUBLE	CC-BY-4.0
a47ce72graphquad10	figure1.gif	details-books	OPENSTAX	RESOLUBLE	CC-BY-4.0
a47ce72graphquad11	figure1.gif	details-books	OPENSTAX	RESOLUBLE	CC-BY-4.0
a47ce72graphquad12	figure1.gif	details-books	OPENSTAX	RESOLUBLE	CC-BY-4.0
a47ce72graphquad13	figure1.gif	details-books	OPENSTAX	RESOLUBLE	CC-BY-4.0
a47ce72graphquad14	figure1.gif	details-books	OPENSTAX	RESOLUBLE	CC-BY-4.0
a47ce72graphquad15	figure1.gif	details-books	OPENSTAX	RESOLUBLE	CC-BY-4.0
a47ce72graphquad16	figure1.gif	details-books	OPENSTAX	RESOLUBLE	CC-BY-4.0
a47ce72graphquad17	figure1.gif	details-books	OPENSTAX	RESOLUBLE	CC-BY-4.0
a47ce72graphquad18	figure1.gif	details-books	OPENSTAX	RESOLUBLE	CC-BY-4.0
a47ce72graphquad19	figure1.gif	details-books	OPENSTAX	RESOLUBLE	CC-BY-4.0
a47ce72graphquad2	figure1.gif	details-books	OPENSTAX	RESOLUBLE	CC-BY-4.0
a47ce72graphquad20	figure1.gif	details-books	OPENSTAX	RESOLUBLE	CC-BY-4.0
a47ce72graphquad21	figure1.gif	details-books	OPENSTAX	RESOLUBLE	CC-BY-4.0
a47ce72graphquad22	figure1.gif	details-books	OPENSTAX	RESOLUBLE	CC-BY-4.0
a47ce72graphquad23	figure1.gif	details-books	OPENSTAX	RESOLUBLE	CC-BY-4.0
a47ce72graphquad24	figure1.gif	details-books	OPENSTAX	RESOLUBLE	CC-BY-4.0
a47ce72graphquad25	figure1.gif	details-books	OPENSTAX	RESOLUBLE	CC-BY-4.0
a47ce72graphquad26	figure1.gif	details-books	OPENSTAX	RESOLUBLE	CC-BY-4.0
a47ce72graphquad27	figure1.gif	details-books	OPENSTAX	RESOLUBLE	CC-BY-4.0
a47ce72graphquad28	figure1.gif	details-books	OPENSTAX	RESOLUBLE	CC-BY-4.0
a47ce72graphquad3	figure1.gif	details-books	OPENSTAX	RESOLUBLE	CC-BY-4.0
a47ce72graphquad4	figure1.gif	details-books	OPENSTAX	RESOLUBLE	CC-BY-4.0
a47ce72graphquad5	figure1.gif	details-books	OPENSTAX	RESOLUBLE	CC-BY-4.0
a47ce72graphquad6	figure1.gif	details-books	OPENSTAX	RESOLUBLE	CC-BY-4.0
a47ce72graphquad7	figure1.gif	details-books	OPENSTAX	RESOLUBLE	CC-BY-4.0
a47ce72graphquad8	figure1.gif	details-books	OPENSTAX	RESOLUBLE	CC-BY-4.0
a47ce72graphquad9	figure1.gif	details-books	OPENSTAX	RESOLUBLE	CC-BY-4.0
a4a299dhist4	figure1.gif	details-books	OPENSTAX	RESOLUBLE	CC-BY-4.0
a4a299dhist6	figure1.gif	details-books	OPENSTAX	RESOLUBLE	CC-BY-4.0
a4a299dhist6	figure2.gif	details-books	OPENSTAX	RESOLUBLE	CC-BY-4.0
a4a299dhist7	figure1.gif	details-books	OPENSTAX	RESOLUBLE	CC-BY-4.0
a4a299dhist7	figure2.gif	details-books	OPENSTAX	RESOLUBLE	CC-BY-4.0
a4a299dhist8	figure1.gif	details-books	OPENSTAX	RESOLUBLE	CC-BY-4.0
a4a299dhist9	figure1.gif	details-books	OPENSTAX	RESOLUBLE	CC-BY-4.0
a4d0c67whole13	figure1.gif	details-books	OPENSTAX	RESOLUBLE	CC-BY-4.0
a4d0c67whole13	figure2.gif	details-books	OPENSTAX	RESOLUBLE	CC-BY-4.0
a4d0c67whole13	figure3.gif	details-books	OPENSTAX	RESOLUBLE	CC-BY-4.0
a4d0c67whole13	figure4.gif	details-books	OPENSTAX	RESOLUBLE	CC-BY-4.0
a4d0c67whole20	figure1.gif	details-books	OPENSTAX	RESOLUBLE	CC-BY-4.0
a4d0c67whole20	figure2.gif	details-books	OPENSTAX	RESOLUBLE	CC-BY-4.0
a4d0c67whole20	figure3.gif	details-books	OPENSTAX	RESOLUBLE	CC-BY-4.0
a4d0c67whole20	figure4.gif	details-books	OPENSTAX	RESOLUBLE	CC-BY-4.0
a4d0c67whole21	figure1.gif	details-books	OPENSTAX	RESOLUBLE	CC-BY-4.0
a4d0c67whole21	figure2.gif	details-books	OPENSTAX	RESOLUBLE	CC-BY-4.0
a4d0c67whole21	figure3.gif	details-books	OPENSTAX	RESOLUBLE	CC-BY-4.0
a4d0c67whole21	figure4.gif	details-books	OPENSTAX	RESOLUBLE	CC-BY-4.0
a4d0c67whole27	figure1.gif	details-books	OPENSTAX	RESOLUBLE	CC-BY-4.0
a4d0c67whole27	figure2.gif	details-books	OPENSTAX	RESOLUBLE	CC-BY-4.0
a4d0c67whole27	figure3.gif	details-books	OPENSTAX	RESOLUBLE	CC-BY-4.0
a4d0c67whole27	figure4.gif	details-books	OPENSTAX	RESOLUBLE	CC-BY-4.0
a4d0c67whole28	figure1.gif	details-books	OPENSTAX	RESOLUBLE	CC-BY-4.0
a4d0c67whole28	figure2.gif	details-books	OPENSTAX	RESOLUBLE	CC-BY-4.0
a4d0c67whole28	figure3.gif	details-books	OPENSTAX	RESOLUBLE	CC-BY-4.0
a4d0c67whole28	figure4.gif	details-books	OPENSTAX	RESOLUBLE	CC-BY-4.0
a4d0c67whole29	figure1.gif	details-books	OPENSTAX	RESOLUBLE	CC-BY-4.0
a4d0c67whole29	figure2.gif	details-books	OPENSTAX	RESOLUBLE	CC-BY-4.0
a4d0c67whole29	figure3.gif	details-books	OPENSTAX	RESOLUBLE	CC-BY-4.0
a4d0c67whole29	figure4.gif	details-books	OPENSTAX	RESOLUBLE	CC-BY-4.0
a4d0c67whole30	figure1.gif	details-books	OPENSTAX	RESOLUBLE	CC-BY-4.0
a4d0c67whole30	figure2.gif	details-books	OPENSTAX	RESOLUBLE	CC-BY-4.0
a4d0c67whole30	figure3.gif	details-books	OPENSTAX	RESOLUBLE	CC-BY-4.0
a4d0c67whole30	figure4.gif	details-books	OPENSTAX	RESOLUBLE	CC-BY-4.0
a4d5812T121-trigraph-P01	figure1.gif	NO-OPENSTAX	NO-OPENSTAX	VERSION-SIN-VARIANTE	CC4.0
a4d5812T121-trigraph-P01	figure2.gif	NO-OPENSTAX	NO-OPENSTAX	VERSION-SIN-VARIANTE	CC4.0
a4d5812T121-trigraph-P02	figure1.gif	NO-OPENSTAX	NO-OPENSTAX	VERSION-SIN-VARIANTE	CC4.0
a4d5812T121-trigraph-P02	figure2.gif	NO-OPENSTAX	NO-OPENSTAX	VERSION-SIN-VARIANTE	CC4.0
a4d5812T121-trigraph-P03	figure1.gif	NO-OPENSTAX	NO-OPENSTAX	VERSION-SIN-VARIANTE	CC4.0
a4d5812T121-trigraph-P03	figure2.gif	NO-OPENSTAX	NO-OPENSTAX	VERSION-SIN-VARIANTE	CC4.0
a4d5812T121-trigraph-P04	figure1.gif	NO-OPENSTAX	NO-OPENSTAX	VERSION-SIN-VARIANTE	CC4.0
a4d5812T121-trigraph-P04	figure2.gif	NO-OPENSTAX	NO-OPENSTAX	VERSION-SIN-VARIANTE	CC4.0
a4d5812T121-trigraph-P05	figure1.gif	NO-OPENSTAX	NO-OPENSTAX	VERSION-SIN-VARIANTE	CC4.0
a4d5812T121-trigraph-P05	figure2.gif	NO-OPENSTAX	NO-OPENSTAX	VERSION-SIN-VARIANTE	CC4.0
a4d5812T121-trigraph-P06	figure1.gif	NO-OPENSTAX	NO-OPENSTAX	VERSION-SIN-VARIANTE	CC4.0
a4d5812T121-trigraph-P07	figure1.gif	NO-OPENSTAX	NO-OPENSTAX	VERSION-SIN-VARIANTE	CC4.0
a4d5812T121-trigraph-P08	figure1.gif	NO-OPENSTAX	NO-OPENSTAX	VERSION-SIN-VARIANTE	CC4.0
a4d5812T121-trigraph-P09	figure1.gif	NO-OPENSTAX	NO-OPENSTAX	VERSION-SIN-VARIANTE	CC4.0
a4d5812T121-trigraph-P10	figure1.gif	NO-OPENSTAX	NO-OPENSTAX	VERSION-SIN-VARIANTE	CC4.0
a4d5812T121-trigraph-P11	figure1.gif	NO-OPENSTAX	NO-OPENSTAX	VERSION-SIN-VARIANTE	CC4.0
a4d5812T121-trigraph-P11	figure2.gif	NO-OPENSTAX	NO-OPENSTAX	VERSION-SIN-VARIANTE	CC4.0
a4d5812T121-trigraph-P11	figure3.gif	NO-OPENSTAX	NO-OPENSTAX	VERSION-SIN-VARIANTE	CC4.0
a4d5812T121-trigraph-P12	figure1.gif	NO-OPENSTAX	NO-OPENSTAX	VERSION-SIN-VARIANTE	CC4.0
a4d5812T121-trigraph-P12	figure2.gif	NO-OPENSTAX	NO-OPENSTAX	VERSION-SIN-VARIANTE	CC4.0
a4d5812T121-trigraph-P12	figure3.gif	NO-OPENSTAX	NO-OPENSTAX	VERSION-SIN-VARIANTE	CC4.0
a4d5812T121-trigraph-P13	figure1.gif	NO-OPENSTAX	NO-OPENSTAX	VERSION-SIN-VARIANTE	CC4.0
a4d5812T121-trigraph-P13	figure2.gif	NO-OPENSTAX	NO-OPENSTAX	VERSION-SIN-VARIANTE	CC4.0
a4d5812T121-trigraph-P13	figure3.gif	NO-OPENSTAX	NO-OPENSTAX	VERSION-SIN-VARIANTE	CC4.0
a4d5812T121-trigraph-P14	figure1.gif	NO-OPENSTAX	NO-OPENSTAX	VERSION-SIN-VARIANTE	CC4.0
a4d5812T121-trigraph-P15	figure1.gif	NO-OPENSTAX	NO-OPENSTAX	VERSION-SIN-VARIANTE	CC4.0
a4d5812T121-trigraph-P16	figure1.gif	NO-OPENSTAX	NO-OPENSTAX	VERSION-SIN-VARIANTE	CC4.0
a4d5812T121-trigraph-P17	figure1.gif	NO-OPENSTAX	NO-OPENSTAX	VERSION-SIN-VARIANTE	CC4.0
a4dc570tri1	figure1.gif	NO-OPENSTAX	NO-OPENSTAX	AUSENTE	-
a4dc570tri2	figure1.gif	NO-OPENSTAX	NO-OPENSTAX	AUSENTE	-
a4dc570tri2	figure2.gif	NO-OPENSTAX	NO-OPENSTAX	AUSENTE	-
a4dc570tri3	figure1.gif	NO-OPENSTAX	NO-OPENSTAX	AUSENTE	-
a4dc570tri4	figure1.gif	NO-OPENSTAX	NO-OPENSTAX	AUSENTE	-
a4dc570tri5	figure1.gif	NO-OPENSTAX	NO-OPENSTAX	AUSENTE	-
a4dc570tri5	figure2.gif	NO-OPENSTAX	NO-OPENSTAX	AUSENTE	-
a4dc570tri5	figure3.gif	NO-OPENSTAX	NO-OPENSTAX	AUSENTE	-
a4dc570tri6	figure1.gif	NO-OPENSTAX	NO-OPENSTAX	AUSENTE	-
a4dc570tri6	figure2.gif	NO-OPENSTAX	NO-OPENSTAX	AUSENTE	-
a4dc570tri6	figure3.gif	NO-OPENSTAX	NO-OPENSTAX	AUSENTE	-
a4dc570tri7	figure1.gif	NO-OPENSTAX	NO-OPENSTAX	AUSENTE	-
a4dc570tri8	figure1.gif	NO-OPENSTAX	NO-OPENSTAX	AUSENTE	-
a4dc570trig17	figure1.gif	details-books	OPENSTAX	AUSENTE	-
a4dc570trig18	figure1.gif	details-books	OPENSTAX	AUSENTE	-
a4dc570trig19	figure1.gif	details-books	OPENSTAX	AUSENTE	-
a4dc570trig20	figure1.gif	details-books	OPENSTAX	AUSENTE	-
a4dc570trig21	figure1.gif	details-books	OPENSTAX	AUSENTE	-
a4e19abfacts9	figure1.gif	details-books	OPENSTAX	RESOLUBLE	CC-BY-4.0
a512f5aexplog22	figure1.gif	details-books	OPENSTAX	RESOLUBLE	CC-BY-4.0
a524aa3PreciseLim10	figure1.gif	details-books	OPENSTAX	AUSENTE	-
a524aa3PreciseLim5	figure1.gif	details-books	OPENSTAX	AUSENTE	-
a524aa3PreciseLim6	figure1.gif	details-books	OPENSTAX	AUSENTE	-
a524aa3PreciseLim7	figure1.gif	details-books	OPENSTAX	AUSENTE	-
a524aa3PreciseLim8	figure1.gif	details-books	OPENSTAX	AUSENTE	-
a524aa3PreciseLim9	figure1.gif	details-books	OPENSTAX	AUSENTE	-
a526a0cintegration16	figure1.gif	details-books	OPENSTAX	AUSENTE	-
a526a0cintegration22	figure1.gif	details-books	OPENSTAX	AUSENTE	-
a526a0cintegration6	figure1.gif	details-books	OPENSTAX	AUSENTE	-
a53b893whole13	figure1.gif	details-books	OPENSTAX	RESOLUBLE	CC-BY-4.0
a53b893whole13	figure2.gif	details-books	OPENSTAX	RESOLUBLE	CC-BY-4.0
a53b893whole13	figure3.gif	details-books	OPENSTAX	RESOLUBLE	CC-BY-4.0
a53b893whole13	figure4.gif	details-books	OPENSTAX	RESOLUBLE	CC-BY-4.0
a53b893whole20	figure1.gif	details-books	OPENSTAX	RESOLUBLE	CC-BY-4.0
a53b893whole20	figure2.gif	details-books	OPENSTAX	RESOLUBLE	CC-BY-4.0
a53b893whole20	figure3.gif	details-books	OPENSTAX	RESOLUBLE	CC-BY-4.0
a53b893whole20	figure4.gif	details-books	OPENSTAX	RESOLUBLE	CC-BY-4.0
a53b893whole21	figure1.gif	details-books	OPENSTAX	RESOLUBLE	CC-BY-4.0
a53b893whole21	figure2.gif	details-books	OPENSTAX	RESOLUBLE	CC-BY-4.0
a53b893whole21	figure3.gif	details-books	OPENSTAX	RESOLUBLE	CC-BY-4.0
a53b893whole21	figure4.gif	details-books	OPENSTAX	RESOLUBLE	CC-BY-4.0
a54f58cgraphineq1	figure1.gif	details-books	OPENSTAX	RESOLUBLE	CC-BY-4.0
a54f58cgraphineq1	figure2.gif	details-books	OPENSTAX	RESOLUBLE	CC-BY-4.0
a54f58cgraphineq10	figure1.gif	details-books	OPENSTAX	RESOLUBLE	CC-BY-4.0
a54f58cgraphineq10	figure2.gif	details-books	OPENSTAX	RESOLUBLE	CC-BY-4.0
a54f58cgraphineq10	figure3.gif	details-books	OPENSTAX	RESOLUBLE	CC-BY-4.0
a54f58cgraphineq11	figure1.gif	details-books	OPENSTAX	RESOLUBLE	CC-BY-4.0
a54f58cgraphineq11	figure2.gif	details-books	OPENSTAX	RESOLUBLE	CC-BY-4.0
a54f58cgraphineq11	figure3.gif	details-books	OPENSTAX	RESOLUBLE	CC-BY-4.0
a54f58cgraphineq12	figure1.gif	details-books	OPENSTAX	RESOLUBLE	CC-BY-4.0
a54f58cgraphineq12	figure2.gif	details-books	OPENSTAX	RESOLUBLE	CC-BY-4.0
a54f58cgraphineq12	figure3.gif	details-books	OPENSTAX	RESOLUBLE	CC-BY-4.0
a54f58cgraphineq4	figure1.gif	details-books	OPENSTAX	RESOLUBLE	CC-BY-4.0
a54f58cgraphineq4	figure2.gif	details-books	OPENSTAX	RESOLUBLE	CC-BY-4.0
a54f58cgraphineq4	figure3.gif	details-books	OPENSTAX	RESOLUBLE	CC-BY-4.0
a54f58cgraphineq5	figure1.gif	details-books	OPENSTAX	RESOLUBLE	CC-BY-4.0
a54f58cgraphineq5	figure2.gif	details-books	OPENSTAX	RESOLUBLE	CC-BY-4.0
a54f58cgraphineq5	figure3.gif	details-books	OPENSTAX	RESOLUBLE	CC-BY-4.0
a54f58cgraphineq6	figure1.gif	details-books	OPENSTAX	RESOLUBLE	CC-BY-4.0
a54f58cgraphineq6	figure2.gif	details-books	OPENSTAX	RESOLUBLE	CC-BY-4.0
a54f58cgraphineq6	figure3.gif	details-books	OPENSTAX	RESOLUBLE	CC-BY-4.0
a54f58cgraphineq7	figure1.gif	details-books	OPENSTAX	RESOLUBLE	CC-BY-4.0
a54f58cgraphineq7	figure2.gif	details-books	OPENSTAX	RESOLUBLE	CC-BY-4.0
a54f58cgraphineq7	figure3.gif	details-books	OPENSTAX	RESOLUBLE	CC-BY-4.0
a54f58cgraphineq8	figure1.gif	details-books	OPENSTAX	RESOLUBLE	CC-BY-4.0
a54f58cgraphineq8	figure2.gif	details-books	OPENSTAX	RESOLUBLE	CC-BY-4.0
a54f58cgraphineq8	figure3.gif	details-books	OPENSTAX	RESOLUBLE	CC-BY-4.0
a54f58cgraphineq9	figure1.gif	details-books	OPENSTAX	RESOLUBLE	CC-BY-4.0
a54f58cgraphineq9	figure2.gif	details-books	OPENSTAX	RESOLUBLE	CC-BY-4.0
a54f58cgraphineq9	figure3.gif	details-books	OPENSTAX	RESOLUBLE	CC-BY-4.0
a57cb5ccenter10	figure1.gif	details-books	OPENSTAX	RESOLUBLE	CC-BY-4.0
a57cb5ccenter11	figure1.gif	details-books	OPENSTAX	RESOLUBLE	CC-BY-4.0
a57cb5ccenter12	figure1.gif	details-books	OPENSTAX	RESOLUBLE	CC-BY-4.0
a57cb5ccenter19	figure1.gif	details-books	OPENSTAX	RESOLUBLE	CC-BY-4.0
a57cb5ccenter20	figure1.gif	details-books	OPENSTAX	RESOLUBLE	CC-BY-4.0
a57cb5ccenter8	figure1.gif	details-books	OPENSTAX	RESOLUBLE	CC-BY-4.0
a57cb5ccenter9	figure1.gif	details-books	OPENSTAX	RESOLUBLE	CC-BY-4.0
a57f999ser10	figure1.gif	details-books	OPENSTAX	RESOLUBLE	CC-BY-4.0
a57f999ser12	figure1.gif	details-books	OPENSTAX	RESOLUBLE	CC-BY-4.0
a57f999ser15	figure1.gif	details-books	OPENSTAX	RESOLUBLE	CC-BY-4.0
a57f999ser16	figure1.gif	details-books	OPENSTAX	RESOLUBLE	CC-BY-4.0
a57f999ser19	figure1.gif	details-books	OPENSTAX	RESOLUBLE	CC-BY-4.0
a57f999ser20	figure1.gif	details-books	OPENSTAX	RESOLUBLE	CC-BY-4.0
a57f999ser23	figure1.gif	details-books	OPENSTAX	RESOLUBLE	CC-BY-4.0
a57f999ser24	figure1.gif	details-books	OPENSTAX	RESOLUBLE	CC-BY-4.0
a57f999ser27	figure1.gif	details-books	OPENSTAX	RESOLUBLE	CC-BY-4.0
a57f999ser28	figure1.gif	details-books	OPENSTAX	RESOLUBLE	CC-BY-4.0
a57f999ser6	figure1.gif	details-books	OPENSTAX	RESOLUBLE	CC-BY-4.0
a58aac7box1	figure1.gif	details-books	OPENSTAX	RESOLUBLE	CC-BY-4.0
a58aac7box10	figure1.gif	details-books	OPENSTAX	RESOLUBLE	CC-BY-4.0
a58aac7box11	figure1.gif	details-books	OPENSTAX	RESOLUBLE	CC-BY-4.0
a58aac7box12	figure1.gif	details-books	OPENSTAX	RESOLUBLE	CC-BY-4.0
a58aac7box13	figure1.gif	details-books	OPENSTAX	RESOLUBLE	CC-BY-4.0
a58aac7box2	figure1.gif	details-books	OPENSTAX	RESOLUBLE	CC-BY-4.0
a58aac7box3	figure1.gif	details-books	OPENSTAX	RESOLUBLE	CC-BY-4.0
a58aac7box4	figure1.gif	details-books	OPENSTAX	RESOLUBLE	CC-BY-4.0
a58aac7box5	figure1.gif	details-books	OPENSTAX	RESOLUBLE	CC-BY-4.0
a58aac7box6	figure1.gif	details-books	OPENSTAX	RESOLUBLE	CC-BY-4.0
a58aac7box7	figure1.gif	details-books	OPENSTAX	RESOLUBLE	CC-BY-4.0
a58aac7box8	figure1.gif	details-books	OPENSTAX	RESOLUBLE	CC-BY-4.0
a58aac7box9	figure1.gif	details-books	OPENSTAX	RESOLUBLE	CC-BY-4.0
a59eb5bexpectedvalue1	figure1.gif	details-books	OPENSTAX	RESOLUBLE	CC-BY-4.0
a59eb5bexpectedvalue11	figure1.gif	details-books	OPENSTAX	RESOLUBLE	CC-BY-4.0
a59eb5bexpectedvalue12	figure1.gif	details-books	OPENSTAX	RESOLUBLE	CC-BY-4.0
a59eb5bexpectedvalue13	figure1.gif	details-books	OPENSTAX	RESOLUBLE	CC-BY-4.0
a59eb5bexpectedvalue14	figure1.gif	details-books	OPENSTAX	RESOLUBLE	CC-BY-4.0
a59eb5bexpectedvalue15	figure1.gif	details-books	OPENSTAX	RESOLUBLE	CC-BY-4.0
a59eb5bexpectedvalue16	figure1.gif	details-books	OPENSTAX	RESOLUBLE	CC-BY-4.0
a59eb5bexpectedvalue17	figure1.gif	details-books	OPENSTAX	RESOLUBLE	CC-BY-4.0
a59eb5bexpectedvalue18	figure1.gif	details-books	OPENSTAX	RESOLUBLE	CC-BY-4.0
a59eb5bexpectedvalue19	figure1.gif	details-books	OPENSTAX	RESOLUBLE	CC-BY-4.0
a59eb5bexpectedvalue2	figure1.gif	details-books	OPENSTAX	RESOLUBLE	CC-BY-4.0
a59eb5bexpectedvalue20	figure1.gif	details-books	OPENSTAX	RESOLUBLE	CC-BY-4.0
a59eb5bexpectedvalue23	figure1.gif	details-books	OPENSTAX	RESOLUBLE	CC-BY-4.0
a59eb5bexpectedvalue24	figure1.gif	details-books	OPENSTAX	RESOLUBLE	CC-BY-4.0
a59eb5bexpectedvalue3	figure1.gif	details-books	OPENSTAX	RESOLUBLE	CC-BY-4.0
a59eb5bexpectedvalue4	figure1.gif	details-books	OPENSTAX	RESOLUBLE	CC-BY-4.0
a59eb5bexpectedvalue5	figure1.gif	details-books	OPENSTAX	RESOLUBLE	CC-BY-4.0
a59eb5bexpectedvalue8	figure1.gif	details-books	OPENSTAX	RESOLUBLE	CC-BY-4.0
a59eb5bexpectedvalue9	figure1.gif	details-books	OPENSTAX	RESOLUBLE	CC-BY-4.0
a5a11cdclt1	figure1.gif	details-books	OPENSTAX	RESOLUBLE	CC-BY-4.0
a5a6756deriv8	figure1.gif	details-books	OPENSTAX	AUSENTE	-
a5a6756deriv8	figure2.gif	details-books	OPENSTAX	AUSENTE	-
a5a6756deriv9	figure1.gif	details-books	OPENSTAX	AUSENTE	-
a5a6756deriv9	figure2.gif	details-books	OPENSTAX	AUSENTE	-
a5c2168rotation2	figure1.gif	details-books	OPENSTAX	RESOLUBLE	CC-BY-4.0
a5c2168rotation3	figure1.gif	details-books	OPENSTAX	RESOLUBLE	CC-BY-4.0
a5c2168rotation3	figure2.gif	details-books	OPENSTAX	RESOLUBLE	CC-BY-4.0
a5c2168rotation3	figure3.gif	details-books	OPENSTAX	RESOLUBLE	CC-BY-4.0
a5c2168rotation3	figure4.gif	details-books	OPENSTAX	RESOLUBLE	CC-BY-4.0
a5c95e8polyzero26	figure1.gif	details-books	OPENSTAX	RESOLUBLE	CC-BY-4.0
a5c95e8polyzero29	figure1.gif	details-books	OPENSTAX	RESOLUBLE	CC-BY-4.0
a5c95e8polyzero30	figure1.gif	details-books	OPENSTAX	RESOLUBLE	CC-BY-4.0
a5c95e8polyzero32	figure1.gif	details-books	OPENSTAX	RESOLUBLE	CC-BY-4.0
a5c95e8polyzero32	figure2.gif	details-books	OPENSTAX	RESOLUBLE	CC-BY-4.0
a5c95e8polyzero33	figure1.gif	details-books	OPENSTAX	RESOLUBLE	CC-BY-4.0
a5c95e8polyzero33	figure2.gif	details-books	OPENSTAX	RESOLUBLE	CC-BY-4.0
a5c95e8polyzero33	figure3.gif	details-books	OPENSTAX	RESOLUBLE	CC-BY-4.0
a5c95e8polyzero35	figure1.gif	details-books	OPENSTAX	RESOLUBLE	CC-BY-4.0
a5c984cfdist1	figure1.gif	details-books	OPENSTAX	RESOLUBLE	CC-BY-4.0
a5c984cfdist1	figure2.gif	details-books	OPENSTAX	RESOLUBLE	CC-BY-4.0
a5c984cfdist1	figure3.gif	details-books	OPENSTAX	RESOLUBLE	CC-BY-4.0
a5c984cfdist2	figure1.gif	details-books	OPENSTAX	RESOLUBLE	CC-BY-4.0
a5c984cfdist2	figure2.gif	details-books	OPENSTAX	RESOLUBLE	CC-BY-4.0
a5c984cfdist2	figure3.gif	details-books	OPENSTAX	RESOLUBLE	CC-BY-4.0
a5c984cfdist3	figure1.gif	details-books	OPENSTAX	RESOLUBLE	CC-BY-4.0
a5c984cfdist3	figure2.gif	details-books	OPENSTAX	RESOLUBLE	CC-BY-4.0
a5c984cfdist3	figure3.gif	details-books	OPENSTAX	RESOLUBLE	CC-BY-4.0
a5c984cfdist3	figure4.gif	details-books	OPENSTAX	RESOLUBLE	CC-BY-4.0
a5ccaf6logarithmsandlogistic12	figure1.gif	details-books	OPENSTAX	RESOLUBLE	CC-BY-4.0
a5ccaf6logarithmsandlogistic13	figure1.gif	details-books	OPENSTAX	RESOLUBLE	CC-BY-4.0
a5ccaf6logarithmsandlogistic14	figure1.gif	details-books	OPENSTAX	RESOLUBLE	CC-BY-4.0
a5ccaf6logarithmsandlogistic15	figure1.gif	details-books	OPENSTAX	RESOLUBLE	CC-BY-4.0
a5ccaf6logarithmsandlogistic16	figure1.gif	details-books	OPENSTAX	RESOLUBLE	CC-BY-4.0
a5ccaf6logarithmsandlogistic19	figure1.gif	details-books	OPENSTAX	RESOLUBLE	CC-BY-4.0
a5ccaf6logarithmsandlogistic19	figure2.gif	details-books	OPENSTAX	RESOLUBLE	CC-BY-4.0
a5ccaf6logarithmsandlogistic20	figure1.gif	details-books	OPENSTAX	RESOLUBLE	CC-BY-4.0
a5ccaf6logarithmsandlogistic20	figure2.gif	details-books	OPENSTAX	RESOLUBLE	CC-BY-4.0
a5f7784homogen1	figure1.gif	details-books	OPENSTAX	RESOLUBLE	CC-BY-4.0
a5f7784homogen1	figure2.gif	details-books	OPENSTAX	RESOLUBLE	CC-BY-4.0
a5f7784homogen2	figure1.gif	details-books	OPENSTAX	RESOLUBLE	CC-BY-4.0
a5f7784homogen2	figure2.gif	details-books	OPENSTAX	RESOLUBLE	CC-BY-4.0
a5f8927normal4	figure1.gif	details-books	OPENSTAX	RESOLUBLE	CC-BY-4.0
a5f8927normal5	figure1.gif	details-books	OPENSTAX	RESOLUBLE	CC-BY-4.0
a5fb8e3cause3	figure1.gif	NO-OPENSTAX	NO-OPENSTAX	RESOLUBLE	CC-BY-4.0
a5fb8e3cause3	figure2.gif	NO-OPENSTAX	NO-OPENSTAX	RESOLUBLE	CC-BY-4.0
a5fb8e3cause4	figure1.gif	NO-OPENSTAX	NO-OPENSTAX	RESOLUBLE	CC-BY-4.0
a612a9eprop8	figure1.gif	details-books	OPENSTAX	RESOLUBLE	CC-BY-4.0
a640c04F25M1Q1	figure1.gif	NO-OPENSTAX	NO-OPENSTAX	NO-ES-CESION	https://ds100.org/sp26/assets/exams/fa25/fa25_final_sol.pdf
a640c04F25M1Q2	figure1.gif	NO-OPENSTAX	NO-OPENSTAX	NO-ES-CESION	https://ds100.org/sp26/assets/exams/fa25/fa25_final_sol.pdf
a640c04S25FQ1B	figure1.gif	NO-OPENSTAX	NO-OPENSTAX	NO-ES-CESION	https://ds100.org/sp26/assets/exams/fa25/fa25_final_sol.pdf
a640c04S25FQ1B	figure2.gif	NO-OPENSTAX	NO-OPENSTAX	NO-ES-CESION	https://ds100.org/sp26/assets/exams/fa25/fa25_final_sol.pdf
a640c04S25FQ1B	figure3.gif	NO-OPENSTAX	NO-OPENSTAX	NO-ES-CESION	https://ds100.org/sp26/assets/exams/fa25/fa25_final_sol.pdf
a640c04S25FQ1B	figure4.gif	NO-OPENSTAX	NO-OPENSTAX	NO-ES-CESION	https://ds100.org/sp26/assets/exams/fa25/fa25_final_sol.pdf
a640c04S25M1Q1C	figure1.gif	NO-OPENSTAX	NO-OPENSTAX	NO-ES-CESION	https://ds100.org/sp26/assets/exams/fa25/fa25_final_sol.pdf
a640c04S25M1Q1D	figure1.gif	NO-OPENSTAX	NO-OPENSTAX	NO-ES-CESION	https://ds100.org/sp26/assets/exams/fa25/fa25_final_sol.pdf
a640c04S25M1Q1D	figure2.gif	NO-OPENSTAX	NO-OPENSTAX	NO-ES-CESION	https://ds100.org/sp26/assets/exams/fa25/fa25_final_sol.pdf
a640c04S25M1Q1D	figure3.gif	NO-OPENSTAX	NO-OPENSTAX	NO-ES-CESION	https://ds100.org/sp26/assets/exams/fa25/fa25_final_sol.pdf
a640c04S25M1Q1D	figure4.gif	NO-OPENSTAX	NO-OPENSTAX	NO-ES-CESION	https://ds100.org/sp26/assets/exams/fa25/fa25_final_sol.pdf
a640c04S25M1Q1D	figure5.gif	NO-OPENSTAX	NO-OPENSTAX	NO-ES-CESION	https://ds100.org/sp26/assets/exams/fa25/fa25_final_sol.pdf
a640c04S25M1Q1E	figure1.gif	NO-OPENSTAX	NO-OPENSTAX	NO-ES-CESION	https://ds100.org/sp26/assets/exams/fa25/fa25_final_sol.pdf
a640c04S25M1Q1E	figure2.gif	NO-OPENSTAX	NO-OPENSTAX	NO-ES-CESION	https://ds100.org/sp26/assets/exams/fa25/fa25_final_sol.pdf
a640c04S25M1Q1E	figure3.gif	NO-OPENSTAX	NO-OPENSTAX	NO-ES-CESION	https://ds100.org/sp26/assets/exams/fa25/fa25_final_sol.pdf
a640c04S25M1Q1E	figure4.gif	NO-OPENSTAX	NO-OPENSTAX	NO-ES-CESION	https://ds100.org/sp26/assets/exams/fa25/fa25_final_sol.pdf
a640c04S25M1Q1E	figure5.gif	NO-OPENSTAX	NO-OPENSTAX	NO-ES-CESION	https://ds100.org/sp26/assets/exams/fa25/fa25_final_sol.pdf
a640c04S25M1Q1E	figure6.gif	NO-OPENSTAX	NO-OPENSTAX	NO-ES-CESION	https://ds100.org/sp26/assets/exams/fa25/fa25_final_sol.pdf
a640c04S25M1Q1E	figure7.gif	NO-OPENSTAX	NO-OPENSTAX	NO-ES-CESION	https://ds100.org/sp26/assets/exams/fa25/fa25_final_sol.pdf
a640c04S25M1Q1G	figure1.gif	NO-OPENSTAX	NO-OPENSTAX	NO-ES-CESION	https://ds100.org/sp26/assets/exams/fa25/fa25_final_sol.pdf
a640c04S25M1Q1G	figure2.gif	NO-OPENSTAX	NO-OPENSTAX	NO-ES-CESION	https://ds100.org/sp26/assets/exams/fa25/fa25_final_sol.pdf
a640c04S25M1Q1G	figure3.gif	NO-OPENSTAX	NO-OPENSTAX	NO-ES-CESION	https://ds100.org/sp26/assets/exams/fa25/fa25_final_sol.pdf
a640c04S25M1Q2B	figure1.gif	NO-OPENSTAX	NO-OPENSTAX	NO-ES-CESION	https://ds100.org/sp26/assets/exams/fa25/fa25_final_sol.pdf
a640c04S25M1Q2B	figure2.gif	NO-OPENSTAX	NO-OPENSTAX	NO-ES-CESION	https://ds100.org/sp26/assets/exams/fa25/fa25_final_sol.pdf
a640c04S25M1Q2B	figure3.gif	NO-OPENSTAX	NO-OPENSTAX	NO-ES-CESION	https://ds100.org/sp26/assets/exams/fa25/fa25_final_sol.pdf
a640c04S25M1Q2B	figure4.gif	NO-OPENSTAX	NO-OPENSTAX	NO-ES-CESION	https://ds100.org/sp26/assets/exams/fa25/fa25_final_sol.pdf
a640c04S25M1Q2B	figure5.gif	NO-OPENSTAX	NO-OPENSTAX	NO-ES-CESION	https://ds100.org/sp26/assets/exams/fa25/fa25_final_sol.pdf
a640c04row4	figure1.gif	NO-OPENSTAX	NO-OPENSTAX	NO-ES-CESION	https://ds100.org/sp26/assets/exams/fa25/fa25_final_sol.pdf
a640c04row4	figure10.gif	NO-OPENSTAX	NO-OPENSTAX	NO-ES-CESION	https://ds100.org/sp26/assets/exams/fa25/fa25_final_sol.pdf
a640c04row4	figure2.gif	NO-OPENSTAX	NO-OPENSTAX	NO-ES-CESION	https://ds100.org/sp26/assets/exams/fa25/fa25_final_sol.pdf
a640c04row4	figure3.gif	NO-OPENSTAX	NO-OPENSTAX	NO-ES-CESION	https://ds100.org/sp26/assets/exams/fa25/fa25_final_sol.pdf
a640c04row4	figure4.gif	NO-OPENSTAX	NO-OPENSTAX	NO-ES-CESION	https://ds100.org/sp26/assets/exams/fa25/fa25_final_sol.pdf
a640c04row4	figure5.gif	NO-OPENSTAX	NO-OPENSTAX	NO-ES-CESION	https://ds100.org/sp26/assets/exams/fa25/fa25_final_sol.pdf
a640c04row4	figure6.gif	NO-OPENSTAX	NO-OPENSTAX	NO-ES-CESION	https://ds100.org/sp26/assets/exams/fa25/fa25_final_sol.pdf
a640c04row4	figure7.gif	NO-OPENSTAX	NO-OPENSTAX	NO-ES-CESION	https://ds100.org/sp26/assets/exams/fa25/fa25_final_sol.pdf
a640c04row4	figure8.gif	NO-OPENSTAX	NO-OPENSTAX	NO-ES-CESION	https://ds100.org/sp26/assets/exams/fa25/fa25_final_sol.pdf
a640c04row4	figure9.gif	NO-OPENSTAX	NO-OPENSTAX	NO-ES-CESION	https://ds100.org/sp26/assets/exams/fa25/fa25_final_sol.pdf
a640c04row5	figure1.gif	NO-OPENSTAX	NO-OPENSTAX	NO-ES-CESION	https://ds100.org/sp26/assets/exams/fa25/fa25_final_sol.pdf
a640c04row5	figure2.gif	NO-OPENSTAX	NO-OPENSTAX	NO-ES-CESION	https://ds100.org/sp26/assets/exams/fa25/fa25_final_sol.pdf
a640c04row5	figure3.gif	NO-OPENSTAX	NO-OPENSTAX	NO-ES-CESION	https://ds100.org/sp26/assets/exams/fa25/fa25_final_sol.pdf
a640c04row5	figure4.gif	NO-OPENSTAX	NO-OPENSTAX	NO-ES-CESION	https://ds100.org/sp26/assets/exams/fa25/fa25_final_sol.pdf
a640c04row5	figure5.gif	NO-OPENSTAX	NO-OPENSTAX	NO-ES-CESION	https://ds100.org/sp26/assets/exams/fa25/fa25_final_sol.pdf
a640c04row7	figure1.gif	NO-OPENSTAX	NO-OPENSTAX	NO-ES-CESION	https://ds100.org/sp26/assets/exams/fa25/fa25_final_sol.pdf
a640c04row7	figure2.gif	NO-OPENSTAX	NO-OPENSTAX	NO-ES-CESION	https://ds100.org/sp26/assets/exams/fa25/fa25_final_sol.pdf
a640c04row7	figure3.gif	NO-OPENSTAX	NO-OPENSTAX	NO-ES-CESION	https://ds100.org/sp26/assets/exams/fa25/fa25_final_sol.pdf
a640c04row7	figure4.gif	NO-OPENSTAX	NO-OPENSTAX	NO-ES-CESION	https://ds100.org/sp26/assets/exams/fa25/fa25_final_sol.pdf
a649fc5linear1	figure1.gif	details-books	OPENSTAX	AUSENTE	-
a6614c6sol1	figure1.gif	details-books	OPENSTAX	RESOLUBLE	CC-BY-4.0
a6614c6sol10	figure1.gif	details-books	OPENSTAX	RESOLUBLE	CC-BY-4.0
a6614c6sol11	figure1.gif	details-books	OPENSTAX	RESOLUBLE	CC-BY-4.0
a6614c6sol12	figure1.gif	details-books	OPENSTAX	RESOLUBLE	CC-BY-4.0
a6614c6sol13	figure1.gif	details-books	OPENSTAX	RESOLUBLE	CC-BY-4.0
a6614c6sol14	figure1.gif	details-books	OPENSTAX	RESOLUBLE	CC-BY-4.0
a6614c6sol15	figure1.gif	details-books	OPENSTAX	RESOLUBLE	CC-BY-4.0
a6614c6sol16	figure1.gif	details-books	OPENSTAX	RESOLUBLE	CC-BY-4.0
a6614c6sol2	figure1.gif	details-books	OPENSTAX	RESOLUBLE	CC-BY-4.0
a6614c6sol3	figure1.gif	details-books	OPENSTAX	RESOLUBLE	CC-BY-4.0
a6614c6sol4	figure1.gif	details-books	OPENSTAX	RESOLUBLE	CC-BY-4.0
a6614c6sol5	figure1.gif	details-books	OPENSTAX	RESOLUBLE	CC-BY-4.0
a6614c6sol6	figure1.gif	details-books	OPENSTAX	RESOLUBLE	CC-BY-4.0
a6614c6sol7	figure1.gif	details-books	OPENSTAX	RESOLUBLE	CC-BY-4.0
a6614c6sol8	figure1.gif	details-books	OPENSTAX	RESOLUBLE	CC-BY-4.0
a6614c6sol9	figure1.gif	details-books	OPENSTAX	RESOLUBLE	CC-BY-4.0
a662caelawsin2	figure1.gif	books-pages	OPENSTAX	AUSENTE	-
a662caelawsin3	figure1.gif	books-pages	OPENSTAX	AUSENTE	-
a662caelawsin4	figure1.gif	books-pages	OPENSTAX	AUSENTE	-
a664eb9bin10	figure1.gif	details-books	OPENSTAX	RESOLUBLE	CC-BY-4.0
a664eb9bin11	figure1.gif	details-books	OPENSTAX	RESOLUBLE	CC-BY-4.0
a664eb9bin21	figure1.gif	details-books	OPENSTAX	RESOLUBLE	CC-BY-4.0
a664eb9bin22	figure1.gif	details-books	OPENSTAX	RESOLUBLE	CC-BY-4.0
a664eb9bin23	figure1.gif	details-books	OPENSTAX	RESOLUBLE	CC-BY-4.0
a664eb9bin24	figure1.gif	details-books	OPENSTAX	RESOLUBLE	CC-BY-4.0
a664eb9bin25	figure1.gif	details-books	OPENSTAX	RESOLUBLE	CC-BY-4.0
a664eb9bin26	figure1.gif	details-books	OPENSTAX	RESOLUBLE	CC-BY-4.0
a664eb9bin27	figure1.gif	details-books	OPENSTAX	RESOLUBLE	CC-BY-4.0
a664eb9bin28	figure1.gif	details-books	OPENSTAX	RESOLUBLE	CC-BY-4.0
a664eb9bin29	figure1.gif	details-books	OPENSTAX	RESOLUBLE	CC-BY-4.0
a664eb9bin30	figure1.gif	details-books	OPENSTAX	RESOLUBLE	CC-BY-4.0
a664eb9bin6	figure1.gif	details-books	OPENSTAX	RESOLUBLE	CC-BY-4.0
a664eb9bin7	figure1.gif	details-books	OPENSTAX	RESOLUBLE	CC-BY-4.0
a664eb9bin8	figure1.gif	details-books	OPENSTAX	RESOLUBLE	CC-BY-4.0
a664eb9bin9	figure1.gif	details-books	OPENSTAX	RESOLUBLE	CC-BY-4.0
a675767Ellipses1	figure1.gif	details-books	OPENSTAX	RESOLUBLE	CC-BY-4.0
a675767Ellipses13	figure1.gif	details-books	OPENSTAX	RESOLUBLE	CC-BY-4.0
a675767Ellipses17	figure1.gif	details-books	OPENSTAX	RESOLUBLE	CC-BY-4.0
a675767Ellipses18	figure1.gif	details-books	OPENSTAX	RESOLUBLE	CC-BY-4.0
a675767Ellipses19	figure1.gif	details-books	OPENSTAX	RESOLUBLE	CC-BY-4.0
a675767Ellipses2	figure1.gif	details-books	OPENSTAX	RESOLUBLE	CC-BY-4.0
a675767Ellipses20	figure1.gif	details-books	OPENSTAX	RESOLUBLE	CC-BY-4.0
a675767Ellipses21	figure1.gif	details-books	OPENSTAX	RESOLUBLE	CC-BY-4.0
a675767Ellipses22	figure1.gif	details-books	OPENSTAX	RESOLUBLE	CC-BY-4.0
a675767Ellipses23	figure1.gif	details-books	OPENSTAX	RESOLUBLE	CC-BY-4.0
a675767Ellipses24	figure1.gif	details-books	OPENSTAX	RESOLUBLE	CC-BY-4.0
a675767Ellipses25	figure1.gif	details-books	OPENSTAX	RESOLUBLE	CC-BY-4.0
a675767Ellipses27	figure1.gif	details-books	OPENSTAX	RESOLUBLE	CC-BY-4.0
a675767Ellipses28	figure1.gif	details-books	OPENSTAX	RESOLUBLE	CC-BY-4.0
a675767Ellipses3	figure1.gif	details-books	OPENSTAX	RESOLUBLE	CC-BY-4.0
a675767Ellipses30	figure1.gif	details-books	OPENSTAX	RESOLUBLE	CC-BY-4.0
a69a61eineq1	figure1.gif	details-books	OPENSTAX	AUSENTE	-
a69a61eineq1	figure2.gif	details-books	OPENSTAX	AUSENTE	-
a69a61eineq10	figure1.gif	details-books	OPENSTAX	AUSENTE	-
a69a61eineq11	figure1.gif	details-books	OPENSTAX	AUSENTE	-
a69a61eineq12	figure1.gif	details-books	OPENSTAX	AUSENTE	-
a69a61eineq2	figure1.gif	details-books	OPENSTAX	AUSENTE	-
a69a61eineq3	figure1.gif	details-books	OPENSTAX	AUSENTE	-
a69a61eineq4	figure1.gif	details-books	OPENSTAX	AUSENTE	-
a69a61eineq5	figure1.gif	details-books	OPENSTAX	AUSENTE	-
a69a61eineq6	figure1.gif	details-books	OPENSTAX	AUSENTE	-
a69a61eineq7	figure1.gif	details-books	OPENSTAX	AUSENTE	-
a69a61eineq8	figure1.gif	details-books	OPENSTAX	AUSENTE	-
a69a61eineq9	figure1.gif	details-books	OPENSTAX	AUSENTE	-
a69a9c8rates1	figure1.gif	details-books	OPENSTAX	RESOLUBLE	CC-BY-4.0
a69a9c8rates5	figure1.gif	details-books	OPENSTAX	RESOLUBLE	CC-BY-4.0
a69a9c8rates6	figure1.gif	details-books	OPENSTAX	RESOLUBLE	CC-BY-4.0
a69a9c8rates7	figure1.gif	details-books	OPENSTAX	RESOLUBLE	CC-BY-4.0
a6c1cc5T311-invtrigdef-P01	figure1.gif	NO-OPENSTAX	NO-OPENSTAX	VERSION-SIN-VARIANTE	CC4.0
a6c1cc5T311-invtrigdef-P02	figure1.gif	NO-OPENSTAX	NO-OPENSTAX	VERSION-SIN-VARIANTE	CC4.0
a6c1cc5T311-invtrigdef-P03	figure1.gif	NO-OPENSTAX	NO-OPENSTAX	VERSION-SIN-VARIANTE	CC4.0
a6c1cc5T311-invtrigdef-P03	figure2.gif	NO-OPENSTAX	NO-OPENSTAX	VERSION-SIN-VARIANTE	CC4.0
a6c1cc5T311-invtrigdef-P04	figure1.gif	NO-OPENSTAX	NO-OPENSTAX	VERSION-SIN-VARIANTE	CC4.0
a6c1cc5T311-invtrigdef-P05	figure1.gif	NO-OPENSTAX	NO-OPENSTAX	VERSION-SIN-VARIANTE	CC4.0
a6c9e74def18	figure1.gif	openstax-otro	OPENSTAX	AUSENTE	-
a6c9e74def19	figure1.gif	openstax-otro	OPENSTAX	AUSENTE	-
a6c9e74def22	figure1.gif	openstax-otro	OPENSTAX	AUSENTE	-
a6ca47dlimit11	figure1.gif	details-books	OPENSTAX	AUSENTE	-
a6cbbb5deriv18	figure1.gif	openstax-otro	OPENSTAX	AUSENTE	-
a6cbbb5deriv20	figure1.gif	openstax-otro	OPENSTAX	AUSENTE	-
a6cbbb5deriv3	figure1.gif	openstax-otro	OPENSTAX	AUSENTE	-
a6cbbb5deriv4	figure1.gif	openstax-otro	OPENSTAX	AUSENTE	-
a6cbbb5deriv5	figure1.gif	openstax-otro	OPENSTAX	AUSENTE	-
a6cbbb5deriv6	figure1.gif	openstax-otro	OPENSTAX	AUSENTE	-
a6cbbb5deriv7	figure1.gif	openstax-otro	OPENSTAX	AUSENTE	-
a6cbbb5deriv8	figure1.gif	openstax-otro	OPENSTAX	AUSENTE	-
a6deb51T321-invtriggraph-P01	figure1.gif	NO-OPENSTAX	NO-OPENSTAX	VERSION-SIN-VARIANTE	CC4.0
a6deb51T321-invtriggraph-P01	figure2.gif	NO-OPENSTAX	NO-OPENSTAX	VERSION-SIN-VARIANTE	CC4.0
a6deb51T321-invtriggraph-P02	figure1.gif	NO-OPENSTAX	NO-OPENSTAX	VERSION-SIN-VARIANTE	CC4.0
a6deb51T321-invtriggraph-P02	figure2.gif	NO-OPENSTAX	NO-OPENSTAX	VERSION-SIN-VARIANTE	CC4.0
a6deb51T321-invtriggraph-P04	figure1.gif	NO-OPENSTAX	NO-OPENSTAX	VERSION-SIN-VARIANTE	CC4.0
a6deb51T321-invtriggraph-P05	figure1.gif	NO-OPENSTAX	NO-OPENSTAX	VERSION-SIN-VARIANTE	CC4.0
a6deb51T321-invtriggraph-P06	figure1.gif	NO-OPENSTAX	NO-OPENSTAX	VERSION-SIN-VARIANTE	CC4.0
a6dffedreal4	figure1.gif	books-pages	OPENSTAX	RESOLUBLE	CC-BY-4.0
a6f9727real11	figure1.gif	details-books	OPENSTAX	RESOLUBLE	CC-BY-4.0
a72a45crow10_p2	figure1.gif	NO-OPENSTAX	NO-OPENSTAX	NO-ES-CESION	https://ds100.org/sp26/assets/exams/fa25/fa25_final_sol.pdf
a72a45crow3	figure1.gif	NO-OPENSTAX	NO-OPENSTAX	NO-ES-CESION	https://ds100.org/sp26/assets/exams/fa25/fa25_final_sol.pdf
a72a45crow7	figure1.gif	NO-OPENSTAX	NO-OPENSTAX	NO-ES-CESION	https://ds100.org/sp26/assets/exams/fa25/fa25_final_sol.pdf
a72a45crow8	figure1.gif	NO-OPENSTAX	NO-OPENSTAX	NO-ES-CESION	https://ds100.org/sp26/assets/exams/fa25/fa25_final_sol.pdf
a736a57T3-diag-P01	figure1.gif	NO-OPENSTAX	NO-OPENSTAX	VERSION-SIN-VARIANTE	CC4.0
a736a57T3-diag-P02	figure1.gif	NO-OPENSTAX	NO-OPENSTAX	VERSION-SIN-VARIANTE	CC4.0
a736a57T3-diag-P03	figure1.gif	NO-OPENSTAX	NO-OPENSTAX	VERSION-SIN-VARIANTE	CC4.0
a736a57T3-diag-P04	figure1.gif	NO-OPENSTAX	NO-OPENSTAX	VERSION-SIN-VARIANTE	CC4.0
a736a57T3-diag-P05	figure1.gif	NO-OPENSTAX	NO-OPENSTAX	VERSION-SIN-VARIANTE	CC4.0
a736a57T3-diag-P06	figure1.gif	NO-OPENSTAX	NO-OPENSTAX	VERSION-SIN-VARIANTE	CC4.0
a736a57T3-diag-P07	figure1.gif	NO-OPENSTAX	NO-OPENSTAX	VERSION-SIN-VARIANTE	CC4.0
a736a57T3-diag-P09	figure1.gif	NO-OPENSTAX	NO-OPENSTAX	VERSION-SIN-VARIANTE	CC4.0
a736a57T3-diag-P10	figure1.gif	NO-OPENSTAX	NO-OPENSTAX	VERSION-SIN-VARIANTE	CC4.0
a736a57T3-diag-P11	figure1.gif	NO-OPENSTAX	NO-OPENSTAX	VERSION-SIN-VARIANTE	CC4.0
a736a57T3-diag-P11	figure2.gif	NO-OPENSTAX	NO-OPENSTAX	VERSION-SIN-VARIANTE	CC4.0
a736a57T3-diag-P11	figure3.gif	NO-OPENSTAX	NO-OPENSTAX	VERSION-SIN-VARIANTE	CC4.0
a736a57T3-diag-P12	figure1.gif	NO-OPENSTAX	NO-OPENSTAX	VERSION-SIN-VARIANTE	CC4.0
a736a57T3-diag-P13	figure1.gif	NO-OPENSTAX	NO-OPENSTAX	VERSION-SIN-VARIANTE	CC4.0
a73ccaalimits1	figure1.gif	details-books	OPENSTAX	AUSENTE	-
a73ccaalimits2	figure1.gif	details-books	OPENSTAX	AUSENTE	-
a73ccaalimits3	figure1.gif	details-books	OPENSTAX	AUSENTE	-
a73ccaalimits4	figure1.gif	details-books	OPENSTAX	AUSENTE	-
a73ccaalimits5	figure1.gif	details-books	OPENSTAX	AUSENTE	-
a750210trig17	figure1.gif	details-books	OPENSTAX	AUSENTE	-
a750210trig18	figure1.gif	details-books	OPENSTAX	AUSENTE	-
a750210trig19	figure1.gif	details-books	OPENSTAX	AUSENTE	-
a750210trig20	figure1.gif	details-books	OPENSTAX	AUSENTE	-
a750210trig21	figure1.gif	details-books	OPENSTAX	AUSENTE	-
a755010polynomial22	figure1.gif	books-pages	OPENSTAX	RESOLUBLE	CC-BY-4.0
a755010polynomial23	figure1.gif	books-pages	OPENSTAX	RESOLUBLE	CC-BY-4.0
a755010polynomial4	figure1.gif	books-pages	OPENSTAX	RESOLUBLE	CC-BY-4.0
a755010polynomial5	figure1.gif	books-pages	OPENSTAX	RESOLUBLE	CC-BY-4.0
a755010polynomial8	figure1.gif	books-pages	OPENSTAX	RESOLUBLE	CC-BY-4.0
a7587b3rotational11	figure1.gif	books-pages	OPENSTAX	RESOLUBLE	CC-BY-4.0
a75d03cRecCord11	figure1.gif	details-books	OPENSTAX	RESOLUBLE	CC-BY-4.0
a75d03cRecCord27	figure1.gif	details-books	OPENSTAX	RESOLUBLE	CC-BY-4.0
a76e5d4tab1	figure1.gif	NO-OPENSTAX	NO-OPENSTAX	RESOLUBLE	CC-BY-4.0
a76e5d4tab2	figure1.gif	NO-OPENSTAX	NO-OPENSTAX	RESOLUBLE	CC-BY-4.0
a76e5d4tab3	figure1.gif	NO-OPENSTAX	NO-OPENSTAX	RESOLUBLE	CC-BY-4.0
a76e5d4tab4	figure1.gif	NO-OPENSTAX	NO-OPENSTAX	RESOLUBLE	CC-BY-4.0
a76e5d4tab5	figure1.gif	NO-OPENSTAX	NO-OPENSTAX	RESOLUBLE	CC-BY-4.0
a76e5d4tab6	figure1.gif	NO-OPENSTAX	NO-OPENSTAX	RESOLUBLE	CC-BY-4.0
a76e5d4tab7	figure1.gif	NO-OPENSTAX	NO-OPENSTAX	RESOLUBLE	CC-BY-4.0
a76e5d4tab8	figure1.gif	NO-OPENSTAX	NO-OPENSTAX	RESOLUBLE	CC-BY-4.0
a76e5d4tab9	figure1.gif	NO-OPENSTAX	NO-OPENSTAX	RESOLUBLE	CC-BY-4.0
a7811e5normal1	figure1.gif	details-books	OPENSTAX	RESOLUBLE	CC-BY-4.0
a7811e5normal13	figure1.gif	details-books	OPENSTAX	RESOLUBLE	CC-BY-4.0
a7811e5normal4	figure1.gif	details-books	OPENSTAX	RESOLUBLE	CC-BY-4.0
a7811e5normal6	figure1.gif	details-books	OPENSTAX	RESOLUBLE	CC-BY-4.0
a7811e5normal7	figure1.gif	details-books	OPENSTAX	RESOLUBLE	CC-BY-4.0
a79a53dgood1	figure1.gif	details-books	OPENSTAX	RESOLUBLE	CC-BY-4.0
a79a53dgood1	figure2.gif	details-books	OPENSTAX	RESOLUBLE	CC-BY-4.0
a79a53dgood1	figure3.gif	details-books	OPENSTAX	RESOLUBLE	CC-BY-4.0
a79a53dgood10	figure1.gif	details-books	OPENSTAX	RESOLUBLE	CC-BY-4.0
a79a53dgood11	figure1.gif	details-books	OPENSTAX	RESOLUBLE	CC-BY-4.0
a79a53dgood12	figure1.gif	details-books	OPENSTAX	RESOLUBLE	CC-BY-4.0
a79a53dgood13	figure1.gif	details-books	OPENSTAX	RESOLUBLE	CC-BY-4.0
a79a53dgood13	figure2.gif	details-books	OPENSTAX	RESOLUBLE	CC-BY-4.0
a79a53dgood14	figure1.gif	details-books	OPENSTAX	RESOLUBLE	CC-BY-4.0
a79a53dgood14	figure2.gif	details-books	OPENSTAX	RESOLUBLE	CC-BY-4.0
a79a53dgood15	figure1.gif	details-books	OPENSTAX	RESOLUBLE	CC-BY-4.0
a79a53dgood2	figure1.gif	details-books	OPENSTAX	RESOLUBLE	CC-BY-4.0
a79a53dgood2	figure2.gif	details-books	OPENSTAX	RESOLUBLE	CC-BY-4.0
a79a53dgood3	figure1.gif	openstax-otro	OPENSTAX	AUSENTE	-
a79a53dgood4	figure1.gif	details-books	OPENSTAX	RESOLUBLE	CC-BY-4.0
a79a53dgood8	figure1.gif	details-books	OPENSTAX	RESOLUBLE	CC-BY-4.0
a79a53dgood9	figure1.gif	details-books	OPENSTAX	RESOLUBLE	CC-BY-4.0
a7b7c31limits1	figure1.gif	details-books	OPENSTAX	AUSENTE	-
a7b7c31limits2	figure1.gif	details-books	OPENSTAX	AUSENTE	-
a7c4d83displacement1	figure1.gif	books-pages	OPENSTAX	RESOLUBLE	CC-BY-4.0
a7c4d83displacement3	figure1.gif	books-pages	OPENSTAX	RESOLUBLE	CC-BY-4.0
a7ea646graph4	figure1.gif	details-books	OPENSTAX	RESOLUBLE	CC-BY-4.0
a7ea646graph6	figure1.gif	details-books	OPENSTAX	RESOLUBLE	CC-BY-4.0
a7fd07f5.1intro	figure1.gif	details-books	OPENSTAX	RESOLUBLE	CC-BY-4.0
a7fd07f5.1intro	figure2.gif	details-books	OPENSTAX	RESOLUBLE	CC-BY-4.0
a7fd07f5.1normal	figure1.gif	details-books	OPENSTAX	RESOLUBLE	CC-BY-4.0
a7fd07f5.1rectangle	figure1.gif	details-books	OPENSTAX	RESOLUBLE	CC-BY-4.0
a7fd07f5.1rectangle2	figure1.gif	details-books	OPENSTAX	RESOLUBLE	CC-BY-4.0
a7fd07f5.1wedge	figure1.gif	details-books	OPENSTAX	RESOLUBLE	CC-BY-4.0
a7fd07f5.1wedge2	figure1.gif	details-books	OPENSTAX	RESOLUBLE	CC-BY-4.0
a805812corr1	figure1.gif	details-books	OPENSTAX	RESOLUBLE	CC-BY-4.0
a805812corr2	figure1.gif	details-books	OPENSTAX	RESOLUBLE	CC-BY-4.0
a805812corr3	figure1.gif	details-books	OPENSTAX	RESOLUBLE	CC-BY-4.0
a805812corr4	figure1.gif	details-books	OPENSTAX	RESOLUBLE	CC-BY-4.0
a805812corr5	figure1.gif	details-books	OPENSTAX	RESOLUBLE	CC-BY-4.0
a805812corr6	figure1.gif	details-books	OPENSTAX	RESOLUBLE	CC-BY-4.0
a805812corr7	figure1.gif	details-books	OPENSTAX	RESOLUBLE	CC-BY-4.0
a80f26flinear6	figure1.gif	details-books	OPENSTAX	RESOLUBLE	CC-BY-4.0
a82acbdstat9	figure1.gif	details-books	OPENSTAX	RESOLUBLE	CC-BY-4.0
a82ea5csubstitution20	figure1.gif	details-books	OPENSTAX	AUSENTE	-
a833c22linear15	figure1.gif	details-books	OPENSTAX	RESOLUBLE	CC-BY-4.0
a833c22linear16	figure1.gif	details-books	OPENSTAX	RESOLUBLE	CC-BY-4.0
a833c22linear23	figure1.gif	details-books	OPENSTAX	RESOLUBLE	CC-BY-4.0
a833c22linear28	figure1.gif	details-books	OPENSTAX	RESOLUBLE	CC-BY-4.0
a833c22linear29	figure1.gif	details-books	OPENSTAX	RESOLUBLE	CC-BY-4.0
a838a73vectoranalytical7	figure1.gif	books-pages	OPENSTAX	RESOLUBLE	CC-BY-4.0
a838a73vectoranalytical8	figure1.gif	books-pages	OPENSTAX	RESOLUBLE	CC-BY-4.0
a838a73vectorgraphical1	figure1.gif	books-pages	OPENSTAX	RESOLUBLE	CC-BY-4.0
a838a73vectorgraphical2	figure1.gif	books-pages	OPENSTAX	RESOLUBLE	CC-BY-4.0
a838a73vectorgraphical3	figure1.gif	books-pages	OPENSTAX	RESOLUBLE	CC-BY-4.0
a838a73vectorgraphical4	figure1.gif	books-pages	OPENSTAX	RESOLUBLE	CC-BY-4.0
a838a73vectorgraphical6	figure1.gif	books-pages	OPENSTAX	RESOLUBLE	CC-BY-4.0
a838a73vectorgraphical7	figure1.gif	books-pages	OPENSTAX	RESOLUBLE	CC-BY-4.0
a838a73vectorgraphical8	figure1.gif	books-pages	OPENSTAX	RESOLUBLE	CC-BY-4.0
a838a73vectorgraphical9	figure1.gif	books-pages	OPENSTAX	RESOLUBLE	CC-BY-4.0
a8802f1std1	figure1.gif	details-books	OPENSTAX	RESOLUBLE	CC-BY-4.0
a8802f1std1	figure2.gif	details-books	OPENSTAX	RESOLUBLE	CC-BY-4.0
a8802f1std1	figure3.gif	details-books	OPENSTAX	RESOLUBLE	CC-BY-4.0
a8802f1std10	figure1.gif	details-books	OPENSTAX	RESOLUBLE	CC-BY-4.0
a8802f1std11	figure1.gif	details-books	OPENSTAX	RESOLUBLE	CC-BY-4.0
a8802f1std12	figure1.gif	details-books	OPENSTAX	RESOLUBLE	CC-BY-4.0
a8802f1std13	figure1.gif	details-books	OPENSTAX	RESOLUBLE	CC-BY-4.0
a8802f1std14	figure1.gif	details-books	OPENSTAX	RESOLUBLE	CC-BY-4.0
a8802f1std15	figure1.gif	details-books	OPENSTAX	RESOLUBLE	CC-BY-4.0
a8802f1std16	figure1.gif	details-books	OPENSTAX	RESOLUBLE	CC-BY-4.0
a8802f1std16	figure2.gif	details-books	OPENSTAX	RESOLUBLE	CC-BY-4.0
a8802f1std17	figure1.gif	details-books	OPENSTAX	RESOLUBLE	CC-BY-4.0
a8802f1std18	figure1.gif	details-books	OPENSTAX	RESOLUBLE	CC-BY-4.0
a8802f1std19	figure1.gif	details-books	OPENSTAX	RESOLUBLE	CC-BY-4.0
a8802f1std19	figure2.gif	details-books	OPENSTAX	RESOLUBLE	CC-BY-4.0
a8802f1std20	figure1.gif	details-books	OPENSTAX	RESOLUBLE	CC-BY-4.0
a8802f1std7	figure1.gif	details-books	OPENSTAX	RESOLUBLE	CC-BY-4.0
a883d8f5.3computer1	figure1.gif	details-books	OPENSTAX	RESOLUBLE	CC-BY-4.0
a883d8f5.3intro2	figure1.gif	details-books	OPENSTAX	RESOLUBLE	CC-BY-4.0
a883d8f5.3intro2	figure2.gif	details-books	OPENSTAX	RESOLUBLE	CC-BY-4.0
a883d8f5.3intro2	figure3.gif	details-books	OPENSTAX	RESOLUBLE	CC-BY-4.0
a883d8f5.3police1	figure1.gif	details-books	OPENSTAX	RESOLUBLE	CC-BY-4.0
a883d8f5.3store1	figure1.gif	details-books	OPENSTAX	RESOLUBLE	CC-BY-4.0
a88bf5afacts9	figure1.gif	details-books	OPENSTAX	RESOLUBLE	CC-BY-4.0
a89b247ds100-fa17-final-Q16	figure1.gif	NO-OPENSTAX	NO-OPENSTAX	NO-ES-CESION	https://ds100.org/su26/past-exams/
a89b247ds100-fa17-final-Q17	figure1.gif	NO-OPENSTAX	NO-OPENSTAX	NO-ES-CESION	https://ds100.org/su26/past-exams/
a89b247ds100-fa18-final-Q14	figure1.gif	NO-OPENSTAX	NO-OPENSTAX	NO-ES-CESION	https://ds100.org/su26/past-exams/
a89b247ds100-fa18-final-Q14	figure2.gif	NO-OPENSTAX	NO-OPENSTAX	NO-ES-CESION	https://ds100.org/su26/past-exams/
a89b247ds100-fa18-final-Q14	figure3.gif	NO-OPENSTAX	NO-OPENSTAX	NO-ES-CESION	https://ds100.org/su26/past-exams/
a89b247ds100-fa18-final-Q14	figure4.gif	NO-OPENSTAX	NO-OPENSTAX	NO-ES-CESION	https://ds100.org/su26/past-exams/
a89b247ds100-fa18-final-Q14	figure5.gif	NO-OPENSTAX	NO-OPENSTAX	NO-ES-CESION	https://ds100.org/su26/past-exams/
a89b247ds100-fa18-final-Q14	figure6.gif	NO-OPENSTAX	NO-OPENSTAX	NO-ES-CESION	https://ds100.org/su26/past-exams/
a89b247ds100-fa18-final-Q14	figure7.gif	NO-OPENSTAX	NO-OPENSTAX	NO-ES-CESION	https://ds100.org/su26/past-exams/
a89b247ds100-fa18-final-Q14	figure8.gif	NO-OPENSTAX	NO-OPENSTAX	NO-ES-CESION	https://ds100.org/su26/past-exams/
a89b247ds100-fa19-mt2-Q3	figure1.gif	NO-OPENSTAX	NO-OPENSTAX	NO-ES-CESION	https://ds100.org/su26/past-exams/
a89b247ds100-fa21-mt-Q2	figure1.gif	NO-OPENSTAX	NO-OPENSTAX	NO-ES-CESION	https://ds100.org/su26/past-exams/
a89b247ds100-su19-final-Q6	figure1.gif	NO-OPENSTAX	NO-OPENSTAX	NO-ES-CESION	https://ds100.org/su26/past-exams/
a89b247ds100-su19-final-Q6	figure10.gif	NO-OPENSTAX	NO-OPENSTAX	NO-ES-CESION	https://ds100.org/su26/past-exams/
a89b247ds100-su19-final-Q6	figure11.gif	NO-OPENSTAX	NO-OPENSTAX	NO-ES-CESION	https://ds100.org/su26/past-exams/
a89b247ds100-su19-final-Q6	figure12.gif	NO-OPENSTAX	NO-OPENSTAX	NO-ES-CESION	https://ds100.org/su26/past-exams/
a89b247ds100-su19-final-Q6	figure13.gif	NO-OPENSTAX	NO-OPENSTAX	NO-ES-CESION	https://ds100.org/su26/past-exams/
a89b247ds100-su19-final-Q6	figure14.gif	NO-OPENSTAX	NO-OPENSTAX	NO-ES-CESION	https://ds100.org/su26/past-exams/
a89b247ds100-su19-final-Q6	figure15.gif	NO-OPENSTAX	NO-OPENSTAX	NO-ES-CESION	https://ds100.org/su26/past-exams/
a89b247ds100-su19-final-Q6	figure2.gif	NO-OPENSTAX	NO-OPENSTAX	NO-ES-CESION	https://ds100.org/su26/past-exams/
a89b247ds100-su19-final-Q6	figure3.gif	NO-OPENSTAX	NO-OPENSTAX	NO-ES-CESION	https://ds100.org/su26/past-exams/
a89b247ds100-su19-final-Q6	figure4.gif	NO-OPENSTAX	NO-OPENSTAX	NO-ES-CESION	https://ds100.org/su26/past-exams/
a89b247ds100-su19-final-Q6	figure5.gif	NO-OPENSTAX	NO-OPENSTAX	NO-ES-CESION	https://ds100.org/su26/past-exams/
a89b247ds100-su19-final-Q6	figure6.gif	NO-OPENSTAX	NO-OPENSTAX	NO-ES-CESION	https://ds100.org/su26/past-exams/
a89b247ds100-su19-final-Q6	figure7.gif	NO-OPENSTAX	NO-OPENSTAX	NO-ES-CESION	https://ds100.org/su26/past-exams/
a89b247ds100-su19-final-Q6	figure8.gif	NO-OPENSTAX	NO-OPENSTAX	NO-ES-CESION	https://ds100.org/su26/past-exams/
a89b247ds100-su19-final-Q6	figure9.gif	NO-OPENSTAX	NO-OPENSTAX	NO-ES-CESION	https://ds100.org/su26/past-exams/
a8b65afdynamics10	figure1.gif	books-pages	OPENSTAX	RESOLUBLE	CC-BY-4.0
a8b65afdynamics18	figure1.gif	books-pages	OPENSTAX	RESOLUBLE	CC-BY-4.0
a8b65afdynamics19	figure1.gif	books-pages	OPENSTAX	RESOLUBLE	CC-BY-4.0
a8b65afdynamics3	figure1.gif	books-pages	OPENSTAX	RESOLUBLE	CC-BY-4.0
a8b65afdynamics4	figure1.gif	books-pages	OPENSTAX	RESOLUBLE	CC-BY-4.0
a8c5fd6T213-trigvals-P01	figure1.gif	NO-OPENSTAX	NO-OPENSTAX	AUSENTE	-
a8c5fd6T213-trigvals-P01	figure2.gif	NO-OPENSTAX	NO-OPENSTAX	AUSENTE	-
a8c5fd6T213-trigvals-P01	figure3.gif	NO-OPENSTAX	NO-OPENSTAX	AUSENTE	-
a8c5fd6T213-trigvals-P01	figure4.gif	NO-OPENSTAX	NO-OPENSTAX	AUSENTE	-
a8c5fd6T213-trigvals-P01	figure5.gif	NO-OPENSTAX	NO-OPENSTAX	AUSENTE	-
a8c5fd6T213-trigvals-P01	figure6.gif	NO-OPENSTAX	NO-OPENSTAX	AUSENTE	-
a8c5fd6T213-trigvals-P01	figure7.gif	NO-OPENSTAX	NO-OPENSTAX	AUSENTE	-
a8c5fd6T213-trigvals-P02	figure1.gif	NO-OPENSTAX	NO-OPENSTAX	AUSENTE	-
a8c5fd6T213-trigvals-P02	figure2.gif	NO-OPENSTAX	NO-OPENSTAX	AUSENTE	-
a8c5fd6T213-trigvals-P02	figure3.gif	NO-OPENSTAX	NO-OPENSTAX	AUSENTE	-
a8c5fd6T213-trigvals-P02	figure4.gif	NO-OPENSTAX	NO-OPENSTAX	AUSENTE	-
a8c5fd6T213-trigvals-P02	figure5.gif	NO-OPENSTAX	NO-OPENSTAX	AUSENTE	-
a8c5fd6T213-trigvals-P02	figure6.gif	NO-OPENSTAX	NO-OPENSTAX	AUSENTE	-
a8c5fd6T213-trigvals-P02	figure7.gif	NO-OPENSTAX	NO-OPENSTAX	AUSENTE	-
a8c5fd6T213-trigvals-P03	figure1.gif	NO-OPENSTAX	NO-OPENSTAX	AUSENTE	-
a8c5fd6T213-trigvals-P03	figure2.gif	NO-OPENSTAX	NO-OPENSTAX	AUSENTE	-
a8c5fd6T213-trigvals-P03	figure3.gif	NO-OPENSTAX	NO-OPENSTAX	AUSENTE	-
a8c5fd6T213-trigvals-P03	figure4.gif	NO-OPENSTAX	NO-OPENSTAX	AUSENTE	-
a8c5fd6T213-trigvals-P03	figure5.gif	NO-OPENSTAX	NO-OPENSTAX	AUSENTE	-
a8c5fd6T213-trigvals-P03	figure6.gif	NO-OPENSTAX	NO-OPENSTAX	AUSENTE	-
a8c5fd6T213-trigvals-P03	figure7.gif	NO-OPENSTAX	NO-OPENSTAX	AUSENTE	-
a8c5fd6T213-trigvals-P04	figure1.gif	NO-OPENSTAX	NO-OPENSTAX	AUSENTE	-
a8c5fd6T213-trigvals-P04	figure2.gif	NO-OPENSTAX	NO-OPENSTAX	AUSENTE	-
a8c5fd6T213-trigvals-P04	figure3.gif	NO-OPENSTAX	NO-OPENSTAX	AUSENTE	-
a8c5fd6T213-trigvals-P04	figure4.gif	NO-OPENSTAX	NO-OPENSTAX	AUSENTE	-
a8c5fd6T213-trigvals-P04	figure5.gif	NO-OPENSTAX	NO-OPENSTAX	AUSENTE	-
a8c5fd6T213-trigvals-P04	figure6.gif	NO-OPENSTAX	NO-OPENSTAX	AUSENTE	-
a8c5fd6T213-trigvals-P04	figure7.gif	NO-OPENSTAX	NO-OPENSTAX	AUSENTE	-
a8c5fd6T213-trigvals-P05	figure1.gif	NO-OPENSTAX	NO-OPENSTAX	AUSENTE	-
a8c5fd6T213-trigvals-P05	figure2.gif	NO-OPENSTAX	NO-OPENSTAX	AUSENTE	-
a8c5fd6T213-trigvals-P05	figure3.gif	NO-OPENSTAX	NO-OPENSTAX	AUSENTE	-
a8c5fd6T213-trigvals-P05	figure4.gif	NO-OPENSTAX	NO-OPENSTAX	AUSENTE	-
a8c5fd6T213-trigvals-P05	figure5.gif	NO-OPENSTAX	NO-OPENSTAX	AUSENTE	-
a8c5fd6T213-trigvals-P05	figure6.gif	NO-OPENSTAX	NO-OPENSTAX	AUSENTE	-
a8c5fd6T213-trigvals-P05	figure7.gif	NO-OPENSTAX	NO-OPENSTAX	AUSENTE	-
a8c5fd6T213-trigvals-P06	figure1.gif	NO-OPENSTAX	NO-OPENSTAX	AUSENTE	-
a8c5fd6T213-trigvals-P06	figure2.gif	NO-OPENSTAX	NO-OPENSTAX	AUSENTE	-
a8c5fd6T213-trigvals-P06	figure3.gif	NO-OPENSTAX	NO-OPENSTAX	AUSENTE	-
a8c5fd6T213-trigvals-P06	figure4.gif	NO-OPENSTAX	NO-OPENSTAX	AUSENTE	-
a8c5fd6T213-trigvals-P06	figure5.gif	NO-OPENSTAX	NO-OPENSTAX	AUSENTE	-
a8c5fd6T213-trigvals-P06	figure6.gif	NO-OPENSTAX	NO-OPENSTAX	AUSENTE	-
a8c5fd6T213-trigvals-P06	figure7.gif	NO-OPENSTAX	NO-OPENSTAX	AUSENTE	-
a8c5fd6T213-trigvals-P07	figure1.gif	NO-OPENSTAX	NO-OPENSTAX	AUSENTE	-
a8c5fd6T213-trigvals-P07	figure2.gif	NO-OPENSTAX	NO-OPENSTAX	AUSENTE	-
a8c5fd6T213-trigvals-P07	figure3.gif	NO-OPENSTAX	NO-OPENSTAX	AUSENTE	-
a8c5fd6T213-trigvals-P07	figure4.gif	NO-OPENSTAX	NO-OPENSTAX	AUSENTE	-
a8c5fd6T213-trigvals-P07	figure5.gif	NO-OPENSTAX	NO-OPENSTAX	AUSENTE	-
a8c5fd6T213-trigvals-P07	figure6.gif	NO-OPENSTAX	NO-OPENSTAX	AUSENTE	-
a8c5fd6T213-trigvals-P07	figure7.gif	NO-OPENSTAX	NO-OPENSTAX	AUSENTE	-
a8c5fd6T213-trigvals-P08	figure1.gif	NO-OPENSTAX	NO-OPENSTAX	AUSENTE	-
a8c5fd6T213-trigvals-P08	figure2.gif	NO-OPENSTAX	NO-OPENSTAX	AUSENTE	-
a8c5fd6T213-trigvals-P08	figure3.gif	NO-OPENSTAX	NO-OPENSTAX	AUSENTE	-
a8c5fd6T213-trigvals-P08	figure4.gif	NO-OPENSTAX	NO-OPENSTAX	AUSENTE	-
a8c5fd6T213-trigvals-P08	figure5.gif	NO-OPENSTAX	NO-OPENSTAX	AUSENTE	-
a8c5fd6T213-trigvals-P08	figure6.gif	NO-OPENSTAX	NO-OPENSTAX	AUSENTE	-
a8c5fd6T213-trigvals-P08	figure7.gif	NO-OPENSTAX	NO-OPENSTAX	AUSENTE	-
a8c5fd6T213-trigvals-P09	figure1.gif	NO-OPENSTAX	NO-OPENSTAX	AUSENTE	-
a8c5fd6T213-trigvals-P09	figure2.gif	NO-OPENSTAX	NO-OPENSTAX	AUSENTE	-
a8c5fd6T213-trigvals-P09	figure3.gif	NO-OPENSTAX	NO-OPENSTAX	AUSENTE	-
a8c5fd6T213-trigvals-P09	figure4.gif	NO-OPENSTAX	NO-OPENSTAX	AUSENTE	-
a8c5fd6T213-trigvals-P09	figure5.gif	NO-OPENSTAX	NO-OPENSTAX	AUSENTE	-
a8c5fd6T213-trigvals-P09	figure6.gif	NO-OPENSTAX	NO-OPENSTAX	AUSENTE	-
a8c5fd6T213-trigvals-P09	figure7.gif	NO-OPENSTAX	NO-OPENSTAX	AUSENTE	-
a8c5fd6T213-trigvals-P10	figure1.gif	NO-OPENSTAX	NO-OPENSTAX	AUSENTE	-
a8c5fd6T213-trigvals-P10	figure2.gif	NO-OPENSTAX	NO-OPENSTAX	AUSENTE	-
a8c5fd6T213-trigvals-P10	figure3.gif	NO-OPENSTAX	NO-OPENSTAX	AUSENTE	-
a8c5fd6T213-trigvals-P10	figure4.gif	NO-OPENSTAX	NO-OPENSTAX	AUSENTE	-
a8c5fd6T213-trigvals-P10	figure5.gif	NO-OPENSTAX	NO-OPENSTAX	AUSENTE	-
a8c5fd6T213-trigvals-P10	figure6.gif	NO-OPENSTAX	NO-OPENSTAX	AUSENTE	-
a8c5fd6T213-trigvals-P10	figure7.gif	NO-OPENSTAX	NO-OPENSTAX	AUSENTE	-
a8c5fd6T213-trigvals-P11	figure1.gif	NO-OPENSTAX	NO-OPENSTAX	AUSENTE	-
a8c5fd6T213-trigvals-P11	figure2.gif	NO-OPENSTAX	NO-OPENSTAX	AUSENTE	-
a8c5fd6T213-trigvals-P11	figure3.gif	NO-OPENSTAX	NO-OPENSTAX	AUSENTE	-
a8c5fd6T213-trigvals-P11	figure4.gif	NO-OPENSTAX	NO-OPENSTAX	AUSENTE	-
a8c5fd6T213-trigvals-P11	figure5.gif	NO-OPENSTAX	NO-OPENSTAX	AUSENTE	-
a8c5fd6T213-trigvals-P11	figure6.gif	NO-OPENSTAX	NO-OPENSTAX	AUSENTE	-
a8c5fd6T213-trigvals-P11	figure7.gif	NO-OPENSTAX	NO-OPENSTAX	AUSENTE	-
a8c5fd6T213-trigvals-P12	figure1.gif	NO-OPENSTAX	NO-OPENSTAX	AUSENTE	-
a8c5fd6T213-trigvals-P12	figure2.gif	NO-OPENSTAX	NO-OPENSTAX	AUSENTE	-
a8c5fd6T213-trigvals-P12	figure3.gif	NO-OPENSTAX	NO-OPENSTAX	AUSENTE	-
a8c5fd6T213-trigvals-P12	figure4.gif	NO-OPENSTAX	NO-OPENSTAX	AUSENTE	-
a8c5fd6T213-trigvals-P12	figure5.gif	NO-OPENSTAX	NO-OPENSTAX	AUSENTE	-
a8c5fd6T213-trigvals-P12	figure6.gif	NO-OPENSTAX	NO-OPENSTAX	AUSENTE	-
a8c5fd6T213-trigvals-P12	figure7.gif	NO-OPENSTAX	NO-OPENSTAX	AUSENTE	-
a8c8399ds100-fa20-final-Q12	figure1.gif	NO-OPENSTAX	NO-OPENSTAX	NO-ES-CESION	https://ds100.org/su26/past-exams/
a8c8399ds100-fa20-final-Q12	figure2.gif	NO-OPENSTAX	NO-OPENSTAX	NO-ES-CESION	https://ds100.org/su26/past-exams/
a8c8399ds100-fa20-final-Q12	figure3.gif	NO-OPENSTAX	NO-OPENSTAX	NO-ES-CESION	https://ds100.org/su26/past-exams/
a8c8399ds100-fa20-final-Q12	figure4.gif	NO-OPENSTAX	NO-OPENSTAX	NO-ES-CESION	https://ds100.org/su26/past-exams/
a8c8399ds100-fa20-final-Q12	figure5.gif	NO-OPENSTAX	NO-OPENSTAX	NO-ES-CESION	https://ds100.org/su26/past-exams/
a8c8399ds100-fa20-final-Q12	figure6.gif	NO-OPENSTAX	NO-OPENSTAX	NO-ES-CESION	https://ds100.org/su26/past-exams/
a8c8399ds100-fa21-mt-Q1	figure1.gif	NO-OPENSTAX	NO-OPENSTAX	NO-ES-CESION	https://ds100.org/su26/past-exams/
a8c8399ds100-fa24-final-Q3d	figure1.gif	NO-OPENSTAX	NO-OPENSTAX	NO-ES-CESION	https://ds100.org/su26/past-exams/
a8c8399ds100-fa24-final-Q3d	figure2.gif	NO-OPENSTAX	NO-OPENSTAX	NO-ES-CESION	https://ds100.org/su26/past-exams/
a8c8399ds100-fa24-final-Q3d	figure3.gif	NO-OPENSTAX	NO-OPENSTAX	NO-ES-CESION	https://ds100.org/su26/past-exams/
a8c8399ds100-fa24-final-Q3d	figure4.gif	NO-OPENSTAX	NO-OPENSTAX	NO-ES-CESION	https://ds100.org/su26/past-exams/
a8c8399ds100-fa24-final-Q3d	figure5.gif	NO-OPENSTAX	NO-OPENSTAX	NO-ES-CESION	https://ds100.org/su26/past-exams/
a8c8399ds100-fa25-mt2-Q4	figure1.gif	NO-OPENSTAX	NO-OPENSTAX	NO-ES-CESION	https://ds100.org/su26/past-exams/
a8c8399ds100-fa25-mt2-Q6	figure1.gif	NO-OPENSTAX	NO-OPENSTAX	NO-ES-CESION	https://ds100.org/su26/past-exams/
a8c8399ds100-sp19-final-Q3	figure1.gif	NO-OPENSTAX	NO-OPENSTAX	NO-ES-CESION	https://ds100.org/su26/past-exams/
a8c8399ds100-sp19-final-Q3	figure10.gif	NO-OPENSTAX	NO-OPENSTAX	NO-ES-CESION	https://ds100.org/su26/past-exams/
a8c8399ds100-sp19-final-Q3	figure11.gif	NO-OPENSTAX	NO-OPENSTAX	NO-ES-CESION	https://ds100.org/su26/past-exams/
a8c8399ds100-sp19-final-Q3	figure12.gif	NO-OPENSTAX	NO-OPENSTAX	NO-ES-CESION	https://ds100.org/su26/past-exams/
a8c8399ds100-sp19-final-Q3	figure13.gif	NO-OPENSTAX	NO-OPENSTAX	NO-ES-CESION	https://ds100.org/su26/past-exams/
a8c8399ds100-sp19-final-Q3	figure14.gif	NO-OPENSTAX	NO-OPENSTAX	NO-ES-CESION	https://ds100.org/su26/past-exams/
a8c8399ds100-sp19-final-Q3	figure15.gif	NO-OPENSTAX	NO-OPENSTAX	NO-ES-CESION	https://ds100.org/su26/past-exams/
a8c8399ds100-sp19-final-Q3	figure16.gif	NO-OPENSTAX	NO-OPENSTAX	NO-ES-CESION	https://ds100.org/su26/past-exams/
a8c8399ds100-sp19-final-Q3	figure2.gif	NO-OPENSTAX	NO-OPENSTAX	NO-ES-CESION	https://ds100.org/su26/past-exams/
a8c8399ds100-sp19-final-Q3	figure3.gif	NO-OPENSTAX	NO-OPENSTAX	NO-ES-CESION	https://ds100.org/su26/past-exams/
a8c8399ds100-sp19-final-Q3	figure4.gif	NO-OPENSTAX	NO-OPENSTAX	NO-ES-CESION	https://ds100.org/su26/past-exams/
a8c8399ds100-sp19-final-Q3	figure5.gif	NO-OPENSTAX	NO-OPENSTAX	NO-ES-CESION	https://ds100.org/su26/past-exams/
a8c8399ds100-sp19-final-Q3	figure6.gif	NO-OPENSTAX	NO-OPENSTAX	NO-ES-CESION	https://ds100.org/su26/past-exams/
a8c8399ds100-sp19-final-Q3	figure7.gif	NO-OPENSTAX	NO-OPENSTAX	NO-ES-CESION	https://ds100.org/su26/past-exams/
a8c8399ds100-sp19-final-Q3	figure8.gif	NO-OPENSTAX	NO-OPENSTAX	NO-ES-CESION	https://ds100.org/su26/past-exams/
a8c8399ds100-sp19-final-Q3	figure9.gif	NO-OPENSTAX	NO-OPENSTAX	NO-ES-CESION	https://ds100.org/su26/past-exams/
a8c8399ds100-sp22-mt2-Q6	figure1.gif	NO-OPENSTAX	NO-OPENSTAX	NO-ES-CESION	https://ds100.org/su26/past-exams/
a8c8399ds100-sp22-mt2-Q6	figure2.gif	NO-OPENSTAX	NO-OPENSTAX	NO-ES-CESION	https://ds100.org/su26/past-exams/
a8c8399ds100-sp22-mt2-Q6	figure3.gif	NO-OPENSTAX	NO-OPENSTAX	NO-ES-CESION	https://ds100.org/su26/past-exams/
a8c8399ds100-sp22-mt2-Q6	figure4.gif	NO-OPENSTAX	NO-OPENSTAX	NO-ES-CESION	https://ds100.org/su26/past-exams/
a8c8399ds100-sp22-mt2-Q6	figure5.gif	NO-OPENSTAX	NO-OPENSTAX	NO-ES-CESION	https://ds100.org/su26/past-exams/
a8c8399ds100-sp24-final-Q3b,Q3c,Q3d	figure1.gif	NO-OPENSTAX	NO-OPENSTAX	NO-ES-CESION	https://ds100.org/su26/past-exams/
a8c8399ds100-sp24-final-Q3b,Q3c,Q3d	figure2.gif	NO-OPENSTAX	NO-OPENSTAX	NO-ES-CESION	https://ds100.org/su26/past-exams/
a8c8399ds100-sp24-final-Q3b,Q3c,Q3d	figure3.gif	NO-OPENSTAX	NO-OPENSTAX	NO-ES-CESION	https://ds100.org/su26/past-exams/
a8c8399ds100-sp25-mt-Q4b	figure1.gif	NO-OPENSTAX	NO-OPENSTAX	NO-ES-CESION	https://ds100.org/su26/past-exams/
a8c8399ds100-su20-final-Q4	figure1.gif	NO-OPENSTAX	NO-OPENSTAX	NO-ES-CESION	https://ds100.org/su26/past-exams/
a8c8399ds100-su20-final-Q4	figure2.gif	NO-OPENSTAX	NO-OPENSTAX	NO-ES-CESION	https://ds100.org/su26/past-exams/
a8c8399ds100-su21-final-Q8	figure1.gif	NO-OPENSTAX	NO-OPENSTAX	NO-ES-CESION	https://ds100.org/su26/past-exams/
a8c8399ds100-su25-mt-Q3c	figure1.gif	NO-OPENSTAX	NO-OPENSTAX	NO-ES-CESION	https://ds100.org/su26/past-exams/
a8c8399ds100-su25-mt-Q3c	figure2.gif	NO-OPENSTAX	NO-OPENSTAX	NO-ES-CESION	https://ds100.org/su26/past-exams/
a8c8399ds100-su25-mt-Q3c	figure3.gif	NO-OPENSTAX	NO-OPENSTAX	NO-ES-CESION	https://ds100.org/su26/past-exams/
a8c8399ds100-su25-mt-Q3c	figure4.gif	NO-OPENSTAX	NO-OPENSTAX	NO-ES-CESION	https://ds100.org/su26/past-exams/
a8c8399ds100-su25-mt-Q3c	figure5.gif	NO-OPENSTAX	NO-OPENSTAX	NO-ES-CESION	https://ds100.org/su26/past-exams/
a8c8399ds100-su25-mt-Q3c	figure6.gif	NO-OPENSTAX	NO-OPENSTAX	NO-ES-CESION	https://ds100.org/su26/past-exams/
a8e1cdafriction7	figure1.gif	books-pages	OPENSTAX	RESOLUBLE	CC-BY-4.0
a8e6481uni1	figure1.gif	details-books	OPENSTAX	RESOLUBLE	CC-BY-4.0
a8e6481uni10	figure1.gif	details-books	OPENSTAX	RESOLUBLE	CC-BY-4.0
a8e6481uni13	figure1.gif	details-books	OPENSTAX	RESOLUBLE	CC-BY-4.0
a8e6481uni4	figure1.gif	details-books	OPENSTAX	RESOLUBLE	CC-BY-4.0
a8e6481uni7	figure1.gif	details-books	OPENSTAX	RESOLUBLE	CC-BY-4.0
a8f47f3deriv10	figure1.gif	openstax-otro	OPENSTAX	AUSENTE	-
a8f47f3deriv11	figure1.gif	openstax-otro	OPENSTAX	AUSENTE	-
a8f47f3deriv12	figure1.gif	openstax-otro	OPENSTAX	AUSENTE	-
a8f47f3deriv13	figure1.gif	openstax-otro	OPENSTAX	AUSENTE	-
a8f47f3deriv14	figure1.gif	openstax-otro	OPENSTAX	AUSENTE	-
a8f47f3deriv15	figure1.gif	openstax-otro	OPENSTAX	AUSENTE	-
a8f47f3deriv16	figure1.gif	openstax-otro	OPENSTAX	AUSENTE	-
a8f47f3deriv17	figure1.gif	openstax-otro	OPENSTAX	AUSENTE	-
a8f47f3deriv18	figure1.gif	openstax-otro	OPENSTAX	AUSENTE	-
a8f47f3deriv19	figure1.gif	openstax-otro	OPENSTAX	AUSENTE	-
a8f47f3deriv20	figure1.gif	openstax-otro	OPENSTAX	AUSENTE	-
a8f47f3deriv3	figure1.gif	openstax-otro	OPENSTAX	AUSENTE	-
a8f47f3deriv4	figure1.gif	openstax-otro	OPENSTAX	AUSENTE	-
a8f47f3deriv5	figure1.gif	openstax-otro	OPENSTAX	AUSENTE	-
a8f47f3deriv6	figure1.gif	openstax-otro	OPENSTAX	AUSENTE	-
a8f47f3deriv7	figure1.gif	openstax-otro	OPENSTAX	AUSENTE	-
a8f47f3deriv8	figure1.gif	openstax-otro	OPENSTAX	AUSENTE	-
a8f47f3deriv9	figure1.gif	openstax-otro	OPENSTAX	AUSENTE	-
a91e303graphhyper1	figure1.gif	details-books	OPENSTAX	RESOLUBLE	CC-BY-4.0
a91e303graphhyper10	figure1.gif	details-books	OPENSTAX	RESOLUBLE	CC-BY-4.0
a91e303graphhyper11	figure1.gif	details-books	OPENSTAX	RESOLUBLE	CC-BY-4.0
a91e303graphhyper12	figure1.gif	details-books	OPENSTAX	RESOLUBLE	CC-BY-4.0
a91e303graphhyper13	figure1.gif	details-books	OPENSTAX	RESOLUBLE	CC-BY-4.0
a91e303graphhyper14	figure1.gif	details-books	OPENSTAX	RESOLUBLE	CC-BY-4.0
a91e303graphhyper15	figure1.gif	details-books	OPENSTAX	RESOLUBLE	CC-BY-4.0
a91e303graphhyper16	figure1.gif	details-books	OPENSTAX	RESOLUBLE	CC-BY-4.0
a91e303graphhyper17	figure1.gif	details-books	OPENSTAX	RESOLUBLE	CC-BY-4.0
a91e303graphhyper18	figure1.gif	details-books	OPENSTAX	RESOLUBLE	CC-BY-4.0
a91e303graphhyper19	figure1.gif	details-books	OPENSTAX	RESOLUBLE	CC-BY-4.0
a91e303graphhyper2	figure1.gif	details-books	OPENSTAX	RESOLUBLE	CC-BY-4.0
a91e303graphhyper20	figure1.gif	details-books	OPENSTAX	RESOLUBLE	CC-BY-4.0
a91e303graphhyper21	figure1.gif	details-books	OPENSTAX	RESOLUBLE	CC-BY-4.0
a91e303graphhyper22	figure1.gif	details-books	OPENSTAX	RESOLUBLE	CC-BY-4.0
a91e303graphhyper23	figure1.gif	details-books	OPENSTAX	RESOLUBLE	CC-BY-4.0
a91e303graphhyper24	figure1.gif	details-books	OPENSTAX	RESOLUBLE	CC-BY-4.0
a91e303graphhyper25	figure1.gif	details-books	OPENSTAX	RESOLUBLE	CC-BY-4.0
a91e303graphhyper26	figure1.gif	details-books	OPENSTAX	RESOLUBLE	CC-BY-4.0
a91e303graphhyper27	figure1.gif	details-books	OPENSTAX	RESOLUBLE	CC-BY-4.0
a91e303graphhyper28	figure1.gif	details-books	OPENSTAX	RESOLUBLE	CC-BY-4.0
a91e303graphhyper3	figure1.gif	details-books	OPENSTAX	RESOLUBLE	CC-BY-4.0
a91e303graphhyper4	figure1.gif	details-books	OPENSTAX	RESOLUBLE	CC-BY-4.0
a91e303graphhyper5	figure1.gif	details-books	OPENSTAX	RESOLUBLE	CC-BY-4.0
a91e303graphhyper6	figure1.gif	details-books	OPENSTAX	RESOLUBLE	CC-BY-4.0
a91e303graphhyper7	figure1.gif	details-books	OPENSTAX	RESOLUBLE	CC-BY-4.0
a91e303graphhyper8	figure1.gif	details-books	OPENSTAX	RESOLUBLE	CC-BY-4.0
a91e303graphhyper9	figure1.gif	details-books	OPENSTAX	RESOLUBLE	CC-BY-4.0
a92ac99ds100-fa17-final-Q10	figure1.gif	NO-OPENSTAX	NO-OPENSTAX	NO-ES-CESION	https://ds100.org/su26/past-exams/
a92ac99ds100-fa17-mt-Q27	figure1.gif	NO-OPENSTAX	NO-OPENSTAX	NO-ES-CESION	https://ds100.org/su26/past-exams/
a92ac99ds100-fa18-final-Q5	figure1.gif	NO-OPENSTAX	NO-OPENSTAX	NO-ES-CESION	https://ds100.org/su26/past-exams/
a94a0a4prediction10	figure1.gif	details-books	OPENSTAX	RESOLUBLE	CC-BY-4.0
a94a0a4prediction11	figure1.gif	details-books	OPENSTAX	RESOLUBLE	CC-BY-4.0
a94a0a4prediction12	figure1.gif	details-books	OPENSTAX	RESOLUBLE	CC-BY-4.0
a94a0a4prediction4	figure1.gif	details-books	OPENSTAX	RESOLUBLE	CC-BY-4.0
a94a0a4prediction5	figure1.gif	details-books	OPENSTAX	RESOLUBLE	CC-BY-4.0
a94a0a4prediction6	figure1.gif	details-books	OPENSTAX	RESOLUBLE	CC-BY-4.0
a94a0a4prediction7	figure1.gif	details-books	OPENSTAX	RESOLUBLE	CC-BY-4.0
a94a0a4prediction8	figure1.gif	details-books	OPENSTAX	RESOLUBLE	CC-BY-4.0
a94a0a4prediction9	figure1.gif	details-books	OPENSTAX	RESOLUBLE	CC-BY-4.0
a94b3d5means1	figure1.gif	details-books	OPENSTAX	RESOLUBLE	CC-BY-4.0
a94b3d5means3	figure1.gif	details-books	OPENSTAX	RESOLUBLE	CC-BY-4.0
a94b3d5means4	figure1.gif	details-books	OPENSTAX	RESOLUBLE	CC-BY-4.0
a94b3d5means5	figure1.gif	details-books	OPENSTAX	RESOLUBLE	CC-BY-4.0
a94b3d5means6	figure1.gif	details-books	OPENSTAX	RESOLUBLE	CC-BY-4.0
a94b3d5means7	figure1.gif	details-books	OPENSTAX	RESOLUBLE	CC-BY-4.0
a94b3d5means8	figure1.gif	details-books	OPENSTAX	RESOLUBLE	CC-BY-4.0
a94b3d5means9	figure1.gif	details-books	OPENSTAX	RESOLUBLE	CC-BY-4.0
a95836f13.1driverslicense	figure1.gif	details-books	OPENSTAX	RESOLUBLE	CC-BY-4.0
a95836f13.1traffic	figure1.gif	details-books	OPENSTAX	RESOLUBLE	CC-BY-4.0
a961302definite12	figure1.gif	details-books	OPENSTAX	AUSENTE	-
a961302definite13	figure1.gif	details-books	OPENSTAX	AUSENTE	-
a961302definite15	figure1.gif	details-books	OPENSTAX	AUSENTE	-
a961302definite2	figure1.gif	details-books	OPENSTAX	AUSENTE	-
a961302definite21	figure1.gif	details-books	OPENSTAX	AUSENTE	-
a961302definite3	figure1.gif	details-books	OPENSTAX	AUSENTE	-
a961302definite4	figure1.gif	details-books	OPENSTAX	AUSENTE	-
a961302definite7	figure1.gif	details-books	OPENSTAX	AUSENTE	-
a961302definite8	figure1.gif	details-books	OPENSTAX	AUSENTE	-
a969466InverseFunc1	figure1.gif	details-books	OPENSTAX	AUSENTE	-
a969466InverseFunc2	figure1.gif	details-books	OPENSTAX	AUSENTE	-
a969466InverseFunc3	figure1.gif	details-books	OPENSTAX	AUSENTE	-
a96f11611.6post	figure1.gif	details-books	OPENSTAX	RESOLUBLE	CC-BY-4.0
a984816test01	figure1.gif	NO-OPENSTAX	NO-OPENSTAX	VERSION-SIN-VARIANTE	CC4.0
a984816test07	figure1.gif	NO-OPENSTAX	NO-OPENSTAX	VERSION-SIN-VARIANTE	CC4.0
a984816test07	figure2.gif	NO-OPENSTAX	NO-OPENSTAX	VERSION-SIN-VARIANTE	CC4.0
a984816test07	figure3.gif	NO-OPENSTAX	NO-OPENSTAX	VERSION-SIN-VARIANTE	CC4.0
a98a015ds100-fa19-mt2-Q1	figure1.gif	NO-OPENSTAX	NO-OPENSTAX	NO-ES-CESION	https://ds100.org/su26/past-exams/
a98a015ds100-fa19-mt2-Q1	figure2.gif	NO-OPENSTAX	NO-OPENSTAX	NO-ES-CESION	https://ds100.org/su26/past-exams/
a98a015ds100-fa19-mt2-Q1	figure3.gif	NO-OPENSTAX	NO-OPENSTAX	NO-ES-CESION	https://ds100.org/su26/past-exams/
a98a015ds100-fa19-mt2-Q1	figure4.gif	NO-OPENSTAX	NO-OPENSTAX	NO-ES-CESION	https://ds100.org/su26/past-exams/
a98a015ds100-fa20-final-Q10	figure1.gif	NO-OPENSTAX	NO-OPENSTAX	NO-ES-CESION	https://ds100.org/su26/past-exams/
a98a015ds100-fa20-final-Q10	figure2.gif	NO-OPENSTAX	NO-OPENSTAX	NO-ES-CESION	https://ds100.org/su26/past-exams/
a98a015ds100-fa20-final-Q10	figure3.gif	NO-OPENSTAX	NO-OPENSTAX	NO-ES-CESION	https://ds100.org/su26/past-exams/
a98a015ds100-fa24-final-Q7	figure1.gif	NO-OPENSTAX	NO-OPENSTAX	NO-ES-CESION	https://ds100.org/su26/past-exams/
a98a015ds100-fa24-final-Q7	figure2.gif	NO-OPENSTAX	NO-OPENSTAX	NO-ES-CESION	https://ds100.org/su26/past-exams/
a98a015ds100-fa24-final-Q7	figure3.gif	NO-OPENSTAX	NO-OPENSTAX	NO-ES-CESION	https://ds100.org/su26/past-exams/
a98a015ds100-fa24-final-Q7	figure4.gif	NO-OPENSTAX	NO-OPENSTAX	NO-ES-CESION	https://ds100.org/su26/past-exams/
a98a015ds100-fa24-final-Q7	figure5.gif	NO-OPENSTAX	NO-OPENSTAX	NO-ES-CESION	https://ds100.org/su26/past-exams/
a98a015ds100-fa24-final-Q7	figure6.gif	NO-OPENSTAX	NO-OPENSTAX	NO-ES-CESION	https://ds100.org/su26/past-exams/
a98a015ds100-fa24-final-Q7	figure7.gif	NO-OPENSTAX	NO-OPENSTAX	NO-ES-CESION	https://ds100.org/su26/past-exams/
a98a015ds100-fa24-final-Q7	figure8.gif	NO-OPENSTAX	NO-OPENSTAX	NO-ES-CESION	https://ds100.org/su26/past-exams/
a98a015ds100-sp21-final-Q11	figure1.gif	NO-OPENSTAX	NO-OPENSTAX	NO-ES-CESION	https://ds100.org/su26/past-exams/
a98a015ds100-sp24-final-Q9	figure1.gif	NO-OPENSTAX	NO-OPENSTAX	NO-ES-CESION	https://ds100.org/su26/past-exams/
a98a015ds100-sp24-final-Q9	figure2.gif	NO-OPENSTAX	NO-OPENSTAX	NO-ES-CESION	https://ds100.org/su26/past-exams/
a98a015ds100-sp24-final-Q9	figure3.gif	NO-OPENSTAX	NO-OPENSTAX	NO-ES-CESION	https://ds100.org/su26/past-exams/
a98a015ds100-sp25-final-Q4a,Q4b	figure1.gif	NO-OPENSTAX	NO-OPENSTAX	NO-ES-CESION	https://ds100.org/su26/past-exams/
a98a015ds100-sp25-final-Q4a,Q4b	figure2.gif	NO-OPENSTAX	NO-OPENSTAX	NO-ES-CESION	https://ds100.org/su26/past-exams/
a98a015ds100-sp25-final-Q4a,Q4b	figure3.gif	NO-OPENSTAX	NO-OPENSTAX	NO-ES-CESION	https://ds100.org/su26/past-exams/
a98a015ds100-su19-final-Q2b	figure1.gif	NO-OPENSTAX	NO-OPENSTAX	NO-ES-CESION	https://ds100.org/su26/past-exams/
a98a015ds100-su19-final-Q2b	figure2.gif	NO-OPENSTAX	NO-OPENSTAX	NO-ES-CESION	https://ds100.org/su26/past-exams/
a98a015ds100-su19-final-Q2b	figure3.gif	NO-OPENSTAX	NO-OPENSTAX	NO-ES-CESION	https://ds100.org/su26/past-exams/
a98a015ds100-su25-final-Q3d	figure1.gif	NO-OPENSTAX	NO-OPENSTAX	NO-ES-CESION	https://ds100.org/su26/past-exams/
a9ae528add3	figure1.gif	details-books	OPENSTAX	RESOLUBLE	CC-BY-4.0
a9ae528add3	figure2.gif	details-books	OPENSTAX	RESOLUBLE	CC-BY-4.0
a9ae528add4	figure1.gif	details-books	OPENSTAX	RESOLUBLE	CC-BY-4.0
a9ae528add4	figure2.gif	details-books	OPENSTAX	RESOLUBLE	CC-BY-4.0
a9c994ba1cc0dcareas11	figure1.gif	NO-OPENSTAX	NO-OPENSTAX	RESOLUBLE	CC-BY-4.0
a9c994ba1cc0dcareas6	figure1.gif	NO-OPENSTAX	NO-OPENSTAX	RESOLUBLE	CC-BY-4.0
a9d3aa3stat9	figure1.gif	details-books	OPENSTAX	RESOLUBLE	CC-BY-4.0
a9e42b3CompInv10	figure1.gif	details-books	OPENSTAX	RESOLUBLE	CC-BY-4.0
a9e42b3CompInv11	figure1.gif	details-books	OPENSTAX	RESOLUBLE	CC-BY-4.0
a9e42b3CompInv12	figure1.gif	details-books	OPENSTAX	RESOLUBLE	CC-BY-4.0
a9e42b3CompInv13	figure1.gif	details-books	OPENSTAX	RESOLUBLE	CC-BY-4.0
a9e42b3CompInv14	figure1.gif	details-books	OPENSTAX	RESOLUBLE	CC-BY-4.0
a9e42b3CompInv15	figure1.gif	details-books	OPENSTAX	RESOLUBLE	CC-BY-4.0
a9e42b3CompInv7	figure1.gif	details-books	OPENSTAX	RESOLUBLE	CC-BY-4.0
a9e42b3CompInv8	figure1.gif	details-books	OPENSTAX	RESOLUBLE	CC-BY-4.0
a9e42b3CompInv9	figure1.gif	details-books	OPENSTAX	RESOLUBLE	CC-BY-4.0
a9ed39ahyperbola1	figure1.gif	details-books	OPENSTAX	RESOLUBLE	CC-BY-4.0
a9ed39ahyperbola1	figure2.gif	details-books	OPENSTAX	RESOLUBLE	CC-BY-4.0
a9ed39ahyperbola2	figure1.gif	details-books	OPENSTAX	RESOLUBLE	CC-BY-4.0
a9ed39ahyperbola2	figure2.gif	details-books	OPENSTAX	RESOLUBLE	CC-BY-4.0
a9ed39ahyperbola3	figure1.gif	details-books	OPENSTAX	RESOLUBLE	CC-BY-4.0
a9ed39ahyperbola3	figure2.gif	details-books	OPENSTAX	RESOLUBLE	CC-BY-4.0
a9ed39ahyperbola4	figure1.gif	details-books	OPENSTAX	RESOLUBLE	CC-BY-4.0
a9ed39ahyperbola5	figure1.gif	details-books	OPENSTAX	RESOLUBLE	CC-BY-4.0
a9ed39ahyperbola6	figure1.gif	details-books	OPENSTAX	RESOLUBLE	CC-BY-4.0
a9ed39ahyperbola7	figure1.gif	details-books	OPENSTAX	RESOLUBLE	CC-BY-4.0
a9ed39ahyperbola7	figure2.gif	details-books	OPENSTAX	RESOLUBLE	CC-BY-4.0
a9ed39ahyperbola8	figure1.gif	details-books	OPENSTAX	RESOLUBLE	CC-BY-4.0
a9ed39ahyperbola8	figure2.gif	details-books	OPENSTAX	RESOLUBLE	CC-BY-4.0
a9edaf5ds100-fa21-mt-Q1	figure1.gif	NO-OPENSTAX	NO-OPENSTAX	NO-ES-CESION	https://ds100.org/su26/past-exams/
a9edaf5ds100-fa24-final-Q3f	figure1.gif	NO-OPENSTAX	NO-OPENSTAX	NO-ES-CESION	https://ds100.org/su26/past-exams/
a9edaf5ds100-fa24-final-Q3f	figure2.gif	NO-OPENSTAX	NO-OPENSTAX	NO-ES-CESION	https://ds100.org/su26/past-exams/
a9edaf5ds100-fa24-final-Q4a,Q4b,Q4c	figure1.gif	NO-OPENSTAX	NO-OPENSTAX	NO-ES-CESION	https://ds100.org/su26/past-exams/
a9edaf5ds100-fa25-mt2-Q6	figure1.gif	NO-OPENSTAX	NO-OPENSTAX	NO-ES-CESION	https://ds100.org/su26/past-exams/
a9edaf5ds100-sp22-mt2-Q5	figure1.gif	NO-OPENSTAX	NO-OPENSTAX	NO-ES-CESION	https://ds100.org/su26/past-exams/
a9edaf5ds100-sp24-final-Q4b,Q4c,Q4d	figure1.gif	NO-OPENSTAX	NO-OPENSTAX	NO-ES-CESION	https://ds100.org/su26/past-exams/
a9edaf5ds100-sp25-final-Q2a,Q2c,Q2d	figure1.gif	NO-OPENSTAX	NO-OPENSTAX	NO-ES-CESION	https://ds100.org/su26/past-exams/
a9edaf5ds100-su20-final-Q4	figure1.gif	NO-OPENSTAX	NO-OPENSTAX	NO-ES-CESION	https://ds100.org/su26/past-exams/
a9edaf5ds100-su21-final-Q4	figure1.gif	NO-OPENSTAX	NO-OPENSTAX	NO-ES-CESION	https://ds100.org/su26/past-exams/
a9edaf5ds100-su21-final-Q4	figure2.gif	NO-OPENSTAX	NO-OPENSTAX	NO-ES-CESION	https://ds100.org/su26/past-exams/
a9edaf5ds100-su21-final-Q4	figure3.gif	NO-OPENSTAX	NO-OPENSTAX	NO-ES-CESION	https://ds100.org/su26/past-exams/
a9edaf5ds100-su21-final-Q4	figure4.gif	NO-OPENSTAX	NO-OPENSTAX	NO-ES-CESION	https://ds100.org/su26/past-exams/
a9edaf5ds100-su21-final-Q4	figure5.gif	NO-OPENSTAX	NO-OPENSTAX	NO-ES-CESION	https://ds100.org/su26/past-exams/
a9ef311slicing10	figure1.gif	details-books	OPENSTAX	AUSENTE	-
a9ef311slicing11	figure1.gif	details-books	OPENSTAX	AUSENTE	-
a9ef311slicing13	figure1.gif	details-books	OPENSTAX	AUSENTE	-
a9ef311slicing14	figure1.gif	details-books	OPENSTAX	AUSENTE	-
a9ef311slicing15	figure1.gif	details-books	OPENSTAX	AUSENTE	-
a9ef311slicing16	figure1.gif	details-books	OPENSTAX	AUSENTE	-
a9ef311slicing17	figure1.gif	details-books	OPENSTAX	AUSENTE	-
a9ef311slicing18	figure1.gif	details-books	OPENSTAX	AUSENTE	-
a9ef311slicing19	figure1.gif	details-books	OPENSTAX	AUSENTE	-
a9ef311slicing2	figure1.gif	details-books	OPENSTAX	AUSENTE	-
a9ef311slicing2	figure2.gif	details-books	OPENSTAX	AUSENTE	-
a9ef311slicing20	figure1.gif	details-books	OPENSTAX	AUSENTE	-
a9ef311slicing3	figure1.gif	details-books	OPENSTAX	AUSENTE	-
a9ef311slicing4	figure1.gif	details-books	OPENSTAX	AUSENTE	-
a9ef311slicing4	figure2.gif	details-books	OPENSTAX	AUSENTE	-
a9ef311slicing5	figure1.gif	details-books	OPENSTAX	AUSENTE	-
a9ef311slicing6	figure1.gif	details-books	OPENSTAX	AUSENTE	-
a9ef311slicing7	figure1.gif	details-books	OPENSTAX	AUSENTE	-
a9ef311slicing8	figure1.gif	details-books	OPENSTAX	AUSENTE	-
a9f55eblinearmodels13	figure1.gif	details-books	OPENSTAX	RESOLUBLE	CC-BY-4.0
a9f55eblinearmodels13	figure2.gif	details-books	OPENSTAX	RESOLUBLE	CC-BY-4.0
a9f55eblinearmodels15	figure1.gif	details-books	OPENSTAX	RESOLUBLE	CC-BY-4.0
a9f9bc74.1baker1	figure1.gif	details-books	OPENSTAX	RESOLUBLE	CC-BY-4.0
a9f9bc74.1employer1	figure1.gif	details-books	OPENSTAX	RESOLUBLE	CC-BY-4.0
a9fd720matrix1	figure1.gif	books-pages	OPENSTAX	RESOLUBLE	CC-BY-4.0
a9fd720matrix2	figure1.gif	books-pages	OPENSTAX	RESOLUBLE	CC-BY-4.0
aa008ddT1-diag-P01	figure1.gif	NO-OPENSTAX	NO-OPENSTAX	VERSION-SIN-VARIANTE	CC4.0
aa008ddT1-diag-P02	figure1.gif	NO-OPENSTAX	NO-OPENSTAX	VERSION-SIN-VARIANTE	CC4.0
aa008ddT1-diag-P03	figure1.gif	NO-OPENSTAX	NO-OPENSTAX	VERSION-SIN-VARIANTE	CC4.0
aa008ddT1-diag-P04	figure1.gif	NO-OPENSTAX	NO-OPENSTAX	VERSION-SIN-VARIANTE	CC4.0
aa008ddT1-diag-P06	figure1.gif	NO-OPENSTAX	NO-OPENSTAX	VERSION-SIN-VARIANTE	CC4.0
aa008ddT1-diag-P07	figure1.gif	NO-OPENSTAX	NO-OPENSTAX	VERSION-SIN-VARIANTE	CC4.0
aa008ddT1-diag-P08	figure1.gif	NO-OPENSTAX	NO-OPENSTAX	VERSION-SIN-VARIANTE	CC4.0
aa47907quad19	figure1.gif	details-books	OPENSTAX	RESOLUBLE	CC-BY-4.0
aa4d8eereal25	figure1.gif	books-pages	OPENSTAX	RESOLUBLE	CC-BY-4.0
aa4d8eereal26	figure1.gif	books-pages	OPENSTAX	RESOLUBLE	CC-BY-4.0
aa4d8eereal27	figure1.gif	books-pages	OPENSTAX	RESOLUBLE	CC-BY-4.0
aa4d8eereal28	figure1.gif	books-pages	OPENSTAX	RESOLUBLE	CC-BY-4.0
aa58d65c10	figure1.gif	details-books	OPENSTAX	AUSENTE	-
aa58d65c9	figure1.gif	details-books	OPENSTAX	AUSENTE	-
aa60f04hist4	figure1.gif	details-books	OPENSTAX	RESOLUBLE	CC-BY-4.0
aa60f04hist6	figure1.gif	details-books	OPENSTAX	RESOLUBLE	CC-BY-4.0
aa60f04hist6	figure2.gif	details-books	OPENSTAX	RESOLUBLE	CC-BY-4.0
aa60f04hist7	figure1.gif	details-books	OPENSTAX	RESOLUBLE	CC-BY-4.0
aa60f04hist7	figure2.gif	details-books	OPENSTAX	RESOLUBLE	CC-BY-4.0
aa60f04hist8	figure1.gif	details-books	OPENSTAX	RESOLUBLE	CC-BY-4.0
aa60f04hist9	figure1.gif	details-books	OPENSTAX	RESOLUBLE	CC-BY-4.0
aa97d5brates1	figure1.gif	details-books	OPENSTAX	RESOLUBLE	CC-BY-4.0
aa97d5brates5	figure1.gif	details-books	OPENSTAX	RESOLUBLE	CC-BY-4.0
aa97d5brates6	figure1.gif	details-books	OPENSTAX	RESOLUBLE	CC-BY-4.0
aa97d5brates7	figure1.gif	details-books	OPENSTAX	RESOLUBLE	CC-BY-4.0
aaa317eLinIneq11	figure1.gif	details-books	OPENSTAX	RESOLUBLE	CC-BY-4.0
aaa465eanov1	figure1.gif	details-books	OPENSTAX	RESOLUBLE	CC-BY-4.0
aaa465eanov2	figure1.gif	details-books	OPENSTAX	RESOLUBLE	CC-BY-4.0
aaa465eanov3	figure1.gif	details-books	OPENSTAX	RESOLUBLE	CC-BY-4.0
aaa465eanov4	figure1.gif	details-books	OPENSTAX	RESOLUBLE	CC-BY-4.0
aaa465eanov5	figure1.gif	details-books	OPENSTAX	RESOLUBLE	CC-BY-4.0
aaa465efdist1	figure1.gif	details-books	OPENSTAX	RESOLUBLE	CC-BY-4.0
aaa465efdist1	figure2.gif	details-books	OPENSTAX	RESOLUBLE	CC-BY-4.0
aaa465efdist1	figure3.gif	details-books	OPENSTAX	RESOLUBLE	CC-BY-4.0
aaa465efdist2	figure1.gif	details-books	OPENSTAX	RESOLUBLE	CC-BY-4.0
aaa465efdist2	figure2.gif	details-books	OPENSTAX	RESOLUBLE	CC-BY-4.0
aaa465efdist2	figure3.gif	details-books	OPENSTAX	RESOLUBLE	CC-BY-4.0
aaa465efdist3	figure1.gif	details-books	OPENSTAX	RESOLUBLE	CC-BY-4.0
aaa465efdist3	figure2.gif	details-books	OPENSTAX	RESOLUBLE	CC-BY-4.0
aaa465efdist3	figure3.gif	details-books	OPENSTAX	RESOLUBLE	CC-BY-4.0
aaa465efdist3	figure4.gif	details-books	OPENSTAX	RESOLUBLE	CC-BY-4.0
aaac80bvis1	figure1.gif	NO-OPENSTAX	NO-OPENSTAX	RESOLUBLE	CC-BY-4.0
aaac80bvis10	figure1.gif	NO-OPENSTAX	NO-OPENSTAX	AUSENTE	-
aaac80bvis10	figure2.gif	NO-OPENSTAX	NO-OPENSTAX	AUSENTE	-
aaac80bvis11	figure1.gif	NO-OPENSTAX	NO-OPENSTAX	AUSENTE	-
aaac80bvis11	figure2.gif	NO-OPENSTAX	NO-OPENSTAX	AUSENTE	-
aaac80bvis3	figure1.gif	NO-OPENSTAX	NO-OPENSTAX	AUSENTE	-
aaac80bvis4	figure1.gif	NO-OPENSTAX	NO-OPENSTAX	AUSENTE	-
aaac80bvis5	figure1.gif	NO-OPENSTAX	NO-OPENSTAX	AUSENTE	-
aaac80bvis6	figure1.gif	NO-OPENSTAX	NO-OPENSTAX	AUSENTE	-
aaac80bvis6	figure2.gif	NO-OPENSTAX	NO-OPENSTAX	AUSENTE	-
aaac80bvis7	figure1.gif	NO-OPENSTAX	NO-OPENSTAX	AUSENTE	-
aaac80bvis7	figure2.gif	NO-OPENSTAX	NO-OPENSTAX	AUSENTE	-
aaac80bvis8	figure1.gif	NO-OPENSTAX	NO-OPENSTAX	AUSENTE	-
aaac80bvis8	figure2.gif	NO-OPENSTAX	NO-OPENSTAX	AUSENTE	-
aaac80bvis9	figure1.gif	NO-OPENSTAX	NO-OPENSTAX	AUSENTE	-
aaac80bvis9	figure2.gif	NO-OPENSTAX	NO-OPENSTAX	AUSENTE	-
aab36429.3baker1	figure1.gif	details-books	OPENSTAX	RESOLUBLE	CC-BY-4.0
aac97ednormal1	figure1.gif	details-books	OPENSTAX	RESOLUBLE	CC-BY-4.0
aac97ednormal13	figure1.gif	details-books	OPENSTAX	RESOLUBLE	CC-BY-4.0
aac97ednormal4	figure1.gif	details-books	OPENSTAX	RESOLUBLE	CC-BY-4.0
aac97ednormal6	figure1.gif	details-books	OPENSTAX	RESOLUBLE	CC-BY-4.0
aac97ednormal7	figure1.gif	details-books	OPENSTAX	RESOLUBLE	CC-BY-4.0
aade29bmod2	figure1.gif	NO-OPENSTAX	NO-OPENSTAX	RESOLUBLE	CC-BY-4.0
aade29bmod2	figure10.gif	NO-OPENSTAX	NO-OPENSTAX	RESOLUBLE	CC-BY-4.0
aade29bmod2	figure11.gif	NO-OPENSTAX	NO-OPENSTAX	RESOLUBLE	CC-BY-4.0
aade29bmod2	figure2.gif	NO-OPENSTAX	NO-OPENSTAX	RESOLUBLE	CC-BY-4.0
aade29bmod2	figure3.gif	NO-OPENSTAX	NO-OPENSTAX	RESOLUBLE	CC-BY-4.0
aade29bmod2	figure4.gif	NO-OPENSTAX	NO-OPENSTAX	RESOLUBLE	CC-BY-4.0
aade29bmod2	figure5.gif	NO-OPENSTAX	NO-OPENSTAX	RESOLUBLE	CC-BY-4.0
aade29bmod2	figure6.gif	NO-OPENSTAX	NO-OPENSTAX	RESOLUBLE	CC-BY-4.0
aade29bmod2	figure7.gif	NO-OPENSTAX	NO-OPENSTAX	RESOLUBLE	CC-BY-4.0
aade29bmod2	figure8.gif	NO-OPENSTAX	NO-OPENSTAX	RESOLUBLE	CC-BY-4.0
aade29bmod2	figure9.gif	NO-OPENSTAX	NO-OPENSTAX	RESOLUBLE	CC-BY-4.0
aade29bmod3	figure1.gif	NO-OPENSTAX	NO-OPENSTAX	RESOLUBLE	CC-BY-4.0
aadff92AppQuad17	figure1.gif	details-books	OPENSTAX	RESOLUBLE	CC-BY-4.0
aadff92AppQuad18	figure1.gif	details-books	OPENSTAX	RESOLUBLE	CC-BY-4.0
aafbadeintercepts1	figure1.gif	details-books	OPENSTAX	RESOLUBLE	CC-BY-4.0
aafbadeintercepts2	figure1.gif	details-books	OPENSTAX	RESOLUBLE	CC-BY-4.0
aafbadeintercepts3	figure1.gif	details-books	OPENSTAX	RESOLUBLE	CC-BY-4.0
ab0ba5einverses20	figure1.gif	books-pages	OPENSTAX	AUSENTE	-
ab0ba5einverses21	figure1.gif	books-pages	OPENSTAX	AUSENTE	-
ab0ba5einverses22	figure1.gif	books-pages	OPENSTAX	AUSENTE	-
ab0ba5einverses23	figure1.gif	books-pages	OPENSTAX	AUSENTE	-
ab0ba5einverses24	figure1.gif	books-pages	OPENSTAX	AUSENTE	-
ab0ba5einverses25	figure1.gif	books-pages	OPENSTAX	AUSENTE	-
ab0ba5einverses26	figure1.gif	books-pages	OPENSTAX	AUSENTE	-
ab0ba5einverses6	figure1.gif	books-pages	OPENSTAX	AUSENTE	-
ab0ba5einverses7	figure1.gif	books-pages	OPENSTAX	AUSENTE	-
ab2e2b210.4coach	figure1.gif	details-books	OPENSTAX	RESOLUBLE	CC-BY-4.0
ab2e2b210.4coach	figure2.gif	details-books	OPENSTAX	RESOLUBLE	CC-BY-4.0
ab2e2b210.4golf	figure1.gif	details-books	OPENSTAX	RESOLUBLE	CC-BY-4.0
ab2e2b210.4hypnotism	figure1.gif	details-books	OPENSTAX	RESOLUBLE	CC-BY-4.0
ab63d62spread10	figure1.gif	details-books	OPENSTAX	RESOLUBLE	CC-BY-4.0
ab63d62spread14	figure1.gif	details-books	OPENSTAX	RESOLUBLE	CC-BY-4.0
ab63d62spread17	figure1.gif	details-books	OPENSTAX	RESOLUBLE	CC-BY-4.0
ab63d62spread18	figure1.gif	details-books	OPENSTAX	RESOLUBLE	CC-BY-4.0
ab63d62spread19	figure1.gif	details-books	OPENSTAX	RESOLUBLE	CC-BY-4.0
ab63d62spread25	figure1.gif	details-books	OPENSTAX	RESOLUBLE	CC-BY-4.0
ab63d62spread9	figure1.gif	details-books	OPENSTAX	RESOLUBLE	CC-BY-4.0
ab7c38dgraphExp12	figure1.gif	details-books	OPENSTAX	RESOLUBLE	CC-BY-4.0
ab7c38dgraphExp12	figure2.gif	details-books	OPENSTAX	RESOLUBLE	CC-BY-4.0
ab7c38dgraphExp13	figure1.gif	details-books	OPENSTAX	RESOLUBLE	CC-BY-4.0
ab7c38dgraphExp13	figure2.gif	details-books	OPENSTAX	RESOLUBLE	CC-BY-4.0
ab7c38dlog13	figure1.gif	details-books	OPENSTAX	RESOLUBLE	CC-BY-4.0
ab7c38dlog13	figure2.gif	details-books	OPENSTAX	RESOLUBLE	CC-BY-4.0
ab7c38dlog14	figure1.gif	details-books	OPENSTAX	RESOLUBLE	CC-BY-4.0
ab7c38dlog14	figure2.gif	details-books	OPENSTAX	RESOLUBLE	CC-BY-4.0
aba1299row1_part2	figure1.gif	NO-OPENSTAX	NO-OPENSTAX	NO-ES-CESION	https://ds100.org/sp26/assets/exams/fa25/fa25_mt2.pdf
aba1299row1_part3	figure1.gif	NO-OPENSTAX	NO-OPENSTAX	NO-ES-CESION	https://ds100.org/sp26/assets/exams/fa25/fa25_mt2.pdf
aba1299row1_part4	figure1.gif	NO-OPENSTAX	NO-OPENSTAX	NO-ES-CESION	https://ds100.org/sp26/assets/exams/fa25/fa25_mt2.pdf
aba1299row2	figure1.gif	NO-OPENSTAX	NO-OPENSTAX	NO-ES-CESION	https://ds100.org/sp26/assets/exams/su25/su25_final.pdf
aba1299row3	figure1.gif	NO-OPENSTAX	NO-OPENSTAX	NO-ES-CESION	https://ds100.org/sp26/assets/exams/sp25/sp25_final.pdf
aba1299row3	figure2.gif	NO-OPENSTAX	NO-OPENSTAX	NO-ES-CESION	https://ds100.org/sp26/assets/exams/sp25/sp25_final.pdf
aba1299row5_part2	figure1.gif	NO-OPENSTAX	NO-OPENSTAX	NO-ES-CESION	https://ds100.org/sp26/assets/exams/sp25/sp25_mt.pdf
aba1299row6	figure1.gif	NO-OPENSTAX	NO-OPENSTAX	NO-ES-CESION	https://ds100.org/su26/past-exams/
aba1299row6	figure2.gif	NO-OPENSTAX	NO-OPENSTAX	NO-ES-CESION	https://ds100.org/su26/past-exams/
aba1299row6	figure3.gif	NO-OPENSTAX	NO-OPENSTAX	NO-ES-CESION	https://ds100.org/su26/past-exams/
aba1299row6	figure4.gif	NO-OPENSTAX	NO-OPENSTAX	NO-ES-CESION	https://ds100.org/su26/past-exams/
aba1299row6	figure5.gif	NO-OPENSTAX	NO-OPENSTAX	NO-ES-CESION	https://ds100.org/su26/past-exams/
aba1299row6	figure6.gif	NO-OPENSTAX	NO-OPENSTAX	NO-ES-CESION	https://ds100.org/su26/past-exams/
aba1299row6	figure7.gif	NO-OPENSTAX	NO-OPENSTAX	NO-ES-CESION	https://ds100.org/su26/past-exams/
aba1299row6	figure8.gif	NO-OPENSTAX	NO-OPENSTAX	NO-ES-CESION	https://ds100.org/su26/past-exams/
aba1299row6p2	figure1.gif	NO-OPENSTAX	NO-OPENSTAX	NO-ES-CESION	https://ds100.org/su26/past-exams/
aba1299row6p2	figure2.gif	NO-OPENSTAX	NO-OPENSTAX	NO-ES-CESION	https://ds100.org/su26/past-exams/
aba1299row7	figure1.gif	NO-OPENSTAX	NO-OPENSTAX	NO-ES-CESION	https://ds100.org/sp26/assets/exams/sp25/sp25_mt.pdf
aba1299row8	figure1.gif	NO-OPENSTAX	NO-OPENSTAX	NO-ES-CESION	https://ds100.org/sp26/assets/exams/sp25/sp25_mt.pdf
aba1299row8p2	figure1.gif	NO-OPENSTAX	NO-OPENSTAX	NO-ES-CESION	https://ds100.org/sp26/assets/exams/sp25/sp25_mt.pdf
aba1299row9p2	figure1.gif	NO-OPENSTAX	NO-OPENSTAX	NO-ES-CESION	https://ds100.org/sp26/assets/exams/sp25/sp25_mt.pdf
aba1299row9p2	figure2.gif	NO-OPENSTAX	NO-OPENSTAX	NO-ES-CESION	https://ds100.org/sp26/assets/exams/sp25/sp25_mt.pdf
abc1682approximating13	figure1.gif	details-books	OPENSTAX	AUSENTE	-
abc1682approximating4	figure1.gif	details-books	OPENSTAX	AUSENTE	-
abc1682approximating5	figure1.gif	details-books	OPENSTAX	AUSENTE	-
abc1682approximating6	figure1.gif	details-books	OPENSTAX	AUSENTE	-
abc1682approximating7	figure1.gif	details-books	OPENSTAX	AUSENTE	-
abcfddehomogen1	figure1.gif	details-books	OPENSTAX	RESOLUBLE	CC-BY-4.0
abcfddehomogen1	figure2.gif	details-books	OPENSTAX	RESOLUBLE	CC-BY-4.0
abcfddehomogen2	figure1.gif	details-books	OPENSTAX	RESOLUBLE	CC-BY-4.0
abcfddehomogen2	figure2.gif	details-books	OPENSTAX	RESOLUBLE	CC-BY-4.0
abf1b34stem1	figure1.gif	details-books	OPENSTAX	RESOLUBLE	CC-BY-4.0
abf1b34stem10	figure1.gif	details-books	OPENSTAX	RESOLUBLE	CC-BY-4.0
abf1b34stem10	figure2.gif	details-books	OPENSTAX	RESOLUBLE	CC-BY-4.0
abf1b34stem11	figure1.gif	details-books	OPENSTAX	RESOLUBLE	CC-BY-4.0
abf1b34stem11	figure2.gif	details-books	OPENSTAX	RESOLUBLE	CC-BY-4.0
abf1b34stem12	figure1.gif	details-books	OPENSTAX	RESOLUBLE	CC-BY-4.0
abf1b34stem12	figure2.gif	details-books	OPENSTAX	RESOLUBLE	CC-BY-4.0
abf1b34stem13	figure1.gif	details-books	OPENSTAX	RESOLUBLE	CC-BY-4.0
abf1b34stem13	figure2.gif	details-books	OPENSTAX	RESOLUBLE	CC-BY-4.0
abf1b34stem14	figure1.gif	details-books	OPENSTAX	RESOLUBLE	CC-BY-4.0
abf1b34stem14	figure2.gif	details-books	OPENSTAX	RESOLUBLE	CC-BY-4.0
abf1b34stem15	figure1.gif	details-books	OPENSTAX	RESOLUBLE	CC-BY-4.0
abf1b34stem15	figure2.gif	details-books	OPENSTAX	RESOLUBLE	CC-BY-4.0
abf1b34stem2	figure1.gif	details-books	OPENSTAX	RESOLUBLE	CC-BY-4.0
abf1b34stem3	figure1.gif	details-books	OPENSTAX	RESOLUBLE	CC-BY-4.0
abf1b34stem4	figure1.gif	details-books	OPENSTAX	RESOLUBLE	CC-BY-4.0
abf1b34stem5	figure1.gif	details-books	OPENSTAX	RESOLUBLE	CC-BY-4.0
abf1b34stem6	figure1.gif	details-books	OPENSTAX	RESOLUBLE	CC-BY-4.0
abf1b34stem7	figure1.gif	details-books	OPENSTAX	RESOLUBLE	CC-BY-4.0
abf1b34stem8	figure1.gif	details-books	OPENSTAX	RESOLUBLE	CC-BY-4.0
abf1b34stem8	figure2.gif	details-books	OPENSTAX	RESOLUBLE	CC-BY-4.0
abf1b34stem9	figure1.gif	details-books	OPENSTAX	RESOLUBLE	CC-BY-4.0
abf1b34stem9	figure2.gif	details-books	OPENSTAX	RESOLUBLE	CC-BY-4.0
abf3684ds100-fa24-final-Q3a	figure1.gif	NO-OPENSTAX	NO-OPENSTAX	NO-ES-CESION	https://ds100.org/su26/past-exams/
abf3684ds100-fa24-final-Q3a	figure2.gif	NO-OPENSTAX	NO-OPENSTAX	NO-ES-CESION	https://ds100.org/su26/past-exams/
abf3684ds100-fa24-final-Q3a	figure3.gif	NO-OPENSTAX	NO-OPENSTAX	NO-ES-CESION	https://ds100.org/su26/past-exams/
abf3684ds100-fa24-final-Q6c	figure1.gif	NO-OPENSTAX	NO-OPENSTAX	NO-ES-CESION	https://ds100.org/su26/past-exams/
abf3684ds100-sp24-mt-Q5	figure1.gif	NO-OPENSTAX	NO-OPENSTAX	NO-ES-CESION	https://ds100.org/su26/past-exams/
abf3684ds100-sp25-final-Q2	figure1.gif	NO-OPENSTAX	NO-OPENSTAX	NO-ES-CESION	https://ds100.org/su26/past-exams/
abf3684ds100-sp25-final-Q2	figure2.gif	NO-OPENSTAX	NO-OPENSTAX	NO-ES-CESION	https://ds100.org/su26/past-exams/
abf3684ds100-sp25-final-Q2	figure3.gif	NO-OPENSTAX	NO-OPENSTAX	NO-ES-CESION	https://ds100.org/su26/past-exams/
abf3684ds100-sp25-final-Q2	figure4.gif	NO-OPENSTAX	NO-OPENSTAX	NO-ES-CESION	https://ds100.org/su26/past-exams/
abf3684ds100-su25-mt-Q4b,Q4c	figure1.gif	NO-OPENSTAX	NO-OPENSTAX	NO-ES-CESION	https://ds100.org/su26/past-exams/
abfba37quadratic1	figure1.gif	books-pages	OPENSTAX	RESOLUBLE	CC-BY-4.0
abfba37quadratic2	figure1.gif	books-pages	OPENSTAX	RESOLUBLE	CC-BY-4.0
abfba37quadratic28	figure1.gif	books-pages	OPENSTAX	RESOLUBLE	CC-BY-4.0
ac039acderiv10	figure1.gif	openstax-otro	OPENSTAX	AUSENTE	-
ac039acderiv18	figure1.gif	openstax-otro	OPENSTAX	AUSENTE	-
ac039acderiv7	figure1.gif	openstax-otro	OPENSTAX	AUSENTE	-
ac039acderiv8	figure1.gif	openstax-otro	OPENSTAX	AUSENTE	-
ac039acderiv9	figure1.gif	openstax-otro	OPENSTAX	AUSENTE	-
ac048eeT331-trigcancel-P01	figure1.gif	NO-OPENSTAX	NO-OPENSTAX	VERSION-SIN-VARIANTE	CC4.0
ac048eeT331-trigcancel-P03	figure1.gif	NO-OPENSTAX	NO-OPENSTAX	VERSION-SIN-VARIANTE	CC4.0
ac048eeT331-trigcancel-P04	figure1.gif	NO-OPENSTAX	NO-OPENSTAX	VERSION-SIN-VARIANTE	CC4.0
ac048eeT331-trigcancel-P05	figure1.gif	NO-OPENSTAX	NO-OPENSTAX	VERSION-SIN-VARIANTE	CC4.0
ac048eeT331-trigcancel-P07	figure1.gif	NO-OPENSTAX	NO-OPENSTAX	VERSION-SIN-VARIANTE	CC4.0
ac08b9aA132-fracmuldiv-P06	figure1.gif	NO-OPENSTAX	NO-OPENSTAX	VERSION-SIN-VARIANTE	CC4.0
ac08b9aA132-fracmuldiv-P06	figure2.gif	NO-OPENSTAX	NO-OPENSTAX	VERSION-SIN-VARIANTE	CC4.0
ac08b9aA132-fracmuldiv-P07	figure1.gif	NO-OPENSTAX	NO-OPENSTAX	VERSION-SIN-VARIANTE	CC4.0
ac08b9aA132-fracmuldiv-P08	figure1.gif	NO-OPENSTAX	NO-OPENSTAX	VERSION-SIN-VARIANTE	CC4.0
ac08b9aA132-fracmuldiv-P09	figure1.gif	NO-OPENSTAX	NO-OPENSTAX	VERSION-SIN-VARIANTE	CC4.0
ac08b9aA132-fracmuldiv-P09	figure2.gif	NO-OPENSTAX	NO-OPENSTAX	VERSION-SIN-VARIANTE	CC4.0
ac08b9aA132-fracmuldiv-P09	figure3.gif	NO-OPENSTAX	NO-OPENSTAX	VERSION-SIN-VARIANTE	CC4.0
ac08b9aA132-fracmuldiv-P09	figure4.gif	NO-OPENSTAX	NO-OPENSTAX	VERSION-SIN-VARIANTE	CC4.0
ac08b9aA132-fracmuldiv-P09	figure5.gif	NO-OPENSTAX	NO-OPENSTAX	VERSION-SIN-VARIANTE	CC4.0
ac0bc72pred1	figure1.gif	NO-OPENSTAX	NO-OPENSTAX	RESOLUBLE	CC-BY-4.0
ac0bc72pred1	figure2.gif	NO-OPENSTAX	NO-OPENSTAX	RESOLUBLE	CC-BY-4.0
ac0bc72pred1	figure3.gif	NO-OPENSTAX	NO-OPENSTAX	RESOLUBLE	CC-BY-4.0
ac0bc72pred1	figure4.gif	NO-OPENSTAX	NO-OPENSTAX	RESOLUBLE	CC-BY-4.0
ac0bc72pred1	figure5.gif	NO-OPENSTAX	NO-OPENSTAX	RESOLUBLE	CC-BY-4.0
ac0bc72pred1	figure6.gif	NO-OPENSTAX	NO-OPENSTAX	RESOLUBLE	CC-BY-4.0
ac0bc72pred1	figure7.gif	NO-OPENSTAX	NO-OPENSTAX	RESOLUBLE	CC-BY-4.0
ac0bc72pred1	figure8.gif	NO-OPENSTAX	NO-OPENSTAX	RESOLUBLE	CC-BY-4.0
ac0bc72pred2	figure1.gif	NO-OPENSTAX	NO-OPENSTAX	RESOLUBLE	CC-BY-4.0
ac0bc72pred2	figure2.gif	NO-OPENSTAX	NO-OPENSTAX	RESOLUBLE	CC-BY-4.0
ac1df14related14	figure1.gif	details-books	OPENSTAX	AUSENTE	-
ac1df14related17	figure1.gif	details-books	OPENSTAX	AUSENTE	-
ac1df14related4	figure1.gif	details-books	OPENSTAX	AUSENTE	-
ac1df14related5	figure1.gif	details-books	OPENSTAX	AUSENTE	-
ac22d42means1	figure1.gif	details-books	OPENSTAX	RESOLUBLE	CC-BY-4.0
ac22d42means3	figure1.gif	details-books	OPENSTAX	RESOLUBLE	CC-BY-4.0
ac22d42means4	figure1.gif	details-books	OPENSTAX	RESOLUBLE	CC-BY-4.0
ac22d42means5	figure1.gif	details-books	OPENSTAX	RESOLUBLE	CC-BY-4.0
ac22d42means6	figure1.gif	details-books	OPENSTAX	RESOLUBLE	CC-BY-4.0
ac22d42means7	figure1.gif	details-books	OPENSTAX	RESOLUBLE	CC-BY-4.0
ac22d42means8	figure1.gif	details-books	OPENSTAX	RESOLUBLE	CC-BY-4.0
ac22d42means9	figure1.gif	details-books	OPENSTAX	RESOLUBLE	CC-BY-4.0
ac22d42std1	figure1.gif	details-books	OPENSTAX	RESOLUBLE	CC-BY-4.0
ac22d42std1	figure2.gif	details-books	OPENSTAX	RESOLUBLE	CC-BY-4.0
ac22d42std1	figure3.gif	details-books	OPENSTAX	RESOLUBLE	CC-BY-4.0
ac22d42std10	figure1.gif	details-books	OPENSTAX	RESOLUBLE	CC-BY-4.0
ac22d42std11	figure1.gif	details-books	OPENSTAX	RESOLUBLE	CC-BY-4.0
ac22d42std12	figure1.gif	details-books	OPENSTAX	RESOLUBLE	CC-BY-4.0
ac22d42std13	figure1.gif	details-books	OPENSTAX	RESOLUBLE	CC-BY-4.0
ac22d42std14	figure1.gif	details-books	OPENSTAX	RESOLUBLE	CC-BY-4.0
ac22d42std15	figure1.gif	details-books	OPENSTAX	RESOLUBLE	CC-BY-4.0
ac22d42std16	figure1.gif	details-books	OPENSTAX	RESOLUBLE	CC-BY-4.0
ac22d42std16	figure2.gif	details-books	OPENSTAX	RESOLUBLE	CC-BY-4.0
ac22d42std17	figure1.gif	details-books	OPENSTAX	RESOLUBLE	CC-BY-4.0
ac22d42std18	figure1.gif	details-books	OPENSTAX	RESOLUBLE	CC-BY-4.0
ac22d42std19	figure1.gif	details-books	OPENSTAX	RESOLUBLE	CC-BY-4.0
ac22d42std19	figure2.gif	details-books	OPENSTAX	RESOLUBLE	CC-BY-4.0
ac22d42std20	figure1.gif	details-books	OPENSTAX	RESOLUBLE	CC-BY-4.0
ac22d42std7	figure1.gif	details-books	OPENSTAX	RESOLUBLE	CC-BY-4.0
ac2cc23q12	figure1.gif	details-books	OPENSTAX	RESOLUBLE	CC-BY-4.0
ac2cc23q13	figure1.gif	details-books	OPENSTAX	RESOLUBLE	CC-BY-4.0
ac2cc23q14	figure1.gif	details-books	OPENSTAX	RESOLUBLE	CC-BY-4.0
ac2cc23q15	figure1.gif	details-books	OPENSTAX	RESOLUBLE	CC-BY-4.0
ac2cc23q16	figure1.gif	details-books	OPENSTAX	RESOLUBLE	CC-BY-4.0
ac2cc23q17	figure1.gif	details-books	OPENSTAX	RESOLUBLE	CC-BY-4.0
ac2cc23q18	figure1.gif	details-books	OPENSTAX	RESOLUBLE	CC-BY-4.0
ac2cc23q19	figure1.gif	details-books	OPENSTAX	RESOLUBLE	CC-BY-4.0
ac591festat12	figure1.gif	details-books	OPENSTAX	RESOLUBLE	CC-BY-4.0
ac591festat13	figure1.gif	details-books	OPENSTAX	RESOLUBLE	CC-BY-4.0
ac591festat14	figure1.gif	details-books	OPENSTAX	RESOLUBLE	CC-BY-4.0
ac591festat15	figure1.gif	details-books	OPENSTAX	RESOLUBLE	CC-BY-4.0
ac5ce8413.1driverslicense	figure1.gif	details-books	OPENSTAX	RESOLUBLE	CC-BY-4.0
ac5ce8413.1traffic	figure1.gif	details-books	OPENSTAX	RESOLUBLE	CC-BY-4.0
ac6628d13.4collegeinstructor1	figure1.gif	details-books	OPENSTAX	RESOLUBLE	CC-BY-4.0
ac6628d13.4nycsingers	figure1.gif	details-books	OPENSTAX	RESOLUBLE	CC-BY-4.0
ac726d3location5	figure1.gif	details-books	OPENSTAX	RESOLUBLE	CC-BY-4.0
ac7990clinear6	figure1.gif	details-books	OPENSTAX	RESOLUBLE	CC-BY-4.0
ac879b3graph1	figure1.gif	details-books	OPENSTAX	RESOLUBLE	CC-BY-4.0
ac879b3graph15	figure1.gif	details-books	OPENSTAX	RESOLUBLE	CC-BY-4.0
ac879b3graph2	figure1.gif	details-books	OPENSTAX	RESOLUBLE	CC-BY-4.0
ac879b3graph3	figure1.gif	details-books	OPENSTAX	RESOLUBLE	CC-BY-4.0
ac98d98matrices10	figure1.gif	details-books	OPENSTAX	RESOLUBLE	CC-BY-4.0
ac98d98matrices11	figure1.gif	details-books	OPENSTAX	RESOLUBLE	CC-BY-4.0
ac98d98matrices12	figure1.gif	details-books	OPENSTAX	RESOLUBLE	CC-BY-4.0
acb67bbchemeq1	figure1.gif	NO-OPENSTAX	NO-OPENSTAX	AUSENTE	-
acb67bbchemeq12	figure1.gif	NO-OPENSTAX	NO-OPENSTAX	AUSENTE	-
acb67bbchemeq3	figure1.gif	NO-OPENSTAX	NO-OPENSTAX	AUSENTE	-
acb67bbchemeq6	figure1.gif	NO-OPENSTAX	NO-OPENSTAX	AUSENTE	-
acb67bbchemeq7	figure1.gif	NO-OPENSTAX	NO-OPENSTAX	AUSENTE	-
acb67bbchemeq9	figure1.gif	NO-OPENSTAX	NO-OPENSTAX	AUSENTE	-
acb67bbchemeq9	figure2.gif	NO-OPENSTAX	NO-OPENSTAX	AUSENTE	-
acb67bbchemeq9	figure3.gif	NO-OPENSTAX	NO-OPENSTAX	AUSENTE	-
acbe785cha1	figure1.gif	NO-OPENSTAX	NO-OPENSTAX	RESOLUBLE	CC-BY-4.0
acbe785cha1	figure2.gif	NO-OPENSTAX	NO-OPENSTAX	RESOLUBLE	CC-BY-4.0
acbe785cha1	figure3.gif	NO-OPENSTAX	NO-OPENSTAX	RESOLUBLE	CC-BY-4.0
acbe785cha1	figure4.gif	NO-OPENSTAX	NO-OPENSTAX	RESOLUBLE	CC-BY-4.0
acbe785cha1	figure5.gif	NO-OPENSTAX	NO-OPENSTAX	RESOLUBLE	CC-BY-4.0
acbe785cha1	figure6.gif	NO-OPENSTAX	NO-OPENSTAX	RESOLUBLE	CC-BY-4.0
acbe785cha1	figure7.gif	NO-OPENSTAX	NO-OPENSTAX	RESOLUBLE	CC-BY-4.0
acbe785cha1	figure8.gif	NO-OPENSTAX	NO-OPENSTAX	RESOLUBLE	CC-BY-4.0
acbe785cha2	figure1.gif	NO-OPENSTAX	NO-OPENSTAX	RESOLUBLE	CC-BY-4.0
acbe785cha2	figure10.gif	NO-OPENSTAX	NO-OPENSTAX	RESOLUBLE	CC-BY-4.0
acbe785cha2	figure2.gif	NO-OPENSTAX	NO-OPENSTAX	RESOLUBLE	CC-BY-4.0
acbe785cha2	figure3.gif	NO-OPENSTAX	NO-OPENSTAX	RESOLUBLE	CC-BY-4.0
acbe785cha2	figure4.gif	NO-OPENSTAX	NO-OPENSTAX	RESOLUBLE	CC-BY-4.0
acbe785cha2	figure5.gif	NO-OPENSTAX	NO-OPENSTAX	RESOLUBLE	CC-BY-4.0
acbe785cha2	figure6.gif	NO-OPENSTAX	NO-OPENSTAX	RESOLUBLE	CC-BY-4.0
acbe785cha2	figure7.gif	NO-OPENSTAX	NO-OPENSTAX	RESOLUBLE	CC-BY-4.0
acbe785cha2	figure8.gif	NO-OPENSTAX	NO-OPENSTAX	RESOLUBLE	CC-BY-4.0
acbe785cha2	figure9.gif	NO-OPENSTAX	NO-OPENSTAX	RESOLUBLE	CC-BY-4.0
acbe785cha3	figure1.gif	NO-OPENSTAX	NO-OPENSTAX	RESOLUBLE	CC-BY-4.0
acbe785cha3	figure2.gif	NO-OPENSTAX	NO-OPENSTAX	RESOLUBLE	CC-BY-4.0
acbe785cha3	figure3.gif	NO-OPENSTAX	NO-OPENSTAX	RESOLUBLE	CC-BY-4.0
acbe785cha3	figure4.gif	NO-OPENSTAX	NO-OPENSTAX	RESOLUBLE	CC-BY-4.0
acbe785cha3	figure5.gif	NO-OPENSTAX	NO-OPENSTAX	RESOLUBLE	CC-BY-4.0
acbe785cha3	figure6.gif	NO-OPENSTAX	NO-OPENSTAX	RESOLUBLE	CC-BY-4.0
acc585clocation5	figure1.gif	details-books	OPENSTAX	RESOLUBLE	CC-BY-4.0
acc652fPlotCorrelation	figure1.gif	details-books	OPENSTAX	RESOLUBLE	CC-BY-4.0
acc652fPlotDirection	figure1.gif	details-books	OPENSTAX	RESOLUBLE	CC-BY-4.0
acc652fPlotShape	figure1.gif	details-books	OPENSTAX	RESOLUBLE	CC-BY-4.0
acc652fregr2	figure1.gif	details-books	OPENSTAX	RESOLUBLE	CC-BY-4.0
ace788climit1	figure1.gif	details-books	OPENSTAX	AUSENTE	-
ace788climit1	figure2.gif	details-books	OPENSTAX	AUSENTE	-
ace788climit1	figure3.gif	details-books	OPENSTAX	AUSENTE	-
ace788climit10	figure1.gif	details-books	OPENSTAX	AUSENTE	-
ace788climit11	figure1.gif	details-books	OPENSTAX	AUSENTE	-
ace788climit12	figure1.gif	details-books	OPENSTAX	AUSENTE	-
ace788climit14	figure1.gif	details-books	OPENSTAX	AUSENTE	-
ace788climit14	figure2.gif	details-books	OPENSTAX	AUSENTE	-
ace788climit14	figure3.gif	details-books	OPENSTAX	AUSENTE	-
ace788climit15	figure1.gif	details-books	OPENSTAX	AUSENTE	-
ace788climit15	figure2.gif	details-books	OPENSTAX	AUSENTE	-
ace788climit15	figure3.gif	details-books	OPENSTAX	AUSENTE	-
ace788climit16	figure1.gif	details-books	OPENSTAX	AUSENTE	-
ace788climit16	figure2.gif	details-books	OPENSTAX	AUSENTE	-
ace788climit17	figure1.gif	details-books	OPENSTAX	AUSENTE	-
ace788climit17	figure2.gif	details-books	OPENSTAX	AUSENTE	-
ace788climit18	figure1.gif	details-books	OPENSTAX	AUSENTE	-
ace788climit18	figure2.gif	details-books	OPENSTAX	AUSENTE	-
ace788climit19	figure1.gif	details-books	OPENSTAX	AUSENTE	-
ace788climit19	figure2.gif	details-books	OPENSTAX	AUSENTE	-
ace788climit2	figure1.gif	details-books	OPENSTAX	AUSENTE	-
ace788climit2	figure2.gif	details-books	OPENSTAX	AUSENTE	-
ace788climit2	figure3.gif	details-books	OPENSTAX	AUSENTE	-
ace788climit20	figure1.gif	details-books	OPENSTAX	AUSENTE	-
ace788climit20	figure2.gif	details-books	OPENSTAX	AUSENTE	-
ace788climit21	figure1.gif	details-books	OPENSTAX	AUSENTE	-
ace788climit21	figure2.gif	details-books	OPENSTAX	AUSENTE	-
ace788climit21	figure3.gif	details-books	OPENSTAX	AUSENTE	-
ace788climit22	figure1.gif	details-books	OPENSTAX	AUSENTE	-
ace788climit22	figure2.gif	details-books	OPENSTAX	AUSENTE	-
ace788climit23	figure1.gif	details-books	OPENSTAX	AUSENTE	-
ace788climit23	figure2.gif	details-books	OPENSTAX	AUSENTE	-
ace788climit23	figure3.gif	details-books	OPENSTAX	AUSENTE	-
ace788climit24	figure1.gif	details-books	OPENSTAX	AUSENTE	-
ace788climit24	figure2.gif	details-books	OPENSTAX	AUSENTE	-
ace788climit24	figure3.gif	details-books	OPENSTAX	AUSENTE	-
ace788climit25	figure1.gif	details-books	OPENSTAX	AUSENTE	-
ace788climit25	figure2.gif	details-books	OPENSTAX	AUSENTE	-
ace788climit25	figure3.gif	details-books	OPENSTAX	AUSENTE	-
ace788climit3	figure1.gif	details-books	OPENSTAX	AUSENTE	-
ace788climit4	figure1.gif	details-books	OPENSTAX	AUSENTE	-
ace788climit4	figure2.gif	details-books	OPENSTAX	AUSENTE	-
ace788climit4	figure3.gif	details-books	OPENSTAX	AUSENTE	-
ace788climit5	figure1.gif	details-books	OPENSTAX	AUSENTE	-
ace788climit5	figure2.gif	details-books	OPENSTAX	AUSENTE	-
ace788climit5	figure3.gif	details-books	OPENSTAX	AUSENTE	-
ace788climit6	figure1.gif	details-books	OPENSTAX	AUSENTE	-
ace788climit6	figure2.gif	details-books	OPENSTAX	AUSENTE	-
ace788climit6	figure3.gif	details-books	OPENSTAX	AUSENTE	-
ace788climit7	figure1.gif	details-books	OPENSTAX	AUSENTE	-
ace788climit7	figure2.gif	details-books	OPENSTAX	AUSENTE	-
ace788climit8	figure1.gif	details-books	OPENSTAX	AUSENTE	-
ace788climit8	figure2.gif	details-books	OPENSTAX	AUSENTE	-
ace788climit9	figure1.gif	details-books	OPENSTAX	AUSENTE	-
ace788climit9	figure2.gif	details-books	OPENSTAX	AUSENTE	-
acebb4ddomain10	figure1.gif	details-books	OPENSTAX	RESOLUBLE	CC-BY-4.0
acebb4ddomain11	figure1.gif	details-books	OPENSTAX	RESOLUBLE	CC-BY-4.0
acebb4ddomain12	figure1.gif	details-books	OPENSTAX	RESOLUBLE	CC-BY-4.0
acebb4ddomain13	figure1.gif	details-books	OPENSTAX	RESOLUBLE	CC-BY-4.0
acebb4ddomain14	figure1.gif	details-books	OPENSTAX	RESOLUBLE	CC-BY-4.0
acebb4ddomain15	figure1.gif	details-books	OPENSTAX	RESOLUBLE	CC-BY-4.0
acebb4ddomain7	figure1.gif	details-books	OPENSTAX	RESOLUBLE	CC-BY-4.0
acebb4ddomain8	figure1.gif	details-books	OPENSTAX	RESOLUBLE	CC-BY-4.0
acebb4ddomain9	figure1.gif	details-books	OPENSTAX	RESOLUBLE	CC-BY-4.0
acff542gra1	figure1.gif	details-books	OPENSTAX	RESOLUBLE	CC-BY-4.0
acff542gra10	figure1.gif	details-books	OPENSTAX	RESOLUBLE	CC-BY-4.0
acff542gra10	figure2.gif	details-books	OPENSTAX	RESOLUBLE	CC-BY-4.0
acff542gra10	figure3.gif	details-books	OPENSTAX	RESOLUBLE	CC-BY-4.0
acff542gra10	figure4.gif	details-books	OPENSTAX	RESOLUBLE	CC-BY-4.0
acff542gra10	figure5.gif	details-books	OPENSTAX	RESOLUBLE	CC-BY-4.0
acff542gra10	figure6.gif	details-books	OPENSTAX	RESOLUBLE	CC-BY-4.0
acff542gra11	figure1.gif	details-books	OPENSTAX	RESOLUBLE	CC-BY-4.0
acff542gra11	figure2.gif	details-books	OPENSTAX	RESOLUBLE	CC-BY-4.0
acff542gra11	figure3.gif	details-books	OPENSTAX	RESOLUBLE	CC-BY-4.0
acff542gra11	figure4.gif	details-books	OPENSTAX	RESOLUBLE	CC-BY-4.0
acff542gra11	figure5.gif	details-books	OPENSTAX	RESOLUBLE	CC-BY-4.0
acff542gra11	figure6.gif	details-books	OPENSTAX	RESOLUBLE	CC-BY-4.0
acff542gra11	figure7.gif	details-books	OPENSTAX	RESOLUBLE	CC-BY-4.0
acff542gra12	figure1.gif	details-books	OPENSTAX	RESOLUBLE	CC-BY-4.0
acff542gra12	figure2.gif	details-books	OPENSTAX	RESOLUBLE	CC-BY-4.0
acff542gra12	figure3.gif	details-books	OPENSTAX	RESOLUBLE	CC-BY-4.0
acff542gra12	figure4.gif	details-books	OPENSTAX	RESOLUBLE	CC-BY-4.0
acff542gra12	figure5.gif	details-books	OPENSTAX	RESOLUBLE	CC-BY-4.0
acff542gra12	figure6.gif	details-books	OPENSTAX	RESOLUBLE	CC-BY-4.0
acff542gra13	figure1.gif	details-books	OPENSTAX	RESOLUBLE	CC-BY-4.0
acff542gra13	figure2.gif	details-books	OPENSTAX	RESOLUBLE	CC-BY-4.0
acff542gra13	figure3.gif	details-books	OPENSTAX	RESOLUBLE	CC-BY-4.0
acff542gra13	figure4.gif	details-books	OPENSTAX	RESOLUBLE	CC-BY-4.0
acff542gra13	figure5.gif	details-books	OPENSTAX	RESOLUBLE	CC-BY-4.0
acff542gra13	figure6.gif	details-books	OPENSTAX	RESOLUBLE	CC-BY-4.0
acff542gra14	figure1.gif	details-books	OPENSTAX	RESOLUBLE	CC-BY-4.0
acff542gra14	figure2.gif	details-books	OPENSTAX	RESOLUBLE	CC-BY-4.0
acff542gra14	figure3.gif	details-books	OPENSTAX	RESOLUBLE	CC-BY-4.0
acff542gra14	figure4.gif	details-books	OPENSTAX	RESOLUBLE	CC-BY-4.0
acff542gra14	figure5.gif	details-books	OPENSTAX	RESOLUBLE	CC-BY-4.0
acff542gra14	figure6.gif	details-books	OPENSTAX	RESOLUBLE	CC-BY-4.0
acff542gra15	figure1.gif	details-books	OPENSTAX	RESOLUBLE	CC-BY-4.0
acff542gra15	figure2.gif	details-books	OPENSTAX	RESOLUBLE	CC-BY-4.0
acff542gra15	figure3.gif	details-books	OPENSTAX	RESOLUBLE	CC-BY-4.0
acff542gra15	figure4.gif	details-books	OPENSTAX	RESOLUBLE	CC-BY-4.0
acff542gra15	figure5.gif	details-books	OPENSTAX	RESOLUBLE	CC-BY-4.0
acff542gra15	figure6.gif	details-books	OPENSTAX	RESOLUBLE	CC-BY-4.0
acff542gra16	figure1.gif	details-books	OPENSTAX	RESOLUBLE	CC-BY-4.0
acff542gra16	figure2.gif	details-books	OPENSTAX	RESOLUBLE	CC-BY-4.0
acff542gra16	figure3.gif	details-books	OPENSTAX	RESOLUBLE	CC-BY-4.0
acff542gra16	figure4.gif	details-books	OPENSTAX	RESOLUBLE	CC-BY-4.0
acff542gra16	figure5.gif	details-books	OPENSTAX	RESOLUBLE	CC-BY-4.0
acff542gra16	figure6.gif	details-books	OPENSTAX	RESOLUBLE	CC-BY-4.0
acff542gra2	figure1.gif	details-books	OPENSTAX	RESOLUBLE	CC-BY-4.0
acff542gra22	figure1.gif	details-books	OPENSTAX	RESOLUBLE	CC-BY-4.0
acff542gra22	figure2.gif	details-books	OPENSTAX	RESOLUBLE	CC-BY-4.0
acff542gra22	figure3.gif	details-books	OPENSTAX	RESOLUBLE	CC-BY-4.0
acff542gra22	figure4.gif	details-books	OPENSTAX	RESOLUBLE	CC-BY-4.0
acff542gra22	figure5.gif	details-books	OPENSTAX	RESOLUBLE	CC-BY-4.0
acff542gra22	figure6.gif	details-books	OPENSTAX	RESOLUBLE	CC-BY-4.0
acff542gra23	figure1.gif	details-books	OPENSTAX	RESOLUBLE	CC-BY-4.0
acff542gra23	figure2.gif	details-books	OPENSTAX	RESOLUBLE	CC-BY-4.0
acff542gra23	figure3.gif	details-books	OPENSTAX	RESOLUBLE	CC-BY-4.0
acff542gra23	figure4.gif	details-books	OPENSTAX	RESOLUBLE	CC-BY-4.0
acff542gra24	figure1.gif	details-books	OPENSTAX	RESOLUBLE	CC-BY-4.0
acff542gra24	figure2.gif	details-books	OPENSTAX	RESOLUBLE	CC-BY-4.0
acff542gra24	figure3.gif	details-books	OPENSTAX	RESOLUBLE	CC-BY-4.0
acff542gra24	figure4.gif	details-books	OPENSTAX	RESOLUBLE	CC-BY-4.0
acff542gra24	figure5.gif	details-books	OPENSTAX	RESOLUBLE	CC-BY-4.0
acff542gra24	figure6.gif	details-books	OPENSTAX	RESOLUBLE	CC-BY-4.0
acff542gra25	figure1.gif	details-books	OPENSTAX	RESOLUBLE	CC-BY-4.0
acff542gra25	figure2.gif	details-books	OPENSTAX	RESOLUBLE	CC-BY-4.0
acff542gra25	figure3.gif	details-books	OPENSTAX	RESOLUBLE	CC-BY-4.0
acff542gra25	figure4.gif	details-books	OPENSTAX	RESOLUBLE	CC-BY-4.0
acff542gra25	figure5.gif	details-books	OPENSTAX	RESOLUBLE	CC-BY-4.0
acff542gra25	figure6.gif	details-books	OPENSTAX	RESOLUBLE	CC-BY-4.0
acff542gra26	figure1.gif	details-books	OPENSTAX	RESOLUBLE	CC-BY-4.0
acff542gra26	figure2.gif	details-books	OPENSTAX	RESOLUBLE	CC-BY-4.0
acff542gra26	figure3.gif	details-books	OPENSTAX	RESOLUBLE	CC-BY-4.0
acff542gra26	figure4.gif	details-books	OPENSTAX	RESOLUBLE	CC-BY-4.0
acff542gra27	figure1.gif	details-books	OPENSTAX	RESOLUBLE	CC-BY-4.0
acff542gra27	figure2.gif	details-books	OPENSTAX	RESOLUBLE	CC-BY-4.0
acff542gra27	figure3.gif	details-books	OPENSTAX	RESOLUBLE	CC-BY-4.0
acff542gra27	figure4.gif	details-books	OPENSTAX	RESOLUBLE	CC-BY-4.0
acff542gra28	figure1.gif	details-books	OPENSTAX	RESOLUBLE	CC-BY-4.0
acff542gra28	figure2.gif	details-books	OPENSTAX	RESOLUBLE	CC-BY-4.0
acff542gra28	figure3.gif	details-books	OPENSTAX	RESOLUBLE	CC-BY-4.0
acff542gra28	figure4.gif	details-books	OPENSTAX	RESOLUBLE	CC-BY-4.0
acff542gra29	figure1.gif	details-books	OPENSTAX	RESOLUBLE	CC-BY-4.0
acff542gra29	figure2.gif	details-books	OPENSTAX	RESOLUBLE	CC-BY-4.0
acff542gra29	figure3.gif	details-books	OPENSTAX	RESOLUBLE	CC-BY-4.0
acff542gra29	figure4.gif	details-books	OPENSTAX	RESOLUBLE	CC-BY-4.0
acff542gra3	figure1.gif	details-books	OPENSTAX	RESOLUBLE	CC-BY-4.0
acff542gra30	figure1.gif	details-books	OPENSTAX	RESOLUBLE	CC-BY-4.0
acff542gra30	figure2.gif	details-books	OPENSTAX	RESOLUBLE	CC-BY-4.0
acff542gra30	figure3.gif	details-books	OPENSTAX	RESOLUBLE	CC-BY-4.0
acff542gra4	figure1.gif	details-books	OPENSTAX	RESOLUBLE	CC-BY-4.0
acff542gra5	figure1.gif	details-books	OPENSTAX	RESOLUBLE	CC-BY-4.0
acff542gra6	figure1.gif	details-books	OPENSTAX	RESOLUBLE	CC-BY-4.0
acff542gra7	figure1.gif	details-books	OPENSTAX	RESOLUBLE	CC-BY-4.0
acff542gra8	figure1.gif	details-books	OPENSTAX	RESOLUBLE	CC-BY-4.0
acff542gra9	figure1.gif	details-books	OPENSTAX	RESOLUBLE	CC-BY-4.0
acff542grap17	figure1.gif	details-books	OPENSTAX	RESOLUBLE	CC-BY-4.0
acff542grap17	figure2.gif	details-books	OPENSTAX	RESOLUBLE	CC-BY-4.0
acff542grap17	figure3.gif	details-books	OPENSTAX	RESOLUBLE	CC-BY-4.0
acff542grap17	figure4.gif	details-books	OPENSTAX	RESOLUBLE	CC-BY-4.0
acff542grap17	figure5.gif	details-books	OPENSTAX	RESOLUBLE	CC-BY-4.0
acff542grap17	figure6.gif	details-books	OPENSTAX	RESOLUBLE	CC-BY-4.0
acff542grap18	figure1.gif	details-books	OPENSTAX	RESOLUBLE	CC-BY-4.0
acff542grap18	figure2.gif	details-books	OPENSTAX	RESOLUBLE	CC-BY-4.0
acff542grap18	figure3.gif	details-books	OPENSTAX	RESOLUBLE	CC-BY-4.0
acff542grap18	figure4.gif	details-books	OPENSTAX	RESOLUBLE	CC-BY-4.0
acff542grap18	figure5.gif	details-books	OPENSTAX	RESOLUBLE	CC-BY-4.0
acff542grap18	figure6.gif	details-books	OPENSTAX	RESOLUBLE	CC-BY-4.0
acff542grap19	figure1.gif	details-books	OPENSTAX	RESOLUBLE	CC-BY-4.0
acff542grap19	figure2.gif	details-books	OPENSTAX	RESOLUBLE	CC-BY-4.0
acff542grap19	figure3.gif	details-books	OPENSTAX	RESOLUBLE	CC-BY-4.0
acff542grap19	figure4.gif	details-books	OPENSTAX	RESOLUBLE	CC-BY-4.0
acff542grap19	figure5.gif	details-books	OPENSTAX	RESOLUBLE	CC-BY-4.0
acff542grap19	figure6.gif	details-books	OPENSTAX	RESOLUBLE	CC-BY-4.0
acff542grap20	figure1.gif	details-books	OPENSTAX	RESOLUBLE	CC-BY-4.0
acff542grap20	figure2.gif	details-books	OPENSTAX	RESOLUBLE	CC-BY-4.0
acff542grap20	figure3.gif	details-books	OPENSTAX	RESOLUBLE	CC-BY-4.0
acff542grap20	figure4.gif	details-books	OPENSTAX	RESOLUBLE	CC-BY-4.0
acff542grap20	figure5.gif	details-books	OPENSTAX	RESOLUBLE	CC-BY-4.0
acff542grap20	figure6.gif	details-books	OPENSTAX	RESOLUBLE	CC-BY-4.0
acff542grap21	figure1.gif	details-books	OPENSTAX	RESOLUBLE	CC-BY-4.0
acff542grap21	figure2.gif	details-books	OPENSTAX	RESOLUBLE	CC-BY-4.0
acff542grap21	figure3.gif	details-books	OPENSTAX	RESOLUBLE	CC-BY-4.0
acff542grap21	figure4.gif	details-books	OPENSTAX	RESOLUBLE	CC-BY-4.0
acff542grap21	figure5.gif	details-books	OPENSTAX	RESOLUBLE	CC-BY-4.0
acff542grap21	figure6.gif	details-books	OPENSTAX	RESOLUBLE	CC-BY-4.0
ad05581triggraphs11	figure1.gif	books-pages	OPENSTAX	AUSENTE	-
ad05581triggraphs12	figure1.gif	books-pages	OPENSTAX	AUSENTE	-
ad05581triggraphs24	figure1.gif	books-pages	OPENSTAX	AUSENTE	-
ad05581triggraphs25	figure1.gif	books-pages	OPENSTAX	AUSENTE	-
ad05581triggraphs26	figure1.gif	books-pages	OPENSTAX	AUSENTE	-
ad05581triggraphs27	figure1.gif	books-pages	OPENSTAX	AUSENTE	-
ad08b92T212-sohcahtoa-P01	figure1.gif	NO-OPENSTAX	NO-OPENSTAX	AUSENTE	-
ad08b92T212-sohcahtoa-P01	figure2.gif	NO-OPENSTAX	NO-OPENSTAX	AUSENTE	-
ad08b92T212-sohcahtoa-P01	figure3.gif	NO-OPENSTAX	NO-OPENSTAX	AUSENTE	-
ad08b92T212-sohcahtoa-P01	figure4.gif	NO-OPENSTAX	NO-OPENSTAX	AUSENTE	-
ad08b92T212-sohcahtoa-P01	figure5.gif	NO-OPENSTAX	NO-OPENSTAX	AUSENTE	-
ad08b92T212-sohcahtoa-P02	figure1.gif	NO-OPENSTAX	NO-OPENSTAX	AUSENTE	-
ad08b92T212-sohcahtoa-P02	figure2.gif	NO-OPENSTAX	NO-OPENSTAX	AUSENTE	-
ad08b92T212-sohcahtoa-P02	figure3.gif	NO-OPENSTAX	NO-OPENSTAX	AUSENTE	-
ad08b92T212-sohcahtoa-P02	figure4.gif	NO-OPENSTAX	NO-OPENSTAX	AUSENTE	-
ad08b92T212-sohcahtoa-P02	figure5.gif	NO-OPENSTAX	NO-OPENSTAX	AUSENTE	-
ad08b92T212-sohcahtoa-P03	figure1.gif	NO-OPENSTAX	NO-OPENSTAX	AUSENTE	-
ad08b92T212-sohcahtoa-P03	figure2.gif	NO-OPENSTAX	NO-OPENSTAX	AUSENTE	-
ad08b92T212-sohcahtoa-P03	figure3.gif	NO-OPENSTAX	NO-OPENSTAX	AUSENTE	-
ad08b92T212-sohcahtoa-P03	figure4.gif	NO-OPENSTAX	NO-OPENSTAX	AUSENTE	-
ad08b92T212-sohcahtoa-P03	figure5.gif	NO-OPENSTAX	NO-OPENSTAX	AUSENTE	-
ad08b92T212-sohcahtoa-P04	figure1.gif	NO-OPENSTAX	NO-OPENSTAX	AUSENTE	-
ad08b92T212-sohcahtoa-P04	figure2.gif	NO-OPENSTAX	NO-OPENSTAX	AUSENTE	-
ad08b92T212-sohcahtoa-P04	figure3.gif	NO-OPENSTAX	NO-OPENSTAX	AUSENTE	-
ad08b92T212-sohcahtoa-P05	figure1.gif	NO-OPENSTAX	NO-OPENSTAX	AUSENTE	-
ad08b92T212-sohcahtoa-P05	figure2.gif	NO-OPENSTAX	NO-OPENSTAX	AUSENTE	-
ad08b92T212-sohcahtoa-P05	figure3.gif	NO-OPENSTAX	NO-OPENSTAX	AUSENTE	-
ad08b92T212-sohcahtoa-P06	figure1.gif	NO-OPENSTAX	NO-OPENSTAX	AUSENTE	-
ad08b92T212-sohcahtoa-P06	figure2.gif	NO-OPENSTAX	NO-OPENSTAX	AUSENTE	-
ad08b92T212-sohcahtoa-P06	figure3.gif	NO-OPENSTAX	NO-OPENSTAX	AUSENTE	-
ad0aaf6linear1	figure1.gif	details-books	OPENSTAX	AUSENTE	-
ad0aaf6linear3	figure1.gif	details-books	OPENSTAX	AUSENTE	-
ad1b49dc10	figure1.gif	details-books	OPENSTAX	AUSENTE	-
ad1b49dc9	figure1.gif	details-books	OPENSTAX	AUSENTE	-
ad1dfa0problem29	figure1.gif	books-pages	OPENSTAX	RESOLUBLE	CC-BY-4.0
ad30139T312-invtrigeval-P01	figure1.gif	NO-OPENSTAX	NO-OPENSTAX	VERSION-SIN-VARIANTE	CC4.0
ad30139T312-invtrigeval-P02	figure1.gif	NO-OPENSTAX	NO-OPENSTAX	VERSION-SIN-VARIANTE	CC4.0
ad30139T312-invtrigeval-P03	figure1.gif	NO-OPENSTAX	NO-OPENSTAX	VERSION-SIN-VARIANTE	CC4.0
ad30139T312-invtrigeval-P04	figure1.gif	NO-OPENSTAX	NO-OPENSTAX	VERSION-SIN-VARIANTE	CC4.0
ad30139T312-invtrigeval-P05	figure1.gif	NO-OPENSTAX	NO-OPENSTAX	VERSION-SIN-VARIANTE	CC4.0
ad30139T312-invtrigeval-P06	figure1.gif	NO-OPENSTAX	NO-OPENSTAX	VERSION-SIN-VARIANTE	CC4.0
ad30139T312-invtrigeval-P07	figure1.gif	NO-OPENSTAX	NO-OPENSTAX	VERSION-SIN-VARIANTE	CC4.0
ad30139T312-invtrigeval-P08	figure1.gif	NO-OPENSTAX	NO-OPENSTAX	VERSION-SIN-VARIANTE	CC4.0
ad30139T312-invtrigeval-P09	figure1.gif	NO-OPENSTAX	NO-OPENSTAX	VERSION-SIN-VARIANTE	CC4.0
ad33ee8parabolas1	figure1.gif	details-books	OPENSTAX	RESOLUBLE	CC-BY-4.0
ad33ee8parabolas15	figure1.gif	details-books	OPENSTAX	RESOLUBLE	CC-BY-4.0
ad33ee8parabolas16	figure1.gif	details-books	OPENSTAX	RESOLUBLE	CC-BY-4.0
ad33ee8parabolas17	figure1.gif	details-books	OPENSTAX	RESOLUBLE	CC-BY-4.0
ad33ee8parabolas18	figure1.gif	details-books	OPENSTAX	RESOLUBLE	CC-BY-4.0
ad33ee8parabolas19	figure1.gif	details-books	OPENSTAX	RESOLUBLE	CC-BY-4.0
ad33ee8parabolas2	figure1.gif	details-books	OPENSTAX	RESOLUBLE	CC-BY-4.0
ad33ee8parabolas20	figure1.gif	details-books	OPENSTAX	RESOLUBLE	CC-BY-4.0
ad33ee8parabolas21	figure1.gif	details-books	OPENSTAX	RESOLUBLE	CC-BY-4.0
ad33ee8parabolas22	figure1.gif	details-books	OPENSTAX	RESOLUBLE	CC-BY-4.0
ad33ee8parabolas23	figure1.gif	details-books	OPENSTAX	RESOLUBLE	CC-BY-4.0
ad33ee8parabolas24	figure1.gif	details-books	OPENSTAX	RESOLUBLE	CC-BY-4.0
ad33ee8parabolas25	figure1.gif	details-books	OPENSTAX	RESOLUBLE	CC-BY-4.0
ad33ee8parabolas26	figure1.gif	details-books	OPENSTAX	RESOLUBLE	CC-BY-4.0
ad33ee8parabolas3	figure1.gif	details-books	OPENSTAX	RESOLUBLE	CC-BY-4.0
ad33ee8parabolas4	figure1.gif	details-books	OPENSTAX	RESOLUBLE	CC-BY-4.0
ad33ee8parabolas5	figure1.gif	details-books	OPENSTAX	RESOLUBLE	CC-BY-4.0
ad33ee8parabolas6	figure1.gif	details-books	OPENSTAX	RESOLUBLE	CC-BY-4.0
ad33ee8parabolas7	figure1.gif	details-books	OPENSTAX	RESOLUBLE	CC-BY-4.0
ad33ee8parabolas8	figure1.gif	details-books	OPENSTAX	RESOLUBLE	CC-BY-4.0
ad37b31probability10	figure1.gif	details-books	OPENSTAX	RESOLUBLE	CC-BY-4.0
ad37b31probability11	figure1.gif	details-books	OPENSTAX	RESOLUBLE	CC-BY-4.0
ad37b31probability12	figure1.gif	details-books	OPENSTAX	RESOLUBLE	CC-BY-4.0
ad37b31probability13	figure1.gif	details-books	OPENSTAX	RESOLUBLE	CC-BY-4.0
ad37b31probability14	figure1.gif	details-books	OPENSTAX	RESOLUBLE	CC-BY-4.0
ad37b31probability15	figure1.gif	details-books	OPENSTAX	RESOLUBLE	CC-BY-4.0
ad37b31probability9	figure1.gif	details-books	OPENSTAX	RESOLUBLE	CC-BY-4.0
ad4fd60center5	figure1.gif	books-pages	OPENSTAX	AUSENTE	-
ad4fd60center6	figure1.gif	books-pages	OPENSTAX	AUSENTE	-
ad4fd60center7	figure1.gif	books-pages	OPENSTAX	AUSENTE	-
ad4fd60center8	figure1.gif	books-pages	OPENSTAX	AUSENTE	-
ad7cbc2vis1	figure1.gif	NO-OPENSTAX	NO-OPENSTAX	RESOLUBLE	CC-BY-4.0
ad7cbc2vis2	figure1.gif	NO-OPENSTAX	NO-OPENSTAX	RESOLUBLE	CC-BY-4.0
ad7cbc2vis3	figure1.gif	NO-OPENSTAX	NO-OPENSTAX	RESOLUBLE	CC-BY-4.0
ad7cbc2vis4	figure1.gif	NO-OPENSTAX	NO-OPENSTAX	RESOLUBLE	CC-BY-4.0
ada72c8boot2	figure1.gif	NO-OPENSTAX	NO-OPENSTAX	RESOLUBLE	CC-BY-4.0
ada72c8boot2	figure2.gif	NO-OPENSTAX	NO-OPENSTAX	RESOLUBLE	CC-BY-4.0
ada72c8boot2	figure3.gif	NO-OPENSTAX	NO-OPENSTAX	RESOLUBLE	CC-BY-4.0
ada72c8boot2	figure4.gif	NO-OPENSTAX	NO-OPENSTAX	RESOLUBLE	CC-BY-4.0
ada72c8boot2	figure5.gif	NO-OPENSTAX	NO-OPENSTAX	RESOLUBLE	CC-BY-4.0
ada72c8boot2	figure6.gif	NO-OPENSTAX	NO-OPENSTAX	RESOLUBLE	CC-BY-4.0
ada72c8boot3	figure1.gif	NO-OPENSTAX	NO-OPENSTAX	RESOLUBLE	CC-BY-4.0
ada72c8boot3	figure2.gif	NO-OPENSTAX	NO-OPENSTAX	RESOLUBLE	CC-BY-4.0
ada72c8boot3	figure3.gif	NO-OPENSTAX	NO-OPENSTAX	RESOLUBLE	CC-BY-4.0
ada72c8boot3	figure4.gif	NO-OPENSTAX	NO-OPENSTAX	RESOLUBLE	CC-BY-4.0
ada72c8boot3	figure5.gif	NO-OPENSTAX	NO-OPENSTAX	RESOLUBLE	CC-BY-4.0
ada72c8boot3	figure6.gif	NO-OPENSTAX	NO-OPENSTAX	RESOLUBLE	CC-BY-4.0
ada72c8boot3	figure7.gif	NO-OPENSTAX	NO-OPENSTAX	RESOLUBLE	CC-BY-4.0
ada72c8boot3	figure8.gif	NO-OPENSTAX	NO-OPENSTAX	RESOLUBLE	CC-BY-4.0
ada72c8boot3	figure9.gif	NO-OPENSTAX	NO-OPENSTAX	RESOLUBLE	CC-BY-4.0
adaa3f9righttrig16	figure1.gif	books-pages	OPENSTAX	RESOLUBLE	CC-BY-4.0
adaa3f9righttrig17	figure1.gif	books-pages	OPENSTAX	RESOLUBLE	CC-BY-4.0
adaa3f9righttrig18	figure1.gif	books-pages	OPENSTAX	RESOLUBLE	CC-BY-4.0
adaa3f9righttrig19	figure1.gif	books-pages	OPENSTAX	RESOLUBLE	CC-BY-4.0
adaa3f9righttrig20	figure1.gif	books-pages	OPENSTAX	RESOLUBLE	CC-BY-4.0
adaa3f9righttrig21	figure1.gif	books-pages	OPENSTAX	RESOLUBLE	CC-BY-4.0
adaa3f9righttrig22	figure1.gif	books-pages	OPENSTAX	RESOLUBLE	CC-BY-4.0
adaa3f9righttrig23	figure1.gif	books-pages	OPENSTAX	RESOLUBLE	CC-BY-4.0
adaa3f9righttrig24	figure1.gif	books-pages	OPENSTAX	RESOLUBLE	CC-BY-4.0
adaa3f9righttrig25	figure1.gif	books-pages	OPENSTAX	RESOLUBLE	CC-BY-4.0
adaa3f9righttrig26	figure1.gif	books-pages	OPENSTAX	RESOLUBLE	CC-BY-4.0
adaa3f9righttrig27	figure1.gif	books-pages	OPENSTAX	RESOLUBLE	CC-BY-4.0
adc8562real14	figure1.gif	books-pages	OPENSTAX	RESOLUBLE	CC-BY-4.0
adc8562real15	figure1.gif	books-pages	OPENSTAX	RESOLUBLE	CC-BY-4.0
adc8562real16	figure1.gif	books-pages	OPENSTAX	RESOLUBLE	CC-BY-4.0
adc8562real17	figure1.gif	books-pages	OPENSTAX	RESOLUBLE	CC-BY-4.0
adc8562real18	figure1.gif	books-pages	OPENSTAX	RESOLUBLE	CC-BY-4.0
adc8562real25	figure1.gif	books-pages	OPENSTAX	RESOLUBLE	CC-BY-4.0
adc8562real26	figure1.gif	books-pages	OPENSTAX	RESOLUBLE	CC-BY-4.0
adc8562real3	figure1.gif	books-pages	OPENSTAX	RESOLUBLE	CC-BY-4.0
add1c75trig18	figure1.gif	details-books	OPENSTAX	AUSENTE	-
add1c75trig19	figure1.gif	details-books	OPENSTAX	AUSENTE	-
add1c75trig20	figure1.gif	details-books	OPENSTAX	AUSENTE	-
add1c75trig21	figure1.gif	details-books	OPENSTAX	AUSENTE	-
add398dT2-diag-P01	figure1.gif	NO-OPENSTAX	NO-OPENSTAX	VERSION-SIN-VARIANTE	CC4.0
add398dT2-diag-P01	figure2.gif	NO-OPENSTAX	NO-OPENSTAX	VERSION-SIN-VARIANTE	CC4.0
add398dT2-diag-P01	figure3.gif	NO-OPENSTAX	NO-OPENSTAX	VERSION-SIN-VARIANTE	CC4.0
add398dT2-diag-P01	figure4.gif	NO-OPENSTAX	NO-OPENSTAX	VERSION-SIN-VARIANTE	CC4.0
add398dT2-diag-P02	figure1.gif	NO-OPENSTAX	NO-OPENSTAX	VERSION-SIN-VARIANTE	CC4.0
add398dT2-diag-P02	figure2.gif	NO-OPENSTAX	NO-OPENSTAX	VERSION-SIN-VARIANTE	CC4.0
add398dT2-diag-P03	figure1.gif	NO-OPENSTAX	NO-OPENSTAX	VERSION-SIN-VARIANTE	CC4.0
add398dT2-diag-P03	figure2.gif	NO-OPENSTAX	NO-OPENSTAX	VERSION-SIN-VARIANTE	CC4.0
add398dT2-diag-P04	figure1.gif	NO-OPENSTAX	NO-OPENSTAX	VERSION-SIN-VARIANTE	CC4.0
add398dT2-diag-P04	figure2.gif	NO-OPENSTAX	NO-OPENSTAX	VERSION-SIN-VARIANTE	CC4.0
adfa1cbterminology25	figure1.gif	details-books	OPENSTAX	RESOLUBLE	CC-BY-4.0
ae05e04inverse12	figure1.gif	details-books	OPENSTAX	RESOLUBLE	CC-BY-4.0
ae05e04inverse13	figure1.gif	details-books	OPENSTAX	RESOLUBLE	CC-BY-4.0
ae05e04inverse14	figure1.gif	details-books	OPENSTAX	RESOLUBLE	CC-BY-4.0
ae05e04inverse6	figure1.gif	details-books	OPENSTAX	RESOLUBLE	CC-BY-4.0
ae0c19cmodels2	figure1.gif	details-books	OPENSTAX	RESOLUBLE	CC-BY-4.0
ae0c19cmodels3	figure1.gif	details-books	OPENSTAX	RESOLUBLE	CC-BY-4.0
ae0c19cmodels4	figure1.gif	details-books	OPENSTAX	RESOLUBLE	CC-BY-4.0
ae0c19cmodels5	figure1.gif	details-books	OPENSTAX	RESOLUBLE	CC-BY-4.0
ae0c19cmodels7	figure1.gif	details-books	OPENSTAX	RESOLUBLE	CC-BY-4.0
ae0c19cmodels7	figure2.gif	details-books	OPENSTAX	RESOLUBLE	CC-BY-4.0
ae0c19cmodels8	figure1.gif	details-books	OPENSTAX	RESOLUBLE	CC-BY-4.0
ae0c19cmodels8	figure2.gif	details-books	OPENSTAX	RESOLUBLE	CC-BY-4.0
ae0c19cmodels9	figure1.gif	details-books	OPENSTAX	RESOLUBLE	CC-BY-4.0
ae0c19cmodels9	figure2.gif	details-books	OPENSTAX	RESOLUBLE	CC-BY-4.0
ae173b9deriv8	figure1.gif	details-books	OPENSTAX	AUSENTE	-
ae173b9deriv8	figure2.gif	details-books	OPENSTAX	AUSENTE	-
ae173b9deriv9	figure1.gif	details-books	OPENSTAX	AUSENTE	-
ae173b9deriv9	figure2.gif	details-books	OPENSTAX	AUSENTE	-
ae25c01functions1	figure1.gif	details-books	OPENSTAX	RESOLUBLE	CC-BY-4.0
ae25c01functions2	figure1.gif	details-books	OPENSTAX	RESOLUBLE	CC-BY-4.0
ae25c01functions3	figure1.gif	details-books	OPENSTAX	RESOLUBLE	CC-BY-4.0
ae25c01functions4	figure1.gif	details-books	OPENSTAX	RESOLUBLE	CC-BY-4.0
ae25c01functions5	figure1.gif	details-books	OPENSTAX	RESOLUBLE	CC-BY-4.0
ae25c01functions6	figure1.gif	details-books	OPENSTAX	RESOLUBLE	CC-BY-4.0
ae25c01functions7	figure1.gif	details-books	OPENSTAX	RESOLUBLE	CC-BY-4.0
ae25c01functions8	figure1.gif	details-books	OPENSTAX	RESOLUBLE	CC-BY-4.0
ae25c01graphs1	figure1.gif	details-books	OPENSTAX	RESOLUBLE	CC-BY-4.0
ae25c01graphs10	figure1.gif	details-books	OPENSTAX	RESOLUBLE	CC-BY-4.0
ae25c01graphs11	figure1.gif	details-books	OPENSTAX	RESOLUBLE	CC-BY-4.0
ae25c01graphs12	figure1.gif	details-books	OPENSTAX	RESOLUBLE	CC-BY-4.0
ae25c01graphs13	figure1.gif	details-books	OPENSTAX	RESOLUBLE	CC-BY-4.0
ae25c01graphs14	figure1.gif	details-books	OPENSTAX	RESOLUBLE	CC-BY-4.0
ae25c01graphs15	figure1.gif	details-books	OPENSTAX	RESOLUBLE	CC-BY-4.0
ae25c01graphs2	figure1.gif	details-books	OPENSTAX	RESOLUBLE	CC-BY-4.0
ae25c01graphs3	figure1.gif	details-books	OPENSTAX	RESOLUBLE	CC-BY-4.0
ae25c01graphs4	figure1.gif	details-books	OPENSTAX	RESOLUBLE	CC-BY-4.0
ae25c01graphs5	figure1.gif	details-books	OPENSTAX	RESOLUBLE	CC-BY-4.0
ae25c01graphs6	figure1.gif	details-books	OPENSTAX	RESOLUBLE	CC-BY-4.0
ae25c01graphs7	figure1.gif	details-books	OPENSTAX	RESOLUBLE	CC-BY-4.0
ae25c01graphs8	figure1.gif	details-books	OPENSTAX	RESOLUBLE	CC-BY-4.0
ae25c01graphs9	figure1.gif	details-books	OPENSTAX	RESOLUBLE	CC-BY-4.0
ae379ba13.4collegeinstructor1	figure1.gif	details-books	OPENSTAX	RESOLUBLE	CC-BY-4.0
ae379ba13.4nycsingers	figure1.gif	details-books	OPENSTAX	RESOLUBLE	CC-BY-4.0
ae40a3eacidbase15	figure1.gif	NO-OPENSTAX	NO-OPENSTAX	AUSENTE	-
ae40a3eacidbase16	figure1.gif	NO-OPENSTAX	NO-OPENSTAX	AUSENTE	-
ae40a3eacidbase4	figure1.gif	NO-OPENSTAX	NO-OPENSTAX	AUSENTE	-
ae40a3eacidbase4	figure2.gif	NO-OPENSTAX	NO-OPENSTAX	AUSENTE	-
ae41a5fspread10	figure1.gif	details-books	OPENSTAX	RESOLUBLE	CC-BY-4.0
ae41a5fspread14	figure1.gif	details-books	OPENSTAX	RESOLUBLE	CC-BY-4.0
ae41a5fspread17	figure1.gif	details-books	OPENSTAX	RESOLUBLE	CC-BY-4.0
ae41a5fspread18	figure1.gif	details-books	OPENSTAX	RESOLUBLE	CC-BY-4.0
ae41a5fspread19	figure1.gif	details-books	OPENSTAX	RESOLUBLE	CC-BY-4.0
ae41a5fspread25	figure1.gif	details-books	OPENSTAX	RESOLUBLE	CC-BY-4.0
ae41a5fspread9	figure1.gif	details-books	OPENSTAX	RESOLUBLE	CC-BY-4.0
ae647b3indep1	figure1.gif	details-books	OPENSTAX	RESOLUBLE	CC-BY-4.0
ae647b3indep1	figure2.gif	details-books	OPENSTAX	RESOLUBLE	CC-BY-4.0
ae647b3indep2	figure1.gif	details-books	OPENSTAX	RESOLUBLE	CC-BY-4.0
ae647b3indep3	figure1.gif	details-books	OPENSTAX	RESOLUBLE	CC-BY-4.0
ae6e5ceq12	figure1.gif	details-books	OPENSTAX	RESOLUBLE	CC-BY-4.0
ae6e5ceq13	figure1.gif	details-books	OPENSTAX	RESOLUBLE	CC-BY-4.0
ae6e5ceq14	figure1.gif	details-books	OPENSTAX	RESOLUBLE	CC-BY-4.0
ae6e5ceq15	figure1.gif	details-books	OPENSTAX	RESOLUBLE	CC-BY-4.0
ae6e5ceq16	figure1.gif	details-books	OPENSTAX	RESOLUBLE	CC-BY-4.0
ae6e5ceq17	figure1.gif	details-books	OPENSTAX	RESOLUBLE	CC-BY-4.0
ae6e5ceq18	figure1.gif	details-books	OPENSTAX	RESOLUBLE	CC-BY-4.0
ae6e5ceq19	figure1.gif	details-books	OPENSTAX	RESOLUBLE	CC-BY-4.0
ae9b645T111-unitcirc-P01	figure1.gif	NO-OPENSTAX	NO-OPENSTAX	VERSION-SIN-VARIANTE	CC4.0
ae9b645T111-unitcirc-P02	figure1.gif	NO-OPENSTAX	NO-OPENSTAX	VERSION-SIN-VARIANTE	CC4.0
ae9b645T111-unitcirc-P03	figure1.gif	NO-OPENSTAX	NO-OPENSTAX	VERSION-SIN-VARIANTE	CC4.0
ae9b645T111-unitcirc-P04	figure1.gif	NO-OPENSTAX	NO-OPENSTAX	VERSION-SIN-VARIANTE	CC4.0
ae9b645T111-unitcirc-P05	figure1.gif	NO-OPENSTAX	NO-OPENSTAX	VERSION-SIN-VARIANTE	CC4.0
ae9b645T111-unitcirc-P06	figure1.gif	NO-OPENSTAX	NO-OPENSTAX	VERSION-SIN-VARIANTE	CC4.0
ae9b645T111-unitcirc-P07	figure1.gif	NO-OPENSTAX	NO-OPENSTAX	VERSION-SIN-VARIANTE	CC4.0
ae9b645T111-unitcirc-P08	figure1.gif	NO-OPENSTAX	NO-OPENSTAX	VERSION-SIN-VARIANTE	CC4.0
ae9b645T111-unitcirc-P09	figure1.gif	NO-OPENSTAX	NO-OPENSTAX	VERSION-SIN-VARIANTE	CC4.0
ae9b645T111-unitcirc-P10	figure1.gif	NO-OPENSTAX	NO-OPENSTAX	VERSION-SIN-VARIANTE	CC4.0
ae9b645T111-unitcirc-P11	figure1.gif	NO-OPENSTAX	NO-OPENSTAX	VERSION-SIN-VARIANTE	CC4.0
ae9b645T111-unitcirc-P12	figure1.gif	NO-OPENSTAX	NO-OPENSTAX	VERSION-SIN-VARIANTE	CC4.0
ae9b645T111-unitcirc-P13	figure1.gif	NO-OPENSTAX	NO-OPENSTAX	VERSION-SIN-VARIANTE	CC4.0
ae9b645T111-unitcirc-P14	figure1.gif	NO-OPENSTAX	NO-OPENSTAX	VERSION-SIN-VARIANTE	CC4.0
aea05a2ds100-fa20-final-Q13	figure1.gif	NO-OPENSTAX	NO-OPENSTAX	NO-ES-CESION	https://ds100.org/su26/past-exams/
aea05a2ds100-su21-final-Q9	figure1.gif	NO-OPENSTAX	NO-OPENSTAX	NO-ES-CESION	https://ds100.org/su26/past-exams/
aea05a2ds100-su25-final-Q3e,Q3f,Q3g	figure1.gif	NO-OPENSTAX	NO-OPENSTAX	NO-ES-CESION	https://ds100.org/su26/past-exams/
aea05a2ds100-su25-final-Q3e,Q3f,Q3g	figure2.gif	NO-OPENSTAX	NO-OPENSTAX	NO-ES-CESION	https://ds100.org/su26/past-exams/
aea05a2ds100-su25-final-Q3e,Q3f,Q3g	figure3.gif	NO-OPENSTAX	NO-OPENSTAX	NO-ES-CESION	https://ds100.org/su26/past-exams/
aea0f93trigmodel19	figure1.gif	books-pages	OPENSTAX	AUSENTE	-
aea0f93trigmodel20	figure1.gif	books-pages	OPENSTAX	AUSENTE	-
aea0f93trigmodel21	figure1.gif	books-pages	OPENSTAX	AUSENTE	-
aea0f93trigmodel22	figure1.gif	books-pages	OPENSTAX	AUSENTE	-
aea0f93trigmodel24	figure1.gif	books-pages	OPENSTAX	AUSENTE	-
aea0f93trigmodel25	figure1.gif	books-pages	OPENSTAX	AUSENTE	-
aea0f93trigmodel26	figure1.gif	books-pages	OPENSTAX	AUSENTE	-
aea0f93trigmodel4	figure1.gif	books-pages	OPENSTAX	AUSENTE	-
aeb11eedomain3	figure1.gif	details-books	OPENSTAX	RESOLUBLE	CC-BY-4.0
aeb11eedomain5	figure1.gif	details-books	OPENSTAX	RESOLUBLE	CC-BY-4.0
aeb11eedomain6	figure1.gif	details-books	OPENSTAX	RESOLUBLE	CC-BY-4.0
aeb11eedomain7	figure1.gif	details-books	OPENSTAX	RESOLUBLE	CC-BY-4.0
aed4feastability10	figure1.gif	books-pages	OPENSTAX	RESOLUBLE	CC-BY-4.0
aed4feastability2	figure1.gif	books-pages	OPENSTAX	RESOLUBLE	CC-BY-4.0
aed4feastability3	figure1.gif	books-pages	OPENSTAX	RESOLUBLE	CC-BY-4.0
aed4feastability5	figure1.gif	books-pages	OPENSTAX	RESOLUBLE	CC-BY-4.0
aed4feastability9	figure1.gif	books-pages	OPENSTAX	RESOLUBLE	CC-BY-4.0
aef8b03optimize1	figure1.gif	books-pages	OPENSTAX	AUSENTE	-
aef8b03optimize15	figure1.gif	books-pages	OPENSTAX	AUSENTE	-
aef8b03optimize3	figure1.gif	books-pages	OPENSTAX	AUSENTE	-
aef8b03optimize3	figure2.gif	books-pages	OPENSTAX	AUSENTE	-
aef8b03optimize7	figure1.gif	books-pages	OPENSTAX	AUSENTE	-
aef8b03optimize9	figure1.gif	books-pages	OPENSTAX	AUSENTE	-
aefa26bnormal4	figure1.gif	details-books	OPENSTAX	RESOLUBLE	CC-BY-4.0
aefa26bnormal5	figure1.gif	details-books	OPENSTAX	RESOLUBLE	CC-BY-4.0
aefaff5clt1	figure1.gif	NO-OPENSTAX	NO-OPENSTAX	RESOLUBLE	CC-BY-4.0
aefaff5clt1	figure2.gif	NO-OPENSTAX	NO-OPENSTAX	RESOLUBLE	CC-BY-4.0
af0394ereal5	figure1.gif	books-pages	OPENSTAX	AUSENTE	-
af0394ereal8	figure1.gif	books-pages	OPENSTAX	AUSENTE	-
af0394ereal9	figure1.gif	books-pages	OPENSTAX	AUSENTE	-
af0908dreal10	figure1.gif	books-pages	OPENSTAX	AUSENTE	-
af0908dreal11	figure1.gif	books-pages	OPENSTAX	AUSENTE	-
af0908dreal22	figure1.gif	books-pages	OPENSTAX	AUSENTE	-
af0908dreal6	figure1.gif	books-pages	OPENSTAX	AUSENTE	-
af36e21FunNota1	figure1.gif	details-books	OPENSTAX	RESOLUBLE	CC-BY-4.0
af36e21FunNota2	figure1.gif	details-books	OPENSTAX	RESOLUBLE	CC-BY-4.0
af38be6prop8	figure1.gif	details-books	OPENSTAX	RESOLUBLE	CC-BY-4.0
af3b50aangles4	figure1.gif	books-pages	OPENSTAX	RESOLUBLE	CC-BY-4.0
af3b50aangles5	figure1.gif	books-pages	OPENSTAX	RESOLUBLE	CC-BY-4.0
af3b50aangles6	figure1.gif	books-pages	OPENSTAX	RESOLUBLE	CC-BY-4.0
af3b50aangles7	figure1.gif	books-pages	OPENSTAX	RESOLUBLE	CC-BY-4.0
af4dc22Lawcos14	figure1.gif	details-books	OPENSTAX	RESOLUBLE	CC-BY-4.0
af4dc22Lawcos15	figure1.gif	details-books	OPENSTAX	RESOLUBLE	CC-BY-4.0
af4dc22Lawcos16	figure1.gif	details-books	OPENSTAX	RESOLUBLE	CC-BY-4.0
af4dc22Lawcos17	figure1.gif	details-books	OPENSTAX	RESOLUBLE	CC-BY-4.0
af4dc22Lawcos18	figure1.gif	details-books	OPENSTAX	RESOLUBLE	CC-BY-4.0
af4dc22Lawcos19	figure1.gif	details-books	OPENSTAX	RESOLUBLE	CC-BY-4.0
af4dc22Lawcos20	figure1.gif	details-books	OPENSTAX	RESOLUBLE	CC-BY-4.0
af4dc22Lawcos21	figure1.gif	details-books	OPENSTAX	RESOLUBLE	CC-BY-4.0
af4dc22Lawcos22	figure1.gif	details-books	OPENSTAX	RESOLUBLE	CC-BY-4.0
af4dc22Lawcos23	figure1.gif	details-books	OPENSTAX	RESOLUBLE	CC-BY-4.0
af4dc22Lawcos24	figure1.gif	details-books	OPENSTAX	RESOLUBLE	CC-BY-4.0
af4dc22Lawcos30	figure1.gif	details-books	OPENSTAX	RESOLUBLE	CC-BY-4.0
af4e405log13	figure1.gif	details-books	OPENSTAX	RESOLUBLE	CC-BY-4.0
af4e405log13	figure2.gif	details-books	OPENSTAX	RESOLUBLE	CC-BY-4.0
af4e405log14	figure1.gif	details-books	OPENSTAX	RESOLUBLE	CC-BY-4.0
af4e405log14	figure2.gif	details-books	OPENSTAX	RESOLUBLE	CC-BY-4.0
af4e405log28	figure1.gif	details-books	OPENSTAX	RESOLUBLE	CC-BY-4.0
af4e405log28	figure2.gif	details-books	OPENSTAX	RESOLUBLE	CC-BY-4.0
af5cb05center10	figure1.gif	details-books	OPENSTAX	RESOLUBLE	CC-BY-4.0
af5cb05center11	figure1.gif	details-books	OPENSTAX	RESOLUBLE	CC-BY-4.0
af5cb05center12	figure1.gif	details-books	OPENSTAX	RESOLUBLE	CC-BY-4.0
af5cb05center19	figure1.gif	details-books	OPENSTAX	RESOLUBLE	CC-BY-4.0
af5cb05center20	figure1.gif	details-books	OPENSTAX	RESOLUBLE	CC-BY-4.0
af5cb05center8	figure1.gif	details-books	OPENSTAX	RESOLUBLE	CC-BY-4.0
af5cb05center9	figure1.gif	details-books	OPENSTAX	RESOLUBLE	CC-BY-4.0
af985e8a1cc0dcareas1	figure1.gif	NO-OPENSTAX	NO-OPENSTAX	RESOLUBLE	CC-BY-4.0
af9a055chem1	figure1.gif	NO-OPENSTAX	NO-OPENSTAX	AUSENTE	-
af9a055chem2	figure1.gif	NO-OPENSTAX	NO-OPENSTAX	AUSENTE	-
af9a055chem3	figure1.gif	NO-OPENSTAX	NO-OPENSTAX	AUSENTE	-
afa63f8real1	figure1.gif	books-pages	OPENSTAX	AUSENTE	-
afa63f8real1	figure2.gif	books-pages	OPENSTAX	AUSENTE	-
afa63f8real16	figure1.gif	books-pages	OPENSTAX	AUSENTE	-
afa63f8real16	figure2.gif	books-pages	OPENSTAX	AUSENTE	-
afa63f8real17	figure1.gif	books-pages	OPENSTAX	AUSENTE	-
afa63f8real17	figure2.gif	books-pages	OPENSTAX	AUSENTE	-
afa63f8real18	figure1.gif	books-pages	OPENSTAX	AUSENTE	-
afa63f8real18	figure2.gif	books-pages	OPENSTAX	AUSENTE	-
afa63f8real2	figure1.gif	books-pages	OPENSTAX	AUSENTE	-
afa63f8real2	figure2.gif	books-pages	OPENSTAX	AUSENTE	-
afa63f8real25	figure1.gif	books-pages	OPENSTAX	AUSENTE	-
afa63f8real26	figure1.gif	books-pages	OPENSTAX	AUSENTE	-
afa63f8real5	figure1.gif	books-pages	OPENSTAX	AUSENTE	-
afa63f8real5	figure2.gif	books-pages	OPENSTAX	AUSENTE	-
afaf721inequalities1	figure1.gif	details-books	OPENSTAX	RESOLUBLE	CC-BY-4.0
afaf721inequalities1	figure2.gif	details-books	OPENSTAX	RESOLUBLE	CC-BY-4.0
afaf721inequalities1	figure3.gif	details-books	OPENSTAX	RESOLUBLE	CC-BY-4.0
afaf721inequalities1	figure4.gif	details-books	OPENSTAX	RESOLUBLE	CC-BY-4.0
afaf721inequalities1	figure5.gif	details-books	OPENSTAX	RESOLUBLE	CC-BY-4.0
afaf721inequalities1	figure6.gif	details-books	OPENSTAX	RESOLUBLE	CC-BY-4.0
afaf721inequalities10	figure1.gif	details-books	OPENSTAX	RESOLUBLE	CC-BY-4.0
afaf721inequalities11	figure1.gif	details-books	OPENSTAX	RESOLUBLE	CC-BY-4.0
afaf721inequalities12	figure1.gif	details-books	OPENSTAX	RESOLUBLE	CC-BY-4.0
afaf721inequalities13	figure1.gif	details-books	OPENSTAX	RESOLUBLE	CC-BY-4.0
afaf721inequalities14	figure1.gif	details-books	OPENSTAX	RESOLUBLE	CC-BY-4.0
afaf721inequalities15	figure1.gif	details-books	OPENSTAX	RESOLUBLE	CC-BY-4.0
afaf721inequalities2	figure1.gif	details-books	OPENSTAX	RESOLUBLE	CC-BY-4.0
afaf721inequalities2	figure2.gif	details-books	OPENSTAX	RESOLUBLE	CC-BY-4.0
afaf721inequalities2	figure3.gif	details-books	OPENSTAX	RESOLUBLE	CC-BY-4.0
afaf721inequalities3	figure1.gif	details-books	OPENSTAX	RESOLUBLE	CC-BY-4.0
afaf721inequalities3	figure2.gif	details-books	OPENSTAX	RESOLUBLE	CC-BY-4.0
afaf721inequalities3	figure3.gif	details-books	OPENSTAX	RESOLUBLE	CC-BY-4.0
afaf721inequalities4	figure1.gif	details-books	OPENSTAX	RESOLUBLE	CC-BY-4.0
afaf721inequalities4	figure2.gif	details-books	OPENSTAX	RESOLUBLE	CC-BY-4.0
afaf721inequalities5	figure1.gif	details-books	OPENSTAX	RESOLUBLE	CC-BY-4.0
afaf721inequalities6	figure1.gif	details-books	OPENSTAX	RESOLUBLE	CC-BY-4.0
afaf721inequalities7	figure1.gif	details-books	OPENSTAX	RESOLUBLE	CC-BY-4.0
afaf721inequalities8	figure1.gif	details-books	OPENSTAX	RESOLUBLE	CC-BY-4.0
afaf721inequalities9	figure1.gif	details-books	OPENSTAX	RESOLUBLE	CC-BY-4.0
afbeae7inequalities10	figure1.gif	details-books	OPENSTAX	RESOLUBLE	CC-BY-4.0
afbeae7inequalities11	figure1.gif	details-books	OPENSTAX	RESOLUBLE	CC-BY-4.0
afbeae7inequalities12	figure1.gif	details-books	OPENSTAX	RESOLUBLE	CC-BY-4.0
afbeae7inequalities17	figure1.gif	details-books	OPENSTAX	RESOLUBLE	CC-BY-4.0
afbeae7inequalities18	figure1.gif	details-books	OPENSTAX	RESOLUBLE	CC-BY-4.0
afbeae7inequalities19	figure1.gif	details-books	OPENSTAX	RESOLUBLE	CC-BY-4.0
afbeae7inequalities20	figure1.gif	details-books	OPENSTAX	RESOLUBLE	CC-BY-4.0
afbeae7inequalities21	figure1.gif	details-books	OPENSTAX	RESOLUBLE	CC-BY-4.0
afbeae7inequalities22	figure1.gif	details-books	OPENSTAX	RESOLUBLE	CC-BY-4.0
afbeae7inequalities23	figure1.gif	details-books	OPENSTAX	RESOLUBLE	CC-BY-4.0
afbeae7inequalities24	figure1.gif	details-books	OPENSTAX	RESOLUBLE	CC-BY-4.0
afbeae7inequalities25	figure1.gif	details-books	OPENSTAX	RESOLUBLE	CC-BY-4.0
afbeae7inequalities26	figure1.gif	details-books	OPENSTAX	RESOLUBLE	CC-BY-4.0
afbeae7inequalities27	figure1.gif	details-books	OPENSTAX	RESOLUBLE	CC-BY-4.0
afbeae7inequalities6	figure1.gif	details-books	OPENSTAX	RESOLUBLE	CC-BY-4.0
afbeae7inequalities7	figure1.gif	details-books	OPENSTAX	RESOLUBLE	CC-BY-4.0
afbeae7inequalities8	figure1.gif	details-books	OPENSTAX	RESOLUBLE	CC-BY-4.0
afbeae7inequalities9	figure1.gif	details-books	OPENSTAX	RESOLUBLE	CC-BY-4.0
afc3761Unitcirc19	figure1.gif	details-books	OPENSTAX	RESOLUBLE	CC-BY-4.0
afc3761Unitcirc20	figure1.gif	details-books	OPENSTAX	RESOLUBLE	CC-BY-4.0
afc3761Unitcirc21	figure1.gif	details-books	OPENSTAX	RESOLUBLE	CC-BY-4.0
afc3761Unitcirc22	figure1.gif	details-books	OPENSTAX	RESOLUBLE	CC-BY-4.0
afc3761Unitcirc23	figure1.gif	details-books	OPENSTAX	RESOLUBLE	CC-BY-4.0
afc3761Unitcirc24	figure1.gif	details-books	OPENSTAX	RESOLUBLE	CC-BY-4.0
afdfbd3vector3	figure1.gif	books-pages	OPENSTAX	RESOLUBLE	CC-BY-4.0
